{
    "ParameterSet": [
        0.0068011592062810775,
        0.01037694575557312,
        0.08424329319655915,
        -0.0962288055007153,
        0.11896768004796705,
        0.014286947730663396,
        -0.19245617189217165,
        -0.17626938217079768,
        0.029553647046260408,
        -0.07724367950389155,
        -0.10465290428365454,
        -0.10136591737578272,
        0.061243890658476824,
        -0.016606474274933433,
        0.09841322518178915,
        0.09586790610075438,
        0.12883305464149233,
        0.0003906830085202975,
        0.210942539552347,
        0.09403424905880381,
        0.6281106664145254,
        0.14700770592042545,
        0.22126401234732448,
        0.5985328765863921,
        0.543118233750449,
        0.3047081945692232,
        0.06337102374992584,
        0.4554487658877309,
        0.5277464211274124,
        0.4835176228576017,
        0.20217220494123198,
        0.2824797249877263,
        0.31486228319811815,
        0.5444256841538327,
        0.510926534473633,
        0.13037130115439324,
        0.04634701900854201,
        0.3061108334148549,
        0.629415580409229,
        0.3227722664595534,
        -0.14402061969999302,
        0.09117994708320311,
        -0.10131462599183826,
        0.021897795288420334,
        -0.11410839939792752,
        0.052757742403156595,
        0.013535122099610627,
        -0.09679894283520984,
        -0.06486299038222672,
        -0.08239686355280311,
        -0.03414981102369265,
        0.10216498253380467,
        -0.03379503227944844,
        -0.042782681389453424,
        -0.039850465988471466,
        -0.03294533868492649,
        -0.061242426502315775,
        -0.18749709408136744,
        0.06551343131604877,
        -0.05355063194302808
    ],
    "SensorParameterSet": [
        0.0,
        0.0,
        0.0,
        0.0,
        0.0,
        0.0,
        0.0,
        0.0,
        0.0,
        0.0,
        0.0,
        0.0,
        0.0,
        0.0,
        0.0,
        0.0,
        0.0,
        0.0,
        0.0,
        0.0,
        0.0,
        0.0,
        0.0,
        0.0,
        0.0,
        0.0,
        0.0,
        0.0,
        0.0,
        0.0,
        0.0,
        0.0,
        0.0,
        0.0,
        0.0,
        0.0,
        0.0,
        0.0,
        0.0,
        0.0,
        0.0,
        0.0,
        0.0,
        0.0,
        0.0,
        0.0,
        0.0,
        0.0,
        0.0,
        0.0,
        0.0,
        0.0,
        0.0,
        0.0,
        0.0,
        0.0,
        0.0,
        0.0,
        0.0,
        0.0
    ],
    "checked": "indirect",
    "iteration": 73,
    "noise_0": [
        -0.010734929997800702,
        -0.004676015234821337,
        -0.009724077182527968,
        -0.005594647239410591,
        0.001091806936228849,
        -0.005859538278669231,
        -0.0012789310369278998,
        -0.00039638346521823475,
        0.0008868447014706859,
        -0.002861522925189588,
        0.018321594878902885,
        -0.001608851963961679,
        -0.0030523817204769666,
        -0.006496911363632251,
        -0.003821926565404487,
        0.0050621214865858065,
        0.010874204352638105,
        -0.0031368824298263834,
        0.008794059497255605,
        -0.008830835845277413,
        0.003784384115087369,
        -0.00949850718688363,
        -0.002363587827282336,
        -0.005447680679695961,
        0.0010444675900796894,
        0.007621325543118876,
        0.0031664439685861827,
        0.007619024664726735,
        0.008332607492608144,
        -0.003005528435734125,
        -0.002376928640807804,
        -0.006598812181852272,
        -0.00018056335050920894,
        -7.680123540767392e-05,
        -0.0027361292844459493,
        -0.009532370442386034,
        0.0024774584353993326,
        0.03322226104013239,
        -0.0017048606653920994,
        0.007474530184556805,
        -0.010690684604808091,
        -0.004120354195379262,
        -0.0066366066387041735,
        -0.015496442156126703,
        0.0029072126838652896,
        0.003980804903869202,
        0.0019600851113779384,
        0.004253093674644962,
        0.0185383221447666,
        -0.01033456166284895,
        0.0029295318545260107,
        0.004665494844880808,
        -0.0056273242254141695,
        -0.017119815251032157,
        -0.0011177055230866028,
        -0.013372330613866045,
        0.009110093059874322,
        0.0008121224849134803,
        -0.00047714804624165275,
        -0.005868706514506257
    ],
    "noise_1": [
        0.0016528366234983274,
        -0.0021565758676043594,
        0.00123455500069486,
        0.004555926797923709,
        -0.011959739611282952,
        -0.018746135732318252,
        -0.03090555657440898,
        0.0053871535684132995,
        0.0009962273543422035,
        0.00787920401413202,
        0.009919449721954887,
        0.015072307604622083,
        0.0069956004994170635,
        0.009019531219492892,
        -0.0062216231929258506,
        -0.004765302016701512,
        -0.0055125744528798015,
        -0.011646607737100535,
        -0.0022921299082935445,
        -0.009275987113551452,
        -0.0023907065121790815,
        0.0017392460695906076,
        0.0006863848037928746,
        -0.004234340811128457,
        0.008878260358770984,
        0.02044851261995811,
        0.0027440429274469083,
        0.015669766499919555,
        0.015621916717209021,
        -0.000588839784231362,
        0.010567169130103003,
        -0.014654289505906965,
        -0.0019057720401169985,
        0.00505557494208542,
        0.0016471549786699644,
        -0.0022643172783594627,
        -0.005877704909578315,
        -0.0009636064544305757,
        0.01134377388754024,
        0.001419518759583679,
        0.017300462155868595,
        -0.027816920736581305,
        0.0052289184060016255,
        -0.01796998756379419,
        -0.006435266483801391,
        -0.004405032527930921,
        0.00349378792425799,
        -0.0027443237718593,
        -0.005042236852819761,
        0.0017998281205957964,
        -0.0020754518207374392,
        -0.005780156132767529,
        -0.011953712530699817,
        0.02352742932836015,
        0.0021094952630153554,
        0.004522338979080853,
        -0.0006184194049647058,
        -0.028092094717260572,
        0.003979321336994822,
        0.020904691787305148
    ],