{
    "ParameterSet": [
        0.05113927937713326,
        0.033377571716664854,
        0.08147676271591589,
        -0.10126141550524165,
        0.11477659294706968,
        0.022279071515150448,
        -0.1989569163052145,
        -0.22303317860858726,
        0.06858771940525799,
        -0.09802492635674813,
        -0.07451978721469599,
        -0.1303523178860523,
        0.042922269233820295,
        0.01147067624218551,
        0.11540485609700123,
        0.09189296885523905,
        0.12568394451202156,
        -0.010405586909210509,
        0.18259469034358922,
        0.10041324663353664,
        0.5992335698442212,
        0.13039615212392666,
        0.23992718724364123,
        0.5896020111729624,
        0.5753827296776655,
        0.2939188650431596,
        0.06452824741706768,
        0.4450136642590631,
        0.5326242375325303,
        0.46981840552351795,
        0.2033316039323498,
        0.32711147198034124,
        0.3011138240460606,
        0.5486957267912842,
        0.5422873222892421,
        0.11487292565223126,
        0.027549719021506668,
        0.3063401135054125,
        0.5994873378171514,
        0.3179050399034683,
        -0.17782703083596535,
        0.08432476592591982,
        -0.07586077946841532,
        -0.006677557835306335,
        -0.14384306148333034,
        0.0645996565910247,
        0.04170890467488557,
        -0.08314367418975556,
        -0.05607399228898509,
        -0.08553827059729598,
        -0.025268260502531205,
        0.11110707887344652,
        -0.002918468223498335,
        -0.07448526920286136,
        -0.03291671573762153,
        -0.008938036929377495,
        -0.08153661444383763,
        -0.15462223974721667,
        0.048167422830978225,
        -0.05454390713946573
    ],
    "SensorParameterSet": [
        0.0,
        0.0,
        0.0,
        0.0,
        0.0,
        0.0,
        0.0,
        0.0,
        0.0,
        0.0,
        0.0,
        0.0,
        0.0,
        0.0,
        0.0,
        0.0,
        0.0,
        0.0,
        0.0,
        0.0,
        0.0,
        0.0,
        0.0,
        0.0,
        0.0,
        0.0,
        0.0,
        0.0,
        0.0,
        0.0,
        0.0,
        0.0,
        0.0,
        0.0,
        0.0,
        0.0,
        0.0,
        0.0,
        0.0,
        0.0,
        0.0,
        0.0,
        0.0,
        0.0,
        0.0,
        0.0,
        0.0,
        0.0,
        0.0,
        0.0,
        0.0,
        0.0,
        0.0,
        0.0,
        0.0,
        0.0,
        0.0,
        0.0,
        0.0,
        0.0
    ],
    "checked": "indirect",
    "iteration": 85,
    "noise_0": [
        0.007503461954038203,
        0.002441679243028046,
        0.007935924786922972,
        0.004665792688707431,
        0.004694894213210061,
        0.015772888748732894,
        -0.015901612469749717,
        0.00380024567459908,
        -0.011805234370401915,
        -0.010335086657759758,
        -0.00045417080862337057,
        0.000953562867874247,
        0.0012785250698704798,
        0.0030208138170923944,
        -0.0012648776018914691,
        -0.01392454383190721,
        0.00867233744579024,
        -0.007768810893991893,
        0.010544067176000751,
        0.015168481312600733,
        -0.007914601722002113,
        -0.008116290878385559,
        0.012992534877408663,
        -0.004340076454706084,
        -0.019131373126948632,
        -0.003546325129805175,
        0.015985222378750653,
        0.0008247374038292931,
        1.1093554721268569e-05,
        0.012487054385537197,
        0.014064902203533944,
        0.0009860538759955725,
        0.00231329621176649,
        -0.0003206406145283702,
        -0.002910139975778275,
        0.004038861182972437,
        -0.01319818211370552,
        0.014240040685744004,
        0.001202805468966357,
        -0.004897070580309688,
        -0.012783115161980593,
        0.0034388981077915627,
        -0.001890320557454925,
        -0.003671813446738525,
        -0.009034647415807624,
        0.002681026068227215,
        -0.006552521718477508,
        0.006231150107993263,
        -0.00735676428605861,
        0.0031593856071812005,
        0.005457236819958252,
        -0.00792582643458247,
        0.00983396979180894,
        0.025978229400054616,
        -0.008779039912957004,
        -0.0060370647790741905,
        0.010433846243438467,
        0.0034979333686053736,
        0.004007255286439824,
        -0.01996039298567904
    ],
    "noise_1": [
        -0.0028933299771900485,
        -0.0014044188345408615,
        0.006337709375974464,
        -0.01024471530429105,
        0.010236555164983997,
        0.02153641806566261,
        0.007638053529066804,
        0.012743055152065865,
        -9.412291001036013e-05,
        -0.00866298780376197,
        0.017267300901330832,
        -0.005970406932092547,
        -0.0013835612359321423,
        -0.016469795317635674,
        -0.01235346068077184,
        0.016331877101521407,
        0.007361315530165741,
        0.005396933085173155,
        -0.0010136259350617236,
        -0.0028564232257544935,
        0.001957220621160911,
        -0.008158025133262872,
        -0.026905818836288307,
        0.0008666807991599858,
        -9.583325807196663e-05,
        -0.005832912316369535,
        -0.012792879324525327,
        0.0024148456596290355,
        0.010629662080920893,
        -0.003046277688784155,
        0.0016204911442184917,
        0.008909240068605564,
        -0.0017921331258341023,
        -0.020097668547373694,
        0.011547354445527814,
        -0.00979591659151436,
        -0.01379697222601591,
        -0.003513874926160502,
        0.0010859318263382722,
        -0.005036620442198763,
        -0.006210234416205558,
        0.009788968535412088,
        -0.009522683991674179,
        -0.0026931563146685633,
        0.007216653442349021,
        -0.019209720458239644,
        -0.002923590104142548,
        -0.005370067930936002,
        -0.011655492275247866,
        -0.006888510489953607,
        0.008929531403320746,
        0.018684436206290556,
        0.009952539883685588,
        -0.006532608307340566,
        0.005282506082715257,
        -0.0198261956112147,
        -0.00922666233062834,
        -0.001087133416845131,
        0.0011131455479929022,
        -0.0039931470667375684
    ],