{
    "ParameterSet": [
        0.033252193440645936,
        0.03172129848815101,
        0.11419058133875849,
        -0.10904362676494696,
        0.06875872414634963,
        0.010896962463191167,
        -0.15196471859869287,
        -0.1999848148155254,
        0.022066749273934132,
        -0.05780420042531576,
        -0.1140057747375606,
        -0.10868219251040445,
        0.05285789048548794,
        0.014049826285866115,
        0.08096060330049104,
        0.06957944415754594,
        0.12033728215697327,
        0.02628506930183983,
        0.19921960725804472,
        0.07205206784622846,
        0.6104056417675542,
        0.16564314395717916,
        0.22693183586716761,
        0.6090995566350735,
        0.5371316908736306,
        0.3167037130370859,
        0.08805763101336973,
        0.44854348246502634,
        0.5339478520490971,
        0.45838688605211797,
        0.2142609284267246,
        0.25575691887036833,
        0.2814780118671201,
        0.5455679068145661,
        0.4969420172987795,
        0.16768183548944118,
        0.04580692420318903,
        0.3390993645869986,
        0.6161858689028958,
        0.3624118112258079,
        -0.1237315159701004,
        0.06443716993741379,
        -0.09024374592480364,
        -0.01162912061021951,
        -0.09552911366095884,
        0.05524855278088196,
        -0.024978567485207773,
        -0.0389316966366219,
        -0.08911731711329461,
        -0.09872559815705907,
        -0.05039745216447943,
        0.08902701756677543,
        -0.04226845387200892,
        -0.046463346848073996,
        -0.04389586491218063,
        -0.0410925498140014,
        -0.04276594969357419,
        -0.1526603608294183,
        0.09247847706609007,
        -0.06658215026787444
    ],
    "SensorParameterSet": [
        0.0,
        0.0,
        0.0,
        0.0,
        0.0,
        0.0,
        0.0,
        0.0,
        0.0,
        0.0,
        0.0,
        0.0,
        0.0,
        0.0,
        0.0,
        0.0,
        0.0,
        0.0,
        0.0,
        0.0,
        0.0,
        0.0,
        0.0,
        0.0,
        0.0,
        0.0,
        0.0,
        0.0,
        0.0,
        0.0,
        0.0,
        0.0,
        0.0,
        0.0,
        0.0,
        0.0,
        0.0,
        0.0,
        0.0,
        0.0,
        0.0,
        0.0,
        0.0,
        0.0,
        0.0,
        0.0,
        0.0,
        0.0,
        0.0,
        0.0,
        0.0,
        0.0,
        0.0,
        0.0,
        0.0,
        0.0,
        0.0,
        0.0,
        0.0,
        0.0
    ],
    "checked": "indirect",
    "iteration": 56,
    "noise_0": [
        -0.006084175248754111,
        0.009623621756353846,
        -0.0005461094277864092,
        0.003292371817893383,
        -0.006292275982822147,
        -0.009762047636317755,
        -0.0004279757508536282,
        0.000985878906326664,
        -0.012643196940443462,
        0.008953787491869225,
        0.016429997335746224,
        -0.0032967606924071188,
        0.003018769074544975,
        0.0016420977394477607,
        0.009452334153188887,
        0.0015258326947722746,
        0.0028835743627223603,
        0.021246873210370765,
        0.00017737154404379903,
        0.00929826511084778,
        -0.00402172422886652,
        0.009522295120647018,
        -0.008257395558886662,
        0.0027832945839950346,
        0.004995965949235954,
        0.003432716688455273,
        -0.016735920068809883,
        0.015728788133864503,
        -0.027900133958878193,
        0.002803756492764843,
        0.0002645103297547295,
        -0.00842565383608721,
        -0.010395907335376008,
        -0.008501574796704202,
        -0.009845659338099269,
        -0.014475140403934625,
        0.006633975954958179,
        0.01176499251488851,
        -0.031674587846468684,
        -0.009850174412149882,
        -0.00021182999896923597,
        0.011437980787502857,
        0.005863265327710482,
        0.006871087415100243,
        0.02303485457348208,
        0.009174147207664596,
        0.010712441921089132,
        0.009731013908947516,
        0.015228407649705579,
        0.005430027324318708,
        0.015610054810797733,
        0.003928756616069711,
        0.0016883654074213274,
        -0.0101216146455523,
        0.00011677152035104269,
        0.017927812195290205,
        -0.006229292984153185,
        0.006685397482413112,
        0.022365304802783717,
        -0.014627349767113884
    ],
    "noise_1": [
        0.0077214019992243475,
        0.023174188927449536,
        -0.012142867320692736,
        0.011427293582619418,
        -0.018133444869002726,
        0.011976894737549915,
        0.01039510991225701,
        -0.025022950358342715,
        -0.018014494504883297,
        -0.014067011256465948,
        -0.0006857145998946457,
        -0.003377250333526317,
        0.011052933973854174,
        -0.0015218850593014819,
        -0.01077317770755021,
        0.012966942782915125,
        -0.006776385990567114,
        -0.0131919606592416,
        -0.0018019526656401794,
        -0.004544491884033501,
        -0.0041459062608852635,
        -0.013567539871803824,
        -0.0009571182771017696,
        -0.005636508957771132,
        -6.367862677210104e-05,
        0.010631067138676837,
        0.015387533307499483,
        0.020743974171004185,
        -0.010000380732870335,
        0.010417923516563137,
        -0.004391884557386892,
        0.02208671948807852,
        0.005096814127000181,
        -0.008772270880699904,
        0.01184604741003799,
        -0.007029379180954475,
        0.002198727181844408,
        0.011700720169955499,
        0.003085447622578608,
        -0.019816770962353337,
        0.011864241195828988,
        0.004204832683505144,
        -0.014201389410622454,
        -0.014753985062144061,
        0.003960055952745591,
        -0.007799786159679755,
        0.009733237436752633,
        -0.002655110379358672,
        -0.005367766540990253,
        -0.00020405673041211405,
        -0.028161251421177726,
        -0.00951724199905394,
        0.01373676243403792,
        0.002373694757481438,
        -0.007708084666492596,
        0.027943870241936668,
        0.005252770370297129,
        0.013938186736482578,
        -0.008268321060677231,
        -0.004111429173765481
    ],