{
    "ParameterSet": [
        -0.2085040568292438,
        -0.16293974740320452,
        -0.051218357845873135,
        -0.03186772568100111,
        0.08691707280104659,
        -0.14502108231702984,
        -0.05190884952303455,
        0.12308088750866003,
        -0.03952816513157623,
        0.047393456149195004,
        0.08536033719411931,
        0.10353412987474091,
        0.138629390372733,
        0.09862792812146358,
        0.04005359008794173,
        -0.11191316837603908,
        -0.11209044347290086,
        -0.08001586974461673,
        0.04625183475261345,
        -0.09422691364015315,
        0.46994991747205533,
        0.16169295307587733,
        0.08251108811128632,
        0.4435439622718745,
        0.6128137657919029,
        0.2954096357018219,
        0.09845928495368914,
        0.16370716607063995,
        0.6047892890216854,
        0.48495093070847567,
        0.2869752509428157,
        0.19105388348639876,
        0.26747102241861404,
        0.6011965084393452,
        0.5007529998049516,
        0.3550211723746784,
        0.22116650601860788,
        0.3727035146564104,
        0.6231573551809314,
        0.2891847512398213,
        0.0147413657069173,
        -0.01728616323405555,
        -0.12474298376471804,
        -0.05589101788117594,
        -0.07601135521756233,
        -0.0352074868877963,
        0.21351209140092112,
        -0.22276889092648425,
        0.005121472185622572,
        -0.08767517605179574,
        0.054243640011729426,
        -0.038055797879324914,
        -0.03986596749912259,
        -0.006073027933314529,
        -0.07041362486858256,
        -0.12619715625136965,
        -0.011032475736563992,
        0.0027546026067417385,
        -0.20005765693752786,
        -0.04454663315787667
    ],
    "SensorParameterSet": [
        0.0,
        0.0,
        0.0,
        0.0,
        0.0,
        0.0,
        0.0,
        0.0,
        0.0,
        0.0,
        0.0,
        0.0,
        0.0,
        0.0,
        0.0,
        0.0,
        0.0,
        0.0,
        0.0,
        0.0,
        0.0,
        0.0,
        0.0,
        0.0,
        0.0,
        0.0,
        0.0,
        0.0,
        0.0,
        0.0,
        0.0,
        0.0,
        0.0,
        0.0,
        0.0,
        0.0,
        0.0,
        0.0,
        0.0,
        0.0,
        0.0,
        0.0,
        0.0,
        0.0,
        0.0,
        0.0,
        0.0,
        0.0,
        0.0,
        0.0,
        0.0,
        0.0,
        0.0,
        0.0,
        0.0,
        0.0,
        0.0,
        0.0,
        0.0,
        0.0
    ],
    "checked": "indirect",
    "iteration": 66,
    "noise_0": [
        0.00441703021988341,
        -0.007122540559974436,
        -0.009602686621217544,
        -0.005305345265541735,
        0.009192454036044625,
        0.008001375234235336,
        -0.022580127611461224,
        -0.0030767779774563044,
        -0.02575540071273238,
        -0.009715513344590102,
        -0.011507697617311696,
        -0.0030333768339635683,
        7.408922011543815e-05,
        0.010262538970050993,
        -0.019719817466207414,
        -0.008980357791867474,
        -0.0004996937752488492,
        -0.00911326824568218,
        0.0068557756332238064,
        0.010670892495857818,
        0.0046059628096178085,
        0.001351875156958,
        -0.008816283044320835,
        0.011977831975112114,
        -0.0027686015138913816,
        -0.006886357368279128,
        -0.003918929026146807,
        -0.013209380528754273,
        0.023824070101801334,
        -0.002201144822231717,
        -0.02673580307867513,
        -0.01852914857359662,
        -0.018481001815699175,
        -0.0014315525423385137,
        -0.012059226316144464,
        0.01578733446683404,
        -0.007538033766943182,
        -0.017021396408804745,
        -0.008375940064208519,
        0.012604761210295651,
        0.010251258837983538,
        -0.001134167076098286,
        -0.005290531979712853,
        0.002278562913269042,
        0.0010369426256104848,
        -5.674614609592701e-06,
        -0.0030767762248778236,
        0.004345448179276924,
        0.0013849438918362399,
        0.01236950961486248,
        0.0030774273836551022,
        0.013511605002094784,
        -0.0024654135411643534,
        0.005362728885903029,
        0.006493079992675656,
        0.0025715943037804326,
        -5.0160227674848085e-05,
        -0.009917488721026439,
        0.0010426175501524499,
        0.01657280771590284
    ],
    "noise_1": [
        -0.01248383941831896,
        -0.005090373745180461,
        0.007648923762425427,
        0.014313667458331179,
        0.012555598609724166,
        -0.0091456146181218,
        0.03036928474879613,
        -0.011082131727267611,
        -0.002210958266308788,
        0.002604099773829355,
        0.008988738462347361,
        -0.0029450519373898187,
        -0.01715293716839705,
        0.006700317010021021,
        0.0087968088776509,
        0.0044117887404364125,
        -0.010188224961324394,
        -0.005869521296098601,
        -0.000281509222016776,
        -0.013854064426957982,
        0.010021372999066979,
        0.010136884335503183,
        -0.0025801169464367726,
        -0.0029316933453923783,
        -0.0016416029681509976,
        -0.009144887916348812,
        0.004258396625363167,
        -0.003352211289468236,
        -0.010531988620789575,
        0.0013595992628901601,
        -0.003327056991121581,
        0.014176712268894458,
        -0.002531124313512309,
        -0.004577880241194489,
        -0.004283463044822021,
        -0.0030327695799662376,
        0.013176028260868571,
        0.002378407952340636,
        -0.01226743480935169,
        0.01698582728570886,
        0.013035792402355147,
        0.011693211717253153,
        -0.00699506182371577,
        -0.0021370468070042612,
        -0.0038982707181878192,
        0.000753223716750424,
        -0.014054777083960305,
        0.016041206555288887,
        0.0035238080113522753,
        0.014959937117452833,
        -0.0045759370278218555,
        0.003476163026426725,
        0.00377543246864969,
        -0.014195334293929529,
        -0.006362331950680823,
        -0.0035465218453080943,
        -0.01002143394571492,
        -0.005818053212873969,
        -0.013553091161233152,
        0.002250614947254298
    ],