{
    "ParameterSet": [
        -0.10950028799341346,
        -0.08683275358747684,
        -0.12194609853121859,
        -0.029656840298591745,
        -0.016427626916883653,
        -0.11211800113857565,
        -0.08660355313500769,
        0.031241906373526893,
        -0.028999929925367943,
        0.04618587617618529,
        0.0686764489676843,
        0.08374280745341076,
        0.10768216226523845,
        0.04479359103441138,
        0.055733503901248406,
        -0.12129015200010725,
        -0.06506669219337988,
        -0.07725683197805604,
        -0.03013837361389056,
        -0.05446436280424679,
        0.518026499737979,
        0.11602343540124965,
        0.14420629745227387,
        0.5128941422727238,
        0.5546591311081781,
        0.2881429680281436,
        0.10543870064216823,
        0.20903040928700467,
        0.5209102007274731,
        0.42701683517029276,
        0.31026514092897767,
        0.2205434267648081,
        0.19605247609140064,
        0.6304688606641948,
        0.4624328734303319,
        0.2067603238034986,
        0.16831675432077556,
        0.38604985594251917,
        0.550993688159804,
        0.2709114433647897,
        0.02542998078346387,
        -0.04101831722663098,
        -0.07515649313155423,
        -0.03408478560464905,
        -0.1122780261848675,
        0.0013065959041946079,
        0.1134905501408564,
        -0.15257830438178893,
        -0.01938191115358708,
        -0.07272510918480975,
        0.06724706007989042,
        -0.050905959072967084,
        -0.06444719884397487,
        -0.04013834914570233,
        -0.06648059106688396,
        -0.1367833046204383,
        0.0006550949382172581,
        -0.060634692582865156,
        -0.09888739734447712,
        -0.06580836517116079
    ],
    "SensorParameterSet": [
        0.0,
        0.0,
        0.0,
        0.0,
        0.0,
        0.0,
        0.0,
        0.0,
        0.0,
        0.0,
        0.0,
        0.0,
        0.0,
        0.0,
        0.0,
        0.0,
        0.0,
        0.0,
        0.0,
        0.0,
        0.0,
        0.0,
        0.0,
        0.0,
        0.0,
        0.0,
        0.0,
        0.0,
        0.0,
        0.0,
        0.0,
        0.0,
        0.0,
        0.0,
        0.0,
        0.0,
        0.0,
        0.0,
        0.0,
        0.0,
        0.0,
        0.0,
        0.0,
        0.0,
        0.0,
        0.0,
        0.0,
        0.0,
        0.0,
        0.0,
        0.0,
        0.0,
        0.0,
        0.0,
        0.0,
        0.0,
        0.0,
        0.0,
        0.0,
        0.0
    ],
    "checked": "indirect",
    "iteration": 23,
    "noise_0": [
        -0.019926782037268595,
        -0.0297164025488423,
        0.008984411764833793,
        -0.007750241834458326,
        0.011306578229903603,
        -0.012700533710986558,
        -0.016684320060587794,
        0.014963290793325356,
        0.0015971013549802126,
        -0.011789066650972027,
        0.0019500209471202004,
        -0.0078774799193215,
        0.007468911590097631,
        0.007676181351335295,
        0.015713724614066355,
        -0.0009438570702853812,
        -0.01865234387023333,
        0.018266392338276226,
        0.01683788814001924,
        -0.003861873936557241,
        -0.012218293978837788,
        0.011093224319438415,
        -0.011810417932384408,
        -0.015585413737023495,
        0.00682738331921589,
        -0.01973009066688102,
        0.009526019365729393,
        0.007236544638360862,
        -0.00983837536643894,
        0.014002804461660375,
        -0.006495589546437576,
        -3.437406356445556e-05,
        0.005738311223935539,
        -0.0005576518714893442,
        -0.011374031136240121,
        0.00994655569411582,
        0.004729750710599322,
        -0.004495860711190638,
        0.014461211370648031,
        0.03213708036960202,
        -0.0028805840500237185,
        0.015376661347453396,
        -0.01170052661273332,
        0.0009653266478511465,
        -0.000971475971599317,
        0.0170349105784516,
        -0.003473372324889636,
        -0.003190572143165347,
        3.473304902799371e-05,
        -0.02139547973489421,
        0.012433449712399267,
        0.010687912533434528,
        -0.007706659827705189,
        0.009227702151813436,
        0.02668259239752267,
        -0.020753559103562132,
        0.028591244094356056,
        -0.023422016004113897,
        -0.003836155604686618,
        0.0016836072198888094
    ],
    "noise_1": [
        -0.01875441489621892,
        0.008211311616181665,
        -0.0035233002582687476,
        -0.009272170410491547,
        0.003269551975060212,
        -0.005559348544423124,
        0.007535348575520142,
        0.002230574170530364,
        0.0007161066646985578,
        -0.011215571934841356,
        0.005065902318552802,
        -0.00834732158317612,
        -0.007297637865878115,
        -0.0025284482104173116,
        -0.012073175016704036,
        0.01757791416491871,
        0.001358612138174587,
        -0.00939674236624044,
        0.0007785016499791782,
        -0.008817657938325965,
        -0.016065373600440094,
        0.008130750338326397,
        -0.008085766296400749,
        -0.02190217056123111,
        0.01065657256337242,
        -0.02718680637382989,
        0.011286221804644088,
        -0.006618950104555408,
        0.013051663147388235,
        0.003614668133933411,
        0.00522444787405728,
        0.002663849437992065,
        -0.023146202404942043,
        -0.01647683616552824,
        -0.021670112438446052,
        -0.0036247397020367374,
        -0.014012986115770645,
        0.008758936745139409,
        -0.002212045423873385,
        -0.0005776940755660888,
        -0.008162341770127705,
        0.0005383100323717236,
        0.005016290330804092,
        0.0017380661952282955,
        -0.006093903190239512,
        0.010984532810916983,
        -0.007143788351204191,
        0.01955493860827579,
        4.503855493180799e-06,
        -0.01684549469828907,
        -0.007175917243611851,
        -0.00267099428531036,
        -0.012317262124310028,
        -0.014696887964854513,
        -0.019174091366554517,
        -0.021761811592465305,
        -0.0030012336048575667,
        -0.007578314711801712,
        0.021257707511810983,
        0.014175259357357774
    ],