{
    "ParameterSet": [
        -0.15803999499910396,
        -0.18987353678860838,
        0.033767548789787716,
        0.0027701134173700737,
        0.09601227952245635,
        -0.14709280657961626,
        0.03905897362033,
        0.2189292149869673,
        -0.07492224994891347,
        0.04381542322262152,
        0.06817482525761775,
        0.1533495768634818,
        0.1125074776264088,
        0.09184325954173464,
        0.05346812718360677,
        -0.18467730851866743,
        -0.13198085176174396,
        -0.11032205282921399,
        0.06547131255255734,
        -0.20161368390125187,
        0.4352422603843195,
        0.12361394240672115,
        0.13386490357565037,
        0.43020174238860387,
        0.6759006416204821,
        0.24944961313397082,
        0.14944414490369845,
        0.12693359778073743,
        0.6772755194634522,
        0.4538074786743948,
        0.37807494803416125,
        0.20764901786237264,
        0.3033003806610076,
        0.6212101920385376,
        0.5034997407924486,
        0.34800743230818626,
        0.17858594106590445,
        0.3638634411269794,
        0.544752925002345,
        0.33007567766472473,
        0.007711895754498245,
        -0.041762123721852264,
        -0.09686611936007267,
        0.01681911068287361,
        -0.04440926914835327,
        -0.05581929277713044,
        0.16212128481559954,
        -0.22773265703755352,
        -0.0012845949299189986,
        -0.07420620772587272,
        0.07166411423153994,
        -0.04086071036792661,
        -0.02547034330860246,
        0.01292479486437846,
        -0.05788021316107286,
        -0.10257442695734476,
        -0.029864177148487273,
        0.02191291621791708,
        -0.20156153828612988,
        -0.07312244131920391
    ],
    "SensorParameterSet": [
        0.0,
        0.0,
        0.0,
        0.0,
        0.0,
        0.0,
        0.0,
        0.0,
        0.0,
        0.0,
        0.0,
        0.0,
        0.0,
        0.0,
        0.0,
        0.0,
        0.0,
        0.0,
        0.0,
        0.0,
        0.0,
        0.0,
        0.0,
        0.0,
        0.0,
        0.0,
        0.0,
        0.0,
        0.0,
        0.0,
        0.0,
        0.0,
        0.0,
        0.0,
        0.0,
        0.0,
        0.0,
        0.0,
        0.0,
        0.0,
        0.0,
        0.0,
        0.0,
        0.0,
        0.0,
        0.0,
        0.0,
        0.0,
        0.0,
        0.0,
        0.0,
        0.0,
        0.0,
        0.0,
        0.0,
        0.0,
        0.0,
        0.0,
        0.0,
        0.0
    ],
    "checked": "indirect",
    "iteration": 100,
    "noise_0": [
        -0.006277806556373971,
        0.02268744805181699,
        -0.008537755116384865,
        0.006787115387240468,
        -0.0045930438942633125,
        0.011088431170801886,
        -0.01618775042633576,
        0.010392264676635392,
        -0.002936417172983809,
        0.021881661609308704,
        0.013164327429004535,
        0.0029765164032519963,
        -0.006551508179881038,
        0.010432996731220502,
        0.0020203441515015868,
        0.008960659918071708,
        -0.004551885400855488,
        -0.004504627813789964,
        0.000671216349892587,
        -0.008373677212768292,
        0.0018045144061230585,
        -0.0013113137621806866,
        0.0010819229763923256,
        -0.007353913027238107,
        0.007664872639934988,
        0.01400731535405974,
        0.012325483344007649,
        -0.012688736484208282,
        0.005329776748943746,
        0.005407155941724821,
        0.007449639306725475,
        0.0061647665162407606,
        -0.015126926934055745,
        2.0588037974445264e-05,
        0.002708353102282502,
        0.0033801873721561364,
        0.004809567415548482,
        0.005693694584666274,
        0.006703914155292855,
        -0.001988139029330913,
        0.0024751675954589737,
        -0.002758399438379455,
        -0.00193135300017697,
        -0.002079419907257301,
        0.004211129174339651,
        -0.010111397804952777,
        0.0018700210409230388,
        0.00684326855836931,
        0.01835402051628936,
        0.003710872927136787,
        -0.0022306219287471533,
        -0.0227089345734433,
        -0.012846015619726814,
        -0.001804616629574482,
        -0.0009476310786140519,
        -0.009836529612800219,
        -0.010289269289745766,
        0.0010657975307365676,
        0.002522018208304209,
        0.0005739239388066694
    ],
    "noise_1": [
        0.0013298260429799875,
        0.007949948068102442,
        7.347885616600745e-06,
        0.006511878504883111,
        -0.008643806028864406,
        0.010976213026704875,
        -0.01066971449225837,
        0.006986342454739975,
        0.017110312537499287,
        0.0051337763709470895,
        0.0031141013763050134,
        0.003509912443711499,
        0.011228851343317693,
        -0.0007102956341324816,
        -0.003060046121898112,
        0.004134092185965379,
        0.007936974043810495,
        -0.00014271861199103113,
        0.012353600762781539,
        -0.005954054541955892,
        0.005443534133826821,
        -0.009978225688303814,
        0.016608694342348053,
        0.0070543135910248415,
        -0.000335808689568413,
        0.0020931022750605294,
        0.0014253892332793327,
        -0.01757990976338662,
        -0.005635938292741623,
        -0.008234985565241262,
        -0.0028584725601818284,
        -0.0014620460434900822,
        0.000790378765701597,
        -0.006287877856659337,
        -0.004681749146514662,
        0.007155700794728328,
        -0.00581806351155848,
        0.0013911718783343574,
        -0.010221426959496703,
        0.007696666047057833,
        -0.018195319707560404,
        -0.005191245572443693,
        -0.002046843594967632,
        0.014599344649172088,
        0.005865190284996671,
        -0.003187217475045291,
        0.012877831690449783,
        -0.004735048917272925,
        -0.012509242034851464,
        -0.006131606333740875,
        -0.010510706227525165,
        -0.000722846455823614,
        0.003025135480902063,
        0.006102128726938611,
        -0.004019913194911457,
        -0.015213886767866072,
        0.02410482928046835,
        0.01751610000415028,
        0.011671082097736422,
        -0.0016337116035648595
    ],