{
    "ParameterSet": [
        -0.20608474305736277,
        -0.13569846699646693,
        -0.12877290161455876,
        -0.0357860386391471,
        0.06359887335369377,
        -0.14507081285317255,
        -0.08177993213045501,
        0.10401488109648974,
        -0.046739698832548714,
        0.001838140501540996,
        0.09102929416813911,
        0.10404466549629421,
        0.1226176035998427,
        0.10342619399885195,
        0.09416323582630448,
        -0.08236778990077816,
        -0.0792288863760635,
        -0.04390533880388738,
        0.055852357729684915,
        -0.09111263145532583,
        0.5130658718499036,
        0.15834939032362177,
        0.11121072772468794,
        0.5069969070930865,
        0.6049910306373624,
        0.3053703390711075,
        0.09061424159489762,
        0.22887733294110635,
        0.5245900973743882,
        0.4405893711750438,
        0.28411443515659407,
        0.19946843996853417,
        0.2774551855900258,
        0.6236204924380395,
        0.46354787148868065,
        0.305096811564373,
        0.20499412578744747,
        0.3412960432762364,
        0.6380154001715957,
        0.2579741713797695,
        -0.013175311351377124,
        -0.011444264260062429,
        -0.07504052922578212,
        -0.04807459618910952,
        -0.11918055442313986,
        -0.005449650502640385,
        0.16477628084344603,
        -0.17381015976480632,
        -0.04329461946035957,
        -0.11056027963575318,
        0.06620578135762022,
        -0.028315493371759346,
        -0.02303167963091047,
        -0.04922372736370602,
        -0.09002014527456177,
        -0.15439815291668954,
        -0.005911116035071069,
        -0.06052852180639882,
        -0.20346858037254756,
        -0.055821747458036246
    ],
    "SensorParameterSet": [
        0.0,
        0.0,
        0.0,
        0.0,
        0.0,
        0.0,
        0.0,
        0.0,
        0.0,
        0.0,
        0.0,
        0.0,
        0.0,
        0.0,
        0.0,
        0.0,
        0.0,
        0.0,
        0.0,
        0.0,
        0.0,
        0.0,
        0.0,
        0.0,
        0.0,
        0.0,
        0.0,
        0.0,
        0.0,
        0.0,
        0.0,
        0.0,
        0.0,
        0.0,
        0.0,
        0.0,
        0.0,
        0.0,
        0.0,
        0.0,
        0.0,
        0.0,
        0.0,
        0.0,
        0.0,
        0.0,
        0.0,
        0.0,
        0.0,
        0.0,
        0.0,
        0.0,
        0.0,
        0.0,
        0.0,
        0.0,
        0.0,
        0.0,
        0.0,
        0.0
    ],
    "checked": "indirect",
    "iteration": 39,
    "noise_0": [
        -0.0018641856974131936,
        0.0019001242881172718,
        -0.010196964868147149,
        0.00850441105666791,
        0.00014456631694712002,
        -0.003142574047695897,
        -0.007760460936791516,
        0.012189955171715552,
        0.00820596346108245,
        -0.014777777204304383,
        -0.010980444579532156,
        0.0011249454075350856,
        -0.009897201349570207,
        0.005112826934402953,
        -0.004330120776735298,
        -0.005860859044093437,
        0.01170547252873645,
        -0.020064436286413502,
        0.03803807790636668,
        -0.004962235111762694,
        0.008194600868145406,
        0.0034990499559818308,
        0.01201791873010184,
        0.011912719996980143,
        0.013400754360024676,
        0.0092958218006457,
        -0.004054739897504201,
        -0.008447414559970227,
        -0.02381659733970978,
        0.0010874294870969927,
        0.016947233213175185,
        -0.0016630527053351993,
        0.0017419881264630073,
        -0.0029171825600118285,
        -0.000750803333975211,
        0.02253881083210861,
        -0.012947111798267609,
        0.011842536917715717,
        0.02155911386829243,
        0.004394434311300059,
        -0.00952893321213889,
        0.0075935849734950715,
        -0.01271812002748681,
        -0.0005371019731312413,
        -0.0025598583048459128,
        0.018096508850252185,
        0.012788461113864034,
        -0.0025495154868803056,
        0.025758053600975873,
        -0.008956095321100784,
        0.013158864693725342,
        -0.011762644417340665,
        -0.01925149275076014,
        -0.000311119796110465,
        -0.01847569049454012,
        -0.006856430538615545,
        -0.007417290239881141,
        0.015010620831335348,
        0.0019526350888826086,
        0.012678209828663817
    ],
    "noise_1": [
        -0.015450084465199979,
        -0.0013335551448984122,
        -0.007454768321162052,
        -0.006182726299315361,
        0.006024260249395087,
        -0.005893938502419146,
        -0.004665366899600197,
        -0.014628548491547847,
        -0.00904643512461228,
        -0.014197923142858577,
        -0.01929003215116393,
        -0.014522729162259388,
        0.02012475852016875,
        -0.01273275224183317,
        -0.0016347266316691868,
        0.014130043589470032,
        -0.018357124868017258,
        -0.007444716855850777,
        0.0013636671917104748,
        0.006178018777237217,
        -0.016660725386859206,
        0.020018458047178136,
        0.01485287611659589,
        0.010038734313989724,
        -0.011789856676227572,
        -0.008878829243697862,
        -0.008196918594518664,
        0.01447128964396477,
        -0.004995589568216068,
        0.0053082273590220885,
        -0.0006718297336216264,
        -0.011751176999972742,
        -0.014168257798878519,
        0.0017628527761029498,
        -0.003173047180555325,
        0.00787074936267696,
        -0.0023784907232405807,
        -0.0009571095869769944,
        -0.005803653308474624,
        0.01036278832339984,
        0.005985228080115795,
        -0.012505055059331869,
        0.0020768432188174213,
        -0.01241289270382351,
        0.014336369809685372,
        -0.011557140684753454,
        0.0005904607033235886,
        0.0007313105190428834,
        0.0007703384804879054,
        0.01912684615123067,
        -0.004542942166594952,
        -0.01305941847435941,
        -0.013065725885922747,
        0.0041133069406739465,
        0.014633307943143043,
        -0.00020603573658907812,
        0.0024058279902283443,
        -0.005735280569672368,
        0.026511539671832767,
        0.016013934829938074
    ],