{
    "ParameterSet": [
        -0.2212295825094903,
        -0.13422167647686878,
        -0.11286224579013275,
        -0.034634142635115155,
        0.06856232553997965,
        -0.1355951424418927,
        -0.09763126558053883,
        0.12227607380309632,
        -0.045721567885028076,
        -0.004092809470215643,
        0.08357156321396238,
        0.08885932576784984,
        0.13682547116646232,
        0.0856730085846483,
        0.052889431601298484,
        -0.09065775809052547,
        -0.09186284859719246,
        -0.067697812765277,
        0.053178048562899746,
        -0.12424454956086982,
        0.492899527881831,
        0.16412883748821058,
        0.0942911626988572,
        0.48237108576180626,
        0.5727198582473395,
        0.3103822836692146,
        0.07888306354659198,
        0.1891776102716945,
        0.5568623721809888,
        0.45059172250855767,
        0.2571098122908908,
        0.18311152643182765,
        0.2714117672716865,
        0.5933576590330529,
        0.4813052849426232,
        0.3169674034703312,
        0.19714963001946587,
        0.3454893707577021,
        0.6108232157994528,
        0.24540169139052695,
        0.002176266073052811,
        -0.03896421402571558,
        -0.06860638290649289,
        -0.041289332499331595,
        -0.1039168876597583,
        -0.014837645138606964,
        0.16972868764744226,
        -0.20838337381399688,
        -0.030076977932677388,
        -0.1341025212471781,
        0.10280891326517586,
        -0.04439770642274737,
        -0.07227646641592214,
        -0.006439317922034809,
        -0.09597718330583874,
        -0.1594004397360804,
        -0.0017909084542949625,
        -0.029033966329031352,
        -0.22222496602615538,
        -0.06567800566967487
    ],
    "SensorParameterSet": [
        0.0,
        0.0,
        0.0,
        0.0,
        0.0,
        0.0,
        0.0,
        0.0,
        0.0,
        0.0,
        0.0,
        0.0,
        0.0,
        0.0,
        0.0,
        0.0,
        0.0,
        0.0,
        0.0,
        0.0,
        0.0,
        0.0,
        0.0,
        0.0,
        0.0,
        0.0,
        0.0,
        0.0,
        0.0,
        0.0,
        0.0,
        0.0,
        0.0,
        0.0,
        0.0,
        0.0,
        0.0,
        0.0,
        0.0,
        0.0,
        0.0,
        0.0,
        0.0,
        0.0,
        0.0,
        0.0,
        0.0,
        0.0,
        0.0,
        0.0,
        0.0,
        0.0,
        0.0,
        0.0,
        0.0,
        0.0,
        0.0,
        0.0,
        0.0,
        0.0
    ],
    "checked": "indirect",
    "iteration": 45,
    "noise_0": [
        0.001979500457277241,
        -0.019436891841031687,
        -0.00472484638538656,
        0.0060591299448142216,
        -0.0009521720498941425,
        -0.002921376481543919,
        0.0011737003461364823,
        -0.022172009496405586,
        -0.0004652019358016748,
        0.008159360019704912,
        -0.015153596379019528,
        0.007389659653122126,
        0.02374409783623991,
        -0.008345469043264983,
        -0.006230090775510944,
        0.0017712126651484189,
        -0.009778174782957637,
        -0.006217706001142349,
        -0.01924646984445645,
        -0.007698365381620866,
        0.026345294905815237,
        -0.010655957960391699,
        0.016215483626715387,
        -0.011530435470743422,
        0.0018804476905965816,
        0.014471606305374345,
        -0.014476005959646671,
        -0.005054152814556155,
        0.004111314136367939,
        0.004148780930041461,
        0.01588217720334677,
        0.02158159992487499,
        -0.0012754960828310828,
        0.0025670068346468136,
        0.011066050754161753,
        0.00407907965044077,
        0.0011639698758446608,
        -0.005702515874742747,
        0.027707646376650446,
        0.002982130657568864,
        -0.005247530486538572,
        -0.0029395783099949303,
        -0.025250410380939656,
        -0.015680190830054182,
        0.009326478022882868,
        -0.0058231882931786315,
        0.012394514184966416,
        0.014560508932619683,
        -0.00708470577242663,
        0.021990395420050768,
        -0.005082249270445819,
        0.002087776689086042,
        -0.007852053986466153,
        -0.0039846948820432245,
        -0.008421628753764345,
        0.022294579663931835,
        -0.00894993705591297,
        0.00349968012042405,
        -0.013589953119626162,
        0.01006333140050897
    ],
    "noise_1": [
        0.0058118156743482575,
        0.02169558783579457,
        -0.004316908744423144,
        -0.024510380165763592,
        -0.012663226155771364,
        -0.010301672574398853,
        -0.02321049656427702,
        -0.0015345936155918905,
        -0.026543158835006398,
        -0.02588576495790245,
        -0.011181122062490612,
        0.002954210865387356,
        -0.007451598931777518,
        -0.006586561352201253,
        0.0023009819954373724,
        -0.0047325178199476795,
        0.011205972340378737,
        0.0020288806211845034,
        0.008072857714560712,
        -0.00917358569181461,
        -0.005751404618007127,
        0.00670974010493566,
        -0.0003670221260609937,
        0.040406504382005125,
        0.0018892063870056565,
        -0.009523651617442005,
        -0.008491454296368542,
        0.018662488181423544,
        -0.02856659529444823,
        -0.0009391673794803298,
        0.012965525042837683,
        0.00094890904269231,
        -0.010947816863054148,
        -0.007222749635043559,
        0.0022390119406602727,
        -0.004711182463514977,
        0.004606393021595898,
        0.0025568996451583313,
        0.016410810895313432,
        -0.04129774510530695,
        -0.012666512324523671,
        0.007872643437803258,
        0.012405765182547594,
        -0.0009214315018329307,
        0.0012791569138883216,
        0.007953929234811426,
        0.007078264131191184,
        -0.007442719676330938,
        0.014159848342677738,
        0.00010989310699370315,
        -0.0017152010171395296,
        0.0016321260504480479,
        0.007353579002777477,
        -0.016563718092278402,
        -0.0029787612709043275,
        0.010859377539515552,
        -0.004716307863893418,
        -0.009594298592131576,
        0.0098878884459212,
        0.004154429609881761
    ],