{
    "ParameterSet": [
        -0.18288993129777043,
        -0.18276673505808724,
        -0.03886910782294937,
        -0.022184507561449487,
        0.06337874186606636,
        -0.16425592182106108,
        -0.033497262503548154,
        0.13598210283357276,
        -0.05102999192876607,
        0.09603640877120921,
        0.07782183533663098,
        0.11182621559525159,
        0.1503246290868228,
        0.07707673482048936,
        0.030927467541831902,
        -0.11806404346798915,
        -0.12547551944826035,
        -0.085846539556774,
        0.0612402240574848,
        -0.10866450583889505,
        0.4779649301151659,
        0.1930882786122066,
        0.09496531590609601,
        0.431013052509955,
        0.6358129289431033,
        0.29320228578454277,
        0.11027769576343237,
        0.18087070120803414,
        0.6268484532391048,
        0.47881877898503533,
        0.34585158716021297,
        0.15606832291792894,
        0.2687866906560095,
        0.6264304456538748,
        0.5012188433645867,
        0.3393367163480637,
        0.19883665004849008,
        0.39286520117023793,
        0.5958649127076322,
        0.2683296578966661,
        0.00913280414001624,
        -0.02000041833918154,
        -0.11081378039063514,
        -0.04034829320599909,
        -0.04395389508504704,
        -0.05093234886119549,
        0.18233532066595357,
        -0.19820862702511,
        0.027297827184133545,
        -0.08698418280774632,
        0.05423312517630115,
        -0.025789507187238648,
        -0.03519741288260607,
        -0.0022731058255932683,
        -0.04519116455647776,
        -0.14515726193734013,
        0.001734430420355686,
        -0.004919776510320632,
        -0.20573855244235342,
        -0.03354622652686637
    ],
    "SensorParameterSet": [
        0.0,
        0.0,
        0.0,
        0.0,
        0.0,
        0.0,
        0.0,
        0.0,
        0.0,
        0.0,
        0.0,
        0.0,
        0.0,
        0.0,
        0.0,
        0.0,
        0.0,
        0.0,
        0.0,
        0.0,
        0.0,
        0.0,
        0.0,
        0.0,
        0.0,
        0.0,
        0.0,
        0.0,
        0.0,
        0.0,
        0.0,
        0.0,
        0.0,
        0.0,
        0.0,
        0.0,
        0.0,
        0.0,
        0.0,
        0.0,
        0.0,
        0.0,
        0.0,
        0.0,
        0.0,
        0.0,
        0.0,
        0.0,
        0.0,
        0.0,
        0.0,
        0.0,
        0.0,
        0.0,
        0.0,
        0.0,
        0.0,
        0.0,
        0.0,
        0.0
    ],
    "checked": "indirect",
    "iteration": 73,
    "noise_0": [
        0.0039808321658873855,
        -0.011247064929997446,
        0.0118461428510663,
        -0.0011453576350092271,
        0.001823224114450857,
        0.0014624063656305788,
        0.009772993244137372,
        -0.009534779298147654,
        0.010869090507254875,
        -0.02181816380921221,
        -0.009685639188721715,
        0.0058222889211605395,
        0.014107525951778834,
        0.013171393189026584,
        -0.0018705012988355341,
        0.014865839680866823,
        -0.004479291831558748,
        0.00662078191630223,
        0.01590861620621532,
        -0.006769255678560719,
        0.011751637974304674,
        0.008495098583707538,
        0.0075304467596108565,
        0.01181704746993005,
        0.015582387756891324,
        0.009218026987533396,
        0.001339258881258358,
        0.005454034895212998,
        0.006306105122475771,
        -0.002463525097099486,
        0.022905675450341553,
        0.027888987341831973,
        -0.007935956928280847,
        0.02112513638317722,
        0.0028930191354603033,
        0.027660381628436453,
        0.0060529844275820375,
        0.0022430897448150974,
        -0.02546691938294938,
        -0.0023917559305507547,
        -0.017395579145632195,
        0.0018245000098118945,
        -0.0021521893306335727,
        0.0012317165126355923,
        -0.003614251420489915,
        -0.006651980985139413,
        -0.02411485333129689,
        -0.007802834817560358,
        0.01098521293447656,
        -0.011801491523595095,
        -0.02382648208289198,
        0.02023349151148597,
        0.00554376971252756,
        0.012408120746172077,
        0.002790892522459429,
        -0.002787745113166327,
        -0.015948625316083456,
        0.006392174514232515,
        0.0030944075671583055,
        0.0021974822973422924
    ],
    "noise_1": [
        -0.004696384788825084,
        0.0043480200687455684,
        -0.0034476382769987974,
        0.013274238021373638,
        -0.005253044152348681,
        -0.0023742796251641505,
        0.002680156050971087,
        0.00923126775138713,
        -0.003978565363859369,
        0.0102842224949368,
        -0.0013466089565889313,
        0.0005418118611048692,
        0.01787533504155055,
        -0.004086856705441551,
        0.0011461345812294002,
        -0.023363495456396016,
        -0.013059574691665507,
        -0.012946983894092602,
        0.0006252252094998755,
        0.0066783423855006786,
        -0.00864360431313111,
        -0.011359431576508067,
        0.00921828786069328,
        0.010878695965891283,
        -0.012200815469119069,
        -0.00170500972072252,
        -0.024523936118978587,
        0.0005441026080246545,
        -0.011243049196061165,
        0.004771213777455289,
        0.00544541943510367,
        -0.014103720983413599,
        -0.005299533187997903,
        0.025929934594348076,
        -0.008381632977348976,
        0.0011031729975698678,
        0.00786967572014074,
        -0.006716567323488226,
        -0.013427432284070624,
        -0.01315598680410922,
        0.0028675597955155336,
        -0.0032596994033144474,
        0.004742210364136872,
        0.014483529421233408,
        0.0018362918168998248,
        0.018211239524833698,
        0.007869439791745161,
        -0.006979547090764613,
        -0.004749871052494591,
        0.006995679685136598,
        0.0016761258832360322,
        -0.005069648865190565,
        -0.005532842319802328,
        0.026396245527154583,
        -0.004203293451175927,
        0.004597936689910564,
        -0.005878320113840184,
        -0.004133313360434281,
        0.001876296476565447,
        -0.012265827352258687
    ],