{
    "ParameterSet": [
        -0.10513079049518662,
        -0.09357612960887443,
        -0.10919425160709273,
        -0.04575237203131844,
        -0.016379503903578025,
        -0.08399866772350324,
        -0.0714696266240051,
        0.029086876788951166,
        -0.04263972474186253,
        0.02326031627965034,
        0.07187645474885183,
        0.0901805061144576,
        0.10709443401421084,
        0.031430382423545566,
        0.04210354823451646,
        -0.11460140614876778,
        -0.06117957330931229,
        -0.07097951193230999,
        -0.03890740454804883,
        -0.04539849863329913,
        0.5144003635219019,
        0.1237882137026752,
        0.15015662183306067,
        0.5002555613674544,
        0.572603220224752,
        0.27629829803087047,
        0.12798803237628248,
        0.21412122732171696,
        0.514494341674047,
        0.4369772964217396,
        0.2914384042962405,
        0.2109927563018065,
        0.19120507439368725,
        0.6186116017929246,
        0.4625371662265115,
        0.2089502114884755,
        0.17336594710745523,
        0.39643038396042296,
        0.5579550679404447,
        0.2626202786370667,
        0.05581344285449205,
        -0.03444145808244169,
        -0.09002457662000055,
        -0.020500925527999335,
        -0.10561140963577874,
        0.0013220151545513185,
        0.10678268976455146,
        -0.13109524491269423,
        -0.028783917202361693,
        -0.06308876070875301,
        0.04342772800176646,
        -0.04642737831508697,
        -0.053052724117866094,
        -0.04202785685857978,
        -0.07107816638452119,
        -0.1120746757762873,
        0.00042705101987181894,
        -0.050655231481521026,
        -0.09472373499114481,
        -0.05629621829646037
    ],
    "SensorParameterSet": [
        0.0,
        0.0,
        0.0,
        0.0,
        0.0,
        0.0,
        0.0,
        0.0,
        0.0,
        0.0,
        0.0,
        0.0,
        0.0,
        0.0,
        0.0,
        0.0,
        0.0,
        0.0,
        0.0,
        0.0,
        0.0,
        0.0,
        0.0,
        0.0,
        0.0,
        0.0,
        0.0,
        0.0,
        0.0,
        0.0,
        0.0,
        0.0,
        0.0,
        0.0,
        0.0,
        0.0,
        0.0,
        0.0,
        0.0,
        0.0,
        0.0,
        0.0,
        0.0,
        0.0,
        0.0,
        0.0,
        0.0,
        0.0,
        0.0,
        0.0,
        0.0,
        0.0,
        0.0,
        0.0,
        0.0,
        0.0,
        0.0,
        0.0,
        0.0,
        0.0
    ],
    "checked": "indirect",
    "iteration": 21,
    "noise_0": [
        -0.002629193759980043,
        -0.01763264462882435,
        0.027093112221452276,
        0.0058270130726919,
        -0.01723063967401445,
        -0.004290447621617761,
        -0.0018679006663544617,
        -0.014567964377898143,
        0.013319912060635953,
        0.012166443994902423,
        -0.0070350494144233566,
        0.007283934542507048,
        -0.0039016036456689085,
        -0.0003315491289850464,
        0.018677805026426898,
        -0.017439922377944013,
        0.017405887653296034,
        0.007479102510240849,
        -0.0006489159413982047,
        0.014444566578424411,
        -0.011220615100038253,
        -0.01646006792425544,
        -0.011275560080810836,
        0.02357841656563397,
        0.0038993312469968355,
        -0.01274188509240774,
        0.002670606924260469,
        -0.006273408645200451,
        0.008386862662704041,
        -0.017071596431185464,
        -0.006282356012991531,
        0.01007251074262107,
        -0.00696343091468435,
        0.004752496581230303,
        0.019447327305554676,
        -0.006185703105337856,
        -0.005223041870314593,
        -5.1450484713435734e-05,
        0.016794223805251668,
        0.0227512609445309,
        -0.010592020833422052,
        -0.019658446269080636,
        0.027473989239379853,
        0.012625970863934457,
        0.003046418607379559,
        -0.006693663791217587,
        -0.0014893122384262456,
        0.005775915713221994,
        0.013790980468610069,
        -0.007051214906647451,
        0.008633726545359243,
        0.006153003561949831,
        0.0028204928731539796,
        0.0033034860850746314,
        -0.01868539648269262,
        0.008302427915243741,
        0.008234665664378839,
        -0.008867193886166918,
        0.02572588881482347,
        -0.0001808277505661672
    ],
    "noise_1": [
        -0.016041035733221323,
        -0.004981056594682848,
        -0.00526811700904108,
        0.005703754654031915,
        0.0005403146966876924,
        0.009399960620772481,
        -0.010401796135979443,
        -0.0018419604750598408,
        0.027561520249545637,
        -0.008397826538958052,
        -0.006828249208154027,
        -0.005891656937351854,
        -0.01566327280397384,
        -0.0074564536714683055,
        0.010606478782753743,
        -0.019671338191540655,
        -0.015581753377337552,
        -0.0016824327538237265,
        -0.006094354458329544,
        0.006478262145561148,
        -0.010318582823906765,
        0.001267781326099687,
        0.02934482661336562,
        0.008203170032761423,
        -0.006059157742413388,
        0.0058526987896686195,
        0.006444802881175402,
        -0.012744860219894823,
        -0.010345582238570534,
        0.022153867621293094,
        0.014127296714241892,
        -0.003535742882347713,
        -0.0009767038495297957,
        0.0035588136331912343,
        0.011329819232970823,
        9.719441017429645e-06,
        -0.01181855493641692,
        0.044617610770881146,
        -0.021085982999750535,
        -0.007957605330205904,
        0.005810008798344063,
        0.01471849460628633,
        -0.009842655666708694,
        -0.008073166756462581,
        0.0050864130208395945,
        0.005587727451076473,
        0.015798663192391055,
        0.031357921451002635,
        -0.002964108697911854,
        -0.018095582180525892,
        0.0006063636705972127,
        0.005926673218974452,
        0.002907163562411618,
        0.011677405450812065,
        0.0036260058716967255,
        0.008133618218381747,
        0.0034402390334675216,
        0.012564538946670669,
        -0.01297140034384676,
        -0.0006940572155291165
    ],