{
    "ParameterSet": [
        0.05393231638940747,
        -0.021231760376038203,
        0.03821073289324672,
        0.18060678084365367,
        0.025884471307407165,
        0.21040645413659195,
        0.14496608158537183,
        0.011626457709587142,
        0.12476827057949971,
        -0.028310748758754334,
        0.10322622885567864,
        -0.013550931884744561,
        -0.19846315792803,
        -0.12527264255752174,
        -0.020167574331210834,
        -0.12540573981598127,
        -0.05255218627318952,
        -0.04653249651204004,
        0.060963229633321875,
        0.04133497087542567,
        0.4244316419573051,
        0.11031566464328826,
        0.2330952082995868,
        0.48735981181649984,
        0.5295179051227012,
        0.38853906123098675,
        0.15263192309254608,
        0.45064518660894354,
        0.5674724754471725,
        0.49012048223276017,
        0.20927676493176828,
        0.25165809194932803,
        0.3690660167273471,
        0.611967247327299,
        0.4896109994219136,
        0.16540188999869118,
        0.227607561507385,
        0.44495378610393677,
        0.5888945096591816,
        0.3682835690432242,
        -0.026550308392057225,
        -0.13214512404344422,
        0.07417362817714322,
        -0.12660009216505935,
        0.014592558708160343,
        -0.05370243537736345,
        0.07171216517156903,
        -0.17821590685162747,
        0.0013302316870697792,
        -0.16423731996802496,
        -0.023481562454750082,
        -0.03746887064779931,
        -0.07029613400659829,
        0.023528855883644745,
        -0.02401091570816481,
        -0.11942926104342022,
        0.11335009452493167,
        -0.08623344659201816,
        0.036513490403040944,
        0.06059762297296454
    ],
    "SensorParameterSet": [
        0.0,
        0.0,
        0.0,
        0.0,
        0.0,
        0.0,
        0.0,
        0.0,
        0.0,
        0.0,
        0.0,
        0.0,
        0.0,
        0.0,
        0.0,
        0.0,
        0.0,
        0.0,
        0.0,
        0.0,
        0.0,
        0.0,
        0.0,
        0.0,
        0.0,
        0.0,
        0.0,
        0.0,
        0.0,
        0.0,
        0.0,
        0.0,
        0.0,
        0.0,
        0.0,
        0.0,
        0.0,
        0.0,
        0.0,
        0.0,
        0.0,
        0.0,
        0.0,
        0.0,
        0.0,
        0.0,
        0.0,
        0.0,
        0.0,
        0.0,
        0.0,
        0.0,
        0.0,
        0.0,
        0.0,
        0.0,
        0.0,
        0.0,
        0.0,
        0.0
    ],
    "checked": "indirect",
    "iteration": 90,
    "noise_0": [
        -0.015363328925171183,
        -0.010585180716177466,
        -0.00496976536105598,
        0.006919957083622306,
        0.006116956731380382,
        0.002364433425833617,
        0.02306474711616372,
        -0.017754806776593045,
        -0.004627263510455314,
        0.004407390428211093,
        -0.007009204289788786,
        -0.010900761988166132,
        0.00942224873550781,
        0.0008121646082416948,
        -0.011687536339077806,
        -0.004518304607006109,
        0.0019904266797555665,
        -0.004341944226882417,
        0.01055371655814081,
        0.00846260480819803,
        0.0007154121315452944,
        0.012808054611256536,
        0.0029707415238210432,
        -0.0033713477598372966,
        0.0005140221328143712,
        -0.00536119345706217,
        0.0030441144129445905,
        0.0004973285092953951,
        0.001508517719558005,
        -0.008421462189857233,
        -0.004683647086303032,
        -0.007401036963669134,
        -0.01212800058572471,
        0.0010024289836354009,
        0.0012080493043937822,
        0.0019373030665790743,
        0.006215234173601483,
        0.005019893801384857,
        -0.0008535320439869061,
        0.000388216789251918,
        -0.010801709418456441,
        0.019567060857389344,
        -0.0007853599324665151,
        -0.00182135063289875,
        0.016871183603058063,
        -0.0042714016045536235,
        -0.0010004787846199586,
        -0.00022185641477978898,
        0.0031472143255302804,
        -0.012831877186707006,
        0.009085790938413985,
        -0.011571484175009458,
        -0.011981924583381804,
        0.0002436421927879493,
        -0.013819124942043823,
        0.0025539130149036904,
        -0.0001812151544929474,
        0.01797795022017231,
        -0.0037626099514840583,
        -0.019230008459022566
    ],
    "noise_1": [
        -0.011730703310440321,
        0.01127378397878007,
        0.009904075992070726,
        0.0006328149529506464,
        0.011690156023266307,
        0.0060504274345989555,
        0.000431736376623627,
        -0.009030888629197225,
        -0.0020451309633343785,
        0.0012873438488468416,
        -0.0024414451507572383,
        0.02568212099342422,
        0.0019284990319460118,
        0.013838155658267482,
        0.0011615068121173637,
        -0.004134119868524207,
        -0.0027123944245856227,
        0.0005563149751149482,
        0.009444945607805757,
        0.004715861967425985,
        0.013074063087107587,
        -0.004106388715432859,
        -0.006357835944537916,
        -0.0032609653083167543,
        0.0032982733151584232,
        -0.001771701121926979,
        0.010042413292309472,
        0.004291986599278305,
        0.010968046139568862,
        0.0025561421035965523,
        -0.012112225337732496,
        0.01334641067812716,
        -0.0029901546091121714,
        -0.004704229917512038,
        -0.006820661293334889,
        -0.010931345245603439,
        0.011171546560904638,
        0.017523339641889134,
        0.0052476593878770334,
        -0.001210183692613338,
        0.008353695072919302,
        0.0027575453467881417,
        0.005476421418422458,
        0.005658570490632829,
        -0.01803722387676285,
        0.008737816278078283,
        -0.005915191127932311,
        0.0037191712033549326,
        -0.0010572746180134102,
        -0.0008336591819258693,
        -0.002009880264363237,
        0.0045758546163429965,
        -0.012553834033363328,
        0.004637147725774795,
        0.0035263077148753423,
        0.004470284547087823,
        0.0013061534084725746,
        0.016215541551253158,
        -0.008720683606482366,
        -0.006982990817895175
    ],