{
    "ParameterSet": [
        0.03695692795900886,
        -0.029877040560818205,
        0.03152605139881575,
        0.19743123991927672,
        0.012597457494046747,
        0.19359858243571113,
        0.1477895303063267,
        -0.0027941773669191436,
        0.09032203674578333,
        -0.007086477487975725,
        0.11886688852395977,
        0.011669717677990955,
        -0.19900346374068092,
        -0.11771849575478058,
        -0.039001260881478816,
        -0.12567862295445453,
        -0.04535465392795905,
        -0.051809838291792,
        0.054311987400420814,
        0.04290393275719052,
        0.4191391574616778,
        0.1110929455584688,
        0.21921154322169717,
        0.5045608733378442,
        0.5145755004755443,
        0.38056084021426007,
        0.16148902144476313,
        0.4767768758962631,
        0.5714754589317942,
        0.48152428593492197,
        0.20015153479122905,
        0.24818034086916008,
        0.3983107232526499,
        0.601765710451945,
        0.48444712372874826,
        0.1851327530322729,
        0.2410569095093887,
        0.444237028864085,
        0.5765100083501125,
        0.38733616036461843,
        -0.049164366330471325,
        -0.10537063366771811,
        0.0682436896609421,
        -0.14938564403556562,
        -0.005356803374737213,
        -0.0445134182951843,
        0.07191260605928025,
        -0.17099072328581202,
        -0.012290091499386693,
        -0.16636584821746483,
        -0.014629783737494908,
        -0.023932738828758654,
        -0.0993046778820074,
        0.028913938263125483,
        -0.051863583055781225,
        -0.12082599406404829,
        0.1322515842278491,
        -0.08480143198383899,
        0.020209504717866113,
        0.06499039127341744
    ],
    "SensorParameterSet": [
        0.0,
        0.0,
        0.0,
        0.0,
        0.0,
        0.0,
        0.0,
        0.0,
        0.0,
        0.0,
        0.0,
        0.0,
        0.0,
        0.0,
        0.0,
        0.0,
        0.0,
        0.0,
        0.0,
        0.0,
        0.0,
        0.0,
        0.0,
        0.0,
        0.0,
        0.0,
        0.0,
        0.0,
        0.0,
        0.0,
        0.0,
        0.0,
        0.0,
        0.0,
        0.0,
        0.0,
        0.0,
        0.0,
        0.0,
        0.0,
        0.0,
        0.0,
        0.0,
        0.0,
        0.0,
        0.0,
        0.0,
        0.0,
        0.0,
        0.0,
        0.0,
        0.0,
        0.0,
        0.0,
        0.0,
        0.0,
        0.0,
        0.0,
        0.0,
        0.0
    ],
    "checked": "indirect",
    "iteration": 97,
    "noise_0": [
        0.004296182523806515,
        -0.013133375417315463,
        0.0063507135751090515,
        -0.00028813745162613135,
        -0.017214189187246657,
        -0.014933816879179948,
        0.0027138260310265944,
        0.000675371330184438,
        -0.009545843629216457,
        0.003528075641172666,
        0.001845990039515296,
        -0.002676262386154769,
        0.01020866405142849,
        -0.015328676783918126,
        0.017817100456285487,
        -0.0019376701875331924,
        -0.021685100662843376,
        -0.0011516327464132425,
        0.008681147958661716,
        0.0036140096317492485,
        -0.00016057575950603767,
        0.0006879736488594037,
        0.01558107130154013,
        0.005435060128080127,
        0.004708772754331392,
        0.005390447097280447,
        -0.004571560359439196,
        -0.01598346487701763,
        -0.006054623720186449,
        0.005980485289925973,
        -0.0033348360646547493,
        -0.007840908130405168,
        -0.004857645621991063,
        -8.863945837692506e-05,
        0.0029027114026961894,
        0.006145601674214106,
        0.009331609296588255,
        -0.011556141788193865,
        0.025916867723647676,
        0.009239594136513702,
        0.0203876728344679,
        0.0021595080934694987,
        0.005819354893333274,
        0.0018892075761969829,
        0.022041022388048847,
        0.0008719410635099247,
        -0.0136913801794463,
        0.002210732518908932,
        -0.0031739443729865576,
        0.0005760387996298475,
        -0.0009303966811985654,
        -1.195178766242484e-05,
        -0.011759638568873255,
        0.010697220174636073,
        0.0018027480569246567,
        -0.0021195618506145743,
        0.0023297156261663774,
        0.0173237767815595,
        0.0016301807794989816,
        0.00783420324828069
    ],
    "noise_1": [
        0.0012116719333303291,
        0.017161088334098268,
        -0.004730165840308747,
        -0.0017483218657642077,
        -0.0011803165572011574,
        0.002461414153567519,
        0.004729152884937724,
        0.0089906660943073,
        0.008679426949926126,
        -0.011521279002671945,
        0.006566590827892875,
        -0.001509790407629151,
        -0.0007269971753713101,
        -0.0064155470682893045,
        -0.004905979100476531,
        -0.010629359058695787,
        -0.00865938489193229,
        0.0071410517001422895,
        0.019078513653642996,
        0.005648318880872393,
        -0.009683545550396326,
        -0.006066538278085248,
        0.010217316152554898,
        -0.019427155346297048,
        0.012310191080332235,
        -0.002848806328193051,
        -0.0027796002497381973,
        0.008799662521619676,
        -0.029847425491119087,
        0.0031641068544026483,
        -0.007903965933071607,
        -0.00630547617786867,
        0.011438649270690816,
        0.006647238471139269,
        0.005903183069271833,
        0.0016411213669220784,
        -0.0010792629969120285,
        -0.01265262218591139,
        -0.0012376044510417211,
        -0.015358791152715835,
        0.005717860332419626,
        -0.004397354353110876,
        -0.00964310390475757,
        -0.008428547690688537,
        -0.013690406351580501,
        0.008665640244992404,
        -0.012605505291354641,
        -0.009855921144192389,
        -0.0034521713033660835,
        -0.0032557765585532828,
        0.0025400262526746103,
        -0.0011717858630485621,
        0.010835801694587524,
        -0.010219574995844364,
        0.013289960153031395,
        -0.016395875083625087,
        0.0016582353277282723,
        -0.0021645359161562047,
        0.008745987749031488,
        -0.0009914617764120153
    ],