{
    "ParameterSet": [
        0.0,
        0.0,
        0.0,
        0.0,
        0.0,
        0.0,
        0.0,
        0.0,
        0.0,
        0.0,
        0.0,
        0.0,
        0.0,
        0.0,
        0.0,
        0.0,
        0.0,
        0.0,
        0.0,
        0.0,
        0.5044372080402942,
        0.11179573179088269,
        0.22336131133168322,
        0.5238323908959595,
        0.4897837537401469,
        0.23336879209210276,
        0.156900132397411,
        0.2705401047539295,
        0.5045759819857375,
        0.4904423579823461,
        0.2409376907772342,
        0.1710147855545038,
        0.2840915832472842,
        0.5079500341720962,
        0.4593346845127408,
        0.21835216964225468,
        0.1690032511888188,
        0.3258838945822318,
        0.5074750373643965,
        0.2620683981985637,
        -0.04,
        -0.04,
        -0.04,
        -0.04,
        -0.04,
        -0.04,
        -0.04,
        -0.04,
        -0.04,
        -0.04,
        -0.04,
        -0.04,
        -0.04,
        -0.04,
        -0.04,
        -0.04,
        -0.04,
        -0.04,
        -0.04,
        -0.04
    ],
    "SensorParameterSet": [
        -0.08465101355094456,
        -0.004680623493336963,
        0.07276563925512075,
        -0.019021058183363002,
        -0.4211767680373742,
        -0.03690230129384432,
        0.2487518649420512,
        0.06625149109957996,
        0.061524293891322225,
        0.19152115691484278,
        -0.3257854220666323,
        -0.03696401153255698,
        -0.009638867493003979,
        -0.26139415548364825,
        0.41334804308246914,
        0.10488111397202574,
        0.1997290164311055,
        -0.2032597226886218,
        0.4894187090209526,
        -0.3885156658972416,
        -0.2523037689759272,
        0.09428424094292136,
        -0.04618834372155957,
        -0.14571210934124232,
        0.07795384607073155,
        0.2118524614020434,
        0.10699276946781092,
        -0.2925204180339309,
        -0.03378746026655946,
        -0.06585930951027665,
        0.4153209440551964,
        -0.5501758932541028,
        0.0755900156984194,
        -0.11819942400799743,
        0.1519901728238735,
        0.18179464243043947,
        -0.09210292960787585,
        -0.07824329815915747,
        0.03655388531887838,
        0.07295733195608266,
        -9.000995549768667e-05,
        0.20692433096944637,
        -0.02305668518832134,
        -0.05726207229623695,
        0.5961858257631302,
        0.25729549192188245,
        -0.07223528510835801,
        0.0018137713274947644,
        0.251013464958146,
        0.21855843989212292,
        0.20854274364753372,
        0.08182800968274083,
        -0.09318911369772595,
        0.002263495988469294,
        0.11005853607102357,
        0.25301117406227547,
        0.4103282718849714,
        -0.18915931173069656,
        0.3228311003236176,
        0.28393537705196326
    ],
    "checked": "indirect",
    "iteration": 30,
    "noise_sensor_0": [
        0.002583967483973901,
        -0.03158494535098203,
        -0.031788460403656425,
        -0.06730644482298591,
        0.019729563798112103,
        -0.013679069791445968,
        -0.059089872455677754,
        0.027536945670955083,
        0.0009540424971767456,
        -0.02403597834242063,
        -0.06298480905645093,
        0.05388894825418368,
        -0.02564073163412503,
        0.05305595057607474,
        0.018226022571447478,
        0.00793850594966463,
        -0.03442983591049755,
        0.16106032709017204,
        0.10357919170015163,
        -0.03937133744567482,
        -0.10237010819923205,
        0.028101644393728416,
        -0.0893173666874891,
        -0.02864002093548183,
        0.002481025390990648,
        0.05090415918465803,
        0.07276498007900875,
        0.07564278608333246,
        0.06596252819981602,
        -0.047496616149146596,
        0.004571760298863465,
        0.04729441519551406,
        0.04432381193879153,
        -0.009865880729790392,
        -0.012100769047213479,
        -0.0268455249637241,
        0.06273732906353013,
        -0.037393947355514226,
        0.03048652475022892,
        0.031670568638488446,
        0.049981052522300784,
        -0.017452578582574114,
        -0.0012603454158298557,
        0.032948088402176445,
        -0.007742046878855779,
        -0.045044313814943705,
        0.011835656087853998,
        -0.0399119080755203,
        0.08378095853838077,
        0.002956557416700502,
        0.05296909503516928,
        0.12249944868449021,
        0.030956766758650132,
        0.036470907572320875,
        -0.01018681370007737,
        0.02787818270674375,
        0.013895128273760509,
        -0.029117875695777635,
        -0.07337240020908115,
        -0.01166512296014255
    ],
    "noise_sensor_1": [
        0.07002053623483756,
        -0.09001351477645389,
        0.004834485213490169,
        -0.025726306326869564,
        -0.023364594312628165,
        -0.14364868990167456,
        -0.06792967822627545,
        0.04947242628694145,
        -0.10463147974734548,
        -0.01668052521296942,
        0.01172386769002555,
        0.026125142658193143,
        -0.002845315218368182,
        0.086551551837703,
        -0.0371943103750735,
        -0.022180004478593026,
        0.04416647988129848,
        -0.09156341587789504,
        0.058625275177273416,
        0.0702428700289753,
        -0.002256664085489598,
        -0.0042608975004083645,
        -0.04761476213212964,
        -0.02774484176059384,
        -0.07865668150645376,
        0.07214417221264222,
        -0.06068103691421378,
        0.03408464608329117,
        0.0032756215795455954,
        0.02213919879914434,
        0.01785245301916936,
        0.0007549524763862122,
        -0.06472047571149256,
        -0.08484027094143379,
        -0.028136699198042566,
        0.020145317620320513,
        0.08616301681078486,
        -0.14995709081418168,
        0.032540603013839965,
        -0.08362720737022686,
        0.020571857411513992,
        0.03946592050197198,
        0.0013932631343599442,
        0.014326470587180699,
        -0.011547989968545634,
        0.01957831992855959,
        0.006272624344968431,
        0.05889796952583939,
        -0.0568656405463921,
        0.06858318696726662,
        0.055508997714060905,
        0.02092845787638737,
        -0.00883946810467419,
        0.05423448296515663,
        -0.03927710604062683,
        0.01774203546531817,
        0.13769423040654286,
        0.01609394957832394,
        -0.04328690085119902,
        -0.036331880155503246
    ],