{
    "ParameterSet": [
        0.0,
        0.0,
        0.0,
        0.0,
        0.0,
        0.0,
        0.0,
        0.0,
        0.0,
        0.0,
        0.0,
        0.0,
        0.0,
        0.0,
        0.0,
        0.0,
        0.0,
        0.0,
        0.0,
        0.0,
        0.5044372080402942,
        0.11179573179088269,
        0.22336131133168322,
        0.5238323908959595,
        0.4897837537401469,
        0.23336879209210276,
        0.156900132397411,
        0.2705401047539295,
        0.5045759819857375,
        0.4904423579823461,
        0.2409376907772342,
        0.1710147855545038,
        0.2840915832472842,
        0.5079500341720962,
        0.4593346845127408,
        0.21835216964225468,
        0.1690032511888188,
        0.3258838945822318,
        0.5074750373643965,
        0.2620683981985637,
        -0.04,
        -0.04,
        -0.04,
        -0.04,
        -0.04,
        -0.04,
        -0.04,
        -0.04,
        -0.04,
        -0.04,
        -0.04,
        -0.04,
        -0.04,
        -0.04,
        -0.04,
        -0.04,
        -0.04,
        -0.04,
        -0.04,
        -0.04
    ],
    "SensorParameterSet": [
        -0.23472436633660573,
        0.27676390112424465,
        0.05129289156627617,
        0.09865482409525496,
        -0.6265306294936634,
        0.0314365061584345,
        0.5586687736270428,
        -0.1416064115626634,
        -0.1306387289134224,
        0.02847270265174978,
        -0.40385448929574885,
        0.23275281648655693,
        0.11612197141126678,
        0.0661984011426623,
        0.24299778101491037,
        0.0375305458848161,
        0.3846679475599773,
        -0.33182890084645184,
        0.32762448195941013,
        -0.28047755975274413,
        -0.23556892535027837,
        4.822204903650653e-05,
        0.05662631028642609,
        -0.1962552701528572,
        0.13558095882561658,
        -0.30109878497590825,
        0.5196012229639907,
        -0.3960833900203496,
        0.4321948524615824,
        -0.37369651051534636,
        0.6618779316492488,
        -0.5934908406931099,
        0.11430820165976908,
        -0.34389249299026137,
        0.33592625960164635,
        0.2973064144871253,
        0.05963769187958359,
        0.06471046222479242,
        -0.277158744580917,
        0.2518435768618001,
        0.5320306020531423,
        0.18207954752920186,
        0.046899224469023386,
        0.11884312213527161,
        0.4071356936909867,
        0.5187325371039709,
        -0.10443321198218644,
        -0.31932015298159594,
        0.34008134824645286,
        0.12134497923091392,
        0.2010357103881107,
        0.09980539388312101,
        0.003134800661769558,
        0.2883946483314666,
        0.15199759662873244,
        0.5487229538191435,
        0.42576165474792554,
        0.1276069568569664,
        0.20644661994473587,
        0.6260411857773007
    ],
    "checked": "indirect",
    "iteration": 84,
    "noise_sensor_0": [
        -0.054139167875686456,
        -0.03492611328857516,
        -0.007764189532889494,
        0.05775639489898391,
        -0.06515159340144504,
        -0.009709068647189345,
        -0.020936109061408994,
        0.006709784247090992,
        0.009246001635884604,
        0.014273660350524343,
        -0.07250049392264495,
        -0.040658360735077906,
        -0.027350597721849848,
        0.02051348206980028,
        -0.0173717662332392,
        -0.011342066116186463,
        0.008687316743491633,
        0.02594939245428697,
        0.006146999628044685,
        0.014664693088318767,
        -0.06383318202525659,
        -0.01792384760478208,
        -0.026517154727737132,
        0.0028081121132395247,
        0.04961345749710113,
        -0.004072582085097612,
        -0.05402523065822877,
        0.053069472478843735,
        -0.0008049291146869151,
        0.07966061815952205,
        -0.0074215826995680904,
        -0.0016557603380669412,
        0.005330567914833542,
        -0.001300173329094257,
        -0.014147694077207637,
        -0.030981273400689506,
        0.031181108333323566,
        0.009231669645579536,
        0.0018965068936561886,
        0.03927399192941138,
        0.029074825714540144,
        0.021357470477599557,
        0.06899533404568968,
        0.007449157245735303,
        -0.0483427537997259,
        -0.047322071888511036,
        0.0019562211136774934,
        -0.025961479967559528,
        0.024704865182713313,
        0.004510845171397927,
        0.0017351076405307869,
        0.018977621995939234,
        -0.008556749257019106,
        0.019486257904080036,
        0.011409648431502304,
        -0.04079506500544509,
        -0.011913646681643197,
        -0.013763360207317155,
        0.008406547104214524,
        -0.01953734487834271
    ],
    "noise_sensor_1": [
        0.04744686153633453,
        0.019890803620550398,
        0.008926060278050926,
        0.013599768946689754,
        -0.07630602048962135,
        0.029907403507097908,
        -0.029718738687838916,
        0.057345914526068305,
        0.006133041885384266,
        -0.014299288786378626,
        0.039255564980392225,
        0.02094965310352166,
        -0.0168160854536169,
        -0.012397813609863187,
        -0.03966177762578679,
        0.023275546158225253,
        0.033621210127216826,
        -0.0668977093546573,
        0.04945074377180662,
        -0.03309937010092922,
        -0.06327706719225307,
        -0.0020265359078206644,
        -0.021225594964009654,
        0.024760647101454734,
        0.0713969641027059,
        -0.025617915002580333,
        -0.01730443235874562,
        -0.01658635103981124,
        0.029996354082840872,
        -0.04686298033665821,
        0.05178635022239783,
        -0.0027385107188962077,
        0.0036918408447882806,
        0.000622846672919686,
        0.05473747474964303,
        -0.046707738013591196,
        -0.0005096341970562298,
        -0.01712612732795445,
        -0.05699435644350412,
        0.00926503812295272,
        4.357052999147961e-05,
        -0.019981909702345674,
        -0.04096292138574403,
        -0.057692870570331775,
        0.0066204040323429025,
        0.04600975256414589,
        -0.06253301434390518,
        -0.017451300763532542,
        0.04503332698234972,
        -1.7663249135635228e-05,
        -0.04409929468296942,
        -0.032598198433822646,
        0.05966133962096096,
        0.019990865637317615,
        -0.04032686138288931,
        0.054216052872083156,
        0.06382488746489026,
        0.0061836342742924814,
        0.015984039223238,
        0.017665497980678256
    ],