{
    "ParameterSet": [
        0.0,
        0.0,
        0.0,
        0.0,
        0.0,
        0.0,
        0.0,
        0.0,
        0.0,
        0.0,
        0.0,
        0.0,
        0.0,
        0.0,
        0.0,
        0.0,
        0.0,
        0.0,
        0.0,
        0.0,
        0.5044372080402942,
        0.11179573179088269,
        0.22336131133168322,
        0.5238323908959595,
        0.4897837537401469,
        0.23336879209210276,
        0.156900132397411,
        0.2705401047539295,
        0.5045759819857375,
        0.4904423579823461,
        0.2409376907772342,
        0.1710147855545038,
        0.2840915832472842,
        0.5079500341720962,
        0.4593346845127408,
        0.21835216964225468,
        0.1690032511888188,
        0.3258838945822318,
        0.5074750373643965,
        0.2620683981985637,
        -0.04,
        -0.04,
        -0.04,
        -0.04,
        -0.04,
        -0.04,
        -0.04,
        -0.04,
        -0.04,
        -0.04,
        -0.04,
        -0.04,
        -0.04,
        -0.04,
        -0.04,
        -0.04,
        -0.04,
        -0.04,
        -0.04,
        -0.04
    ],
    "SensorParameterSet": [
        -0.14281146335644773,
        -0.06527778491690417,
        0.048146531464228426,
        -0.016487468453742327,
        -0.38726631262560873,
        -0.05550688962394484,
        0.28317672934061,
        0.04750365018969502,
        0.08359438714199989,
        0.14903088961898792,
        -0.37816747640167814,
        -0.0075492201314431365,
        -0.022175854459214838,
        -0.15757587336320708,
        0.40278255901583,
        0.041483585435059665,
        0.23069174020798563,
        -0.14137783362127992,
        0.4531287049158962,
        -0.39700526241394024,
        -0.24876426342453511,
        0.13056731333552926,
        -0.1134172117861338,
        -0.17283831253171272,
        0.09841542967077133,
        0.18549001446464405,
        0.21114785893635696,
        -0.23276757541671841,
        -0.012693327236562326,
        -0.09297160776697272,
        0.5052412738655223,
        -0.5434181732449612,
        0.07633079857587714,
        -0.11121750194620061,
        0.11462302275804939,
        0.21094575697052456,
        -0.023133475361465206,
        -0.07168305038192381,
        -0.029009570406315,
        0.06808042904623296,
        0.08818047339342465,
        0.2680674158759349,
        -0.016386576599816915,
        -0.01149083537608053,
        0.6584570731746018,
        0.21009133283286074,
        -0.12266918359168723,
        -0.07916849725805206,
        0.30827430311418114,
        0.21687808945598522,
        0.20825572463224573,
        0.09382083985014246,
        -0.05011818653579898,
        -0.039585248423795634,
        0.08296973224790925,
        0.2376768251073319,
        0.4638637324022131,
        -0.1737896225242697,
        0.3267324073593966,
        0.26264344381841065
    ],
    "checked": "indirect",
    "iteration": 32,
    "noise_sensor_0": [
        -0.008142838277617576,
        0.09091084803479346,
        -0.0371468259502363,
        -0.016835014660721993,
        -0.024360984998681022,
        -0.053042888427305805,
        -0.116510374122646,
        0.05270854615874327,
        0.022213803491963866,
        -0.025479099340193503,
        0.05532152851010905,
        0.005311020126325767,
        0.049019508683641334,
        0.10140042038012764,
        -0.019347096230497823,
        0.05779876369464913,
        0.0851272917391871,
        0.06551781022059938,
        -0.06599883191513341,
        0.016021149263472326,
        0.07890420387349516,
        -0.00863780402528347,
        -0.047434231999142,
        -0.045270068873910746,
        -0.09765571530235813,
        0.03514528154575931,
        -0.05851606933667235,
        -0.06903655958194088,
        0.030496928863544093,
        0.08069601521848638,
        -0.02121155395085877,
        -0.005488464796545788,
        0.044688347592007335,
        -0.026809011896791836,
        -0.018181475344508445,
        -0.0709127087907223,
        0.003885138057753843,
        -0.024801272443545713,
        -0.10170582761032684,
        0.07260324458383559,
        0.042411316588714595,
        -0.03720305266904984,
        -0.027890275388186482,
        -0.03404601039061093,
        -0.06299110466978831,
        -0.017857769795549257,
        -0.006160874420749455,
        -0.12671005791818235,
        0.1355402873533472,
        -0.0535590299823239,
        -0.0047559677381898815,
        0.02166418437203073,
        0.05913905036944422,
        0.02463513784543648,
        -0.06826767497110525,
        0.044642751231912234,
        0.03889185748420682,
        -0.021128327327402645,
        -0.060141589892347726,
        0.0019046392113787254
    ],
    "noise_sensor_1": [
        -0.07794758574165003,
        -0.01846893464845925,
        0.0646166352211373,
        0.07022993807948555,
        0.1097173262612361,
        -0.029304636511926347,
        -0.01220929351282555,
        -0.054856361325817886,
        -0.006291069835191498,
        0.02720690834127457,
        0.025660567210312304,
        0.05082670779229575,
        -0.03103131844686698,
        0.09301398330152516,
        -0.09584074762511376,
        -0.0033312818000966497,
        0.08618349056750986,
        0.000391568716416377,
        -0.03986488220628473,
        -0.04642871776245919,
        0.03097049579693997,
        -0.001734008300972058,
        -0.002602267132150034,
        0.02714101225704241,
        -0.028433795292455176,
        0.03542040919970165,
        -0.048294576571468836,
        0.014064227800471956,
        -0.06765701346728234,
        -0.013759195386067244,
        0.06906061467293005,
        0.05955651405005352,
        0.09296308180161375,
        -0.02448915510345941,
        -0.020841411850773785,
        -0.046164856798299306,
        -0.10624711609110445,
        0.055995081553575334,
        -0.023285060702665516,
        -0.012636247274335738,
        0.038497886973630796,
        -0.03599755547041821,
        -0.027189811277445467,
        -0.04063844441386222,
        0.021513412345411702,
        0.08242413440540854,
        -0.02136737222109826,
        0.053354497853619585,
        -0.05256278297456966,
        -0.05675118543760234,
        0.04165901618762493,
        -0.056583394075210326,
        -0.0488615472952692,
        0.02030262125952802,
        0.008931722632946332,
        -0.005486489065237244,
        -0.0095632035414302,
        -0.01043990821481982,
        -0.028993924521022087,
        0.03939948807747925
    ],