{
    "ParameterSet": [
        0.0,
        0.0,
        0.0,
        0.0,
        0.0,
        0.0,
        0.0,
        0.0,
        0.0,
        0.0,
        0.0,
        0.0,
        0.0,
        0.0,
        0.0,
        0.0,
        0.0,
        0.0,
        0.0,
        0.0,
        0.5044372080402942,
        0.11179573179088269,
        0.22336131133168322,
        0.5238323908959595,
        0.4897837537401469,
        0.23336879209210276,
        0.156900132397411,
        0.2705401047539295,
        0.5045759819857375,
        0.4904423579823461,
        0.2409376907772342,
        0.1710147855545038,
        0.2840915832472842,
        0.5079500341720962,
        0.4593346845127408,
        0.21835216964225468,
        0.1690032511888188,
        0.3258838945822318,
        0.5074750373643965,
        0.2620683981985637,
        -0.04,
        -0.04,
        -0.04,
        -0.04,
        -0.04,
        -0.04,
        -0.04,
        -0.04,
        -0.04,
        -0.04,
        -0.04,
        -0.04,
        -0.04,
        -0.04,
        -0.04,
        -0.04,
        -0.04,
        -0.04,
        -0.04,
        -0.04
    ],
    "SensorParameterSet": [
        0.08107149533689718,
        -0.006433176344829749,
        0.08457006205081787,
        -0.055141636228110094,
        -0.2544701009811393,
        0.002882968346515988,
        0.19361879839787452,
        -0.01144733934371824,
        -0.0867126428191176,
        -0.021234702848858967,
        -0.18448682279038703,
        0.09327397536231757,
        -0.05290043413277564,
        -0.02533625118048736,
        0.15256958748898902,
        0.08108635561554654,
        0.1061822116600117,
        -0.07856100071442693,
        0.22060445549499497,
        -0.0943193230165474,
        -0.0848180564275101,
        -0.06379861911523921,
        -0.1448269993208853,
        0.06804264873382121,
        0.06960653855677615,
        0.15724260724020958,
        -0.029943608338366484,
        -0.18565917504100204,
        0.0004344669075815059,
        -0.02331283228190356,
        0.21070603888230058,
        -0.24888881333449464,
        -0.11833458287274262,
        0.08488931381245315,
        0.0013935901418076,
        0.1742439540314307,
        0.01933397570577861,
        -0.05314605549783239,
        0.05611296324305554,
        0.06323157051933065,
        -0.03264376748436009,
        0.1373570937655881,
        0.023229195119842394,
        0.05736479442657659,
        0.22456069994504388,
        0.03717528306306379,
        0.1101379907895851,
        -0.13131259589837363,
        0.19924996424309624,
        0.11857475582688069,
        0.047257444958699144,
        0.053495775815993886,
        0.023935826080240773,
        0.174340917814907,
        0.03290764274162268,
        0.06222861206848355,
        0.19611225999584944,
        -0.04710394262607977,
        0.090679606475315,
        0.1813189198037861
    ],
    "checked": "indirect",
    "iteration": 6,
    "noise_sensor_0": [
        -0.019950658914530663,
        0.13927580763790476,
        0.09918058562118937,
        0.05245326853467692,
        0.10432357603187568,
        0.05948491552648601,
        -0.03226976672223119,
        -0.03547043572773673,
        -0.028035837356855248,
        0.006668559478829415,
        0.03906135563854899,
        -0.060058701963508536,
        0.06310758860513575,
        0.06290592493656097,
        0.0061973534777959305,
        -0.04233676711620277,
        0.08243065226943161,
        -0.027734647233737884,
        -0.0073696797290485425,
        0.03187804703781739,
        -0.01699923010664407,
        0.11305373625623202,
        -0.004671401846248524,
        -0.08808070934333208,
        -0.02296815645778026,
        -0.006288066623641926,
        0.09922522683456335,
        0.11743887224921525,
        -0.079481817110252,
        -0.06694223142716774,
        -0.041852834225309325,
        -0.010634447208815774,
        -0.04406665756461688,
        0.04467617271579933,
        -0.03906416197519334,
        -0.022813709362244305,
        -0.022802033394216468,
        -0.013452432795311197,
        -0.047885443372076876,
        0.08930211135010258,
        -0.033242451097329984,
        -0.040094173792374406,
        -0.05724161518673721,
        -0.10635354862442552,
        -0.024511923371424185,
        -0.007837476202353545,
        -0.05998321541817133,
        0.032525921083176715,
        -0.07991539675955023,
        -0.008778020820469285,
        -0.03626530985154259,
        0.09749883595635583,
        0.037361366293556776,
        -0.02141494914217459,
        0.0471001844255448,
        -0.03596558555801259,
        0.0031650099576285957,
        -0.018099445991291086,
        0.08037038918371495,
        0.06084309834438795
    ],
    "noise_sensor_1": [
        -0.08167261057443158,
        -0.00016237981659113836,
        0.0858797821789499,
        -0.08677961020956622,
        -0.04979910530111769,
        0.031914735329948776,
        0.026590050013849415,
        -0.038045170513060486,
        -0.006766409016425985,
        -0.015775656714281598,
        0.013185326283509949,
        -0.10233606248891584,
        -0.049764436884622176,
        -0.18409348418633176,
        0.04819262437815827,
        0.017045248911565686,
        0.0780767713694315,
        0.07414628956612512,
        0.16694946236295852,
        0.0698425666221991,
        -0.05919560891667165,
        0.053501328397818064,
        0.0015952313431778656,
        -0.026686942960029686,
        0.011349944151949298,
        -0.009497608631241513,
        -0.028279761809581607,
        0.0034642598586599282,
        0.03476487943741739,
        0.06328225083936272,
        0.014987664540861574,
        0.009314857766154443,
        -0.014626413974732999,
        0.009349027805399979,
        0.02223087870728154,
        0.07309216553808363,
        0.029930262862943726,
        -0.08317038606366974,
        0.04432077882003847,
        -0.03967194103362536,
        -0.047360838995335594,
        -0.001947592908422477,
        -0.029725414594681414,
        0.04345745018435454,
        -0.03458145313773817,
        -0.038028168635749295,
        -0.012775016961093611,
        -0.0757684376218607,
        0.049792669789140716,
        0.03579190405114547,
        0.1133802901110983,
        0.018966370077649838,
        -0.017067104975049967,
        -0.02250667692114907,
        -0.028703820354798234,
        0.045226788117729635,
        0.018857410482767605,
        -0.012040865305163496,
        -0.004353064542423874,
        -0.020828405349327683
    ],