{
    "ParameterSet": [
        -0.0784048174352699,
        -0.08702532877667878,
        -0.04489372565399339,
        -0.06343212738554051,
        -0.0623510488054071,
        -0.03208923068100303,
        0.07011663490023895,
        0.01023691702306998,
        0.011964947696150963,
        -0.06626237637516327,
        0.05708294610317653,
        0.08028676527755374,
        0.07283627993375724,
        0.058221421733254314,
        0.08641198949985963,
        0.021328976854909552,
        -0.07045861142928114,
        -0.04487554843182501,
        0.012945878213283505,
        -0.004629665579654831,
        0.542921024596072,
        0.1469916581780181,
        0.2648261448478646,
        0.4929324241912202,
        0.4441299952975853,
        0.16025190073614745,
        0.1760014151888671,
        0.25159364432372666,
        0.5216020507838124,
        0.443256772945953,
        0.1792593066420532,
        0.14704111100607636,
        0.3188780089066798,
        0.4593684186033128,
        0.4828569378566624,
        0.262572639102428,
        0.21359506576103748,
        0.32147984676958413,
        0.4998183336136202,
        0.22402649299026833,
        0.011464600038156776,
        -0.047109025813902375,
        0.08235306107456417,
        -0.14660937814403185,
        -0.05550142018118698,
        -0.02746865285904191,
        0.005322549061736801,
        -0.059369015199101614,
        -0.030415573496115955,
        -0.043158870888747,
        -0.04154912590858759,
        -0.03973903969523264,
        -0.03552268638663022,
        -0.06861957070093966,
        -0.04420761179892385,
        -0.007934300747973145,
        -0.030010005330088643,
        -0.07102579822106765,
        -0.019297749698627225,
        -0.04487122720118135
    ],
    "SensorParameterSet": [
        0.0,
        0.0,
        0.0,
        0.0,
        0.0,
        0.0,
        0.0,
        0.0,
        0.0,
        0.0,
        0.0,
        0.0,
        0.0,
        0.0,
        0.0,
        0.0,
        0.0,
        0.0,
        0.0,
        0.0,
        0.0,
        0.0,
        0.0,
        0.0,
        0.0,
        0.0,
        0.0,
        0.0,
        0.0,
        0.0,
        0.0,
        0.0,
        0.0,
        0.0,
        0.0,
        0.0,
        0.0,
        0.0,
        0.0,
        0.0,
        0.0,
        0.0,
        0.0,
        0.0,
        0.0,
        0.0,
        0.0,
        0.0,
        0.0,
        0.0,
        0.0,
        0.0,
        0.0,
        0.0,
        0.0,
        0.0,
        0.0,
        0.0,
        0.0,
        0.0
    ],
    "checked": "indirect",
    "iteration": 16,
    "noise_0": [
        0.03798520625579623,
        -0.0022197067787102175,
        0.004829212585843006,
        0.01397499167884091,
        0.010571128199981166,
        0.000732877710076259,
        0.006837600726779361,
        -0.006471302361216352,
        0.0019213908966063484,
        -0.013373121978197983,
        -0.02048803672500994,
        0.01083691943858858,
        0.0037961462569541227,
        0.008876838919562367,
        0.023869220503151076,
        -0.001957925108305955,
        0.01599241991841708,
        0.019119579756275533,
        0.0022360109142340197,
        0.007544977145171924,
        0.015730555565342235,
        -0.004860832163867908,
        0.004900395847788886,
        0.0177471927339785,
        -0.0017580238781462702,
        0.01579316816755546,
        0.0037787141910263287,
        0.005134140739361655,
        0.006220079142431868,
        0.0015156999397334292,
        0.0216586046105471,
        0.010346451307531672,
        0.01039412553300546,
        -0.016733423107259258,
        -0.008039207590739388,
        0.013420713975342826,
        -0.005011628893677566,
        0.010653571121552295,
        -0.0008639108089094905,
        -0.008716542133849025,
        -0.0006783990392591891,
        0.0013168492053684722,
        0.017720787736090163,
        -0.002535664529931906,
        -0.006855594390700519,
        -0.02385608505995423,
        0.011013038918878554,
        -0.0009745986447901748,
        0.004171995683487499,
        0.0031011876724383247,
        -0.008132650902409628,
        0.01403968459687195,
        -0.008723341901197999,
        -0.0043190560394270085,
        -0.006926143467800441,
        -0.016807586149152263,
        -0.030887941637642954,
        -0.024709285460210232,
        -0.010809118907267184,
        -0.016651944925191346
    ],
    "noise_1": [
        -0.01296704523843274,
        0.0039550158749196455,
        -0.0068930668840930884,
        0.022763770378023792,
        -0.019409910620255214,
        0.0016824326611152522,
        0.008371276894227331,
        0.0031138204229066596,
        0.02516779951316616,
        -0.026508203063909743,
        -0.011139502181939341,
        -0.010205781689632036,
        0.0012403021332005762,
        0.005974326370881427,
        -0.009141473926961744,
        0.002530722138731138,
        0.010397747766769279,
        0.01940402575224649,
        -0.021295656928832018,
        -0.02259147583245358,
        0.010917799233476104,
        -0.0020755129356783385,
        -0.006719246098517434,
        0.011281598994220392,
        -0.007043786275700739,
        0.001061905665604296,
        0.0005556367889574432,
        0.02289467199584731,
        -0.010073405450093251,
        -0.00769096990404282,
        0.020863027142840482,
        -0.015050748205630847,
        0.005258596097362511,
        -0.019120251943376944,
        -0.004655095414512928,
        0.019192942032326344,
        0.03655845016645701,
        0.008186201521072925,
        0.003785344059085756,
        0.007851603039705288,
        -0.00927420824823353,
        -0.01134910899109098,
        0.013220032962898406,
        0.007713749668685146,
        -0.006684828401293508,
        -0.024352071187327986,
        0.01772409875227539,
        0.03182603565668745,
        -0.00808897300733698,
        -0.006311013665766506,
        0.012288534944250354,
        -0.017804572618684445,
        0.0030181179866122544,
        0.016906833940556445,
        0.007098026965098262,
        0.021089950773001374,
        0.011155299864106249,
        0.00556046945251055,
        0.00010624302939235268,
        -0.0011258025085330724
    ],