{
    "ParameterSet": [
        -0.09974320348385868,
        -0.09600790150473368,
        -0.06310589502036827,
        -0.09141339584586189,
        -0.10820842504186554,
        -0.08936087935661836,
        0.07209210841237185,
        0.09718482741606094,
        0.027969610129458207,
        -0.08324139330335269,
        0.13031371266388833,
        0.0998019505929282,
        0.12257231439385992,
        0.0728879746314628,
        0.09269909457447138,
        0.10078708559674744,
        -0.0205595371033153,
        -0.062026252425873264,
        0.07738140803880757,
        -0.0023920192460127787,
        0.6105999358309213,
        0.14938284701376695,
        0.2619533315752961,
        0.4932617025651919,
        0.4174686841205454,
        0.18361316859102225,
        0.1641354201322123,
        0.2772409048290135,
        0.4831124225944145,
        0.40251428678211254,
        0.1902253862795165,
        0.18876224625898697,
        0.3015845380076029,
        0.42297428155584577,
        0.47300179604251996,
        0.22198178817984476,
        0.2349629792956994,
        0.34927748673264014,
        0.5098693833528622,
        0.15923847094308574,
        -0.03504484832934386,
        -0.07506210833967925,
        0.07253158964150679,
        -0.13908962489581403,
        -0.010121902052367687,
        -0.06769371281740613,
        0.01082129243728417,
        -0.04025748686618523,
        -0.04654276044897766,
        -0.05103259628095061,
        -0.05553005356437558,
        -0.04457148707082932,
        -0.08344779930944998,
        -0.12305126272646681,
        -0.06039815559308617,
        -0.04337738896019395,
        0.011956123967847678,
        -0.08734681706512756,
        -0.13964488560454788,
        -0.06479540019350508
    ],
    "SensorParameterSet": [
        0.0,
        0.0,
        0.0,
        0.0,
        0.0,
        0.0,
        0.0,
        0.0,
        0.0,
        0.0,
        0.0,
        0.0,
        0.0,
        0.0,
        0.0,
        0.0,
        0.0,
        0.0,
        0.0,
        0.0,
        0.0,
        0.0,
        0.0,
        0.0,
        0.0,
        0.0,
        0.0,
        0.0,
        0.0,
        0.0,
        0.0,
        0.0,
        0.0,
        0.0,
        0.0,
        0.0,
        0.0,
        0.0,
        0.0,
        0.0,
        0.0,
        0.0,
        0.0,
        0.0,
        0.0,
        0.0,
        0.0,
        0.0,
        0.0,
        0.0,
        0.0,
        0.0,
        0.0,
        0.0,
        0.0,
        0.0,
        0.0,
        0.0,
        0.0,
        0.0
    ],
    "checked": "indirect",
    "iteration": 35,
    "noise_0": [
        0.011608309848376292,
        -0.019807066913191007,
        -0.0015155881004669278,
        0.01981736074272403,
        -0.011613590320386075,
        -0.005070441220928103,
        -0.0013528884809891903,
        -0.005303531176078571,
        0.02849312625916233,
        -0.0015999177128364105,
        0.03316841540838423,
        -0.004279937678362698,
        -0.017941116452410248,
        0.01712106802451828,
        0.004234025645120694,
        0.0049796273749363636,
        0.012107391344199745,
        0.009648283940814144,
        0.010790796684216262,
        -0.0019086914190008613,
        0.0051205589274528245,
        -0.015705876109649044,
        -0.010181556888051104,
        -0.0022661678509395436,
        0.02005618272790113,
        0.02142874067005961,
        -0.00431381049094558,
        -0.004372995015468955,
        0.005424641185086477,
        -0.0033484155287550527,
        -0.0010472724149620761,
        -0.003120048170163449,
        -0.0014373798185190597,
        -0.005628875466584677,
        0.012860183799767553,
        0.009036521206420262,
        -0.021213547738816722,
        0.0048068543283582305,
        -0.0023006665370493952,
        0.003587109217695945,
        0.0027248189854905437,
        0.02283645836267225,
        -0.01030457685388429,
        -0.004710534193923104,
        0.019155795868131213,
        0.013070860358096644,
        0.007203182354270331,
        0.0038360640867419835,
        -0.007076313876570383,
        -0.006315343167893957,
        0.017230683495700526,
        -0.014141189658010865,
        0.003151823433622898,
        0.009181216963201504,
        0.0030958421046116446,
        0.009351082175568565,
        -0.017985980119770133,
        -0.010804751255244906,
        -0.018389701209286468,
        0.00768913206299252
    ],
    "noise_1": [
        0.015261797592328834,
        0.01115575198623191,
        -0.009143391992844032,
        0.004930046822195457,
        -0.019675791221315946,
        0.025757697296807786,
        -0.009510415159770361,
        0.01644853860301853,
        -0.026588316164574684,
        -0.005747329144028472,
        0.0005599610788995092,
        -0.004421908980624678,
        -0.0023949255359991275,
        0.012327700329693027,
        0.005569312905038628,
        0.00015298727704812803,
        -0.010291450916016852,
        0.01516261210579552,
        0.0029029348204333864,
        -0.006693030624049226,
        0.025721388213228717,
        0.017175093648106474,
        0.0015369731684100095,
        -0.00604131476953027,
        0.0004186191302368578,
        0.00812390806519013,
        -0.02073655664197373,
        -0.002170129860578224,
        0.01698375986217057,
        0.014695324236351084,
        -0.018441704761254202,
        0.007665820966501805,
        0.0019211847935893755,
        0.009404587298604765,
        -0.006833005900454545,
        -0.010469512178198241,
        0.0031905488626096045,
        -0.0030698444801290875,
        -0.006926391109401242,
        -0.02989737544253711,
        0.01275919110811968,
        -0.006191725227335699,
        0.0014398926996101412,
        0.014534317885718394,
        -0.003143987148420328,
        0.014353445572351693,
        -0.014382690136178787,
        -0.022794941839572487,
        0.017144754457924054,
        -0.023771497219139723,
        0.009494419603795426,
        -0.00838410827686657,
        0.012741106278640347,
        0.008905970847534549,
        -0.012097852121472982,
        -0.01593521104016253,
        -0.012560728460128881,
        -0.011883958540874925,
        -0.0026916274753690703,
        -0.004339156988373937
    ],