{
    "ParameterSet": [
        -0.14989865183038753,
        -0.10947379613676493,
        -0.017631179522423695,
        -0.10071422482469779,
        -0.13948586072509395,
        -0.10846702867206806,
        0.06254776846615705,
        0.12049885826339446,
        0.039609923307286396,
        -0.10625182429830414,
        0.09910372354274284,
        0.1004187299761791,
        0.1136332997459591,
        0.0632683659787783,
        0.14568277180511868,
        0.0937258822335934,
        0.00464253965030997,
        -0.03533752597407465,
        0.12433605323958125,
        0.01050004074904738,
        0.6135124091745247,
        0.16696177959085576,
        0.3090560935707477,
        0.513924314844594,
        0.4088001225066286,
        0.24397181714644187,
        0.10562564015316853,
        0.305316437402073,
        0.50905231041192,
        0.4377233555353082,
        0.15272265554912637,
        0.19088693973457052,
        0.30194727224521467,
        0.47004346547601056,
        0.4634127831296646,
        0.26006715659645024,
        0.2632980440636628,
        0.30973259248524065,
        0.48025991355384035,
        0.10430360850918124,
        -0.05635430115746861,
        -0.08703282384471145,
        0.04487182364779578,
        -0.15257656209798792,
        0.001994221198377471,
        -0.07880245023288379,
        0.022608339195959296,
        -0.04726121069676046,
        -0.06096628829042483,
        -0.031215372156889735,
        -0.04376631994296912,
        -0.05675422014291489,
        -0.056030989159387465,
        -0.16533286043587275,
        -0.011853350502187728,
        -0.0596749448691165,
        0.03537453921873575,
        -0.08811996683281743,
        -0.11124982298864944,
        -0.014739620018550666
    ],
    "SensorParameterSet": [
        0.0,
        0.0,
        0.0,
        0.0,
        0.0,
        0.0,
        0.0,
        0.0,
        0.0,
        0.0,
        0.0,
        0.0,
        0.0,
        0.0,
        0.0,
        0.0,
        0.0,
        0.0,
        0.0,
        0.0,
        0.0,
        0.0,
        0.0,
        0.0,
        0.0,
        0.0,
        0.0,
        0.0,
        0.0,
        0.0,
        0.0,
        0.0,
        0.0,
        0.0,
        0.0,
        0.0,
        0.0,
        0.0,
        0.0,
        0.0,
        0.0,
        0.0,
        0.0,
        0.0,
        0.0,
        0.0,
        0.0,
        0.0,
        0.0,
        0.0,
        0.0,
        0.0,
        0.0,
        0.0,
        0.0,
        0.0,
        0.0,
        0.0,
        0.0,
        0.0
    ],
    "checked": "indirect",
    "iteration": 55,
    "noise_0": [
        -0.012058036856439375,
        0.00940020056619663,
        -0.0004517801847468973,
        -0.007097011392932008,
        0.021025395833278875,
        0.01280822460640261,
        -0.012242809456059574,
        0.0024097247915220127,
        -0.0021606451011403722,
        0.0028811473049816638,
        0.006165954571235866,
        -0.022184339620628175,
        0.012907403601679078,
        -0.018757986458410425,
        0.002241011064452932,
        0.004491500745189139,
        0.011684351632438127,
        0.011454510343425369,
        -0.020684266127843538,
        0.005967524767933369,
        0.012981077738993102,
        3.123153200292305e-05,
        -0.002530139019420309,
        -0.009641218341198044,
        0.003965594925776541,
        0.013667992848579068,
        0.0037333428965087264,
        -0.007295239057727382,
        -0.010191151380263781,
        -0.0008723563578432288,
        0.007211541869207584,
        -0.009855040592380375,
        0.00044452545891628543,
        0.0062303633516103945,
        0.00186295549048578,
        0.0045254458503600735,
        0.0060089171488395725,
        -0.014799457517379731,
        0.0025249202752313975,
        0.00556263248434997,
        -0.007126138891260823,
        0.0015258398167733985,
        -0.006707215044368561,
        0.016773011335867383,
        0.002729404200008516,
        0.003585894460089421,
        0.004373772425871108,
        -0.0011256943344805355,
        -0.022604086570568307,
        0.0037392001525753103,
        -0.01960769577360959,
        -0.007237976795531225,
        -0.011790903230368705,
        -0.02359749358528977,
        0.006812806096851161,
        -0.007440791125635402,
        0.007395293711480211,
        -0.016434096074308305,
        0.008451881636026063,
        -0.0008093997008217334
    ],
    "noise_1": [
        0.013466799942284974,
        0.023663223181785664,
        -0.007586484510568049,
        -0.0011889668990026187,
        -0.01981531848116647,
        -0.014350047278081621,
        -0.0258273773850276,
        0.012092150205737584,
        0.0016955684770390783,
        -0.0002783440454079862,
        0.018374999213896476,
        0.008652545398891253,
        0.002778748707321222,
        -0.008540572006791548,
        -0.01020541420207458,
        0.003677415824240547,
        -0.0012094531405162556,
        0.0007427134377513351,
        0.0038483470752545567,
        -0.002357499918828048,
        0.03839227844524139,
        0.0020701497554972063,
        -0.015997555902333357,
        -0.0027120898757246915,
        0.010356937332551821,
        0.008657994099482043,
        0.004637515759496923,
        0.00926090942474111,
        0.00207512210432174,
        0.0038686753288587113,
        -0.0038111623557032025,
        0.0014230634143088993,
        0.018461218981419246,
        -0.0006063905457884774,
        -0.017566083567486734,
        0.03274298064607166,
        -0.0025715171777691537,
        -0.004066978432306353,
        -0.00802036529487227,
        -0.009891208375618722,
        -0.0076212512457192955,
        -0.018977690775106092,
        0.00019795360850373715,
        -0.0023783312897575656,
        0.011076499476876995,
        0.010830686246526278,
        -0.01074391565348773,
        0.003125640829097782,
        -0.003420956643371532,
        0.013241635619129189,
        0.0039279580795149645,
        0.013128965758122163,
        0.0070728979457294495,
        0.011179820558138605,
        0.01371951418432216,
        -0.017731874158765284,
        -0.0070462343793781515,
        -0.004088623991715919,
        -0.002549076334488824,
        -0.004874827009113821
    ],