{
    "ParameterSet": [
        -0.0934629954827066,
        -0.10559521161897566,
        -0.06202834626673175,
        -0.08100379487528572,
        -0.11246562700414513,
        -0.09153160432036626,
        0.07348023426809466,
        0.0929221837625714,
        0.037306650082094966,
        -0.0924470938557092,
        0.14193574698407294,
        0.10590536000093541,
        0.11559381779578376,
        0.08479246977307812,
        0.10339692305357798,
        0.09782597332861495,
        -0.018133672564464253,
        -0.056184714022449005,
        0.08295724099744066,
        -0.009174013132449903,
        0.6157404582955717,
        0.14473201046913572,
        0.2573731340553092,
        0.4947434125664146,
        0.4215903539126799,
        0.1991215351967674,
        0.16177728072994585,
        0.2709530834133976,
        0.48189831550554624,
        0.3956559723171345,
        0.19295367014906453,
        0.18790347173675745,
        0.29215757073428733,
        0.42631206365525537,
        0.4724604530555552,
        0.23407402180514306,
        0.2272990616265255,
        0.35105738589476193,
        0.5047640863854517,
        0.15929563512923123,
        -0.03693393587309231,
        -0.06991109642343377,
        0.06982246891768543,
        -0.14757067046167166,
        0.00392543949193851,
        -0.056330818259627415,
        0.016018055303852904,
        -0.037559340992620954,
        -0.05348784826194062,
        -0.06007606098674385,
        -0.04765616267042412,
        -0.04996739574769573,
        -0.08167633000482648,
        -0.11827404614693861,
        -0.06371265290586949,
        -0.039083862263838184,
        0.00978404028332818,
        -0.0844227855370684,
        -0.13856755210690436,
        -0.06159210475853828
    ],
    "SensorParameterSet": [
        0.0,
        0.0,
        0.0,
        0.0,
        0.0,
        0.0,
        0.0,
        0.0,
        0.0,
        0.0,
        0.0,
        0.0,
        0.0,
        0.0,
        0.0,
        0.0,
        0.0,
        0.0,
        0.0,
        0.0,
        0.0,
        0.0,
        0.0,
        0.0,
        0.0,
        0.0,
        0.0,
        0.0,
        0.0,
        0.0,
        0.0,
        0.0,
        0.0,
        0.0,
        0.0,
        0.0,
        0.0,
        0.0,
        0.0,
        0.0,
        0.0,
        0.0,
        0.0,
        0.0,
        0.0,
        0.0,
        0.0,
        0.0,
        0.0,
        0.0,
        0.0,
        0.0,
        0.0,
        0.0,
        0.0,
        0.0,
        0.0,
        0.0,
        0.0,
        0.0
    ],
    "checked": "indirect",
    "iteration": 36,
    "noise_0": [
        -0.00982735134667993,
        0.009427060292394734,
        -0.009511225892342708,
        0.009170510345288117,
        -0.005129648893155479,
        0.01676158332305876,
        0.004408267079751842,
        0.014964485494474827,
        -0.012922394522958406,
        0.02343805799225475,
        0.0027137882201476054,
        0.018424855886100086,
        0.009127311918595508,
        -0.007932581910102019,
        0.017395908426702144,
        -0.010829412788158094,
        0.011961166057793014,
        -0.00877040017589957,
        -0.009657090431832955,
        -0.0027536896901448967,
        -0.011318603596481881,
        0.004966722281971609,
        -0.013549160310751946,
        -0.012164546758991153,
        0.01678508966130456,
        0.001968508463421643,
        -0.024221647951050435,
        0.014635341130175613,
        0.029667364230855607,
        -0.011213415264996706,
        -0.002493283522506037,
        -0.015118990962889064,
        -0.008028859588941136,
        0.0042634204595562285,
        -0.017860707116373102,
        0.005509049083189848,
        0.026192938831689428,
        -0.0036692591650279707,
        -0.001824075561630992,
        0.012034002660077297,
        -0.00445714411072678,
        -0.017295304035240443,
        0.0024310463339517695,
        -0.015650137519461343,
        0.014536340310399434,
        0.0014179714313140989,
        -0.02231276225207913,
        0.006945365358171325,
        -0.004032647739152056,
        0.011331609984412206,
        0.0053732047350946366,
        -0.013774554534529334,
        -0.004064489917528403,
        -0.009501177253197171,
        -0.008599898573320561,
        -0.008841092677483701,
        -0.003231608681205882,
        0.021792186384018326,
        0.007472668020041336,
        0.0016007349159510656
    ],
    "noise_1": [
        0.0056999434812614845,
        0.014099400493016888,
        -0.02170773308013491,
        0.009723991778874536,
        -0.007033238275382379,
        0.012015349629372507,
        0.002049593253058628,
        0.009214715159264128,
        0.0040669385028069775,
        -0.003931054632886456,
        -0.01380965949682557,
        0.005025365241822457,
        0.017085137978176353,
        -0.007826296554977663,
        -0.013924744387151867,
        -0.019915140430941253,
        -0.0017004717618007974,
        -0.00412355049780909,
        -0.003883454441658651,
        0.005669569757323672,
        -0.013960833985994226,
        0.0005611783483824931,
        -0.0008490610188978037,
        0.005127515871367681,
        0.01479379723636813,
        0.005270996651851555,
        -0.002088681949641008,
        0.010947053640475442,
        -0.0035746865009355154,
        -0.012204585218815433,
        0.001665877445340075,
        -0.008925827588773513,
        -0.017904582401983813,
        0.0019641836006724298,
        -0.004314710754007474,
        -0.01840968034800989,
        0.002887823859172012,
        0.008626060844334656,
        -0.018601408622578235,
        -0.0037205232666070102,
        0.002152550072027102,
        -0.014309159725467568,
        -0.02111492371700832,
        -0.0050313210502472856,
        -0.016674874319862164,
        0.01077748873030095,
        0.0010567845391219121,
        0.009187320314617383,
        -0.019518671497850883,
        -0.03096417731638053,
        0.003994319697219474,
        0.010329677352032392,
        0.002791220433752432,
        -0.0011498498406441813,
        -0.0013801384591371404,
        -0.0025528375877458087,
        0.00491567424676412,
        -0.01949260028209845,
        -0.004674983862712728,
        -0.012964179290032728
    ],