{
    "ParameterSet": [
        0.0,
        0.0,
        0.0,
        0.0,
        0.0,
        0.0,
        0.0,
        0.0,
        0.0,
        0.0,
        0.0,
        0.0,
        0.0,
        0.0,
        0.0,
        0.0,
        0.0,
        0.0,
        0.0,
        0.0,
        0.5044372080402942,
        0.11179573179088269,
        0.22336131133168322,
        0.5238323908959595,
        0.4897837537401469,
        0.23336879209210276,
        0.156900132397411,
        0.2705401047539295,
        0.5045759819857375,
        0.4904423579823461,
        0.2409376907772342,
        0.1710147855545038,
        0.2840915832472842,
        0.5079500341720962,
        0.4593346845127408,
        0.21835216964225468,
        0.1690032511888188,
        0.3258838945822318,
        0.5074750373643965,
        0.2620683981985637,
        -0.04,
        -0.04,
        -0.04,
        -0.04,
        -0.04,
        -0.04,
        -0.04,
        -0.04,
        -0.04,
        -0.04,
        -0.04,
        -0.04,
        -0.04,
        -0.04,
        -0.04,
        -0.04,
        -0.04,
        -0.04,
        -0.04,
        -0.04
    ],
    "SensorParameterSet": [
        -0.17795465757472026,
        0.0034147200226117896,
        -0.07680436282329468,
        -0.02706024745662028,
        0.028684567155348967,
        -0.009431822649031397,
        0.05628548156780403,
        0.17673254957913723,
        -0.01966489497602032,
        0.009864652084133793,
        0.10193110685590626,
        0.07971798245281941,
        -0.05050924379012427,
        -0.07835973077220064,
        0.15476203831455418,
        -0.10046955567289612,
        -0.013900888571694896,
        0.028648963843905757,
        0.02544965418178187,
        -0.018003459069369288,
        0.05881244981595933,
        0.145205641626021,
        -0.02980687527003872,
        -0.08311002886261676,
        0.017451073853834834,
        0.06939515380915766,
        -0.09316744111860378,
        0.1340436261599502,
        0.04936759919221219,
        0.03869615901575346,
        -0.06405974992704158,
        -0.08582184913448004,
        0.013107291404823099,
        0.025060160392719848,
        -0.03130036167981791,
        -0.13046256904754933,
        -0.04158162280010241,
        -0.01686533827507919,
        -0.041447750747313876,
        0.21260624780456233,
        -0.02422228379439497,
        -0.1919477129511213,
        -0.08231233313620422,
        0.23270229183387922,
        -0.06507710393097542,
        0.14925594619649232,
        0.0730500283861344,
        0.19645634900896758,
        -0.1440418080776102,
        -0.09948260449308069,
        0.1284449178701582,
        0.05023322399452756,
        -0.20051259236432478,
        -0.011818098755767194,
        0.058601368987875394,
        0.07504689664604505,
        -0.004225466229022767,
        0.08675586223396911,
        -0.11731064454756639,
        0.06279600715630722
    ],
    "checked": "indirect",
    "iteration": 71,
    "noise_sensor_0": [
        0.02918215357860987,
        -0.011104704571912035,
        -0.02526454652067159,
        0.0025147169556339216,
        0.030847717804003555,
        0.0033660567212428086,
        -0.002259348776825526,
        0.005665489742882412,
        -0.0111917453653488,
        0.0049996590728357765,
        -0.00027785414970789757,
        -0.019380396173067912,
        -0.011323911096989868,
        0.009855667821304152,
        -0.00871388086604889,
        0.012066663102864365,
        -0.01932484490385369,
        0.01654930375885399,
        0.006818662810828966,
        0.001480900774785881,
        0.008910917472751006,
        -0.011453115841808576,
        -0.00412013654091127,
        -0.0017785189813784607,
        0.021159775117164863,
        -0.00581009761567436,
        0.017588227804643298,
        0.008893097206920147,
        0.024830466404779233,
        -0.007749025908023229,
        -0.014323418758399839,
        -0.007950910380184969,
        -0.005186600831056599,
        0.019230267915369064,
        -0.0024711218802792793,
        0.006639702362937088,
        -0.01159136004937871,
        -0.014550062950133759,
        -0.029820419724530048,
        0.012717078373342737,
        0.003832957552402964,
        0.00803137707140434,
        0.0004458169932259556,
        -0.017288722814235012,
        0.0004953669633549185,
        0.01171563707388477,
        0.015890867868677404,
        0.013434842840984725,
        -0.012744133146533738,
        -0.0034799771557309407,
        -0.01216324302753332,
        0.0012085026172783853,
        0.0003756681160610541,
        0.003310695580040705,
        -0.009264300714006002,
        0.007201989004559112,
        0.024353246267396784,
        0.01733278080195717,
        0.005758080915422272,
        -0.023354209833523695
    ],
    "noise_sensor_1": [
        0.008765139725872974,
        0.0010411693385951916,
        0.01893876666145292,
        0.002016072431935597,
        -0.012315941344759659,
        -0.0025136214558826833,
        -0.007624935732537246,
        0.03370263004393295,
        -0.01204137839582768,
        -0.004322205159119899,
        -0.006267089065498397,
        -0.0077368288543144545,
        0.006427490570250934,
        -0.016758874410801268,
        -0.00038244092640101737,
        -0.010203482350707688,
        0.0011037911050914679,
        -0.0038038590143038816,
        0.00037119482308683874,
        -0.023993301474163578,
        -0.015226396825213682,
        -0.01935194180926288,
        0.005936210892111768,
        0.021569844203464937,
        0.00015832192522391184,
        0.01846371156004404,
        -0.005655922020830803,
        0.027577783667476152,
        0.019417820932894552,
        0.011684691297358748,
        0.005805381322137915,
        -0.03926662664550928,
        0.0012331692864915066,
        -0.002835636371814175,
        0.008462716742784843,
        -0.001175166666194491,
        -0.006677194836834081,
        -0.011856449757457341,
        -0.006968770927373167,
        0.012091001603223621,
        -0.0003618443482459725,
        -0.0012018515426622616,
        -0.009164823769698637,
        0.007485328514724557,
        0.013127211274064085,
        0.014931446157989922,
        0.0052967341551041405,
        0.005949273311748248,
        0.02091275469082102,
        0.009212491339896486,
        0.019380964078442725,
        -0.009554384539383492,
        -0.016414749872911055,
        0.007750609246127326,
        0.017357941334897858,
        0.01961211854730571,
        0.003627734414177214,
        0.025420166332316897,
        -0.011349464689924484,
        -0.010124489861036558
    ],