{
    "ParameterSet": [
        0.0,
        0.0,
        0.0,
        0.0,
        0.0,
        0.0,
        0.0,
        0.0,
        0.0,
        0.0,
        0.0,
        0.0,
        0.0,
        0.0,
        0.0,
        0.0,
        0.0,
        0.0,
        0.0,
        0.0,
        0.5044372080402942,
        0.11179573179088269,
        0.22336131133168322,
        0.5238323908959595,
        0.4897837537401469,
        0.23336879209210276,
        0.156900132397411,
        0.2705401047539295,
        0.5045759819857375,
        0.4904423579823461,
        0.2409376907772342,
        0.1710147855545038,
        0.2840915832472842,
        0.5079500341720962,
        0.4593346845127408,
        0.21835216964225468,
        0.1690032511888188,
        0.3258838945822318,
        0.5074750373643965,
        0.2620683981985637,
        -0.04,
        -0.04,
        -0.04,
        -0.04,
        -0.04,
        -0.04,
        -0.04,
        -0.04,
        -0.04,
        -0.04,
        -0.04,
        -0.04,
        -0.04,
        -0.04,
        -0.04,
        -0.04,
        -0.04,
        -0.04,
        -0.04,
        -0.04
    ],
    "SensorParameterSet": [
        -0.17318904852736436,
        0.018571736649844968,
        -0.06984423732017102,
        -0.03710155858829012,
        0.048867347747053924,
        0.009262414889235526,
        0.026933519296020496,
        0.1007589022932213,
        -0.01597205309497311,
        -0.0042960196911379705,
        0.024902712618744972,
        -0.008731813548744029,
        -0.0043866660306594975,
        -0.1296219536329493,
        0.12921234138668733,
        -0.03913754332697403,
        0.016648026297209198,
        -0.04484544598303129,
        0.031601477536024006,
        0.009144750662175087,
        0.03981379374945869,
        0.0860434832613705,
        -0.005538149811309323,
        -0.09970367476888953,
        0.07511389618056155,
        0.02570481790807059,
        -0.13056838815877503,
        0.07441865476172393,
        -0.03442296314416435,
        -0.0162655905839124,
        0.005518490335033737,
        -0.051647983669272944,
        0.015049988281207098,
        0.02146472524880332,
        -0.09316762120071029,
        -0.09245920064984237,
        -0.07552645576703632,
        -0.10954776796375415,
        -0.00025080494821930893,
        0.1314506669240687,
        -0.0459217928897774,
        -0.11087948601906557,
        -0.08502011015367733,
        0.1896127219170648,
        -0.11797862342156906,
        0.09844217898322614,
        0.062347702490999565,
        0.18296635507058803,
        -0.022784432175530542,
        -0.039729545691579056,
        0.021376110877971335,
        0.004426058000230382,
        -0.1898288107136383,
        0.004230834744935796,
        0.049570153308981665,
        0.10946793505488246,
        0.0418177692439193,
        0.10253371781563711,
        -0.2283051626282011,
        -0.00287054043168282
    ],
    "checked": "indirect",
    "iteration": 42,
    "noise_sensor_0": [
        -0.026686887712747787,
        0.006066277368416067,
        -0.016906771682481815,
        -0.016818991770628528,
        0.008786368485655196,
        0.01937094107382963,
        -0.009107704142467803,
        -0.022689234645165788,
        -0.005357858311799376,
        0.00790974910954339,
        -0.024506996306846943,
        -0.011384677761898308,
        0.015538096208627648,
        0.015408074999842106,
        0.0016919741306254696,
        0.010405431925293186,
        -0.011439071454684835,
        -0.03776296330738261,
        0.011160187366137032,
        -0.012304119097135456,
        0.007343983756621234,
        0.007274309699973721,
        -0.019951256259329735,
        0.005255777870037024,
        0.0036971535074317345,
        0.018678008444736615,
        -0.0032973828304849366,
        0.002603804710374714,
        -0.015117759108001758,
        -0.009943276349467222,
        -0.013136389059128282,
        0.00784107204856172,
        0.003451942694433675,
        -0.0035525092518035725,
        -0.01711129255812763,
        -0.010096287379223651,
        -0.012207002429426921,
        -0.016597096251907875,
        -0.03619473406820498,
        -0.030553036905096496,
        -0.012023134890979689,
        0.0032552035054839302,
        -0.03753697693348607,
        0.003944384812522981,
        0.02036697824563344,
        -0.0032931073957763496,
        -0.002678095016449628,
        -0.024474676817122887,
        0.00849457050015294,
        -0.007883266158120975,
        -0.0056020701156435865,
        -0.0418372638249858,
        -0.020452561495193516,
        0.00854852303091753,
        0.0001085266916392147,
        -0.0035949198097439115,
        0.028143601631122395,
        0.01668996627856126,
        -0.0034967121751949518,
        -0.030682041410019432
    ],
    "noise_sensor_1": [
        -0.03199250342452975,
        0.012247882257557212,
        -0.014097159979356884,
        0.011762404640118759,
        0.024961265381875538,
        0.0014211244506924835,
        -0.008657289129904745,
        -0.01957829941011649,
        0.00036687732693923696,
        0.007661171448341871,
        0.008718912298418728,
        0.01864378623790131,
        -0.01222616184960116,
        -0.01461938257670329,
        0.005670661443144649,
        0.04116558098466978,
        0.01996793671858434,
        -0.0060726507320746775,
        -0.004697732216483005,
        -0.0049654683921723005,
        0.0229433875533614,
        -0.003358770466439505,
        -0.014346723603304171,
        0.005145467128933086,
        0.013490670483130808,
        -0.019341860512435374,
        0.005792500988404668,
        0.00936150969147977,
        0.011887569423686356,
        0.006372338823934021,
        -0.0010363530617876124,
        -0.0297493312533463,
        0.007920360787649808,
        -0.005616993213071134,
        0.0016944450556242642,
        -0.019639858497234097,
        -0.01924404916493371,
        0.02116897527145591,
        0.013423320403114673,
        0.0017696812094778562,
        0.007086545422803496,
        -0.010895304274181337,
        0.042612963995580025,
        0.00041178630985079897,
        0.011217806015323094,
        -0.008012134897990126,
        -0.011334143506233688,
        -0.0021030586331957377,
        -0.0027346050189580046,
        0.02886779724044386,
        0.00028632945800710304,
        0.012663080317295804,
        -0.024276747601079507,
        0.00937845617077793,
        -0.0304161892929256,
        -0.009067692955732651,
        0.006759038392546274,
        -0.00924933118433106,
        -0.0013431796347887737,
        -0.01480196632808893
    ],