{
    "ParameterSet": [
        0.0,
        0.0,
        0.0,
        0.0,
        0.0,
        0.0,
        0.0,
        0.0,
        0.0,
        0.0,
        0.0,
        0.0,
        0.0,
        0.0,
        0.0,
        0.0,
        0.0,
        0.0,
        0.0,
        0.0,
        0.5044372080402942,
        0.11179573179088269,
        0.22336131133168322,
        0.5238323908959595,
        0.4897837537401469,
        0.23336879209210276,
        0.156900132397411,
        0.2705401047539295,
        0.5045759819857375,
        0.4904423579823461,
        0.2409376907772342,
        0.1710147855545038,
        0.2840915832472842,
        0.5079500341720962,
        0.4593346845127408,
        0.21835216964225468,
        0.1690032511888188,
        0.3258838945822318,
        0.5074750373643965,
        0.2620683981985637,
        -0.04,
        -0.04,
        -0.04,
        -0.04,
        -0.04,
        -0.04,
        -0.04,
        -0.04,
        -0.04,
        -0.04,
        -0.04,
        -0.04,
        -0.04,
        -0.04,
        -0.04,
        -0.04,
        -0.04,
        -0.04,
        -0.04,
        -0.04
    ],
    "SensorParameterSet": [
        -0.10342834218328781,
        0.009387784967411437,
        -0.09155426627940831,
        -0.029744774425189788,
        0.02600757163133089,
        -0.003488857630990777,
        0.0645788776528744,
        0.03130480331794048,
        -0.02702874231096489,
        -0.03139178464609909,
        0.059184008181451364,
        0.005171451299344247,
        0.006434913366038714,
        -0.10964727238182627,
        0.08009073408983179,
        -0.020938922128627604,
        0.07461193953653449,
        -0.04580428707004479,
        0.053645726616801684,
        0.015676959186262086,
        0.033357495563600625,
        0.004764435183917449,
        0.03044594541718623,
        -0.08857255690005425,
        0.03465034865585657,
        -0.0037228869831654864,
        -0.16153831440438882,
        0.10508400429967615,
        0.00957752800748518,
        -0.03324252342664952,
        0.02841665886697604,
        -0.0668173733242903,
        -0.037990830283498374,
        0.03636567596851649,
        -0.12298925534463859,
        -0.04335853930029222,
        -0.07259447567652506,
        -0.10615403983680086,
        0.029010781287115674,
        0.07251868263487705,
        -0.006246675142624997,
        -0.09163615051012022,
        -0.09630326716736802,
        0.24734083762239348,
        -0.0805231167545637,
        0.09438801493976884,
        0.01741503947486938,
        0.16473393863718666,
        -0.037876596875676787,
        -0.011565611975861024,
        0.016436564336578058,
        0.02275753772719676,
        -0.11720538409568296,
        -0.024601004767730857,
        0.09225559038899042,
        0.077123664369112,
        0.04586677491299107,
        0.0586858225159989,
        -0.16952001018489335,
        0.0070865718297137715
    ],
    "checked": "indirect",
    "iteration": 29,
    "noise_sensor_0": [
        -0.012762352292121113,
        0.010241550967576148,
        0.0013241871692173848,
        0.02908179102122454,
        -0.01400840574808222,
        -0.0020683543828716082,
        -0.012135243123766017,
        -0.001347633044306979,
        0.00751596210314329,
        -0.009106238767049616,
        0.0024151879973007833,
        -0.0067336108891822375,
        -0.019402709061018063,
        0.018180873679904962,
        0.014416780288014172,
        -0.01226581684349718,
        0.017825363838519948,
        -0.006580232673189009,
        -0.0063407100302463075,
        0.0006544432236508666,
        -0.009626196730605037,
        -0.01017143510238431,
        0.0036726578066848727,
        0.0010268277785384832,
        -0.025963952949375625,
        -0.01106111991252962,
        0.015328315140580171,
        -0.0008647325622716292,
        0.024155318551167936,
        -0.022131087315559673,
        0.013157492296439033,
        -0.044660941619268694,
        0.0004824267710908405,
        0.001696303359874867,
        -0.01057988055331664,
        0.02038786417233765,
        0.0027838279865426497,
        -0.003318651456435917,
        -0.014295641278853964,
        -0.0039547770468784,
        0.0019842121483443394,
        0.008770407925227144,
        -0.015746272187506096,
        0.008042016197073804,
        -0.0005508647568475818,
        -0.02986460073402543,
        0.009075733016085094,
        -0.02055972386218424,
        -0.01574630145138502,
        0.033784073652677646,
        0.020339975006006115,
        -0.0017098383627421844,
        -0.012343665236509017,
        -0.028814123880158443,
        -0.004583055944654611,
        -0.01001629619656628,
        0.002600188499129386,
        -0.014612709000183553,
        0.009367219800059345,
        -0.014770883198862016
    ],
    "noise_sensor_1": [
        0.018935804185399887,
        0.0018183325566385254,
        0.009441965011091583,
        -0.005162486297409011,
        0.014482924711814883,
        0.022468872324467686,
        0.002541913881538148,
        0.01222220728597584,
        -0.012131718785745909,
        0.012383174449457088,
        0.004168362976447479,
        -0.007526119286153235,
        0.0059025983922304445,
        -0.010153359171056656,
        0.008102629915380306,
        -0.016370161876914993,
        0.002199325751682663,
        0.021022308354839262,
        0.009800050727870232,
        -0.015899605565459475,
        -0.03252225136602865,
        0.002938103096766448,
        -0.009446369335823547,
        -0.026931630020511632,
        0.01984582281258491,
        -0.010253758376491149,
        -0.02121898518761473,
        0.0005143515379157536,
        -0.007718803866231262,
        0.019655684709026115,
        0.0047102715553342216,
        -0.02782709699813736,
        -0.013636654795778155,
        -0.01746475382636084,
        -0.01726032564295021,
        -0.00405375828792364,
        0.0007428908867034773,
        0.004129351748582758,
        -0.008629527663751975,
        -0.01864311992242133,
        -0.011229346592211392,
        0.0079715861930437,
        -0.01236907002853618,
        0.01592768495103852,
        0.014986435045503491,
        -0.00701035714553266,
        -0.011789816408398785,
        -0.01659092074144967,
        0.027287170943160813,
        0.009549553470599503,
        -0.016183087725954216,
        -0.026638810146962413,
        0.0026942389850927147,
        -0.006235341513952438,
        0.00824473590223531,
        -0.003811156914506983,
        -0.005132463906810508,
        0.007818877887394809,
        -0.019892405951604904,
        -0.02123187668540206
    ],