{
    "ParameterSet": [
        0.0,
        0.0,
        0.0,
        0.0,
        0.0,
        0.0,
        0.0,
        0.0,
        0.0,
        0.0,
        0.0,
        0.0,
        0.0,
        0.0,
        0.0,
        0.0,
        0.0,
        0.0,
        0.0,
        0.0,
        0.5044372080402942,
        0.11179573179088269,
        0.22336131133168322,
        0.5238323908959595,
        0.4897837537401469,
        0.23336879209210276,
        0.156900132397411,
        0.2705401047539295,
        0.5045759819857375,
        0.4904423579823461,
        0.2409376907772342,
        0.1710147855545038,
        0.2840915832472842,
        0.5079500341720962,
        0.4593346845127408,
        0.21835216964225468,
        0.1690032511888188,
        0.3258838945822318,
        0.5074750373643965,
        0.2620683981985637,
        -0.04,
        -0.04,
        -0.04,
        -0.04,
        -0.04,
        -0.04,
        -0.04,
        -0.04,
        -0.04,
        -0.04,
        -0.04,
        -0.04,
        -0.04,
        -0.04,
        -0.04,
        -0.04,
        -0.04,
        -0.04,
        -0.04,
        -0.04
    ],
    "SensorParameterSet": [
        -0.021095289975199407,
        0.006498621462244937,
        -0.010928644328532647,
        -0.009170287071823241,
        0.026330309561456714,
        -0.015643443494934337,
        0.08565847278478896,
        -0.0046234470509813955,
        -0.011836270465533167,
        -0.03715048530306853,
        0.09037632943410617,
        0.03009369919335459,
        0.07877817130961842,
        -0.07079126782157107,
        0.04393528854490181,
        -0.03846676098149035,
        0.03493568258845102,
        -0.04117363730824372,
        0.03919061930890668,
        0.004297216272001426,
        0.00034484418663500733,
        0.07354918652260323,
        0.030411605443387238,
        -0.04173420946051981,
        0.0067436599320606465,
        -0.07878069122185652,
        -0.08060586442336307,
        0.039429553954191364,
        -0.020889676092324366,
        -0.022427893333540137,
        -0.0017180560767186025,
        -0.08595743946423347,
        -0.05479908520157096,
        -0.010330619579524226,
        0.004275671544663977,
        -0.054410403982646356,
        -0.08943640151781777,
        -0.051551552768437,
        0.0015606383860023749,
        0.061641216885774924,
        -0.03723571157525548,
        -0.05862202995843213,
        -0.07392345020233354,
        0.13115358333442176,
        -0.05704246019863829,
        0.06666096828802696,
        -0.05247238455840264,
        0.09280356326074765,
        -0.03207017798856105,
        0.022873153894806274,
        -0.04829959323386943,
        0.05453794678711233,
        -0.09520256000126726,
        0.010329046338531692,
        0.071957275449167,
        0.07216025355037932,
        0.04605493647028449,
        0.023946030927256185,
        -0.14794732935719665,
        -0.04053096562137784
    ],
    "checked": "indirect",
    "iteration": 11,
    "noise_sensor_0": [
        0.0018219615208810295,
        0.01650660541563482,
        0.02025911250031721,
        -0.031495479854806996,
        0.041152973631835905,
        0.03969849935422725,
        -0.005764591993208195,
        -0.019894191518946874,
        0.031193741127585127,
        -0.01167146854346113,
        0.019315895898563345,
        0.00183884849456775,
        0.017466116375116615,
        0.013875427587371975,
        0.02018026936863414,
        0.002448306462512997,
        0.03215900143824194,
        0.014248797670620933,
        -0.01670849388237827,
        -0.01836406939598302,
        -0.008054312006454005,
        0.009086080503179285,
        -0.006021140165136254,
        0.020176021822771586,
        -0.010777642665516516,
        0.004495124154671685,
        -0.030265265167356337,
        0.0061500167314529775,
        0.005619575545245735,
        -0.0015752759811700954,
        -0.01713933221893301,
        -0.039131642713672504,
        0.018174738511769387,
        -0.009256130905219836,
        0.03272968327098327,
        -0.009465282250608909,
        -0.03867187869359315,
        -0.006981057062734153,
        0.022605361672394627,
        -0.034563500700314234,
        0.02524544623129178,
        -0.02254761679128711,
        0.0028183454159089612,
        0.019044940246885963,
        0.006129574326400642,
        0.03154678646585786,
        0.005853074132669574,
        -0.011285682768121282,
        0.02174010160002334,
        -0.02297208227286156,
        0.05808949513413263,
        -0.0051547262952404095,
        -0.014602309541277236,
        -0.007513737524795653,
        0.031183408745032518,
        -0.00703087583233727,
        -0.009172734411149524,
        0.022812932761399264,
        0.03159960751491827,
        -0.0014743151669895135
    ],
    "noise_sensor_1": [
        0.002279337845213135,
        -0.011588376372496432,
        -0.008748410521044692,
        -0.03194696020148885,
        -0.006212030233326562,
        -0.01964748565266132,
        0.012798369627804446,
        0.003882687594141333,
        0.031008932216659603,
        0.03221324786226812,
        -0.004626493966614403,
        -0.00033830057297852144,
        0.004396527394274003,
        0.007155498541653247,
        -0.007067005958782541,
        0.014463166761499115,
        0.004226431245432071,
        0.010137806440378951,
        0.018632404818683845,
        -0.007659056818766511,
        0.005183484490588672,
        -0.029488168197469588,
        0.026868804888769075,
        -0.0003073122312563977,
        0.004504149926263665,
        0.01897749590227906,
        0.01577339656653702,
        -0.004314278299430898,
        0.01743948572609027,
        -0.0074081023424591615,
        -0.029579943097300568,
        0.022554011651327092,
        -0.007345095848901004,
        0.02107448470358441,
        -0.001949473068805727,
        -0.01597323535620793,
        -0.014914761419912458,
        0.037967392553738884,
        0.03219762729407759,
        -0.008894514538308319,
        0.026519191770533936,
        0.00843561836202951,
        0.006058793249804132,
        0.0280728084374081,
        -0.005986954035590254,
        -0.01043047486783605,
        -0.04419446422259759,
        0.008120134565967347,
        0.02928143030743548,
        -0.006083297135997072,
        0.00647291569984526,
        -0.0005953331707776411,
        -0.016899893387802293,
        -0.011430617718296295,
        -0.031111863974974122,
        0.0014924394731455411,
        0.016687826796939684,
        0.0323017749024593,
        -0.00795646454410925,
        0.02184385072309615
    ],