{
    "ParameterSet": [
        0.0,
        0.0,
        0.0,
        0.0,
        0.0,
        0.0,
        0.0,
        0.0,
        0.0,
        0.0,
        0.0,
        0.0,
        0.0,
        0.0,
        0.0,
        0.0,
        0.0,
        0.0,
        0.0,
        0.0,
        0.5044372080402942,
        0.11179573179088269,
        0.22336131133168322,
        0.5238323908959595,
        0.4897837537401469,
        0.23336879209210276,
        0.156900132397411,
        0.2705401047539295,
        0.5045759819857375,
        0.4904423579823461,
        0.2409376907772342,
        0.1710147855545038,
        0.2840915832472842,
        0.5079500341720962,
        0.4593346845127408,
        0.21835216964225468,
        0.1690032511888188,
        0.3258838945822318,
        0.5074750373643965,
        0.2620683981985637,
        -0.04,
        -0.04,
        -0.04,
        -0.04,
        -0.04,
        -0.04,
        -0.04,
        -0.04,
        -0.04,
        -0.04,
        -0.04,
        -0.04,
        -0.04,
        -0.04,
        -0.04,
        -0.04,
        -0.04,
        -0.04,
        -0.04,
        -0.04
    ],
    "SensorParameterSet": [
        -0.2066995692460542,
        0.012559250379257623,
        -0.08399717370196977,
        -0.029821224557267077,
        0.06396166365006399,
        0.04905816862353162,
        0.0407914350948242,
        0.13352575085291055,
        -0.011890710617814283,
        0.01798023907732873,
        0.07766197091189561,
        0.004909448960685439,
        -0.018004044059172483,
        -0.1108363565214829,
        0.13029028755854952,
        -0.03399465703843283,
        0.03391658176253973,
        0.009586948585534147,
        0.001505070260534598,
        0.010628640719028496,
        0.06831725597958586,
        0.15066887901290069,
        -0.01895401203414857,
        -0.11876128723528552,
        0.09559969002036726,
        0.03466813383921357,
        -0.10350025832966786,
        0.10250304914679868,
        -0.005088651602663857,
        0.014762473107579893,
        -0.08095427463643143,
        -0.06914057729427964,
        -0.002822063662170065,
        0.054207852209101105,
        -0.053286486160628165,
        -0.1158949760934431,
        -0.060536639485905756,
        -0.05732174610965706,
        -0.0691265631402928,
        0.14078458804827998,
        -0.02524438642211364,
        -0.1596633080824466,
        -0.11238514306566025,
        0.2169240640963013,
        -0.11297646283582274,
        0.13351381385549893,
        0.06582113474955936,
        0.18574646540419,
        -0.15021810986976547,
        -0.0990218443609926,
        0.07679580167041476,
        0.03544657452204689,
        -0.1947892935696986,
        -0.03381351073170109,
        0.01693418364270913,
        0.09965074666117621,
        0.01572315908376338,
        0.10479269600040933,
        -0.1624020421139563,
        0.04230795946231004
    ],
    "checked": "indirect",
    "iteration": 58,
    "noise_sensor_0": [
        0.006274274352390603,
        -0.0037024798342144907,
        0.03104657145247291,
        0.0016447745865370161,
        -0.0031313449545323146,
        -0.014050176799560603,
        -0.002212823512251439,
        0.004723905230566695,
        0.008629512631962866,
        -0.006410008137059273,
        -0.002810672829121266,
        0.04353424771551708,
        0.00685143213890354,
        -0.0004212749541689834,
        0.005285538737014306,
        0.023133291523751442,
        -0.02801438635602943,
        -0.011111605006565564,
        -0.021170334749665863,
        0.00577569848244878,
        0.018170246628267467,
        -0.0014834819171420071,
        0.017528866756956564,
        -0.04337024536851846,
        0.00990526478378798,
        -0.01617140533341085,
        0.010393346541368196,
        0.006921938131749315,
        -0.01534367747026033,
        -0.037040274520305325,
        -0.01411224625547123,
        -0.004597206047053799,
        -0.0051366715523551345,
        -0.0010167229909237047,
        0.006536035170227525,
        -0.002168468657863364,
        -0.0006512088922937799,
        -0.005733531646134149,
        0.011505740830515294,
        6.152186306784713e-05,
        0.0147270072182259,
        0.002720741526376572,
        -0.01696902507000882,
        -0.006708138546511026,
        -0.007255415963850682,
        -0.014304996526868298,
        0.025142636863778302,
        -0.004784574751383714,
        0.0011421845325410606,
        0.009274071632023751,
        -0.007355477399075473,
        -0.002016084658414285,
        -0.013387419874858203,
        -0.0043163893266294825,
        -0.002311047681187197,
        -0.01646560824366328,
        -0.009837479654840912,
        0.012562755643182355,
        0.01099758871747059,
        0.016040863470238854
    ],
    "noise_sensor_1": [
        0.001798995385681903,
        -0.022743928629964796,
        -0.019138989734005712,
        -0.01541834742765016,
        -0.0008509507885209031,
        -0.0018563448957808763,
        -0.0020187779055584223,
        -0.005427162261843085,
        -0.009824873389191907,
        -0.005316262229176804,
        0.0009212963829302756,
        0.021698253024878034,
        0.0003222243762650001,
        -0.000877132013094282,
        -0.0016333648929989588,
        -0.011257720450584943,
        -0.02918066738909364,
        0.016090277820833873,
        -0.025861504747214697,
        -0.0031566296837412487,
        0.004472935441628004,
        -0.005039308389937771,
        -0.016622511185925976,
        0.002607172324935868,
        -0.009836540804022333,
        -0.018112133783706547,
        0.012724594972436961,
        -0.009203302251843319,
        -0.007242873852248492,
        0.00018962608629117367,
        -0.02098488314467893,
        0.011950604838543788,
        -0.004244487935933436,
        0.010151880357382573,
        0.020472033154484013,
        0.008458703051319277,
        0.022489746991507804,
        -0.0056497297212651535,
        0.02231364904553553,
        0.01730848605348779,
        -0.03089646468473279,
        0.00969046304715633,
        0.03202496837629265,
        -0.00268702319328144,
        0.007055949428615345,
        -0.0035212640086549406,
        -0.006836111907479517,
        0.02458627284710629,
        -0.008732855307142752,
        -0.0036671825389463764,
        -0.011412153442346711,
        0.006887120379089825,
        0.0185716739665493,
        0.01590261167789498,
        0.013458017060462844,
        0.004200891204955063,
        -0.023589199323768257,
        0.007122455462334506,
        0.007019055921918149,
        0.0035177280763422467
    ],