{
    "ParameterSet": [
        0.0,
        0.0,
        0.0,
        0.0,
        0.0,
        0.0,
        0.0,
        0.0,
        0.0,
        0.0,
        0.0,
        0.0,
        0.0,
        0.0,
        0.0,
        0.0,
        0.0,
        0.0,
        0.0,
        0.0,
        0.5044372080402942,
        0.11179573179088269,
        0.22336131133168322,
        0.5238323908959595,
        0.4897837537401469,
        0.23336879209210276,
        0.156900132397411,
        0.2705401047539295,
        0.5045759819857375,
        0.4904423579823461,
        0.2409376907772342,
        0.1710147855545038,
        0.2840915832472842,
        0.5079500341720962,
        0.4593346845127408,
        0.21835216964225468,
        0.1690032511888188,
        0.3258838945822318,
        0.5074750373643965,
        0.2620683981985637,
        -0.04,
        -0.04,
        -0.04,
        -0.04,
        -0.04,
        -0.04,
        -0.04,
        -0.04,
        -0.04,
        -0.04,
        -0.04,
        -0.04,
        -0.04,
        -0.04,
        -0.04,
        -0.04,
        -0.04,
        -0.04,
        -0.04,
        -0.04
    ],
    "SensorParameterSet": [
        -0.17761423442346078,
        0.015139158600330839,
        -0.07158369293578254,
        0.003055702282127479,
        0.023327589383148363,
        0.011167846615839472,
        0.0021018118665843966,
        0.06088789984443621,
        -0.0258231590134819,
        -0.0434923407707443,
        0.03581711922471823,
        -0.01339978450372583,
        0.009324558387190283,
        -0.11583275517494912,
        0.097662880814569,
        -0.021037545979962345,
        0.03224056142811256,
        -0.038368820010338166,
        0.04070557763039165,
        0.012113544757409578,
        0.013049043230935229,
        0.03455330653170317,
        0.013088025922626504,
        -0.08602474152978691,
        0.0498663325693325,
        -0.012936148573075677,
        -0.12145189885116864,
        0.05370281131179875,
        -0.04791988922967933,
        -0.0017752155098348134,
        0.007347625954658122,
        -0.05653482316836199,
        0.02168045539439825,
        0.04181041441602835,
        -0.09705745597428517,
        -0.08501570301274296,
        -0.10455939123831698,
        -0.08763101423205705,
        0.005225439641987256,
        0.1091342907730227,
        -0.07102924695693004,
        -0.12638936559120342,
        -0.08797040190487207,
        0.2424552723906752,
        -0.1385826565732852,
        0.0873303910206596,
        0.008344925885119097,
        0.19534628890052816,
        -0.013855652166010557,
        -0.014727194484654964,
        0.007719603874974362,
        -0.003422782684741329,
        -0.18324032642162474,
        -0.02711892863311885,
        0.06694576239227933,
        0.08688912340378929,
        0.05289446523546725,
        0.10395434201365619,
        -0.21999768795604233,
        0.010763595122263558
    ],
    "checked": "indirect",
    "iteration": 39,
    "noise_sensor_0": [
        0.014834344981312638,
        0.011651999265531487,
        0.02400509256094823,
        -0.029256662095862612,
        0.004601460037369993,
        0.006073494847380108,
        0.02557481031950796,
        0.010426588230995978,
        0.010718424281340413,
        0.01721869723770215,
        -0.0281426206551354,
        0.018265617025666963,
        -0.009355468613346421,
        -0.008329602426845837,
        0.010078080236150614,
        -0.0011117545409443867,
        0.010852907302149923,
        0.0023380430655753244,
        0.013722137963307375,
        0.003951052832745336,
        0.003956036713757426,
        0.03460456027500401,
        -0.006983830833885716,
        0.01019212935163657,
        0.021433811745038032,
        0.02811944266088974,
        -0.014037384195729101,
        0.022655944125166055,
        0.012873074253195897,
        -0.019904536410348436,
        -0.0043229688546928945,
        -0.005493127846536308,
        0.010633013766973521,
        0.013675494817569571,
        0.0033647690378837284,
        -0.020054067109262143,
        0.023603585594587032,
        -0.01243026292455669,
        -0.009592432345389925,
        0.014758649615179047,
        0.018953567821355634,
        0.006151200988875646,
        -0.004294313021238749,
        0.0009491127728742132,
        0.0029359745058564935,
        -0.005347401642464277,
        0.018583542295286814,
        -0.0011819682549970084,
        0.012006776333208905,
        -0.03492944752000292,
        -0.0008523270518148677,
        -0.013126088486004854,
        -0.02256569482261766,
        0.01275951507725614,
        -0.006408440162710298,
        0.0008621043666660396,
        -0.004689465070749586,
        0.004570316088622267,
        -0.0013637557141015213,
        -0.024209221277616527
    ],
    "noise_sensor_1": [
        -0.013203691144390746,
        0.016233461721040773,
        0.0011790669074237007,
        -0.004397224578070233,
        0.0015893820961866186,
        0.017264867818661316,
        0.000495987362133331,
        0.009309311405910124,
        -0.017630115103522206,
        0.021264174901132592,
        0.018410071769391655,
        0.0055959738090227374,
        -0.00029308936552927,
        0.00031066186313136076,
        0.015465896295689292,
        -0.004057025750677774,
        0.016756378838681356,
        0.024000617075662093,
        -0.0012514247044279705,
        -0.006665207760188452,
        0.024920526607886937,
        -0.004944628773965023,
        0.006831180196204234,
        -0.006036100853254977,
        0.03618954654465337,
        0.029418685556243006,
        -0.01200801527475096,
        0.018159865134251302,
        -0.015476872264339036,
        -0.005579970762697035,
        0.04789800701748295,
        -0.02843977994725232,
        0.021388895335485197,
        0.006088825418581014,
        -0.01964582738264563,
        0.010852114288384337,
        -0.0027296102331208715,
        -0.021318812850301315,
        0.019587158932650738,
        -0.017045190488622106,
        -0.047625260399939355,
        0.005802102463396223,
        0.005341084984818736,
        0.01451905133490039,
        -0.01801164604813636,
        -0.004346626663982532,
        0.01587894984277728,
        0.006891548346417376,
        -0.023101318945824175,
        -0.0185727432054433,
        0.015199095800280227,
        0.003931372624205398,
        -0.00015406648260683163,
        -0.005290915270407186,
        0.003752543226906911,
        0.017871038812152844,
        0.005078546451734605,
        -0.023016332946328336,
        -0.011327356833386145,
        0.004641913908036497
    ],