{
    "ParameterSet": [
        -0.005967453644149297,
        -0.13350210710461374,
        -0.014245161169693661,
        -0.09951274984589648,
        0.012642735350198232,
        0.016802313872785104,
        0.11207168871892714,
        0.06803293921625142,
        0.078261659087738,
        0.09703143854777944,
        0.0658905859866648,
        0.05901617893047796,
        -0.013242572085048412,
        0.06654525857804966,
        -0.0317004349232639,
        -0.1612744104227003,
        -0.08031040584297008,
        -0.02424440516340447,
        -0.15234847943505508,
        -0.10424530619058447,
        0.5176284400007648,
        0.022520720087732378,
        0.22181635950293407,
        0.472861415366625,
        0.46770189116209343,
        0.28853180448615773,
        0.0820074669359487,
        0.27204661615916825,
        0.5677990184671087,
        0.5007570635677218,
        0.24977270325221895,
        0.1678297316580328,
        0.33581979203551804,
        0.55010078994309,
        0.46443530301916425,
        0.3395621841056601,
        0.23023674426402452,
        0.3922909620204582,
        0.4614048644315091,
        0.25705646620411793,
        -0.06470491892908126,
        -0.07109460333413774,
        -0.015389519734103355,
        -0.1010821084275882,
        -0.013814756533331522,
        0.031738574353959166,
        -0.11684287262190156,
        -0.03923578455723744,
        -0.021375945165666592,
        -0.03512217118241396,
        -0.09469998792480466,
        0.030396054626713062,
        -0.10177966961723588,
        0.017784969331114914,
        0.011819973487515364,
        -0.03249698453635351,
        -0.0538381559062191,
        -0.02466000859299587,
        -0.11411378003388521,
        -0.026139479577784223
    ],
    "SensorParameterSet": [
        0.0,
        0.0,
        0.0,
        0.0,
        0.0,
        0.0,
        0.0,
        0.0,
        0.0,
        0.0,
        0.0,
        0.0,
        0.0,
        0.0,
        0.0,
        0.0,
        0.0,
        0.0,
        0.0,
        0.0,
        0.0,
        0.0,
        0.0,
        0.0,
        0.0,
        0.0,
        0.0,
        0.0,
        0.0,
        0.0,
        0.0,
        0.0,
        0.0,
        0.0,
        0.0,
        0.0,
        0.0,
        0.0,
        0.0,
        0.0,
        0.0,
        0.0,
        0.0,
        0.0,
        0.0,
        0.0,
        0.0,
        0.0,
        0.0,
        0.0,
        0.0,
        0.0,
        0.0,
        0.0,
        0.0,
        0.0,
        0.0,
        0.0,
        0.0,
        0.0
    ],
    "checked": "indirect",
    "iteration": 21,
    "noise_0": [
        -0.012490236268019674,
        0.012580920118592883,
        -0.02358596806285559,
        0.007207409883494695,
        -0.004679091752809546,
        0.007354055622284055,
        -0.027666126980501842,
        -0.007177972284591152,
        -0.015355229554317673,
        -0.007140770415932314,
        -0.000933197016556683,
        -0.001613446974404714,
        0.009817429752743983,
        0.012875414479122325,
        0.0028253863636352365,
        0.015624223451968126,
        0.013363333479318739,
        0.013852287089939228,
        -0.01094088330256989,
        0.012004274906074957,
        -0.009676887888092355,
        9.36956301538301e-05,
        0.0032577060453053506,
        0.01022108257208319,
        0.011845331220153802,
        0.03012853369661041,
        -0.003582677414429722,
        0.006436056214192663,
        -0.00675424419562358,
        -0.01599083997585242,
        -0.002762544280876222,
        0.0026445925012657454,
        -0.004806242494730017,
        -0.020716247542465822,
        0.0032991531457715875,
        -0.023650198627183667,
        0.0013807069035817955,
        -0.018460791477969887,
        0.014538056065835893,
        0.019896479556377508,
        -0.009019306479452129,
        0.0018030482638711287,
        0.0011837938146608826,
        -0.009249255251963833,
        0.0052546600566871935,
        0.00919410910108033,
        -0.028440161681882015,
        0.002819035834601187,
        -0.02666612383784078,
        -0.011479388618631065,
        -0.009062976567021827,
        0.0042135075885591155,
        0.001013494871833228,
        0.011682641396028762,
        -0.008105288628375335,
        -0.006662466458650542,
        -0.008707693246935853,
        -0.005518447144211585,
        0.004181247386415554,
        -0.00038713206649827666
    ],
    "noise_1": [
        0.011473839418748492,
        0.00795075057525354,
        -0.014309903701957269,
        0.00245424555647606,
        0.00032119695790926574,
        0.020820608137847228,
        -0.010002404944934241,
        -0.0018583997454655866,
        -0.009226828273364669,
        -0.025211459327667354,
        0.00047166254236235405,
        0.006140026133774466,
        0.019092454028746292,
        -0.011227293454048323,
        0.007798564290326045,
        0.017480037004762226,
        -0.0007119254080639003,
        0.022402282962561703,
        -0.014163381225271087,
        0.007474285433721091,
        0.010856599306571726,
        -0.0036622070015970344,
        0.011597880629101128,
        0.026184364434466506,
        -0.0037539278306705053,
        0.02607875003141097,
        0.0027769845569779452,
        -0.018120760310314562,
        0.01717295480941427,
        0.002587313021972564,
        0.008778554505194805,
        0.0008981202926926207,
        -0.013525372158964887,
        -0.0023067354476133295,
        0.035313239270907744,
        -0.026599569691541952,
        0.004596019526582754,
        -0.014451071851228467,
        0.005837199598778136,
        0.00825311735256151,
        0.00224568970403308,
        0.006596679263539184,
        -0.001936140065152486,
        0.0031611764956825787,
        -0.019632292963876946,
        0.024527470402038284,
        -0.0010285948931787541,
        0.011840138027699537,
        -0.005609438991211246,
        0.003168971004549603,
        0.013231846584049158,
        0.0055431869130442265,
        -0.006742868674120638,
        -0.00982887211376117,
        -0.02657905337223708,
        0.011508955094015193,
        -0.00784166138047043,
        0.017272289577059285,
        -0.018207345945551096,
        -0.012209793265576833
    ],