{
    "ParameterSet": [
        -0.041296576299008965,
        -0.08409336951008171,
        0.026587401960687193,
        0.027489944491657845,
        0.05806469462539709,
        0.11285850376121007,
        0.10957885909046508,
        0.0897858424972674,
        0.0075390542411907,
        0.09895808113122603,
        0.04827333629007979,
        0.045263727365633805,
        0.18110479518911216,
        0.051332551324660226,
        0.10828173031441944,
        -0.12004313628542226,
        -0.13916417375226195,
        0.016259435074469374,
        -0.16911590450667563,
        -0.1240694735138064,
        0.3543841054913819,
        0.04560523651719862,
        0.3109209905284362,
        0.5444265267586762,
        0.5075285470073546,
        0.32756557635328815,
        0.08372734891564454,
        0.12890003889698878,
        0.5898923153596392,
        0.6438013639560811,
        0.32696299442499865,
        0.1755602579330787,
        0.2970504925179914,
        0.5790122100335205,
        0.5217504443083351,
        0.28624576587786776,
        0.22777374043201762,
        0.5043479280593816,
        0.5112003657227943,
        0.31277530880139465,
        -0.06368565028310631,
        -0.009439234062140539,
        -0.010079585670899586,
        -0.082342561372493,
        -0.050670801279591324,
        0.07479163741476118,
        -0.2014299215924029,
        -0.04235956548030175,
        -0.07112564534187925,
        -0.07865546447441644,
        -0.11450183492543983,
        0.008590800690615703,
        -0.029121138080828425,
        -0.001554858908936023,
        0.10039608094161293,
        -0.052601499214991715,
        -0.0424361950836276,
        -0.108573370653895,
        -0.168440897610217,
        -0.026960005793538373
    ],
    "SensorParameterSet": [
        0.0,
        0.0,
        0.0,
        0.0,
        0.0,
        0.0,
        0.0,
        0.0,
        0.0,
        0.0,
        0.0,
        0.0,
        0.0,
        0.0,
        0.0,
        0.0,
        0.0,
        0.0,
        0.0,
        0.0,
        0.0,
        0.0,
        0.0,
        0.0,
        0.0,
        0.0,
        0.0,
        0.0,
        0.0,
        0.0,
        0.0,
        0.0,
        0.0,
        0.0,
        0.0,
        0.0,
        0.0,
        0.0,
        0.0,
        0.0,
        0.0,
        0.0,
        0.0,
        0.0,
        0.0,
        0.0,
        0.0,
        0.0,
        0.0,
        0.0,
        0.0,
        0.0,
        0.0,
        0.0,
        0.0,
        0.0,
        0.0,
        0.0,
        0.0,
        0.0
    ],
    "checked": "indirect",
    "iteration": 89,
    "noise_0": [
        0.000994596114709852,
        -0.018360087519395055,
        -0.007876060779118406,
        0.008879985769597438,
        0.005797258231562104,
        -0.00430933278539088,
        0.004291823967495573,
        0.0034804742858381213,
        -0.0016598745950610616,
        -0.008441974057595567,
        -0.01668329306635575,
        -0.018290258589261015,
        -0.0018323946010360991,
        -0.007921441333238896,
        0.008199646852895945,
        -0.0213489378179808,
        0.010444997001959767,
        -0.012451235610869063,
        -0.013391347422143018,
        0.015621677485993723,
        0.002846345724054133,
        0.015351344349921026,
        -0.0044380323662038725,
        -0.0013319580615462272,
        0.012298893871757727,
        0.004132904253132567,
        0.0009808846738543217,
        0.010616762913982319,
        -0.016485813247845482,
        -4.539277936877257e-05,
        -0.009384535586749598,
        -0.0015548994234925798,
        -0.004792173276360709,
        0.007810496781332088,
        -0.008964716167084661,
        0.001693544034485063,
        -0.005056254187813403,
        0.015714374079372574,
        0.020219061702886055,
        0.0026650816381774464,
        0.007090926945609784,
        -0.023246111348666283,
        -0.004302547353414224,
        -5.776783708638887e-06,
        -0.029949017216497422,
        0.009378226455131495,
        0.016174768846081638,
        -0.013861243969666542,
        0.0005700069634967244,
        0.0002553198555999271,
        -0.00032576591187473056,
        -0.013303155974246004,
        -0.0018669061753743253,
        0.0024559806315202063,
        -0.005874582020071983,
        0.012693934399387477,
        -0.006861186519459266,
        0.00925778845284566,
        0.003193562807256884,
        0.0070143607162850485
    ],
    "noise_1": [
        0.009387330601308237,
        0.004940254041547436,
        0.00567594056906873,
        0.00206362343149367,
        -0.003158821991203901,
        0.0071892735208800365,
        0.004628461672109211,
        0.0024667879411917272,
        -0.0035678231137663925,
        -0.022950057387589186,
        -0.010688655329709189,
        0.00462762283334751,
        -0.012807205662222348,
        -0.018439606639523445,
        -0.008707345025473602,
        0.0005016570936365601,
        0.003886035132193126,
        0.012588810565232908,
        0.009281053653916868,
        0.017854812032454984,
        -0.011362418597708967,
        -0.004750326607783545,
        -9.418740643574594e-05,
        0.018018214074103353,
        0.008252485597003709,
        -0.0016939323279149218,
        0.005816791008502293,
        -0.0012368401385481579,
        0.006171798535551904,
        -0.007721018537503359,
        0.007250604008847067,
        -0.002875850383425068,
        0.014678783562988766,
        -0.006955459105769976,
        0.0024995280170637497,
        0.015218409044359265,
        0.0037799164414685196,
        -0.0004853272920563444,
        0.004190790322101992,
        -0.007910107011781603,
        -0.012282548381404648,
        -0.0014814235215801792,
        0.01681952547612341,
        0.0005455448044649309,
        -0.006848373112693122,
        -0.0002543170606175841,
        -0.007949435816353196,
        0.01231277348301534,
        -0.0052386391343459265,
        -0.012495558422981024,
        -0.012711464168615743,
        0.004352313260206129,
        0.018123263312729527,
        -0.010121671704439202,
        0.007531855776916858,
        0.007741832998740037,
        0.006826169058328986,
        -0.0011768528176381895,
        -0.025211404619731197,
        -0.015101555141780167
    ],