{
    "ParameterSet": [
        -0.025070774879952046,
        -0.0751772055872236,
        0.04443810996143185,
        0.02842415725175284,
        0.061541597271583474,
        0.09229375264937048,
        0.1238792496811982,
        0.09536610815129541,
        0.0050064475536278265,
        0.10107120921234321,
        0.06691643182836428,
        0.03698570399465927,
        0.17389313615403207,
        0.0428704236323691,
        0.09680483393192892,
        -0.12138941121388583,
        -0.12991574281407103,
        0.02854047184120016,
        -0.17739100647654502,
        -0.12130185515083683,
        0.35808245711246905,
        0.04375345403496955,
        0.2898984538440217,
        0.5407384982385061,
        0.5117945532785414,
        0.3152183052355812,
        0.0642400899664076,
        0.13801569332470165,
        0.5948435608053038,
        0.6510876528556238,
        0.3239712140202572,
        0.17025401301532744,
        0.303589440284787,
        0.5695390288196432,
        0.5216696201401626,
        0.27308070547255303,
        0.2079264080331197,
        0.511277040251486,
        0.5155792798670552,
        0.3275088159263551,
        -0.07200544873585069,
        0.0029551315462747483,
        -0.0084901713376541,
        -0.09463105655037857,
        -0.09183992822198062,
        0.086106551116592,
        -0.19517057399385798,
        -0.05160094368537219,
        -0.059897806078377844,
        -0.09466442877054757,
        -0.08680684863110344,
        -0.00032378370921309343,
        -0.0016560514908334056,
        -0.015074529452500476,
        0.10300652536702376,
        -0.09232706073020365,
        -0.026719886170227726,
        -0.11549808913587037,
        -0.15075021370869557,
        -0.0391536828159352
    ],
    "SensorParameterSet": [
        0.0,
        0.0,
        0.0,
        0.0,
        0.0,
        0.0,
        0.0,
        0.0,
        0.0,
        0.0,
        0.0,
        0.0,
        0.0,
        0.0,
        0.0,
        0.0,
        0.0,
        0.0,
        0.0,
        0.0,
        0.0,
        0.0,
        0.0,
        0.0,
        0.0,
        0.0,
        0.0,
        0.0,
        0.0,
        0.0,
        0.0,
        0.0,
        0.0,
        0.0,
        0.0,
        0.0,
        0.0,
        0.0,
        0.0,
        0.0,
        0.0,
        0.0,
        0.0,
        0.0,
        0.0,
        0.0,
        0.0,
        0.0,
        0.0,
        0.0,
        0.0,
        0.0,
        0.0,
        0.0,
        0.0,
        0.0,
        0.0,
        0.0,
        0.0,
        0.0
    ],
    "checked": "indirect",
    "iteration": 96,
    "noise_0": [
        -0.011248282285760759,
        -0.013804508499903832,
        0.006972250568032314,
        0.010356484784890653,
        -0.011889117722250068,
        -0.0005575543972413906,
        -0.004880056317968905,
        0.006991636606132342,
        -0.016991172534411174,
        -0.009600614767570107,
        0.017913282824722352,
        -0.02336274816574657,
        -0.004112681506571376,
        -0.002622935222935258,
        -0.0037109232808524503,
        -0.003345011532371053,
        -0.008727333409495412,
        -0.008456652321938948,
        0.006774737502700798,
        0.0010984007997748549,
        -0.010117421246837269,
        0.0015428446069621572,
        0.005055213853395176,
        -0.004360990699232091,
        -0.013856639575053929,
        -0.010441020081641342,
        0.0038746307802665753,
        -0.003835261909039106,
        -0.01343100713992153,
        0.0024133530341650684,
        0.012443276098062879,
        -0.0012524153018184012,
        0.0028738655991478778,
        0.00519890451233493,
        -0.010816448106172952,
        -0.002346587683563645,
        0.004508252864296486,
        -0.012505078891813822,
        0.0025295986220970116,
        -0.0037138913734476565,
        -0.010259389065819685,
        -0.0016310725542788738,
        -0.0100024876076206,
        -0.0169266571870095,
        -0.004442750137642674,
        0.004023069524193554,
        0.004111136870035652,
        -0.0078062072430607095,
        -0.012622519397235828,
        -0.007006251004147429,
        -0.0002189991548432265,
        -0.0028985148198074698,
        0.0160006130976517,
        0.007466320492548467,
        -0.01676353182530395,
        0.004680721902758395,
        0.015571857676553509,
        -0.002455231542596442,
        0.003019144103011722,
        0.0187182206591379
    ],
    "noise_1": [
        0.0018063626890587137,
        -0.0025026360064017584,
        0.0034801399128142254,
        -0.0011006320779681058,
        0.002861343842497686,
        0.004926276110485414,
        0.009066190885641017,
        -0.005060045985220686,
        -0.003639502269928172,
        0.012015371785907747,
        0.0013681685524007164,
        0.008727905834232488,
        -0.010306141546583445,
        -0.012643204946783355,
        0.0013690033635313436,
        -0.02355382316874766,
        0.0056245764709733515,
        -0.00139170182464175,
        0.004428749447837402,
        -0.00316362734463645,
        -0.006798962682022195,
        -0.001108233414875057,
        0.00043475486353072764,
        -0.001611341671042188,
        -0.0034061454648802616,
        0.002352259139237996,
        0.0016374688699198254,
        0.0127813356080005,
        -0.0005716564028640833,
        -0.005631428365815736,
        -0.0013444284550089688,
        0.006798380844269924,
        0.00025577997878798564,
        -0.0012000736258989844,
        0.006692887568340943,
        -0.0026014593882213014,
        0.0062645970390277275,
        0.0009765970009064885,
        6.201583487393705e-05,
        0.013878319244948407,
        -0.005406917080873129,
        -0.007180017254647761,
        -0.0003825257242352085,
        -0.0011234168216538937,
        0.0036395083133489484,
        0.0037079531313742725,
        0.00452244570093403,
        0.0017967862150108913,
        -0.0060274640224520165,
        -0.0006545428223478681,
        0.0012421147829099256,
        -0.008468533935104201,
        0.010981722191884216,
        0.008619085680259866,
        -0.016930129361078603,
        -0.004270278776492814,
        -0.00041235614804062046,
        -0.008487449530117394,
        -0.0074458236954998034,
        -0.008022911566536466
    ],