{
    "ParameterSet": [
        -0.0499139763230471,
        -0.08532143123289154,
        -0.023852809895820996,
        -0.10348786096104587,
        -0.012367042154119455,
        0.02822247707642653,
        0.12467949954950923,
        0.11139898993229498,
        0.014087681153680474,
        0.09734488517223933,
        0.035392380056623034,
        0.07855698392183298,
        -0.00682732326784814,
        0.06864550751586673,
        -0.01311095925698315,
        -0.1565950983896397,
        -0.13781496483349828,
        -0.03762386326825953,
        -0.13472107180310922,
        -0.11990666411939034,
        0.475936175841099,
        -0.007911788301900318,
        0.21392631283602015,
        0.46549439206517385,
        0.49242915056717884,
        0.30443377682389444,
        0.06441007343880648,
        0.22457267808121315,
        0.5303629090618124,
        0.5159704442084216,
        0.2985033021896118,
        0.15653365330577476,
        0.320663602213542,
        0.6089381351921049,
        0.5248195465785501,
        0.311234333491939,
        0.2414785071588526,
        0.42100139828598526,
        0.48791626503026525,
        0.25976335169595793,
        -0.03963426700248309,
        -0.051429214597827635,
        -0.022000413089083612,
        -0.16389836857583942,
        -0.020729719301029997,
        0.08155229006004946,
        -0.1545941249136545,
        -0.03946958865025505,
        -0.10041539012751834,
        -0.03156167926354964,
        -0.07949876332210816,
        -0.008799548263577185,
        -0.11057285014516746,
        0.03258228358051467,
        0.01660862870335201,
        -0.0497207015956899,
        -0.10048019300499628,
        -0.07917387268563778,
        -0.15236705169351325,
        -0.0039682138386715245
    ],
    "SensorParameterSet": [
        0.0,
        0.0,
        0.0,
        0.0,
        0.0,
        0.0,
        0.0,
        0.0,
        0.0,
        0.0,
        0.0,
        0.0,
        0.0,
        0.0,
        0.0,
        0.0,
        0.0,
        0.0,
        0.0,
        0.0,
        0.0,
        0.0,
        0.0,
        0.0,
        0.0,
        0.0,
        0.0,
        0.0,
        0.0,
        0.0,
        0.0,
        0.0,
        0.0,
        0.0,
        0.0,
        0.0,
        0.0,
        0.0,
        0.0,
        0.0,
        0.0,
        0.0,
        0.0,
        0.0,
        0.0,
        0.0,
        0.0,
        0.0,
        0.0,
        0.0,
        0.0,
        0.0,
        0.0,
        0.0,
        0.0,
        0.0,
        0.0,
        0.0,
        0.0,
        0.0
    ],
    "checked": "indirect",
    "iteration": 34,
    "noise_0": [
        0.0024731045461009195,
        0.020774380902123805,
        0.0019429640397677372,
        0.02447112485486002,
        0.004754920766864019,
        -0.024533371620008605,
        -0.0004181057243075354,
        0.00047902414548375345,
        -0.014294623014859629,
        0.02980793085516779,
        -0.0014531146382318007,
        0.010400619312755722,
        0.008070827649218357,
        0.01865391243271553,
        0.004215922045897917,
        0.013260378022998285,
        0.009518194325363476,
        0.012141992733431192,
        0.0018983381703551628,
        -0.0004986541522070506,
        -0.018461536859389675,
        0.0014574642053095334,
        0.009548072599301457,
        0.0128460044028956,
        -0.028882330616947165,
        0.006802286722125123,
        0.025989827652365856,
        -0.0023375717484182186,
        0.013396033771979515,
        0.006668736298223797,
        -0.02466647526903818,
        0.008365842537081421,
        0.007738162115127386,
        0.004170364446552821,
        -0.032769198756388625,
        0.0017034860189747974,
        -0.01496506420602005,
        0.024552872603104257,
        -0.007567005651551515,
        0.014868811907218973,
        0.002917492686097565,
        0.016384319019249787,
        0.0219005374151512,
        0.003247462809527044,
        -0.013227871382117076,
        -0.007880513476552154,
        -0.0051168342494811074,
        0.00836950957183121,
        -0.010770170602323388,
        0.027495888118177218,
        -0.006051719607557256,
        -0.02249340166233226,
        -0.0024271929278374335,
        -0.010804176518480785,
        -0.025271955363796495,
        0.0011248010307807416,
        0.0014578726697782214,
        -0.02259917694467552,
        0.00914264731703434,
        -0.008001556551283578
    ],
    "noise_1": [
        0.005502592512630965,
        0.011630562332306495,
        0.012734224136702665,
        -0.010531881974621375,
        -0.017699110567351718,
        -0.021287330414838518,
        -0.011043672667171487,
        -0.009185226609644754,
        0.012390185095001088,
        -0.01206483861731344,
        -0.011350155692043383,
        -0.009112187836112126,
        0.007868858909303934,
        -0.019911634693844084,
        -0.013837659063730658,
        -0.002392958930706116,
        -0.00826908229709307,
        0.011467516664166488,
        0.00453166744390941,
        0.021671163351014874,
        -0.02010955321400804,
        -0.013705937542146178,
        -0.011862475371025591,
        -0.001362816373676774,
        0.014369312832462799,
        0.016441282774311696,
        0.013772643397024654,
        0.005511902724662132,
        0.0004291002415778424,
        -0.019260460630067987,
        0.00545564913663391,
        0.003090093595319123,
        0.015261896965519084,
        -0.002508927005472206,
        0.016185872952083447,
        0.019472591193590797,
        -0.012794481067840674,
        -0.010057579018988051,
        -0.0005662413522681279,
        0.01903334369797744,
        0.002030218189284945,
        0.0013348134801187156,
        -0.004444443506038884,
        0.0056573829366423295,
        0.0036564610966926857,
        0.01796026174048222,
        -0.014049438935589766,
        -0.015422679153385023,
        0.01468591383269461,
        -0.012656569440895405,
        -0.013314517509496745,
        -0.019274323216749083,
        -0.0030652800781055425,
        -0.011609280850811515,
        0.030640833073981195,
        -0.0008514921377854474,
        -0.0030999581290523204,
        -0.004930054972821807,
        0.0016153490304202545,
        -0.0022723739523301868
    ],