{
    "ParameterSet": [
        -0.03600666552279115,
        -0.07694271031097615,
        0.028100378029754902,
        0.028109542316904945,
        0.056468505441244085,
        0.10287329998899178,
        0.11685340124509432,
        0.08277912902772917,
        -0.0007422188143161834,
        0.10274907976054308,
        0.049195715184274603,
        0.03502554789991194,
        0.1666603112803002,
        0.034568276779300904,
        0.10292832319106447,
        -0.1184438196251484,
        -0.13787633362267904,
        0.025131459509043833,
        -0.17006841703677267,
        -0.12980659075595133,
        0.35294763517474353,
        0.04686282785858343,
        0.30159594642557414,
        0.5471307310553915,
        0.5229017137043965,
        0.33043716143980156,
        0.06468447750644206,
        0.12933253540048076,
        0.5866813490932851,
        0.6305651837038663,
        0.3302226598687574,
        0.17335266402587257,
        0.3034166559468185,
        0.5521020494891618,
        0.5208516409713523,
        0.28299449418697264,
        0.22085247394076735,
        0.49843271286714314,
        0.5160958518139709,
        0.32144848932136894,
        -0.0615667158084183,
        0.0035299807545257577,
        -0.007866829385143558,
        -0.07813611021969961,
        -0.08307506367812945,
        0.07549668847391847,
        -0.20496471876675842,
        -0.046003816130542066,
        -0.08569752309505604,
        -0.08893703013330459,
        -0.10789271832420522,
        0.0023427058234254355,
        -0.008549484472642371,
        -0.012683354642913206,
        0.09522855129221454,
        -0.07295104115924933,
        -0.032541665180857805,
        -0.11848717102092557,
        -0.16133425724888462,
        -0.03150540522329573
    ],
    "SensorParameterSet": [
        0.0,
        0.0,
        0.0,
        0.0,
        0.0,
        0.0,
        0.0,
        0.0,
        0.0,
        0.0,
        0.0,
        0.0,
        0.0,
        0.0,
        0.0,
        0.0,
        0.0,
        0.0,
        0.0,
        0.0,
        0.0,
        0.0,
        0.0,
        0.0,
        0.0,
        0.0,
        0.0,
        0.0,
        0.0,
        0.0,
        0.0,
        0.0,
        0.0,
        0.0,
        0.0,
        0.0,
        0.0,
        0.0,
        0.0,
        0.0,
        0.0,
        0.0,
        0.0,
        0.0,
        0.0,
        0.0,
        0.0,
        0.0,
        0.0,
        0.0,
        0.0,
        0.0,
        0.0,
        0.0,
        0.0,
        0.0,
        0.0,
        0.0,
        0.0,
        0.0
    ],
    "checked": "indirect",
    "iteration": 92,
    "noise_0": [
        -0.0006098713198874841,
        0.0018195985372221946,
        0.008211469275767483,
        -0.010134177939233798,
        -0.0014992424511055772,
        0.007119906803738244,
        0.004950612595009383,
        0.008983812252020421,
        -0.022702400139720694,
        0.006470931960454052,
        -7.01637500791807e-05,
        -0.011271430962921327,
        0.006828150262222097,
        -0.015014133475730936,
        0.012342317463577588,
        0.0026349126242823247,
        -0.0198691414954852,
        -0.0038287943348252126,
        -0.010223887281802155,
        -0.00026665973940403456,
        -0.005417223185798874,
        0.007212505669142044,
        7.124647758866245e-05,
        0.009490496516843824,
        -0.004806857325106126,
        -0.003442490180519585,
        0.02204924896914276,
        0.016607006297820717,
        0.0035870858613700402,
        0.00448105014946256,
        -0.0021599648958131735,
        -0.003095596919729893,
        0.014085128636136013,
        -0.0018455747774601542,
        -0.009376637638387796,
        0.015722917115136664,
        -0.002796970414375663,
        0.0028703262681976467,
        -0.007721539002766681,
        -0.011127222602951159,
        -0.011176388778359773,
        0.009252177557852195,
        0.009983511888385753,
        -0.0009753993323753526,
        -0.005627738293998754,
        -0.0008857763449771788,
        0.0011915501513928498,
        -0.00035395988356816985,
        -0.0038784950409585543,
        -0.002002685815367812,
        0.004436184936426086,
        0.010404717118612978,
        0.0055215667890711325,
        -0.00011591505790620342,
        0.010766103197757502,
        0.011587863344145048,
        -0.018676736071929226,
        0.01625792969168814,
        0.01152140594130788,
        -0.008393614330784449
    ],
    "noise_1": [
        -0.008390543035161244,
        -0.004162778574804851,
        -0.006608020166065333,
        -0.003607261807537887,
        -0.002173283268255362,
        0.00913376544525052,
        0.007606225996572739,
        0.0009119778571294755,
        0.0033442437184619915,
        0.009656244400281533,
        0.0019321246810058935,
        0.0048256019933850865,
        -0.010712462070994624,
        0.002295343611347975,
        -0.00821493684371332,
        0.0008914966009890905,
        -0.006778704096621532,
        -0.0022617776135747513,
        0.0158989542715587,
        -0.015521874561867604,
        -0.008386828240856311,
        -0.0033807880454456763,
        0.015027605441357781,
        -0.016415461930322874,
        0.0017785399307650562,
        -0.022530484817983084,
        0.02346867737493199,
        0.004609441275835793,
        0.0030893352658050433,
        -0.006545871476728322,
        0.005560445230423152,
        0.004996524845780592,
        -0.010953864506477175,
        -0.02401345395349262,
        -0.004128807684725071,
        -0.003110090181257764,
        -0.0014415283738282807,
        -0.005450225262825633,
        -0.01734435004490666,
        -0.005193561773998122,
        0.00802363406965743,
        0.007969644539064364,
        -0.0135815261392748,
        -0.013342295564204661,
        -0.0005358601943601657,
        0.002095410829275825,
        -0.014801561296955047,
        0.00683816598763314,
        -0.001154532135746154,
        -0.008118704130723993,
        -0.0023933006015711715,
        -0.005264919125458123,
        0.017054222236070622,
        0.010890004243888347,
        0.000624951941753448,
        0.012798114595828603,
        0.015505936506306732,
        -0.014435573946969073,
        0.001801753194576519,
        0.01541076411412644
    ],