{
    "ParameterSet": [
        0.0,
        0.0,
        0.0,
        0.0,
        0.0,
        0.0,
        0.0,
        0.0,
        0.0,
        0.0,
        0.0,
        0.0,
        0.0,
        0.0,
        0.0,
        0.0,
        0.0,
        0.0,
        0.0,
        0.0,
        0.5044372080402942,
        0.11179573179088269,
        0.22336131133168322,
        0.5238323908959595,
        0.4897837537401469,
        0.23336879209210276,
        0.156900132397411,
        0.2705401047539295,
        0.5045759819857375,
        0.4904423579823461,
        0.2409376907772342,
        0.1710147855545038,
        0.2840915832472842,
        0.5079500341720962,
        0.4593346845127408,
        0.21835216964225468,
        0.1690032511888188,
        0.3258838945822318,
        0.5074750373643965,
        0.2620683981985637,
        -0.04,
        -0.04,
        -0.04,
        -0.04,
        -0.04,
        -0.04,
        -0.04,
        -0.04,
        -0.04,
        -0.04,
        -0.04,
        -0.04,
        -0.04,
        -0.04,
        -0.04,
        -0.04,
        -0.04,
        -0.04,
        -0.04,
        -0.04
    ],
    "SensorParameterSet": [
        0.05851235036406604,
        -0.016805485190861034,
        -0.07237712747045935,
        0.22528433264049874,
        0.17750386725011402,
        0.1694120496882143,
        -0.4153342118354275,
        0.05314403118319481,
        0.403561899036986,
        0.16129660369315865,
        -0.26031752066372327,
        -0.028927500381764424,
        -0.2465285397825653,
        -0.38111676808788536,
        -0.1298544681427,
        0.024542386600368404,
        0.10980891733923898,
        -0.3503050898782862,
        -0.21810551385974897,
        -0.33647502328924406,
        0.07577549293059273,
        -0.40468708208309334,
        0.003867263132063301,
        0.009734383100969444,
        0.3387236185972533,
        0.30179670659576113,
        0.21862960199571915,
        0.028740542086583297,
        0.15331168157269146,
        -0.07404403761283694,
        -0.29850758894868196,
        0.2509172140647318,
        0.38663836414703034,
        -0.16030347462523298,
        0.33461493994261415,
        0.1962271467182587,
        0.08418602874662795,
        -0.18239170090651555,
        0.28585603042619673,
        0.11546353286605678,
        0.0580594957010386,
        -0.09597605115320063,
        0.11647383804638431,
        -0.1271404928792513,
        -0.2215595308731756,
        -0.19598778640385725,
        0.1988499047791297,
        0.024248149076131893,
        -0.3973462133712766,
        0.19202739296803656,
        -0.4370753289799205,
        0.2325572601087563,
        -0.21069007142189905,
        0.14766790821056075,
        0.2145598086070562,
        -0.35470163121283466,
        -0.22561027483273255,
        0.1539760972521039,
        0.05562533684076175,
        0.05433913628435049
    ],
    "checked": "indirect",
    "iteration": 50,
    "noise_sensor_0": [
        0.028014742229063333,
        0.0914912001207914,
        -0.021387316071869996,
        -0.03937622706389288,
        0.05382250287265875,
        -0.006470003599466518,
        0.028920072840607842,
        -0.019426925915332557,
        0.03285709360705639,
        -0.04633402558861598,
        -0.030540890299288713,
        -0.027107807644177268,
        -0.0020955510521743254,
        -0.03412890383822408,
        -0.019603809569457193,
        0.040916401123303026,
        -0.044697348891567415,
        -0.0060604291284543765,
        0.031858691201652245,
        -0.07349042558853328,
        0.02948452340502393,
        0.011760358639600461,
        -0.002484196071977877,
        0.06259150238272232,
        -0.07709697498029244,
        0.045759956475996275,
        0.005083218591870374,
        0.03812230254272315,
        -0.03669768926341096,
        0.10635318612014624,
        -0.004692647284324954,
        0.05521033703046814,
        0.0431174969737879,
        -0.07822933470063378,
        0.04055743263347009,
        0.050766310493001246,
        -0.0981434100523393,
        -0.088242939791879,
        0.0025103630631394466,
        -0.030148149614571712,
        -0.06224155841943236,
        -0.0642664982881233,
        -0.06388553683735432,
        -0.026538243715458633,
        0.05525706444940348,
        0.03110803514893821,
        0.04516347032357417,
        0.00838117293840081,
        -0.04043480859941124,
        0.01531228148604264,
        -0.07457344963777741,
        0.011601720739456678,
        -0.014299097830690185,
        0.015366620664398966,
        -0.041971930417710746,
        -0.02974294421853946,
        -0.03478518431588567,
        -0.008145579022287353,
        -0.0852175606478178,
        -0.004800262209338098
    ],
    "noise_sensor_1": [
        0.016262129823298277,
        0.05755775914625014,
        0.019535882836020136,
        0.06087718568696457,
        0.011592221592119827,
        -0.06410728544557431,
        -0.06423992863922334,
        -0.053644069652462344,
        0.006383527569485799,
        0.04915123049758889,
        0.06347101414987975,
        0.025328898729340986,
        0.0679884365389761,
        -0.012810161687281309,
        -0.020109324227083985,
        0.01618964752903669,
        0.018910996047302134,
        0.0886559083611951,
        0.030072192232587336,
        -0.016789529676238053,
        -0.05616319316466641,
        0.04659983447991273,
        0.027605491356486638,
        -0.03161686148843122,
        -0.03043731542221361,
        0.02486274564322471,
        -0.08426913436459835,
        0.013420409521629767,
        0.0856507893820305,
        0.04413200619221192,
        0.013367973248322826,
        0.00883376250360632,
        0.04280265839498195,
        -0.02532398842966857,
        0.08711127912543529,
        0.013077265308276393,
        0.02423335485792636,
        -0.0014347363261472492,
        -0.030653500941171034,
        0.07762892544464509,
        -0.06821885889759768,
        0.05807950684987787,
        0.02097568095318342,
        -0.017275269772461684,
        0.033380248600373495,
        -0.034196317071813635,
        -0.007777551907355058,
        -0.02725701408767112,
        0.062069524152609946,
        -0.06959631051308848,
        0.038057860010649355,
        -0.05420144833695186,
        -0.017983493490844923,
        -0.016556796861359486,
        0.05533348166869724,
        -0.04583869652063352,
        -0.03322065660287967,
        -0.013376703488796193,
        -0.0272961795263533,
        0.015179604851199733
    ],