{
    "ParameterSet": [
        0.0,
        0.0,
        0.0,
        0.0,
        0.0,
        0.0,
        0.0,
        0.0,
        0.0,
        0.0,
        0.0,
        0.0,
        0.0,
        0.0,
        0.0,
        0.0,
        0.0,
        0.0,
        0.0,
        0.0,
        0.5044372080402942,
        0.11179573179088269,
        0.22336131133168322,
        0.5238323908959595,
        0.4897837537401469,
        0.23336879209210276,
        0.156900132397411,
        0.2705401047539295,
        0.5045759819857375,
        0.4904423579823461,
        0.2409376907772342,
        0.1710147855545038,
        0.2840915832472842,
        0.5079500341720962,
        0.4593346845127408,
        0.21835216964225468,
        0.1690032511888188,
        0.3258838945822318,
        0.5074750373643965,
        0.2620683981985637,
        -0.04,
        -0.04,
        -0.04,
        -0.04,
        -0.04,
        -0.04,
        -0.04,
        -0.04,
        -0.04,
        -0.04,
        -0.04,
        -0.04,
        -0.04,
        -0.04,
        -0.04,
        -0.04,
        -0.04,
        -0.04,
        -0.04,
        -0.04
    ],
    "SensorParameterSet": [
        0.035825599432304914,
        -0.08419530127770532,
        -0.047780430883413876,
        0.24476564998265615,
        0.19940003950621674,
        0.24004989995252052,
        -0.4469790310448788,
        -0.02846074230112682,
        0.29233168614492006,
        0.21272212399595786,
        -0.2902580854120832,
        0.0695858819624662,
        -0.2772361974782327,
        -0.45119727830897327,
        -0.08565257960884046,
        0.037701759350946655,
        0.11381433457506732,
        -0.25869812577533513,
        -0.19548631238681766,
        -0.2610223604312185,
        0.05508309486481831,
        -0.35983878224422955,
        0.03387619416767938,
        -0.0048156565943677145,
        0.3303582311220846,
        0.30940960837747217,
        0.2287377521559893,
        0.0060334443640790505,
        0.2285449214450381,
        -0.0681316535204345,
        -0.29264419815278236,
        0.24629191299552267,
        0.34985383282848026,
        -0.12825609326200887,
        0.3248661946778091,
        0.14566288468758612,
        0.07436978743692771,
        -0.19372018874386487,
        0.26516369449700206,
        0.06449663901265504,
        0.11317631909811472,
        -0.19405413463933138,
        0.13053943303335752,
        -0.1015041225461525,
        -0.27403183960130917,
        -0.13194671671600502,
        0.23105199139627056,
        -0.04890101779996867,
        -0.40358673939422185,
        0.19333931680598415,
        -0.40612191873293035,
        0.23492509043492718,
        -0.24565493119105652,
        0.23445382026988548,
        0.21662019757752218,
        -0.4089761883621965,
        -0.23449958232723936,
        0.14821926402762223,
        -0.017522852131839215,
        0.04159475150347496
    ],
    "checked": "indirect",
    "iteration": 51,
    "noise_sensor_0": [
        0.02914115225571106,
        -0.019664608097025662,
        0.03822838189958928,
        -0.016652752244959317,
        -0.0005677786659397624,
        -0.033903493189712065,
        0.05277907166874484,
        -0.0866015696721243,
        0.030064632369626403,
        0.045445652496640745,
        0.02086146051224787,
        0.04837859682758942,
        -0.014030344656666768,
        -0.07559379777795844,
        0.005296242261912978,
        0.007008766991970802,
        -0.04132468648504502,
        0.006485848437928807,
        -0.03573967898364352,
        0.020469020923931384,
        -0.010941631324017506,
        0.009216939087421194,
        -0.07166529783643341,
        0.03695009521663985,
        -0.0162955927246985,
        -0.02503967277914286,
        -0.1284068208165226,
        -0.09319296205321291,
        -0.05717751881074054,
        0.02101354182466834,
        -0.0014925976820566265,
        -0.02917596970884918,
        -0.02441047345320343,
        -0.05077946058611641,
        0.04542427319934287,
        -0.09785620228546744,
        0.005084389492208883,
        -0.01434486416983718,
        0.01591772135676324,
        -0.00520271114164107,
        -0.029616078021958397,
        -0.03645542149026365,
        0.033767382452571264,
        -0.08631972937389695,
        -0.012432146115308473,
        0.011556066237336161,
        0.018892880245234656,
        -0.08866921221580384,
        0.019331388747403897,
        0.0447201523294329,
        0.06004766850012939,
        0.07907696871877065,
        -0.01487434660988811,
        -0.02629490271746857,
        0.01970292991808817,
        -0.009281931289443351,
        -0.04963197212704177,
        -0.0722665968307898,
        -0.00888616935663765,
        -0.027444531322842875
    ],
    "noise_sensor_1": [
        0.04149855557647994,
        0.02176059794032168,
        0.0480547646647003,
        0.04239192797313688,
        -0.01126816960111951,
        -0.016969333658983256,
        -0.02129825556630588,
        0.03788868886645898,
        -0.05069983905012555,
        0.04543893485209898,
        0.03008811393733325,
        -0.057852025884525246,
        0.011552248055006677,
        0.06293136126163988,
        0.03618203162160777,
        0.05796369428506128,
        0.028786469536899898,
        -0.021360592139014575,
        -0.0066855663876224545,
        -0.0811328533426371,
        0.014874526599948168,
        -0.0054870264802418444,
        0.02140226490819787,
        0.04693342162959944,
        0.005878818767739669,
        -0.053799106367212635,
        -0.04137613367697585,
        -0.07189546499173324,
        0.014710256456631198,
        0.05365047266506387,
        -0.0017231636014484301,
        0.039310402188057765,
        0.037359331481033896,
        0.06067149095826603,
        0.02215665253167289,
        -0.04145655501367087,
        -0.04849568224954442,
        0.05828044889140251,
        0.05327081443857561,
        0.06553998724093849,
        -0.00408553321904453,
        -0.02982015787523172,
        -0.04989436783331294,
        0.010615609351217047,
        0.011153903082397476,
        -0.05046631384445533,
        0.013264591588999043,
        0.0013566636112587686,
        0.03929616626281451,
        -0.06230901430556825,
        -0.0008415493154640794,
        -0.032275975768393535,
        0.023811678741043903,
        -0.030697882296277512,
        0.044032979917015075,
        0.05502034867648517,
        -0.0865842110269119,
        0.04861236758326135,
        -0.029167346845898168,
        0.071492189066908
    ],