{
    "ParameterSet": [
        0.0,
        0.0,
        0.0,
        0.0,
        0.0,
        0.0,
        0.0,
        0.0,
        0.0,
        0.0,
        0.0,
        0.0,
        0.0,
        0.0,
        0.0,
        0.0,
        0.0,
        0.0,
        0.0,
        0.0,
        0.5044372080402942,
        0.11179573179088269,
        0.22336131133168322,
        0.5238323908959595,
        0.4897837537401469,
        0.23336879209210276,
        0.156900132397411,
        0.2705401047539295,
        0.5045759819857375,
        0.4904423579823461,
        0.2409376907772342,
        0.1710147855545038,
        0.2840915832472842,
        0.5079500341720962,
        0.4593346845127408,
        0.21835216964225468,
        0.1690032511888188,
        0.3258838945822318,
        0.5074750373643965,
        0.2620683981985637,
        -0.04,
        -0.04,
        -0.04,
        -0.04,
        -0.04,
        -0.04,
        -0.04,
        -0.04,
        -0.04,
        -0.04,
        -0.04,
        -0.04,
        -0.04,
        -0.04,
        -0.04,
        -0.04,
        -0.04,
        -0.04,
        -0.04,
        -0.04
    ],
    "SensorParameterSet": [
        0.12730896256986446,
        -0.11017455874720536,
        0.019519019131922388,
        0.147874556842866,
        -0.02344021452353894,
        -0.10967156842829164,
        -0.14774133879858145,
        0.09405303133518211,
        -0.062127057706429394,
        -0.016064864143116225,
        -0.2621499303580803,
        -0.1295111305308422,
        0.0507790264004163,
        -0.07528263345844068,
        0.020654413414324883,
        0.09364806682030584,
        0.1019132367371636,
        0.13793386802074506,
        0.01379744660228096,
        0.1138056506624527,
        -0.12735550107231233,
        0.07293878643485159,
        0.03388525113755069,
        0.07620321162589781,
        -0.010226246926245646,
        0.24495853448515198,
        0.15284365334061775,
        -0.18637904793920645,
        0.09071421243594976,
        0.025620353532712862,
        0.13366710910100632,
        0.06765443664323888,
        -0.026249826823761504,
        -0.05183305622704512,
        0.021350146352087127,
        0.23405746512204265,
        0.06793688399764837,
        -0.14234742471620437,
        0.12010153172885493,
        0.008386339841955802,
        0.0663881128147884,
        0.02937664477613692,
        -0.007145541760283061,
        0.08968914390813361,
        0.20659523798442928,
        -0.14813988129761932,
        0.04478202893944277,
        0.08710051690892485,
        0.048140099918665656,
        -0.058536182086582705,
        -0.07074819627578485,
        0.2084223778526869,
        0.2006764991373861,
        0.051330454390808807,
        0.03639947225948293,
        -0.11538173936100427,
        -0.16032462797315475,
        0.2988103034662013,
        0.20406048382112352,
        -0.014982174885020781
    ],
    "checked": "indirect",
    "iteration": 4,
    "noise_sensor_0": [
        0.03783184762241249,
        -0.004165812123248784,
        -0.051095032373057854,
        0.0766167197500121,
        -0.042693038843740226,
        -0.11355338937121305,
        -0.13823393608100776,
        0.06643386960991202,
        0.004745203541219186,
        0.014607905011335421,
        -0.0519983502264938,
        -0.029313798606928367,
        0.028719132875865364,
        -0.05412231314503124,
        -0.16020365038121992,
        0.041971779230834685,
        0.10686690328695055,
        0.07235431789028156,
        0.09195878233605842,
        0.047425318886942736,
        -0.0036793636088772643,
        -0.06047637173942408,
        -0.06078521108409749,
        0.03434067225182684,
        -0.020919878713234932,
        0.001507243149753435,
        0.01996032672999008,
        0.05403061724308014,
        0.017347671343116964,
        -0.11259075634506649,
        0.07633539217519902,
        -0.035609260005742646,
        0.018457518481703548,
        0.016110214247883146,
        0.0945600924470598,
        -0.05311896993433223,
        0.10654140564730799,
        -0.040283755525394004,
        0.05478814408193526,
        -0.017798396343276422,
        -0.008817620288239944,
        0.01707122156065233,
        0.006572268211630812,
        -0.03444295555042937,
        -0.001788043896855613,
        -0.019127903015291943,
        0.04597098856396335,
        -0.07495769809199881,
        -0.06538289284388744,
        -0.1277381386208384,
        -0.03147174073189278,
        0.060452436828764625,
        0.03549672385578229,
        -0.05681838559827108,
        -0.08474828055704965,
        -0.0236349097965498,
        0.028827146759221347,
        -0.02009580355891734,
        -0.007439503857868232,
        0.06298079356667124
    ],
    "noise_sensor_1": [
        -0.074277205723572,
        0.022294747385040795,
        0.041551253735990085,
        -0.03160054025083484,
        0.12685823757194742,
        0.050440443504237716,
        -0.0673354087439317,
        -0.016548760312419204,
        0.01070173720424382,
        -0.03186410226914489,
        -8.676867875352128e-06,
        0.0023335828011984906,
        -0.012358767756334156,
        -0.0028172594081322935,
        0.036723949404420544,
        0.07308557922702746,
        0.05206995003394691,
        0.0242554881272706,
        -0.008191556298047287,
        -0.04270576250290789,
        -0.0586435187917842,
        0.035205833462358116,
        0.0735808453397637,
        0.013974341737696901,
        0.06911834587677501,
        0.052773179985184826,
        0.014306802959777702,
        -0.004967871967833903,
        0.03532214795541464,
        0.05875601804003204,
        0.03638325755238516,
        0.019342736518883356,
        -0.016728739045986204,
        0.004236116384705957,
        -0.06389908353244832,
        0.0529632671142505,
        0.04943063093172892,
        -0.016757393942836128,
        -0.014618924219517835,
        -0.013737553866587196,
        0.0376027548290954,
        0.04811449408325358,
        0.05413119267251001,
        0.016126996816232784,
        -0.06073044278230181,
        0.050517618032058516,
        -0.01811640361995945,
        0.0003471631851580425,
        -0.05399435407578573,
        -0.08899132195711798,
        -0.03987663852429763,
        -0.1459262298529175,
        -0.020629371515006698,
        -0.0027906176016041623,
        -0.09000710450251975,
        -0.03638825186951155,
        -0.023837764301032686,
        0.018165066582798695,
        -0.00652340151960405,
        -0.060051132279693414
    ],