{
    "ParameterSet": [
        0.0,
        0.0,
        0.0,
        0.0,
        0.0,
        0.0,
        0.0,
        0.0,
        0.0,
        0.0,
        0.0,
        0.0,
        0.0,
        0.0,
        0.0,
        0.0,
        0.0,
        0.0,
        0.0,
        0.0,
        0.5044372080402942,
        0.11179573179088269,
        0.22336131133168322,
        0.5238323908959595,
        0.4897837537401469,
        0.23336879209210276,
        0.156900132397411,
        0.2705401047539295,
        0.5045759819857375,
        0.4904423579823461,
        0.2409376907772342,
        0.1710147855545038,
        0.2840915832472842,
        0.5079500341720962,
        0.4593346845127408,
        0.21835216964225468,
        0.1690032511888188,
        0.3258838945822318,
        0.5074750373643965,
        0.2620683981985637,
        -0.04,
        -0.04,
        -0.04,
        -0.04,
        -0.04,
        -0.04,
        -0.04,
        -0.04,
        -0.04,
        -0.04,
        -0.04,
        -0.04,
        -0.04,
        -0.04,
        -0.04,
        -0.04,
        -0.04,
        -0.04,
        -0.04,
        -0.04
    ],
    "SensorParameterSet": [
        0.0619910041937509,
        -0.06409615289298122,
        -0.14763754778511298,
        0.3003817921638787,
        -0.028306629355322042,
        -0.01843998318807671,
        -0.5716925569794936,
        0.096581143099562,
        0.059395244859786915,
        0.3832922860076609,
        -0.40506322490001434,
        -0.0822699458273519,
        -0.24499534781335802,
        -0.29415528567722626,
        -0.316834051612383,
        -0.08595170871086406,
        0.10251416778147679,
        -0.04544641217229993,
        0.001726313017093409,
        -0.23758616656541356,
        -0.07542782841176916,
        -0.061080975600509034,
        0.14114967676058976,
        0.19369229555276188,
        0.13780919656627746,
        0.343707659145194,
        0.31172428662819074,
        -0.03321866578485342,
        0.08745126792449272,
        -0.13332704266581566,
        -0.03717072328658383,
        0.28600968683398414,
        0.06019999091628377,
        -0.14624157541937008,
        0.07613479015443259,
        0.29673117721442716,
        0.18702333065667723,
        0.06286321427904548,
        0.1842014593460251,
        -0.11356926138633813,
        -0.16850440880168108,
        -0.1595675734621224,
        -0.06636789296764802,
        0.06917774891931194,
        -0.008634110538279614,
        -0.20426148270451233,
        0.10585459612557191,
        -0.14377014221403026,
        -0.10966021353692355,
        -0.01809453804430935,
        -0.39856798190661014,
        0.20576938121001176,
        -0.11709425577031263,
        0.005661209414895742,
        0.024238390880322157,
        -0.18276894114950692,
        0.03842582421449961,
        0.26370481392817136,
        0.04095241567385858,
        -0.14649881807866452
    ],
    "checked": "indirect",
    "iteration": 23,
    "noise_sensor_0": [
        0.07088858634185013,
        -0.02178228456754629,
        0.06095901976744066,
        -0.12486839753590157,
        0.018929110949990672,
        -0.07976143212120956,
        0.006007095128113334,
        0.037255650251976795,
        0.03586939970315086,
        -0.06955990765854818,
        0.05271879783605583,
        -0.08161539786971321,
        0.022578694185066438,
        0.07807269648254289,
        0.020682134318786058,
        -0.0985606783524856,
        -0.09265374381987351,
        -0.0260552977444039,
        -0.07609623604623147,
        0.032623356047193394,
        0.02689238876698065,
        0.018254544594007244,
        -0.048419477454802635,
        0.07466703847659686,
        0.08878243919336716,
        -0.012553862200168193,
        0.16785781673615502,
        -0.06067083012892979,
        0.04186184163696316,
        0.06658044307758877,
        0.00039968651785819546,
        -0.021462834944713294,
        -0.029223654609243182,
        0.07734363008475591,
        -0.05205468701609832,
        -0.06488065011206534,
        0.0009639858803853232,
        0.02797472495953079,
        0.07060414964953025,
        0.03793093869756118,
        -0.059613313616926865,
        -0.011652545356091884,
        0.02220926649571413,
        -0.004177188436357861,
        -0.012482277336033189,
        0.0028030674222310125,
        0.08456679956536092,
        0.026529881703342296,
        0.06513224756388568,
        0.1075028537854366,
        0.08189277108358532,
        0.015415565275705619,
        0.051532257611524496,
        0.003481570278377534,
        0.029329139006372407,
        -0.09440822965065034,
        -0.08626683610289904,
        0.0033651167268265534,
        0.08818726367287333,
        -0.02136992428382471
    ],
    "noise_sensor_1": [
        0.009848293083696743,
        0.0827586908766758,
        -0.0366409024419073,
        -0.02723420464438223,
        0.0469458896771564,
        -0.01303221253313083,
        0.09704583107195264,
        -0.023424532435824805,
        -0.028283166456021244,
        -0.028558701517367988,
        -0.006257969756275735,
        0.05017576914225235,
        -0.022924452944148712,
        0.0036189477816075777,
        0.036552915470501025,
        0.010382124975067014,
        -0.06260342333036331,
        -0.02918321934816297,
        -0.10953656152401771,
        0.0264698862885301,
        0.11214949466900828,
        -0.006048582391893653,
        0.04992540040056648,
        -0.041725332737270755,
        0.02765654927143637,
        -0.043289409540798844,
        -0.03915066285744608,
        -0.06075827560133349,
        0.029375123557101143,
        -0.0529752312109728,
        0.059113762053754154,
        -0.0453228791029715,
        -0.052971009542028005,
        0.04884825752365224,
        -0.012175246601356122,
        0.05705330092439688,
        0.03705674434067159,
        -0.010443407671551724,
        -0.025261076598938774,
        -0.04653193178898324,
        -0.011246375372277278,
        0.09902580361991949,
        -0.06192459130385264,
        -0.06922274626827672,
        0.049917810175954216,
        0.062202356544362625,
        0.11489483084818038,
        0.032189862585568906,
        0.03326085145988162,
        -0.07434187813523528,
        -0.006308032486581267,
        0.04703424324745098,
        -0.04001809375004061,
        -0.05796345195188527,
        -0.052133816759379156,
        -0.016245376818444977,
        0.06616445580997721,
        -0.04846314047905074,
        0.024399796393505008,
        -0.04732506297088378
    ],