{
    "ParameterSet": [
        0.0,
        0.0,
        0.0,
        0.0,
        0.0,
        0.0,
        0.0,
        0.0,
        0.0,
        0.0,
        0.0,
        0.0,
        0.0,
        0.0,
        0.0,
        0.0,
        0.0,
        0.0,
        0.0,
        0.0,
        0.5044372080402942,
        0.11179573179088269,
        0.22336131133168322,
        0.5238323908959595,
        0.4897837537401469,
        0.23336879209210276,
        0.156900132397411,
        0.2705401047539295,
        0.5045759819857375,
        0.4904423579823461,
        0.2409376907772342,
        0.1710147855545038,
        0.2840915832472842,
        0.5079500341720962,
        0.4593346845127408,
        0.21835216964225468,
        0.1690032511888188,
        0.3258838945822318,
        0.5074750373643965,
        0.2620683981985637,
        -0.04,
        -0.04,
        -0.04,
        -0.04,
        -0.04,
        -0.04,
        -0.04,
        -0.04,
        -0.04,
        -0.04,
        -0.04,
        -0.04,
        -0.04,
        -0.04,
        -0.04,
        -0.04,
        -0.04,
        -0.04,
        -0.04,
        -0.04
    ],
    "SensorParameterSet": [
        0.12125144911073041,
        -0.0981874693286124,
        -0.13133641028358853,
        0.2552365034911692,
        0.05211219782881417,
        -0.1267981199875439,
        -0.6493991266293053,
        0.16636809424223856,
        0.07826389649430501,
        0.3063465196586253,
        -0.34899612379294054,
        -0.14558235738995307,
        -0.2618445940405384,
        -0.3203463016857338,
        -0.28171075489482766,
        -0.16487450755315164,
        0.010203587028692175,
        -0.034204431216745226,
        -0.11053686291674311,
        -0.28417770330298014,
        0.049758566286317696,
        -0.10787754477399492,
        0.11877824606797,
        0.253777186396307,
        0.19709265484029734,
        0.19113751678959987,
        0.352288990947872,
        -0.18365536037433264,
        0.23275858616053194,
        -0.06380370760288463,
        0.031259334974260714,
        0.24433437257928148,
        0.125287433912891,
        -0.11840904036784432,
        0.0958026368766963,
        0.22863927745955645,
        0.17037982181448263,
        0.10458377680470304,
        0.24179289558515368,
        -0.0379698618122054,
        -0.16013655394463236,
        -0.05834327322588105,
        0.008151312517120294,
        0.06046027102769812,
        -0.009241251373871832,
        -0.1448968335233057,
        0.14608162343108466,
        -0.06783256329538719,
        -0.04920261495374685,
        0.05429778808534521,
        -0.35585025989320657,
        0.22938676401358574,
        -0.10545722963562118,
        0.045952327250059245,
        0.10518051441563248,
        -0.23918063845922463,
        -0.07993978305764388,
        0.2508471477845553,
        0.16672890532417334,
        -0.13769506137449264
    ],
    "checked": "indirect",
    "iteration": 26,
    "noise_sensor_0": [
        -0.05344002751573312,
        0.07660298055630976,
        0.02490285757092308,
        -0.021874049782632868,
        -0.029996158126945626,
        -0.041051748999566796,
        0.015140878536109166,
        0.022357118411883287,
        0.12697779334382908,
        -0.044999910300488145,
        0.006522249116497363,
        -0.014857792406752598,
        -0.0436435841507801,
        -0.08336981251322968,
        -0.07560796804281832,
        -0.09412767544685816,
        -0.037612589334813776,
        0.04802998641983954,
        -0.05906587428111647,
        -0.025315021835192752,
        -0.028174157272919758,
        -0.049777011898733285,
        -0.05044125274400423,
        0.01177957492764002,
        0.01160917551715749,
        -0.03928172650903167,
        -0.0026752325397655006,
        0.0013434642321079363,
        -0.008959890817323067,
        0.08119164873000016,
        -0.0349536003051833,
        0.12393259128121246,
        -0.05117673707343921,
        0.030533924549988933,
        0.046875945920936885,
        -0.018198963252770973,
        0.06517254577336475,
        -0.034565571689096596,
        0.017005588273101953,
        -0.1418989639710538,
        0.057588200591706495,
        0.012271802297145886,
        -0.011049693174768909,
        -0.00828911949644907,
        0.005942018723313009,
        0.003261903937647448,
        0.02504332419025464,
        -0.10874140940549697,
        -0.0018727004455557168,
        0.03837694936134516,
        0.006354942636062778,
        -0.030499906741263422,
        -0.03172818380436511,
        -0.027023488077946984,
        0.11447956490427758,
        -0.08252186176551259,
        0.012459307533654014,
        -0.10319428069402395,
        0.028694501435619094,
        0.021739743436544206
    ],
    "noise_sensor_1": [
        -0.08003267769438133,
        0.03398627784014205,
        0.06460382735050803,
        -0.0037713251829622203,
        0.022495091905561815,
        -0.10098036913748237,
        0.05079511409867084,
        0.05108412059876432,
        -0.11799004411353094,
        -0.0553437791554104,
        -0.08019330388040698,
        -0.09063151514402205,
        0.021806223161722354,
        -0.01610919789484762,
        -0.02509802521813397,
        -0.06779429233707555,
        0.07382305184219709,
        0.07249853510741194,
        -0.006677494866813624,
        -0.0019750048365475468,
        -0.06457457758402539,
        0.044399610229873376,
        0.05390171930384178,
        -0.09632058393052917,
        -0.03754605068236565,
        0.006261827563914211,
        -0.013583509802133775,
        0.003106563495657217,
        -0.010238576808606518,
        0.07190628741706996,
        0.014253561931830038,
        -0.009549681435786123,
        0.046098258095612014,
        -0.03751594036921196,
        -0.0235269611239649,
        0.03278712375894724,
        0.00991748739568557,
        -0.007867150094598607,
        0.069525531109232,
        0.07163505241944379,
        0.05539153793140952,
        -0.048262282708896126,
        0.0425506311220675,
        0.07215677764150145,
        0.12681899384846013,
        -0.04462132498750979,
        -0.0640778359593141,
        -0.026139219850988975,
        0.01187162304904331,
        0.049796679534634014,
        0.08167661760861507,
        0.05249873683536063,
        0.08886358961805382,
        -0.009650916384159797,
        -0.0007858462628307454,
        -0.004106550937752343,
        -0.016581758279493614,
        0.06997204413762448,
        -0.051374570277262624,
        0.026694737578328458
    ],