{
    "ParameterSet": [
        0.0,
        0.0,
        0.0,
        0.0,
        0.0,
        0.0,
        0.0,
        0.0,
        0.0,
        0.0,
        0.0,
        0.0,
        0.0,
        0.0,
        0.0,
        0.0,
        0.0,
        0.0,
        0.0,
        0.0,
        0.5044372080402942,
        0.11179573179088269,
        0.22336131133168322,
        0.5238323908959595,
        0.4897837537401469,
        0.23336879209210276,
        0.156900132397411,
        0.2705401047539295,
        0.5045759819857375,
        0.4904423579823461,
        0.2409376907772342,
        0.1710147855545038,
        0.2840915832472842,
        0.5079500341720962,
        0.4593346845127408,
        0.21835216964225468,
        0.1690032511888188,
        0.3258838945822318,
        0.5074750373643965,
        0.2620683981985637,
        -0.04,
        -0.04,
        -0.04,
        -0.04,
        -0.04,
        -0.04,
        -0.04,
        -0.04,
        -0.04,
        -0.04,
        -0.04,
        -0.04,
        -0.04,
        -0.04,
        -0.04,
        -0.04,
        -0.04,
        -0.04,
        -0.04,
        -0.04
    ],
    "SensorParameterSet": [
        -0.02450150382967594,
        0.076540090543746,
        -0.0384231763878036,
        0.02509355312530976,
        0.07294840225019739,
        0.01347360936790707,
        -0.036137022246354705,
        -0.046893430828175535,
        -0.03900220192892145,
        -0.07977234164219058,
        -0.07321913856250442,
        0.03911585881224812,
        -0.01568538282826193,
        -0.009828008844168842,
        0.045373360399381286,
        0.13808003624408607,
        0.056416052041318214,
        0.032209731975614,
        0.05487460378647756,
        0.029385111267273188,
        0.007465028800223242,
        -0.046373896642314116,
        0.01810664400957373,
        0.04588488491222819,
        0.004504891602295448,
        0.02425696648674871,
        -0.015324210937366111,
        0.04453174437714071,
        -0.0009200700275118177,
        -0.01688043060995994,
        -0.09012545001534458,
        0.056795849853915975,
        0.0033873013062250238,
        -0.017409752117589133,
        -0.034278738082199334,
        -0.07739626169894372,
        -0.0024224017638937445,
        0.012538846536523944,
        0.046700717322897795,
        0.03208177050318984,
        -0.03601922678316337,
        -0.07877196876005467,
        0.02196342634698338,
        0.015459585144303043,
        -0.08770551507055041,
        -0.06607237821165593,
        0.024247076689805695,
        0.04657175207097178,
        -0.07317825167347723,
        0.04655591366963817,
        -0.05047047616159388,
        0.02901664813567271,
        -0.0579759806315299,
        0.01446848028910078,
        -0.02965529345750813,
        0.045815798929234826,
        -0.05074025235073741,
        -0.01316774155936414,
        0.017000591478917304,
        -0.021346447474846566
    ],
    "checked": "indirect",
    "iteration": 5,
    "noise_sensor_0": [
        -0.00582819050989971,
        0.011138259514300428,
        0.029000678201319754,
        -0.023610475958431982,
        0.018564732982745358,
        -0.011075411756036041,
        0.03904176702691974,
        -0.016048546072147715,
        -0.0200559862077357,
        -0.01934387807082161,
        -0.002956856443559928,
        0.016931866681672094,
        -0.007423909463144404,
        -0.013883403364168403,
        -0.011621381058572283,
        -0.01833437516749844,
        0.00812386832648075,
        0.014583353491235027,
        0.003414902531535132,
        0.01064245504132076,
        -0.016547223475081845,
        -0.026303668517517607,
        0.0053985137207259205,
        -0.012709869926221331,
        -0.0145573628692257,
        -0.007847725522455164,
        -0.004134949268173037,
        0.003786837151607571,
        0.009264384275790016,
        0.009130990129441442,
        0.01977317825057491,
        0.016691192017373215,
        0.012043301292790902,
        0.0173386348195764,
        0.019499125041042956,
        0.01516949008776137,
        -0.03353341999821575,
        0.019432687672778868,
        -0.015949940582889833,
        0.023312154673030647,
        -0.02386088309594023,
        0.03090975548855843,
        0.011858636178169124,
        -0.016248898742114503,
        0.02101315124858071,
        -0.026677459064621527,
        -0.012820255236867834,
        -0.025587846550025713,
        -0.010699369781249917,
        -0.021250712642534284,
        0.00558486992555385,
        -0.0035887510953443603,
        -0.028657503782246636,
        0.02909457827008985,
        -0.022490955551874442,
        0.012209967859922304,
        -0.0406681758342671,
        -0.015004595131549031,
        0.013590077792690176,
        0.012526607910404067
    ],
    "noise_sensor_1": [
        0.007875758197946909,
        0.0005887851293238295,
        -0.02263134882021079,
        0.023723004547973523,
        -0.014857969999506877,
        -0.007414589031169103,
        -0.018328921295431268,
        0.012289645099004636,
        -0.027088586149079396,
        0.006660701734257725,
        0.009494670101179544,
        -0.051964412125638945,
        0.020927484672418055,
        0.02332105738261519,
        -0.013229131347393314,
        -0.0041419727056337605,
        -0.012924255776290076,
        0.008900364835521866,
        -0.018009055424711456,
        0.022695242300684416,
        -0.04396269338674399,
        -0.025798211887934935,
        -0.02101197961338346,
        0.0030724709900449266,
        0.013503738515091304,
        -0.00837482635472292,
        0.012664981863807384,
        -0.0108559444419305,
        0.01896627276515653,
        -0.002385242211905109,
        -0.01559545409329353,
        0.019561287328765418,
        -0.009291961764225072,
        0.0015147654800609096,
        0.006004935091468773,
        0.025478354954128552,
        0.028440266281800627,
        -0.00483578082614846,
        -0.009665757636498228,
        0.016457979303128117,
        -0.007853019120694443,
        0.03601971855425466,
        -0.005318707439609849,
        -0.03073917789219961,
        0.019071853621638418,
        -0.009487501683062591,
        0.013159969233259943,
        0.014924745677254598,
        -0.015401931180549142,
        0.02959975415796236,
        -0.020085689283996695,
        0.023572085081933203,
        0.009573394641841848,
        -0.01026302660009858,
        -0.013435722135978503,
        0.0045109438825079815,
        0.025010049957696102,
        -0.03776945092548966,
        -0.02003266743394114,
        0.005556374760049852
    ],