{
    "ParameterSet": [
        0.0,
        0.0,
        0.0,
        0.0,
        0.0,
        0.0,
        0.0,
        0.0,
        0.0,
        0.0,
        0.0,
        0.0,
        0.0,
        0.0,
        0.0,
        0.0,
        0.0,
        0.0,
        0.0,
        0.0,
        0.5044372080402942,
        0.11179573179088269,
        0.22336131133168322,
        0.5238323908959595,
        0.4897837537401469,
        0.23336879209210276,
        0.156900132397411,
        0.2705401047539295,
        0.5045759819857375,
        0.4904423579823461,
        0.2409376907772342,
        0.1710147855545038,
        0.2840915832472842,
        0.5079500341720962,
        0.4593346845127408,
        0.21835216964225468,
        0.1690032511888188,
        0.3258838945822318,
        0.5074750373643965,
        0.2620683981985637,
        -0.04,
        -0.04,
        -0.04,
        -0.04,
        -0.04,
        -0.04,
        -0.04,
        -0.04,
        -0.04,
        -0.04,
        -0.04,
        -0.04,
        -0.04,
        -0.04,
        -0.04,
        -0.04,
        -0.04,
        -0.04,
        -0.04,
        -0.04
    ],
    "SensorParameterSet": [
        -0.022719474495097425,
        0.08843744986477192,
        0.06498757851652566,
        -0.027174111556028335,
        -0.031091950104324924,
        -0.32356946991934066,
        0.07170423202547485,
        -0.03956004718634941,
        -0.01069580852556213,
        0.15699966911701796,
        -0.2265784690772351,
        -0.12520919030468847,
        -0.007765872780096952,
        0.15088639017458158,
        0.1656945085711963,
        0.16137941272008172,
        -0.08682946362741736,
        0.27197662593097666,
        -0.2121381489517618,
        -0.11372559592943471,
        -0.07160331777679174,
        -0.06648572976946016,
        0.48390379737240263,
        0.03553493257193739,
        -0.19654282585500193,
        -0.0689298194830412,
        0.01872938536728247,
        -0.1002689708404907,
        -0.11549990696008346,
        -0.05342818623567484,
        -0.08650954992716539,
        -0.2564595122279472,
        0.039749840518532475,
        -0.3506972059540606,
        0.16554188190320018,
        0.19330144000575308,
        -0.18936179352543395,
        0.0026494679818855303,
        -0.30830579326431495,
        0.20819928531630366,
        -0.25997332428557285,
        -0.18590333120024632,
        -0.14728553175253387,
        0.1785139254886519,
        0.11206260562975028,
        -0.1758745170131819,
        0.13357683952271507,
        -0.14528435400940753,
        0.09593762707539635,
        -0.08337910205149125,
        0.23570056863609853,
        -0.1105199154186778,
        0.0751677261609876,
        -0.0009800338656443149,
        0.15846555142972824,
        -0.2179772163385299,
        -0.01872415166359685,
        0.2540237250993359,
        -0.06419862721674963,
        -0.1267736348760327
    ],
    "checked": "indirect",
    "iteration": 19,
    "noise_sensor_0": [
        0.10134815638923615,
        0.012696212081067151,
        0.0014335353082728362,
        -0.0951925892874617,
        -0.029655342720336115,
        -0.06115016000911937,
        0.014791026002529536,
        0.07613268971317952,
        -0.12054887396602715,
        -0.045668909464759634,
        -0.04534543529503743,
        -0.05490974546585303,
        0.005467626552329332,
        0.09530079598338871,
        0.04880050846243803,
        0.10771920797116731,
        0.06379945274440853,
        0.0502408432698091,
        -0.03835198959205448,
        0.008653148117917116,
        -0.0613034707228045,
        -0.004709615617688149,
        -0.025357696211106964,
        0.03703342750405287,
        -0.04619684601898562,
        -0.010539793217224687,
        0.02658582928670431,
        -0.07299955888941725,
        0.1572284439690398,
        -0.09947278036369818,
        0.03829398151180193,
        0.10740871523634456,
        0.10163425592018634,
        -0.010208289636318273,
        -0.10436500964387144,
        0.05832474050095426,
        0.035299753046518376,
        0.01614901729302898,
        -0.025180153229417412,
        0.06911897764968879,
        0.09971402626742218,
        -0.046371587109781925,
        -0.07648676758099386,
        0.005938996325623322,
        0.004494982677484957,
        -0.08130160663859877,
        0.03247858308488851,
        -0.02869662888380901,
        -0.010057699728714323,
        0.02961880843914625,
        -0.043624800147060896,
        0.06314606575551437,
        0.11911196039426947,
        -0.117308157332854,
        -0.04696810324996254,
        0.020194449924557472,
        -0.036333506622357944,
        0.05467247593468149,
        -0.06103448831385548,
        0.06774756589604751
    ],
    "noise_sensor_1": [
        -0.03448266804179821,
        -0.06748409934702526,
        0.01263094631332551,
        -0.12172827625137811,
        0.02126715903603082,
        -0.002787809466974988,
        -0.030910942873935133,
        0.01730977462669906,
        -0.09077124031691543,
        -0.05632888139458522,
        0.02208826127634846,
        -0.08050681326722657,
        0.020344880606697383,
        0.09444279759143198,
        -0.03338432986403116,
        0.06836930012394224,
        -0.004650564203529977,
        0.005473505353977123,
        -0.021957190800178227,
        -0.018522433383918183,
        0.05276007683584534,
        0.07859574172264572,
        -0.037083839597426574,
        0.006145249174973598,
        0.07649055846011704,
        -0.03872341483784833,
        0.006535521819942223,
        0.020747737031246383,
        -0.02976748003430304,
        -0.05924832852198127,
        0.04684058024707121,
        0.14404315404866022,
        0.03624663689690896,
        -0.07257256695809101,
        0.03001689215008523,
        0.10917556210946196,
        0.027985276282925065,
        0.02651760377886895,
        -0.057687876405924016,
        0.005705527087147939,
        -0.05888659597692752,
        -0.043193751642910595,
        -0.03257092778993051,
        -0.13561530931961643,
        0.0949276436762429,
        0.014336704032555532,
        -0.0464174869849556,
        0.014605889403844436,
        -0.0008644578215982458,
        0.0032298154381821373,
        -0.08985029983347242,
        -0.02876545060464831,
        0.037980018072926836,
        0.018274582309763882,
        -0.017861271161067477,
        0.036339547891551686,
        0.031000461209843358,
        0.06203498989531048,
        0.10874660910650714,
        -0.000701557320211876
    ],