{
    "ParameterSet": [
        0.0,
        0.0,
        0.0,
        0.0,
        0.0,
        0.0,
        0.0,
        0.0,
        0.0,
        0.0,
        0.0,
        0.0,
        0.0,
        0.0,
        0.0,
        0.0,
        0.0,
        0.0,
        0.0,
        0.0,
        0.5044372080402942,
        0.11179573179088269,
        0.22336131133168322,
        0.5238323908959595,
        0.4897837537401469,
        0.23336879209210276,
        0.156900132397411,
        0.2705401047539295,
        0.5045759819857375,
        0.4904423579823461,
        0.2409376907772342,
        0.1710147855545038,
        0.2840915832472842,
        0.5079500341720962,
        0.4593346845127408,
        0.21835216964225468,
        0.1690032511888188,
        0.3258838945822318,
        0.5074750373643965,
        0.2620683981985637,
        -0.04,
        -0.04,
        -0.04,
        -0.04,
        -0.04,
        -0.04,
        -0.04,
        -0.04,
        -0.04,
        -0.04,
        -0.04,
        -0.04,
        -0.04,
        -0.04,
        -0.04,
        -0.04,
        -0.04,
        -0.04,
        -0.04,
        -0.04
    ],
    "SensorParameterSet": [
        -0.003785622547946574,
        0.08737016115312561,
        0.06951385750763235,
        -0.059378202628181324,
        0.016508630160818053,
        -0.31675588782352176,
        0.03882343735952292,
        -0.0846285618661432,
        0.06446155437957028,
        0.08162887661036676,
        -0.23663000334343975,
        -0.10337730477847719,
        0.006950018270280881,
        0.08839505798749409,
        0.18799828738056062,
        0.12494996582659017,
        -0.0875592399660375,
        0.29532135957658484,
        -0.11651016498882306,
        -0.13853995713229864,
        -0.1099775292701569,
        -0.107538484858756,
        0.45315797787471435,
        0.01677638832077248,
        -0.25435771895660486,
        -0.079820759649684,
        0.0122080370970853,
        -0.07018671213312948,
        -0.06776909084077158,
        -0.01267259523597128,
        -0.09988437483344785,
        -0.2867691623963842,
        0.07450027019679113,
        -0.3387452385229344,
        0.16639339934068614,
        0.20737034862066508,
        -0.19925734657049726,
        -0.011674924251595525,
        -0.29241868569513046,
        0.2599644138716734,
        -0.23224706861037478,
        -0.15516308422766062,
        -0.10191460351042601,
        0.15109856957234535,
        0.10216172146428303,
        -0.135898272386612,
        0.13147763542889185,
        -0.17140476991443906,
        0.16318715979092166,
        -0.06259773905278211,
        0.23189555901030648,
        -0.14088863106421867,
        0.06833137765202063,
        0.00685397083677735,
        0.2101321499303114,
        -0.1671223235232579,
        0.03933302261385703,
        0.24740452530073415,
        -0.12972486221738797,
        -0.09402639643322991
    ],
    "checked": "indirect",
    "iteration": 21,
    "noise_sensor_0": [
        0.05621651096623,
        -0.08724697132965956,
        0.039277842299366816,
        0.008154249867060908,
        0.03285591332347408,
        0.022650888217760245,
        0.03105260516055148,
        0.08063340960596148,
        -0.04825710746739327,
        -0.048276144269005485,
        -0.0429540736271802,
        0.03131003455380691,
        0.11639451715433506,
        0.01664437393237268,
        0.03644985447074213,
        -0.12381083360967347,
        0.013588803096081618,
        0.01105059847149648,
        -0.019107374925363976,
        0.03914273828557078,
        -0.0021538513662218714,
        -0.014174190984154638,
        -0.08138594803692571,
        -0.007367307104656862,
        -0.04011778751457846,
        0.03718711582673221,
        -0.02809628304740148,
        -0.007988354775322625,
        0.028157420757561433,
        -0.04414833767321739,
        -0.03747869025667159,
        -0.07148818665976271,
        0.05044620174056665,
        0.01190725146589111,
        -0.06971063562298525,
        0.03685709726494717,
        -0.0912719232304887,
        -0.02607933753936125,
        -0.006153810511100122,
        -0.05896270798098712,
        0.12257151255444548,
        0.01405707789021714,
        0.006284987915536353,
        0.02210565941334101,
        -0.06823861394819049,
        0.08047032388914979,
        0.008741439487563495,
        -0.06093797183952194,
        -0.1059135728260923,
        0.008223705444939713,
        0.05132180746580888,
        -0.048397798682641144,
        0.02434077211929602,
        0.05793084203495666,
        -0.019265408016770156,
        -0.015502369962339224,
        0.07463225948649937,
        -0.017255607958280097,
        0.06790244143709699,
        0.01791236773990755
    ],
    "noise_sensor_1": [
        0.013515981549959465,
        0.07611880049829471,
        -0.030585714653232645,
        0.018671569111815264,
        -0.09966733999034638,
        -0.05579027197257807,
        0.04595175238092346,
        -0.03104004633691093,
        0.030657295918619543,
        -0.04087089872673967,
        0.03201756655525775,
        0.08419507710118329,
        -0.04263280913123239,
        0.07301288845851664,
        -0.11727865771182333,
        0.04113022951812974,
        0.07702991550974053,
        0.01580309265313131,
        -0.03299046661942717,
        -0.07453590022510814,
        0.0470203118524432,
        0.01622777138245584,
        0.03214121199712057,
        -0.0020605332218432944,
        0.026072783104114757,
        0.03690163473707934,
        0.0252128905155827,
        -0.050173635709170786,
        -0.008989527117675483,
        0.023407079874704716,
        -0.07003389863887727,
        0.0030839040625846954,
        -0.003190097690759621,
        0.026050695944427504,
        -0.02083443178559781,
        -0.0725826628911331,
        -0.006228690363372952,
        -0.06315768116798832,
        -0.07982818422845754,
        0.058979917933026094,
        -0.028026060764469764,
        -0.01265671566413381,
        -0.008873278327556031,
        -0.07706697364231108,
        0.042253652105817864,
        -0.04853396584644272,
        0.034477385871071534,
        0.0579482670574467,
        -0.08578542299164699,
        -0.06383594849794397,
        0.0323388594286517,
        -0.03504563232077295,
        0.047152122079342655,
        0.03388252422992187,
        0.030067684219426655,
        -0.04590757629564441,
        0.09913061294560384,
        0.07489980191502951,
        -0.0022162606461196164,
        0.06864937543798005
    ],