{
    "ParameterSet": [
        0.0,
        0.0,
        0.0,
        0.0,
        0.0,
        0.0,
        0.0,
        0.0,
        0.0,
        0.0,
        0.0,
        0.0,
        0.0,
        0.0,
        0.0,
        0.0,
        0.0,
        0.0,
        0.0,
        0.0,
        0.5044372080402942,
        0.11179573179088269,
        0.22336131133168322,
        0.5238323908959595,
        0.4897837537401469,
        0.23336879209210276,
        0.156900132397411,
        0.2705401047539295,
        0.5045759819857375,
        0.4904423579823461,
        0.2409376907772342,
        0.1710147855545038,
        0.2840915832472842,
        0.5079500341720962,
        0.4593346845127408,
        0.21835216964225468,
        0.1690032511888188,
        0.3258838945822318,
        0.5074750373643965,
        0.2620683981985637,
        -0.04,
        -0.04,
        -0.04,
        -0.04,
        -0.04,
        -0.04,
        -0.04,
        -0.04,
        -0.04,
        -0.04,
        -0.04,
        -0.04,
        -0.04,
        -0.04,
        -0.04,
        -0.04,
        -0.04,
        -0.04,
        -0.04,
        -0.04
    ],
    "SensorParameterSet": [
        -0.0085752112304653,
        0.10253476907754269,
        0.09006508953611032,
        -0.05908886126083681,
        0.042227780798162785,
        -0.27084666081470954,
        0.004240402198463441,
        0.011360736063018725,
        -0.024399053701221793,
        0.10846334978121362,
        -0.23056776077792698,
        -0.06667093688840042,
        -0.10944551719258801,
        0.15545814514944037,
        0.1889061303401465,
        0.19787072996512814,
        -0.11660138265207311,
        0.0869997331681017,
        -0.2251156253539725,
        -0.09195172187661547,
        -0.1302380835644415,
        -0.03073407411109447,
        0.39821849545541466,
        -0.017496736874953026,
        -0.1466912302154847,
        -0.02857186538405281,
        -0.013654600028524103,
        -0.15083285887356332,
        -0.12842780009407506,
        -0.12132707842273521,
        -0.0998955285169944,
        -0.2727353939608489,
        0.006049797755853889,
        -0.20876299708466273,
        0.1068887601361474,
        0.13435166034849227,
        -0.23037685563071886,
        0.01767888263462304,
        -0.25460524758941117,
        0.14899434755311505,
        -0.17356025306907472,
        -0.14716053595397047,
        -0.09810062900984859,
        0.1056272764573315,
        0.13516156463702264,
        -0.05756415731084234,
        0.10617237711762317,
        -0.2084758909449869,
        0.07539910660681506,
        -0.183955456128763,
        0.19473711005151806,
        -0.07126327281408659,
        0.08301970887230933,
        -0.05859076029728151,
        0.21522078683114887,
        -0.14634167422467625,
        0.05450012810110519,
        0.33672481375047486,
        -0.06513797215586269,
        -0.13821045672943288
    ],
    "checked": "indirect",
    "iteration": 12,
    "noise_sensor_0": [
        0.05234819063500551,
        0.011642072615179242,
        -0.0033646829147691345,
        0.05055408055788389,
        -0.010226640975457703,
        -0.08643300212743127,
        0.07860737958473657,
        -0.05368623525434786,
        0.08844921062747046,
        0.05044869351108474,
        0.10316435872383277,
        0.000759259387411814,
        -0.009537343871782757,
        0.04417180451524884,
        0.013155209696487563,
        0.016759408733516067,
        -0.054529899444783786,
        0.06544631484368081,
        -0.03441866585128985,
        -0.06556358856647138,
        -0.059138164500614425,
        -0.017889278462831518,
        0.009596409591712488,
        -0.055776090567208655,
        0.0022669634918486576,
        0.0871475018550272,
        -0.050327223851373094,
        -0.03640900847295249,
        0.001774858663213245,
        0.09085663995875082,
        0.011842129278567847,
        5.971157933473152e-05,
        -0.010504558683942997,
        -0.01315112506974954,
        0.11524926276540523,
        0.010150167525428034,
        0.1068700229781889,
        -0.04586737802590289,
        -0.03529117831733521,
        -0.04533493964362946,
        -0.026957303021043745,
        0.01796529126814793,
        0.058450336139313594,
        0.027345525116813433,
        0.016724373502293995,
        -0.0363624577216879,
        0.04573309482563286,
        -0.05874233457007622,
        0.03497405413435394,
        0.08354332835442191,
        -0.06650315736458311,
        0.07687690552736515,
        -0.014254357914072308,
        -0.00423243028987881,
        -0.030980930294386144,
        0.007224282207285813,
        -0.02129481451611775,
        0.08443252805358091,
        -0.05028813577386857,
        0.005802712708224042
    ],
    "noise_sensor_1": [
        0.0013116082154664914,
        0.041838526840923256,
        0.02775981741999127,
        0.03870994037283105,
        0.03793716705322567,
        -0.026186855549179402,
        -0.0036919873283475573,
        -0.0143814575609139,
        -0.014006284461635281,
        0.07790815699005557,
        0.08915765125482616,
        -0.018848386774461354,
        0.07061433371317993,
        -0.04962387677923253,
        -0.05363228936026194,
        -0.013704487452047803,
        -0.07303367870385634,
        0.08950113502106095,
        0.050795013560384634,
        -0.06727958178094738,
        -0.018866817194823467,
        -0.06811843999605148,
        0.006787863831551594,
        -0.019640767693081713,
        -0.060659247185379885,
        0.01837901304637158,
        -0.034423172885641846,
        0.08707428149840908,
        0.06462317729690885,
        -0.06376192684985989,
        0.07858992341188847,
        -0.10439278906660364,
        0.027752691479231893,
        -0.03216271795338194,
        -0.02007625318342644,
        0.12818744566719012,
        0.15416949651535983,
        -0.029452708664314015,
        -0.040053404745464,
        -0.061490572321777334,
        0.08996258766810165,
        -0.1073100448993428,
        0.006511508276823006,
        0.08738353137343527,
        -0.0366727972238772,
        -0.07474719166823098,
        -0.008767801781844711,
        -0.023449542092874292,
        -0.12456812708534892,
        -0.03285521030501364,
        -0.008100921988383174,
        -0.038882679918104464,
        -0.05085469223549141,
        0.11782039481589007,
        0.034603602320216434,
        0.009074320764234922,
        0.10310332903407403,
        -0.05161401264191126,
        -0.041977152682455145,
        -0.05079385860084824
    ],