{
    "ParameterSet": [
        0.0,
        0.0,
        0.0,
        0.0,
        0.0,
        0.0,
        0.0,
        0.0,
        0.0,
        0.0,
        0.0,
        0.0,
        0.0,
        0.0,
        0.0,
        0.0,
        0.0,
        0.0,
        0.0,
        0.0,
        0.5044372080402942,
        0.11179573179088269,
        0.22336131133168322,
        0.5238323908959595,
        0.4897837537401469,
        0.23336879209210276,
        0.156900132397411,
        0.2705401047539295,
        0.5045759819857375,
        0.4904423579823461,
        0.2409376907772342,
        0.1710147855545038,
        0.2840915832472842,
        0.5079500341720962,
        0.4593346845127408,
        0.21835216964225468,
        0.1690032511888188,
        0.3258838945822318,
        0.5074750373643965,
        0.2620683981985637,
        -0.04,
        -0.04,
        -0.04,
        -0.04,
        -0.04,
        -0.04,
        -0.04,
        -0.04,
        -0.04,
        -0.04,
        -0.04,
        -0.04,
        -0.04,
        -0.04,
        -0.04,
        -0.04,
        -0.04,
        -0.04,
        -0.04,
        -0.04
    ],
    "SensorParameterSet": [
        0.34482939089396963,
        0.1484087431817621,
        -0.08854472819215072,
        0.11785897229851684,
        0.3616567582023456,
        -0.473797464779895,
        0.20353266783474944,
        -0.1624492058804778,
        0.0016541976001576777,
        -0.04107293223132928,
        -0.18471166425816593,
        0.33415582966305507,
        -0.04752196958373143,
        0.050799770377935254,
        0.2040326112384244,
        -0.06932182701418921,
        -0.08390921364468767,
        0.1836290667251401,
        -0.05453869179166186,
        0.3247165460106007,
        -0.10122871331652096,
        -0.25353561762356,
        0.6953915218191903,
        -0.08595344988493642,
        -0.1309789488017091,
        -0.02314333972791528,
        -0.27504263522863,
        -0.037761193419318356,
        0.042214890249682314,
        -0.23615893573456184,
        -0.2077831331373966,
        -0.3359489918336227,
        -0.10273457190361569,
        -0.35537902289266726,
        0.345644900067619,
        -0.20445137631694094,
        -0.38045843873706936,
        0.5348343552100261,
        -0.6374362659506899,
        0.062133224687832056,
        -0.0011781020940726606,
        -0.32146832815888143,
        0.012290791214978636,
        -0.07109803467407075,
        -0.03615690106053449,
        -0.054184313454837145,
        0.4491006634243234,
        -0.27405913346361255,
        -0.11234143135689434,
        -0.19479868396312755,
        0.06274670390447823,
        -0.19541325389394934,
        -0.11933362205387514,
        -0.2517959734238247,
        0.08094977067166612,
        0.0503565001719355,
        -0.1861929618358923,
        0.20149243034897596,
        -0.11012181801162783,
        -0.2312701823099637
    ],
    "checked": "indirect",
    "iteration": 89,
    "noise_sensor_0": [
        0.02985571831314416,
        -0.052001523647636806,
        -0.029123784433692824,
        -0.024846876617276335,
        0.0008012766798214294,
        -0.013695922762505348,
        -0.01975135714885629,
        0.03294294069067863,
        0.020807158306091072,
        0.04992117652876078,
        0.07378382135929477,
        -0.02806710226909903,
        -0.03681999349792418,
        0.01730923614938803,
        -0.07042284885651585,
        -0.060721251843106526,
        0.0323438555867619,
        -0.09660959508414034,
        -0.035829391689508744,
        -0.006916248999208601,
        -0.04894810721898219,
        0.019771470187459683,
        0.0584318337268513,
        -0.08579341840045994,
        -0.03686630621878924,
        -0.024030062774176044,
        0.004322777702898138,
        -0.022492456307371445,
        0.03444742884554555,
        0.027405625862075574,
        -0.03967458141863879,
        0.02506760148385434,
        -0.036056397646314874,
        -0.07711069010463976,
        0.013276186832456053,
        -0.01691921816471156,
        -0.07390285650448103,
        -0.04211063005775097,
        0.005792812657034864,
        -0.007056754808959904,
        -0.04961572266190585,
        -0.052394971843283206,
        0.025842330215203036,
        -0.01657252476121517,
        -0.04903719884026749,
        -0.010345720057851551,
        0.051898209865744775,
        0.00010144872839750772,
        0.006331420263480802,
        -0.008164650409936563,
        0.027122747370751116,
        0.054532441623647135,
        0.04231799124445922,
        -0.020243101899831972,
        0.007244390121045601,
        0.019826290158541173,
        -0.03921409119807845,
        0.019078690273273295,
        0.02041355365604546,
        0.052419663719330975
    ],
    "noise_sensor_1": [
        0.009265614781680986,
        0.08484690914070962,
        -0.05052571177120186,
        0.0067538382849181375,
        0.001646463745951491,
        0.009330883066608908,
        -0.0539067230979962,
        0.06560653202660292,
        0.026452368625785545,
        -0.014014118486982467,
        -0.01757865529041732,
        -0.05185850855389361,
        -0.07041944223970979,
        -0.017024307382137286,
        -0.07351563637915783,
        0.011778502042589718,
        -0.010985010216602089,
        0.008417984000508395,
        -0.014631084707257103,
        -0.04505104414436133,
        0.06218153249430174,
        0.0006714171030865452,
        0.008245584935918041,
        -0.08435128305939031,
        -0.022041294602451078,
        -0.0428126005135205,
        0.054669421590729315,
        0.031026693369339282,
        0.00992578433611819,
        -0.026743767139545627,
        0.03602932380998986,
        -0.018325610659899322,
        -0.008268122043016236,
        0.03388273765928771,
        0.05748148896820323,
        -0.06957917261976525,
        -0.011565163512017536,
        0.0418245417586739,
        0.022085848569975444,
        0.009479617505912303,
        -0.02889606314523538,
        -0.015921221575711714,
        0.027703852225643633,
        -0.038347430293932915,
        0.059580413110571405,
        -0.028199576706852674,
        0.03128343988500752,
        0.005276061596750545,
        0.007171793961173857,
        0.024621159260182053,
        0.0015423787903608226,
        -0.054440608175153844,
        0.021501691815068204,
        0.05824964463777787,
        0.023164848933903134,
        0.04866658919627824,
        -0.07073434978889288,
        0.03817655725287403,
        0.010157087015672646,
        0.00594969740767316
    ],