{
    "ParameterSet": [
        0.0,
        0.0,
        0.0,
        0.0,
        0.0,
        0.0,
        0.0,
        0.0,
        0.0,
        0.0,
        0.0,
        0.0,
        0.0,
        0.0,
        0.0,
        0.0,
        0.0,
        0.0,
        0.0,
        0.0,
        0.5044372080402942,
        0.11179573179088269,
        0.22336131133168322,
        0.5238323908959595,
        0.4897837537401469,
        0.23336879209210276,
        0.156900132397411,
        0.2705401047539295,
        0.5045759819857375,
        0.4904423579823461,
        0.2409376907772342,
        0.1710147855545038,
        0.2840915832472842,
        0.5079500341720962,
        0.4593346845127408,
        0.21835216964225468,
        0.1690032511888188,
        0.3258838945822318,
        0.5074750373643965,
        0.2620683981985637,
        -0.04,
        -0.04,
        -0.04,
        -0.04,
        -0.04,
        -0.04,
        -0.04,
        -0.04,
        -0.04,
        -0.04,
        -0.04,
        -0.04,
        -0.04,
        -0.04,
        -0.04,
        -0.04,
        -0.04,
        -0.04,
        -0.04,
        -0.04
    ],
    "SensorParameterSet": [
        -0.025851553641802253,
        0.05527422592500933,
        0.1390179848961045,
        0.009606355277206715,
        0.036965838053628894,
        -0.19358979088951125,
        0.04769037817264848,
        0.002488412411690964,
        -0.04490387145618146,
        0.0693854056335153,
        -0.14652176589086513,
        -0.030128694955367956,
        -0.019362483130796925,
        0.26708337317612496,
        0.06354895541378773,
        -0.035378353442980216,
        -0.06698077846145216,
        0.18349986278626965,
        -0.11965255160995107,
        -0.10884955954675474,
        -0.08080213224646193,
        0.03493708713748785,
        0.22949078090863995,
        -0.1431512972104259,
        -0.18631449669507202,
        -0.047832708810614265,
        -0.14425165470716197,
        -0.1041357390803687,
        -0.11184391626890691,
        -0.254986400326728,
        -0.003675374718369302,
        -0.29040183437729183,
        0.1474024458778685,
        -0.1251001778659639,
        0.08574712026325158,
        0.1287672256229421,
        -0.08155666823455815,
        -0.05694524781390225,
        -0.20747377818660023,
        0.05693707208104759,
        -0.16253075341272194,
        0.06536799772738451,
        -0.09191559808909179,
        0.07897660500387937,
        0.21476204609437993,
        -0.00288635024775844,
        0.09086462766459347,
        -0.1579053292317686,
        0.043652854614699366,
        -0.06720119395004405,
        0.113076973805374,
        0.03475063521911792,
        -0.01439685789803172,
        0.07405372242158259,
        0.20319348858943373,
        -0.07046846295936648,
        0.002319685536909924,
        0.1331189591179612,
        -0.1744411502686954,
        -0.10478337934299177
    ],
    "checked": "indirect",
    "iteration": 6,
    "noise_sensor_0": [
        0.025139972647613296,
        -0.09837576936030408,
        -0.0306052468199768,
        0.023892406495791618,
        -0.040110312373574084,
        0.04046185657922684,
        -0.008616954771175304,
        -0.07754343791144563,
        0.006408644124584257,
        0.013693524169829618,
        0.07934615377344968,
        -0.1076106288456386,
        -0.04084732752963015,
        0.007539077922829259,
        0.1521375022964797,
        0.012279321693094876,
        0.10792248789621331,
        -0.16647204652715533,
        -0.006983001303483918,
        -0.058704691557011836,
        -0.07257476116834007,
        0.06107943143343456,
        0.10983714398878969,
        -0.031739272161479225,
        0.04016606897993249,
        0.021961385360817095,
        0.07449871246195469,
        0.04483726034729398,
        0.029478993166764784,
        0.09856173903689906,
        -0.06325417764525154,
        -0.05864704966361834,
        -0.06760056092725812,
        0.03239596582097455,
        -0.005176392321741968,
        0.0033133177686358716,
        0.02501857755429171,
        0.018605434034487955,
        0.05830258437718262,
        -0.04127951303185019,
        -0.049889402290456075,
        0.04205674200125933,
        -0.053594024725397336,
        0.07539793436229053,
        -0.012424399280264342,
        -0.009910837463664005,
        0.08847511754638306,
        -0.01117603684901275,
        -0.015247415589144952,
        0.010371845003400104,
        0.018543056889233075,
        0.02607901930097722,
        -0.026464844526327504,
        -0.08065162712756332,
        -0.04754775325405819,
        -0.003690411000996388,
        -0.006760046720948948,
        -0.011275863246297457,
        0.062282413905093315,
        0.04234860545677135
    ],
    "noise_sensor_1": [
        -0.0359244811932494,
        0.043118939383452355,
        -0.04435998229037304,
        0.08566191179105334,
        0.029340955177986777,
        -0.0404648247157766,
        0.07731307728312482,
        -0.013339460511355606,
        -0.021051487527539686,
        -0.13438289592252875,
        0.004172384287251361,
        -0.0006753057155693607,
        0.0013946587003135945,
        -0.07285382409165662,
        0.12392156620790783,
        -0.16816272428320003,
        -0.030480297976174808,
        -0.04000596235791408,
        0.08375831202397555,
        0.06309837617411625,
        0.08790797348186329,
        0.04695135334202735,
        0.04518771375963132,
        0.03070705691840572,
        -0.06672528574199596,
        0.007700234413123073,
        -0.02608357547230033,
        -0.07027618095183061,
        0.09600221728218986,
        -0.006042340936966238,
        0.04294337847047783,
        -0.01801763928956913,
        -0.020495376347687545,
        0.03196348318423554,
        0.11100169003521716,
        0.1191378379104827,
        -0.04319325066414242,
        0.06429666122244367,
        0.04620835812780032,
        -0.0038106552863239355,
        -0.1129934709503536,
        0.01222205835665688,
        -0.06669769505533735,
        -0.04632509394678956,
        0.007934307898076424,
        0.09254491950101514,
        0.01395228947821986,
        0.04082524158167426,
        0.004233044638708277,
        0.058498677916031534,
        0.06371314633118598,
        -0.05716400434570905,
        -0.04507763343151414,
        -0.0008288849051895657,
        0.05553612483687769,
        -0.02522559866694147,
        -0.0735037507683716,
        0.005194424020167529,
        0.046305782411062445,
        -0.09184211754619102
    ],