{
    "ParameterSet": [
        0.0,
        0.0,
        0.0,
        0.0,
        0.0,
        0.0,
        0.0,
        0.0,
        0.0,
        0.0,
        0.0,
        0.0,
        0.0,
        0.0,
        0.0,
        0.0,
        0.0,
        0.0,
        0.0,
        0.0,
        0.5044372080402942,
        0.11179573179088269,
        0.22336131133168322,
        0.5238323908959595,
        0.4897837537401469,
        0.23336879209210276,
        0.156900132397411,
        0.2705401047539295,
        0.5045759819857375,
        0.4904423579823461,
        0.2409376907772342,
        0.1710147855545038,
        0.2840915832472842,
        0.5079500341720962,
        0.4593346845127408,
        0.21835216964225468,
        0.1690032511888188,
        0.3258838945822318,
        0.5074750373643965,
        0.2620683981985637,
        -0.04,
        -0.04,
        -0.04,
        -0.04,
        -0.04,
        -0.04,
        -0.04,
        -0.04,
        -0.04,
        -0.04,
        -0.04,
        -0.04,
        -0.04,
        -0.04,
        -0.04,
        -0.04,
        -0.04,
        -0.04,
        -0.04,
        -0.04
    ],
    "SensorParameterSet": [
        -0.0195381048528613,
        0.07427267965816356,
        0.0487505300252046,
        -0.039095827235256196,
        -0.015512815386409109,
        -0.29254892180341985,
        0.07468307706405122,
        -0.07224712078781374,
        0.07257039052163029,
        0.07370018995023749,
        -0.2172244960910291,
        -0.11969598695679765,
        0.007306655046877682,
        0.0816713785105318,
        0.19492220266008095,
        0.1467472358852525,
        -0.07649307352582656,
        0.28375032055698757,
        -0.1508312274263017,
        -0.12070492448091469,
        -0.08227721532808653,
        -0.09748001115207088,
        0.4402037401649868,
        0.048606437258016465,
        -0.19913816390532205,
        -0.09830997842173637,
        0.018892952624081152,
        -0.06855267856610633,
        -0.04340827255157128,
        0.00691887811347032,
        -0.10095743494837056,
        -0.26545932538966105,
        0.040997133094245755,
        -0.355575802878769,
        0.14842250517296618,
        0.19835312433051525,
        -0.16102755584422745,
        -0.02223527599161676,
        -0.3116215101314725,
        0.2246528899363691,
        -0.23765263565602335,
        -0.16399226423765484,
        -0.141445737580807,
        0.1399981679608796,
        0.12340945332562919,
        -0.1646612824256937,
        0.12031047582842914,
        -0.13051474022282208,
        0.1341588808682217,
        -0.043724264743249176,
        0.19232516331196656,
        -0.11905075856988066,
        0.08617145928214937,
        0.004887745808777035,
        0.21801720948086403,
        -0.18983224053756587,
        0.031173795940043988,
        0.2721371927023536,
        -0.12554519485480306,
        -0.0956832337746261
    ],
    "checked": "indirect",
    "iteration": 20,
    "noise_sensor_0": [
        -0.10060724538654923,
        0.08633256050008177,
        0.09310340834501629,
        -0.03379302730966438,
        0.05267764106896006,
        0.08419693749915552,
        -0.07318252346787821,
        -0.014049097516193477,
        -0.04723757993119008,
        -0.00697492618672755,
        -0.038483593009280635,
        -0.026527823139556747,
        -0.07217950217783557,
        -0.03769875503080424,
        -0.05993446576429461,
        -0.08499877059821803,
        0.03701622881127486,
        0.014890224823668597,
        -0.024620940258655816,
        -0.009445138107319416,
        -0.07389734461898662,
        -0.009912105971092034,
        0.12403037708458184,
        0.06651461212369161,
        -0.09158933868165609,
        -0.00857783953922645,
        0.05259338627406405,
        0.012542045992595882,
        -0.023554773465318472,
        -0.005150374918054937,
        0.05600360748149301,
        -0.031342385247498473,
        0.037681191946694274,
        0.08720564282741135,
        0.09251388840815783,
        -0.02431565221519509,
        -0.059821319578011276,
        0.011681271152746052,
        -0.08366419932585151,
        0.040953569242677006,
        0.03889739338693069,
        0.02151805447407989,
        -0.034113762322859766,
        0.1313729754376568,
        0.037430379554279976,
        -0.0034169097568750393,
        0.001993798536165295,
        -0.055314223471697156,
        0.02907708067685756,
        0.021170971999411745,
        0.07747524939478477,
        -0.09330779985554308,
        0.07562632964532427,
        0.004214234344436781,
        0.063381613280968,
        0.01898234063421977,
        0.042441715273633655,
        0.05376702142841593,
        -0.02990813194853516,
        0.02066208549263239
    ],
    "noise_sensor_1": [
        0.006169139435446554,
        0.018006559477030518,
        0.041888790209325254,
        -0.01820055575143979,
        0.016399233095303927,
        0.005230157660260213,
        -0.11995470180762353,
        0.025371159734400364,
        0.09138444425999949,
        0.03609566394661892,
        0.06576104975656619,
        0.08105023356617949,
        0.03441761424125333,
        -0.008340121567729059,
        -0.01993782129870788,
        -0.03400290717924433,
        -0.09633255522780068,
        -0.06821982413723973,
        -0.04125296929151493,
        0.0819877032887454,
        0.10528601688973883,
        0.010436526773083783,
        0.012005911550854259,
        0.05430241288889092,
        0.05639200754095081,
        -0.061638528152547924,
        -0.02669256112497911,
        -0.0005396170285203667,
        0.013863403882913187,
        -0.0017839317915023076,
        0.04787166082116331,
        -0.004241018178976423,
        -0.08057906387221168,
        -0.01424145608835076,
        0.0053959763160976665,
        -0.060104232031294356,
        -0.0015447784442234724,
        -0.13438015718249713,
        0.11879002108774263,
        0.03136790171177142,
        -0.04919899397747931,
        -0.08760338630641432,
        0.05373087030438173,
        0.07132491759956348,
        -0.02533627424143854,
        0.04461673967955843,
        0.021725302275594455,
        0.04703507312522217,
        0.09681828146120913,
        -0.006693089505734891,
        -0.01741151504116121,
        0.017591342921071108,
        0.1159867201399168,
        -0.025675572270844552,
        0.02381901202239439,
        0.06449027379570187,
        -0.0019015485272213934,
        -0.025072297596757886,
        0.1354203864282576,
        0.04100846190673558
    ],