{
    "ParameterSet": [
        0.0,
        0.0,
        0.0,
        0.0,
        0.0,
        0.0,
        0.0,
        0.0,
        0.0,
        0.0,
        0.0,
        0.0,
        0.0,
        0.0,
        0.0,
        0.0,
        0.0,
        0.0,
        0.0,
        0.0,
        0.5044372080402942,
        0.11179573179088269,
        0.22336131133168322,
        0.5238323908959595,
        0.4897837537401469,
        0.23336879209210276,
        0.156900132397411,
        0.2705401047539295,
        0.5045759819857375,
        0.4904423579823461,
        0.2409376907772342,
        0.1710147855545038,
        0.2840915832472842,
        0.5079500341720962,
        0.4593346845127408,
        0.21835216964225468,
        0.1690032511888188,
        0.3258838945822318,
        0.5074750373643965,
        0.2620683981985637,
        -0.04,
        -0.04,
        -0.04,
        -0.04,
        -0.04,
        -0.04,
        -0.04,
        -0.04,
        -0.04,
        -0.04,
        -0.04,
        -0.04,
        -0.04,
        -0.04,
        -0.04,
        -0.04,
        -0.04,
        -0.04,
        -0.04,
        -0.04
    ],
    "SensorParameterSet": [
        -0.003689816525888408,
        0.04738987261533105,
        0.08209622280160095,
        -0.06018553595620326,
        -0.020114171922953467,
        -0.14755587203037754,
        0.0415236891471679,
        -0.014161446276296334,
        -0.03133622024364132,
        0.010849084680555733,
        -0.16430422037435233,
        -0.002287589610095051,
        -0.01931996391945699,
        0.13420196709301419,
        0.09661149402188529,
        -0.08555628246631976,
        0.016296826808724428,
        0.11931211321345991,
        -0.19007903411962154,
        -0.04350254933683222,
        -0.045340062973280276,
        -0.004798113598005058,
        0.11244076564672568,
        -0.046076198100639655,
        -0.1322223045350126,
        -0.015073764200305028,
        -0.13484207665999415,
        -0.026248432964496398,
        -0.18989076395896654,
        -0.25194071168335075,
        0.025693685241903522,
        -0.21967400354971012,
        0.016314519258738714,
        -0.13013725636837967,
        0.13548746395363553,
        0.13472355707150316,
        -0.006892838625924398,
        -0.08993434862817515,
        -0.1454037588331686,
        0.11438701659434068,
        -0.12856314645367398,
        0.04657740194250243,
        -0.002358104018620958,
        0.07589994546601771,
        0.023601653609751985,
        -0.007016901287874228,
        0.0689455217123624,
        -0.15476490183229671,
        0.08016038734563283,
        -0.03494898377281599,
        0.19090008040987358,
        0.01395828419910912,
        0.006601280757876399,
        0.07751459325678241,
        0.12940888915879672,
        -0.026830918185505488,
        0.06057352860126564,
        0.03305554840219468,
        -0.09721029824170638,
        -0.03772346961753538
    ],
    "checked": "indirect",
    "iteration": 3,
    "noise_sensor_0": [
        0.0031107102554186186,
        -0.019927833776081674,
        -0.034657128903867476,
        0.051320453593005286,
        0.04289007397580147,
        -0.008735570670652016,
        0.04833380193350484,
        -0.01969112731499578,
        -0.015596899591519322,
        -0.02097440529419398,
        -0.011283672745424184,
        -0.0439770491209663,
        0.07102678849934892,
        0.09884316680416655,
        0.04096850542610264,
        0.1657834970243276,
        0.07510359664321692,
        0.1027831599415965,
        -0.05082637754184608,
        -0.028956773532563488,
        -0.05647612224304758,
        0.08289538279931558,
        -0.0763146684859103,
        -0.10008170774012037,
        -0.04829630873465803,
        -0.05467557684354268,
        -0.004798757560907285,
        -0.024697825381709386,
        -0.028494550747582302,
        0.029473927011545317,
        -0.010997249975741672,
        0.008749895887754119,
        0.03223853814868478,
        0.11516028493506653,
        0.021607527031382225,
        0.025185645654428976,
        0.024385817693746634,
        -0.0169149970883752,
        0.056175348033125475,
        -0.04368692992645437,
        0.03371771141809302,
        -0.02103675667820559,
        -0.05898156128325079,
        0.08274314536198524,
        0.0724616057589316,
        0.0363467974434222,
        -0.007042255954015059,
        -0.011360330429497788,
        -0.062455076781957664,
        0.10182403875417505,
        0.051738877229549805,
        -0.08956025582238267,
        -0.05467826231345633,
        0.08026258673932118,
        -0.024956616848805516,
        0.007190850748552498,
        0.01303424243711674,
        -0.018987662882662355,
        -0.0805695150887773,
        0.020195835485025782
    ],
    "noise_sensor_1": [
        0.044243905555341675,
        -0.09359407674138101,
        0.03889841285389445,
        0.011815905582446188,
        -0.0681225416568378,
        -0.08503372001779284,
        0.02102935905066459,
        -0.0030241054065983535,
        0.025791977236864938,
        -0.08749799681101322,
        0.06342715120967259,
        0.025476541858060375,
        -0.058043075374789734,
        0.10073697354709826,
        0.01751586973667426,
        -0.11202954280956509,
        -0.05461972562288935,
        -0.05818825143321206,
        -0.021567403537476198,
        -0.04844066502769838,
        -0.0403085248667443,
        0.12965809467828895,
        -0.013031604074068217,
        0.041386447883341594,
        -0.10937653950434736,
        0.06557966400382564,
        -0.0528448681450946,
        -0.07773337590139723,
        -0.017672630727643888,
        -0.057126179075008963,
        -0.056951828067610455,
        0.009737280779423704,
        0.03382877483671678,
        0.03406824821347092,
        0.07155665283564265,
        -0.036658026111874645,
        -0.020090669952440132,
        0.06623133278796028,
        -0.11233263728793791,
        -0.019811241823447553,
        -0.08842639783442227,
        -0.012393627874812385,
        0.010919221917129436,
        -0.07088609396734297,
        0.07691593068755709,
        0.011865269646602936,
        -0.027728071053872604,
        0.11786209384131938,
        0.032419275072863234,
        0.02680017357118178,
        -0.01847050540448105,
        0.06031561265221596,
        0.048839196958878256,
        -0.02530320154200511,
        -0.06315194184796984,
        -0.056923382626607316,
        -0.11233839158121425,
        0.07094657516770055,
        0.045244960040619855,
        0.020906885374199477
    ],