{
    "ParameterSet": [
        0.0,
        0.0,
        0.0,
        0.0,
        0.0,
        0.0,
        0.0,
        0.0,
        0.0,
        0.0,
        0.0,
        0.0,
        0.0,
        0.0,
        0.0,
        0.0,
        0.0,
        0.0,
        0.0,
        0.0,
        0.5044372080402942,
        0.11179573179088269,
        0.22336131133168322,
        0.5238323908959595,
        0.4897837537401469,
        0.23336879209210276,
        0.156900132397411,
        0.2705401047539295,
        0.5045759819857375,
        0.4904423579823461,
        0.2409376907772342,
        0.1710147855545038,
        0.2840915832472842,
        0.5079500341720962,
        0.4593346845127408,
        0.21835216964225468,
        0.1690032511888188,
        0.3258838945822318,
        0.5074750373643965,
        0.2620683981985637,
        -0.04,
        -0.04,
        -0.04,
        -0.04,
        -0.04,
        -0.04,
        -0.04,
        -0.04,
        -0.04,
        -0.04,
        -0.04,
        -0.04,
        -0.04,
        -0.04,
        -0.04,
        -0.04,
        -0.04,
        -0.04,
        -0.04,
        -0.04
    ],
    "SensorParameterSet": [
        0.020044860476609777,
        -0.15418994211031678,
        -0.2546345718628419,
        -0.22062298445775766,
        0.20998824544654882,
        -0.09211197893279918,
        0.28977391416960474,
        -0.11997906210096698,
        0.10263353237426419,
        -0.011575085897250662,
        -0.050982666554634834,
        0.047784741445989314,
        0.022796039798748554,
        -0.315493752141887,
        0.2842910511948855,
        -0.3700762274358797,
        0.3129185825363863,
        -0.07403821620117415,
        0.06468554926321762,
        0.06288821383559957,
        -0.2458381985025726,
        0.09090101050277336,
        -0.324867360252353,
        -0.142509008629819,
        0.4147705769697232,
        0.09636862896748782,
        -0.1157106286204465,
        0.019096252547755176,
        0.13887500186231533,
        -0.08532734160735046,
        0.030156467646601515,
        -0.09636748664815656,
        0.007263162737278173,
        0.04756523412379776,
        -0.15080391626816236,
        0.21038050626663135,
        0.21905627420029414,
        -0.3025466582174594,
        0.06119767965550284,
        0.15437828963537203,
        0.34630456181415303,
        0.12847288453454592,
        0.22827802090788415,
        0.02421749007019944,
        0.335189683105736,
        0.23953719004658042,
        0.13052306986113485,
        0.29287670419501505,
        0.08866491880779753,
        0.18555533565680732,
        0.27517458125621147,
        0.44042969116032643,
        0.44358692313207043,
        0.22465117205263355,
        0.8137433592720077,
        0.5082184532547874,
        -0.19644776701304748,
        0.5090153201326946,
        0.0073079049688929525,
        0.20818933521043187
    ],
    "checked": "indirect",
    "iteration": 81,
    "noise_sensor_0": [
        -0.01699368599620992,
        0.006191979085428192,
        0.031763859304725535,
        0.03872789391919444,
        0.013803083863492058,
        0.07605657710704442,
        0.02445294546517917,
        -0.026455598186072023,
        0.025759137275374867,
        0.04534662981757377,
        0.0073960482287602,
        0.0712733982616754,
        0.02594956219160471,
        -0.027250284149257273,
        -0.02894724086621026,
        0.013935348000874924,
        -0.030952457245170956,
        0.08207068743851424,
        -0.019063002605678534,
        0.0506773878580344,
        0.014074173141902152,
        0.05063880667516629,
        -0.005030525136895753,
        -0.04408417958472524,
        -0.01719079443498481,
        -0.02013032182203298,
        0.08890134207490631,
        -0.04169289143534066,
        -0.058004284653745616,
        -0.033840210614187294,
        0.047123715012850856,
        -0.02686583725100665,
        0.0022341415507994783,
        -0.027556501367025144,
        -0.04171832248454747,
        -0.0256862027435521,
        -0.023107486518193644,
        0.13875958874090255,
        -0.012724605139396206,
        0.016835331814171278,
        0.006603001548452521,
        0.03315788777416122,
        0.04624741248305769,
        0.020750389451416273,
        -0.05346940165623805,
        0.03114401118240283,
        -0.00647070617460952,
        0.06569101570271565,
        0.055404284524922624,
        0.004019590560281488,
        0.022992443148955738,
        0.026366954246817106,
        -0.06353894508610716,
        -0.0330456644022157,
        -0.012937394641732733,
        0.0375184659176088,
        -0.02973402105566315,
        -0.010837525500740372,
        -0.0029331793497154647,
        -0.03187544212142965
    ],
    "noise_sensor_1": [
        0.07740508094213089,
        0.011204821033791697,
        0.020278616865250572,
        0.033929563723644744,
        -0.08626592441320088,
        0.016911594167706104,
        -0.03682955462674366,
        0.03934643654780178,
        0.007239493286796599,
        0.0008022284672776087,
        0.0016400372593675155,
        -0.08738738313166809,
        0.03773696996053376,
        0.003598015885643023,
        -0.04338680005998552,
        0.003597909143437093,
        0.0056797226406281156,
        -0.020096161045693152,
        -0.06354433841602938,
        0.10734054114063388,
        -0.07783419925441828,
        -0.00807664661254077,
        -0.025743778964770044,
        0.015626523394677575,
        0.0013188779110068693,
        -0.05603831581493087,
        0.02960373650056741,
        0.06730112241917868,
        -0.005864078909782193,
        0.03227388647114226,
        -0.04210651278389107,
        0.057353256150595666,
        -0.008315139892849422,
        -0.019121004795474038,
        0.06660235180973756,
        -0.019635520351849345,
        -0.023915368752612687,
        0.0652275564690785,
        -0.02512377564059832,
        0.034380289435320774,
        0.0073847125364219345,
        0.0260297440118013,
        0.038518733989428795,
        -0.024980646427936588,
        0.08313106061338799,
        -0.01864218460736331,
        0.008023967811864206,
        0.055819980541310835,
        0.029740689181321476,
        -0.05106272038767341,
        -0.0012346351833260342,
        -0.039292640406264005,
        -0.049903440115183474,
        -0.010069931269601585,
        -0.01911443638523313,
        0.046711468320460164,
        0.013148830697030076,
        0.05782858105017097,
        0.023526627859345048,
        -0.07390825882633612
    ],