{
    "ParameterSet": [
        0.0,
        0.0,
        0.0,
        0.0,
        0.0,
        0.0,
        0.0,
        0.0,
        0.0,
        0.0,
        0.0,
        0.0,
        0.0,
        0.0,
        0.0,
        0.0,
        0.0,
        0.0,
        0.0,
        0.0,
        0.5044372080402942,
        0.11179573179088269,
        0.22336131133168322,
        0.5238323908959595,
        0.4897837537401469,
        0.23336879209210276,
        0.156900132397411,
        0.2705401047539295,
        0.5045759819857375,
        0.4904423579823461,
        0.2409376907772342,
        0.1710147855545038,
        0.2840915832472842,
        0.5079500341720962,
        0.4593346845127408,
        0.21835216964225468,
        0.1690032511888188,
        0.3258838945822318,
        0.5074750373643965,
        0.2620683981985637,
        -0.04,
        -0.04,
        -0.04,
        -0.04,
        -0.04,
        -0.04,
        -0.04,
        -0.04,
        -0.04,
        -0.04,
        -0.04,
        -0.04,
        -0.04,
        -0.04,
        -0.04,
        -0.04,
        -0.04,
        -0.04,
        -0.04,
        -0.04
    ],
    "SensorParameterSet": [
        -0.03721087842808754,
        0.06740378041723327,
        -0.3344800601000409,
        -0.17380751480245965,
        0.05912493914662076,
        0.03584674921109947,
        0.4187807668522941,
        -0.15019548311651365,
        -0.17018992624820548,
        -0.04448867354473466,
        0.0005004986731668778,
        0.0307633343473921,
        -0.009851247465355274,
        -0.4010981848593218,
        0.24728616635944178,
        -0.1820925654054095,
        0.17292050914156695,
        -0.08526938369471239,
        0.08125673026875758,
        0.007717959306574342,
        -0.09365210309273188,
        0.009822423812593177,
        -0.183176123808689,
        -0.3161221272506467,
        0.19313002376824775,
        0.22634304610303504,
        -0.3033643861597335,
        0.13951297201202545,
        0.026510545674447758,
        0.08785304381235529,
        -0.07216878187513837,
        -0.0657208333034353,
        -0.06535681318990139,
        -0.10096688085433532,
        -0.1511348031012084,
        0.28435210438905456,
        0.038839479706883825,
        -0.34152956914943927,
        0.21574811941368432,
        0.0999587945411573,
        0.36195949309239595,
        0.24969436392814157,
        0.24268152513507874,
        -0.016274426465158705,
        0.4398536243478287,
        0.13481903592895172,
        0.3719550805310811,
        0.3252379473633468,
        0.026288981686053,
        -0.02702995975944397,
        0.19050653671272413,
        0.44870285746863275,
        0.1847649042782513,
        0.081650627567288,
        0.6876291230445694,
        0.49418489248081776,
        -0.0844556226136779,
        0.31821674241669845,
        -0.1584088960751222,
        0.22726530562909134
    ],
    "checked": "indirect",
    "iteration": 58,
    "noise_sensor_0": [
        -0.01406052935872278,
        0.019652093147350072,
        -0.021676587753000777,
        0.07850836879341136,
        -0.0394106640141139,
        -0.05294143531960978,
        0.009468079714108008,
        -0.04107216021015247,
        -0.04250492063858442,
        -0.09190713033142393,
        -0.05102018321593836,
        -0.0017363638033761428,
        0.03876380300158639,
        0.03548420104873733,
        -0.037853981127585284,
        0.06980745509800981,
        0.05267741397683474,
        -0.018761526054301137,
        -0.022800706025078086,
        0.09636869897561329,
        0.008047078842486528,
        0.04067656793970437,
        0.025969362719014337,
        -0.006929962451877892,
        -0.059139539657979176,
        0.03070543385538706,
        -0.06259445750483228,
        0.013292804961407383,
        -0.013019712843522694,
        0.05010972668372199,
        -0.02360592946169248,
        0.0005736401405601133,
        -0.1004952423672438,
        -0.012579499786292839,
        -0.00034184701513337274,
        0.019770383575580353,
        0.0009260124506921562,
        -0.00018130235840321715,
        -0.03553495199584814,
        0.0355612885350171,
        0.03289668094606735,
        0.024698789027803834,
        0.01818502951964202,
        -0.04488488501699886,
        -0.008081127087105138,
        -0.002699769399503177,
        -0.00957776152402295,
        0.004435069756612411,
        -0.01646197948276691,
        -0.03483541436417483,
        0.008002125122832656,
        -0.0067158901618664425,
        0.022479590230503388,
        -0.07308993773206353,
        -0.04687431981536985,
        0.08429228433575808,
        -0.04239466465161912,
        0.022585830447578722,
        -0.053375043799261175,
        -0.03340001880813666
    ],
    "noise_sensor_1": [
        0.050501638592712644,
        -0.013273727445973027,
        0.04943892301379756,
        -0.014643096348565117,
        -0.0023227879327370857,
        -0.035168520097208195,
        -0.029164346992864684,
        -0.03995868887069307,
        0.01581567226244971,
        0.034425077734256695,
        0.035028787415938914,
        0.03695033032081236,
        0.03364127738531229,
        0.05834406752785624,
        0.0626001750560296,
        0.016423844896555947,
        -0.0037366380523616376,
        -0.05425702347345194,
        0.05216257850256812,
        -0.039888355244212845,
        0.04597240327568636,
        -0.0177226422565807,
        0.06115041852565476,
        -0.031000361234586743,
        0.016959292403112232,
        -0.0037889068538443965,
        -0.047092509046678374,
        0.1561933236894968,
        -0.024621609999308895,
        -0.00858133298420235,
        0.020037164039736433,
        0.05699764724146069,
        0.03801199061038619,
        -0.025177924277456437,
        0.02553069915148747,
        0.07337818478571065,
        0.040141452222453904,
        -0.01125366586084245,
        -0.006268215623759792,
        -0.00973302235994241,
        0.032124468779227096,
        -0.016233971611940623,
        -0.017041769287495373,
        0.027872503365431765,
        0.012717716219122873,
        0.022168684287627735,
        0.05677254037461469,
        -0.11703556821047267,
        -0.026770543073545726,
        -0.07105398090261465,
        0.11114930074835716,
        -0.05291224093870888,
        -0.05578474086416388,
        0.04114221948988509,
        0.056821933557915635,
        0.028652469200168007,
        0.00022463750443557905,
        -0.0034815884328692095,
        0.042507192201319384,
        0.02641529562276754
    ],