{
    "ParameterSet": [
        0.0,
        0.0,
        0.0,
        0.0,
        0.0,
        0.0,
        0.0,
        0.0,
        0.0,
        0.0,
        0.0,
        0.0,
        0.0,
        0.0,
        0.0,
        0.0,
        0.0,
        0.0,
        0.0,
        0.0,
        0.5044372080402942,
        0.11179573179088269,
        0.22336131133168322,
        0.5238323908959595,
        0.4897837537401469,
        0.23336879209210276,
        0.156900132397411,
        0.2705401047539295,
        0.5045759819857375,
        0.4904423579823461,
        0.2409376907772342,
        0.1710147855545038,
        0.2840915832472842,
        0.5079500341720962,
        0.4593346845127408,
        0.21835216964225468,
        0.1690032511888188,
        0.3258838945822318,
        0.5074750373643965,
        0.2620683981985637,
        -0.04,
        -0.04,
        -0.04,
        -0.04,
        -0.04,
        -0.04,
        -0.04,
        -0.04,
        -0.04,
        -0.04,
        -0.04,
        -0.04,
        -0.04,
        -0.04,
        -0.04,
        -0.04,
        -0.04,
        -0.04,
        -0.04,
        -0.04
    ],
    "SensorParameterSet": [
        0.03706272677699326,
        -0.07483962412340396,
        -0.3816508209391309,
        -0.3357108582229546,
        0.22960374183653234,
        -0.08115494040817456,
        0.3773224705829551,
        -0.17254171041525382,
        -0.08921576763465276,
        0.07257085084862949,
        -0.027930065677826604,
        0.142641305253035,
        0.005162272637131241,
        -0.5002027730941195,
        0.19381924846726314,
        -0.2919275256703118,
        0.281505663378634,
        -0.0362470437847925,
        0.11897335208385765,
        -0.05519875467841584,
        -0.18742477848351116,
        0.11609764453211481,
        -0.2095770683978922,
        -0.2547133714436876,
        0.38242332031442117,
        0.22488781473738814,
        -0.1988504985615652,
        0.11872100350597573,
        0.03778344226595184,
        -0.06418827389905876,
        0.07506492900351781,
        -0.08685711232242514,
        0.09261321220886759,
        -0.10294723098429097,
        -0.12963877183319358,
        0.3272592787613419,
        0.06865320645266708,
        -0.2921580788457481,
        0.12572651144573088,
        0.11675539654252506,
        0.3258010321360894,
        0.2381130413377111,
        0.25447024279781516,
        -0.07727223832963169,
        0.46830830897496173,
        0.11328827290658396,
        0.24826337064743997,
        0.21577746773385595,
        0.08027864986800953,
        -0.020803075163296568,
        0.14029719755647863,
        0.4868256133092518,
        0.25150209025762593,
        0.16050544760501173,
        0.7299226428965584,
        0.5452894629555003,
        -0.10831008699054696,
        0.4100795940719514,
        -0.06811955650505279,
        0.19634974701735725
    ],
    "checked": "indirect",
    "iteration": 69,
    "noise_sensor_0": [
        0.0291825139287471,
        0.03611233871946095,
        -0.021350161149463594,
        -0.006334998500446964,
        0.0022803706794789942,
        0.029995886387663793,
        0.015306360198417726,
        -0.038841438619632664,
        -0.03898822611636439,
        0.011053901619468003,
        -0.03589070763394042,
        -0.002279924400900962,
        0.04043679594650456,
        -0.04032035816596051,
        0.07979796322742252,
        -0.14902739767041806,
        -0.01860967296517622,
        0.07006256649034716,
        0.0017997790708981177,
        -0.04473123182181153,
        -0.08121134525136532,
        0.013999418075908415,
        0.0004433757343645519,
        -0.03945810959483442,
        0.07161822162508165,
        -0.021148698922167922,
        -0.04548865774241562,
        0.06181649493411846,
        0.057498851786620286,
        0.0576708530563697,
        0.034661054119105486,
        -0.013948934295789832,
        0.026837427410081334,
        -0.013347827362717385,
        -0.02036216837653608,
        0.03310815294768755,
        -0.024283444921287676,
        0.05149679123514215,
        0.017174651737107215,
        -0.07437660463092344,
        -0.0003965964286640281,
        0.002726405246315812,
        -0.02677021893223196,
        -0.048579347431753024,
        -0.08045312451886412,
        0.08374668808755222,
        0.013304969438862906,
        -0.02187008832342996,
        -0.00944162157970132,
        -0.003037213319237112,
        0.0016283416265462853,
        -0.02919401402888522,
        -0.007394802973643191,
        0.04448405070020114,
        -0.02813217978237166,
        -0.00365991201823911,
        0.010104882568241871,
        0.00683612949783426,
        0.014048236241444578,
        -0.05080886999739512
    ],
    "noise_sensor_1": [
        -0.05289135182564383,
        -0.009368417971413655,
        -0.02645981933634173,
        -0.008004304633210823,
        0.043287261108539345,
        -0.009872175872717883,
        -0.06626821200693415,
        0.03671311586735123,
        -0.014714796012905033,
        0.00782737381671788,
        -0.024293836725518634,
        -0.07775104691193338,
        -0.041989820858704535,
        0.04148947310394787,
        -0.021353944583521658,
        -0.013645618584845177,
        0.06754138921276391,
        0.051015419077886724,
        -0.033768326747909645,
        -0.02637662385906302,
        -0.02604757750045725,
        0.07388397284039055,
        0.01892695822998535,
        -0.06349698862343266,
        -0.026454618731126287,
        -0.023071202080705767,
        -0.0272640061837588,
        0.010413109026498304,
        0.023521658213599972,
        -0.06448676471528561,
        -0.011067929189164053,
        -0.045269789217854316,
        -0.011084015556333666,
        0.015372260427544287,
        -0.014962035088291912,
        0.03580035212549874,
        -0.02071096360991179,
        0.004581152929632853,
        0.02324563337166098,
        -0.004002689978845459,
        -0.04208006490057675,
        -0.0009411085757397978,
        0.09962069216972694,
        -0.0011180741994839356,
        -0.030053124174259486,
        0.08147186158932367,
        -0.06705258112897952,
        0.02397222966996917,
        -0.0018704550975299275,
        -0.0038561892390439273,
        0.03145637229141052,
        0.05794393115475211,
        -0.02566613635514788,
        0.051042334610926304,
        -0.022310025706597528,
        0.022994385376924442,
        0.06821460056527706,
        -0.0074725877715453495,
        0.0029904619625622506,
        0.016323016343391776
    ],