{
    "ParameterSet": [
        0.0,
        0.0,
        0.0,
        0.0,
        0.0,
        0.0,
        0.0,
        0.0,
        0.0,
        0.0,
        0.0,
        0.0,
        0.0,
        0.0,
        0.0,
        0.0,
        0.0,
        0.0,
        0.0,
        0.0,
        0.5044372080402942,
        0.11179573179088269,
        0.22336131133168322,
        0.5238323908959595,
        0.4897837537401469,
        0.23336879209210276,
        0.156900132397411,
        0.2705401047539295,
        0.5045759819857375,
        0.4904423579823461,
        0.2409376907772342,
        0.1710147855545038,
        0.2840915832472842,
        0.5079500341720962,
        0.4593346845127408,
        0.21835216964225468,
        0.1690032511888188,
        0.3258838945822318,
        0.5074750373643965,
        0.2620683981985637,
        -0.04,
        -0.04,
        -0.04,
        -0.04,
        -0.04,
        -0.04,
        -0.04,
        -0.04,
        -0.04,
        -0.04,
        -0.04,
        -0.04,
        -0.04,
        -0.04,
        -0.04,
        -0.04,
        -0.04,
        -0.04,
        -0.04,
        -0.04
    ],
    "SensorParameterSet": [
        -0.3522251547851596,
        0.2714002663584003,
        0.07253527692609239,
        0.47841477909181435,
        -0.9335287937000926,
        -0.28197773982129337,
        -0.260157092108128,
        -0.5506617516097095,
        -0.7222084371251072,
        0.239730213612992,
        -0.43460329474108333,
        0.7125455821898107,
        -0.6110590118037129,
        0.6154716322977474,
        -0.06123907248777045,
        0.5344292647042493,
        -0.011073920454893553,
        0.011896023270244785,
        0.4756038186827273,
        0.5615556409981248,
        0.33161029797402763,
        -0.413080197143204,
        0.06563702108651084,
        -0.8805248046493116,
        -0.004772830056531105,
        -0.024523689391220394,
        -0.7203857546587867,
        -0.9187786823579684,
        0.08950031474610888,
        -0.41854582298380344,
        -0.4782157761893328,
        -0.06162483169106961,
        -1.1735677779625417,
        -1.1662536034354438,
        0.21018595260256728,
        -1.3014547900378102,
        -0.4010776790522314,
        -0.9521715047968872,
        -0.396299532149388,
        -0.2616832344882713,
        -0.47990792445649705,
        0.28319908059118726,
        -0.4034297955455417,
        0.3632220781387014,
        -0.048415712690528634,
        0.47489673788515335,
        0.28727242544956405,
        0.2614672416511355,
        -0.12205927845650812,
        -0.4595153760591857,
        0.7758449682510913,
        -0.16268107304625326,
        0.04109604012624804,
        0.53125232074452,
        -0.3435848065014421,
        0.4063394150296866,
        -0.8556949145481108,
        -0.6796191225265691,
        -0.4059911657195876,
        -0.08798279978877369
    ],
    "checked": "indirect",
    "iteration": 84,
    "noise_sensor_0": [
        -0.0002538367355670054,
        -0.054360763955090145,
        -0.019786700074546342,
        -0.06834194965335891,
        0.1032174641298711,
        -0.052177573534100755,
        -0.04294460216923655,
        0.0034986032494366084,
        0.030500145180845938,
        0.1100456120459625,
        -0.037582352717712465,
        -0.07465935464633315,
        -0.0017044207711692195,
        0.03858263579433747,
        -0.05275362036550576,
        0.05149718129484746,
        -0.015790028439991444,
        -0.044278957973306235,
        0.07791112603878665,
        0.11346061841923458,
        -0.05616244440430317,
        -0.05466060880158464,
        -0.06868106515606609,
        -0.08123541351582872,
        0.03852214852266321,
        0.03306068828392784,
        -0.012393561046944794,
        -0.04415422372378602,
        -0.03691297865338272,
        0.016885076365366947,
        0.03635417127349023,
        0.05926411492190386,
        -0.025775434472481058,
        -0.048962734563907234,
        -0.011010230312347815,
        0.03348081650174928,
        -0.043828684729121326,
        0.059912596154249154,
        0.05527239279522999,
        0.12391432430570319,
        0.020934247387972404,
        -0.1272009718806982,
        -0.1255862341354578,
        0.07132965451296165,
        0.012559246037977345,
        0.06839167717550816,
        0.13792744960419273,
        0.005303159086737287,
        0.007982973120378172,
        -0.09694831576278674,
        0.06104215868324245,
        0.0924224781359953,
        -0.026502098880692715,
        -0.001965538345479526,
        -0.008861348361716086,
        0.07561450398869679,
        -0.02268855316139678,
        0.01835560647882592,
        -0.08671984181541871,
        0.0007443392482514298
    ],
    "noise_sensor_1": [
        0.005457972309947873,
        0.04745359518197247,
        0.01795396570993227,
        0.09696500110992011,
        0.07186931802341749,
        0.01077358301591632,
        -0.0017613488922081993,
        0.09791441337842258,
        -0.04778224583753451,
        -0.014732601275507476,
        -0.07124263782801657,
        0.013706985913773994,
        0.012828432099809464,
        -0.05061581047560513,
        0.03446312633647002,
        0.07136085310779375,
        0.014667160754292483,
        -0.03910968297805746,
        0.025158180279812887,
        -0.055855318635800955,
        0.018770973242212805,
        -0.07331138945552476,
        -0.05618809643488262,
        0.12304610299762113,
        0.01948703914184476,
        0.020843505766815658,
        0.05848462270279778,
        -0.053212287454645964,
        -0.05012798117722365,
        0.1463798604269381,
        0.011127262312763017,
        0.025272515940862512,
        -0.15930979107549714,
        0.035031436120774875,
        -0.10211623985030188,
        -0.0044154183173991685,
        0.09617404765565091,
        -0.0041276289904120245,
        0.033849821257659826,
        -0.12193884705542032,
        0.022395043071275864,
        -0.0558320521810752,
        0.07749547142147502,
        -0.14378154194603937,
        -0.044434567006866814,
        0.007157603316438981,
        0.01878905694354491,
        0.08416187198918612,
        -0.12721037655592835,
        0.09935645828319273,
        0.1307678198818707,
        0.03583113528988104,
        0.03392486272625306,
        0.08851462585591438,
        0.03825681061867193,
        0.009349999252700006,
        0.048051506728823995,
        0.029231151828476472,
        0.010495040219041182,
        -0.013708451727477864
    ],