{
    "ParameterSet": [
        0.0,
        0.0,
        0.0,
        0.0,
        0.0,
        0.0,
        0.0,
        0.0,
        0.0,
        0.0,
        0.0,
        0.0,
        0.0,
        0.0,
        0.0,
        0.0,
        0.0,
        0.0,
        0.0,
        0.0,
        0.5044372080402942,
        0.11179573179088269,
        0.22336131133168322,
        0.5238323908959595,
        0.4897837537401469,
        0.23336879209210276,
        0.156900132397411,
        0.2705401047539295,
        0.5045759819857375,
        0.4904423579823461,
        0.2409376907772342,
        0.1710147855545038,
        0.2840915832472842,
        0.5079500341720962,
        0.4593346845127408,
        0.21835216964225468,
        0.1690032511888188,
        0.3258838945822318,
        0.5074750373643965,
        0.2620683981985637,
        -0.04,
        -0.04,
        -0.04,
        -0.04,
        -0.04,
        -0.04,
        -0.04,
        -0.04,
        -0.04,
        -0.04,
        -0.04,
        -0.04,
        -0.04,
        -0.04,
        -0.04,
        -0.04,
        -0.04,
        -0.04,
        -0.04,
        -0.04
    ],
    "SensorParameterSet": [
        -0.5325694502320633,
        -0.1870235708286852,
        0.29284116228714885,
        0.14404450300779226,
        -0.36598468386978,
        -0.11028261290553296,
        -0.49317356342992386,
        -0.925709121581248,
        -0.3089628217825182,
        0.5019989302580375,
        0.15402603624680022,
        -0.13940255418535558,
        -0.5376974569744877,
        0.2732163020304546,
        -0.1361844501937307,
        0.3044400713947002,
        0.22362469068526475,
        -0.20768685497615597,
        0.44258153132551337,
        0.27681757736604895,
        0.5072018513643084,
        -0.2487177173512584,
        0.0071527816359046766,
        -0.3199073876839276,
        0.19622584293676815,
        0.214520461361276,
        -0.2884725298373902,
        -0.3653043859743211,
        -0.232372142922649,
        -0.2983067973363605,
        -0.44422994809601235,
        -0.06763978164285249,
        -0.8353310055831185,
        -0.9746725575399735,
        0.19882841145426844,
        -0.35661745689335794,
        -0.0775017074166394,
        -0.8700389846801438,
        -0.1147111647117847,
        -0.38401694172123,
        0.2741636557472528,
        0.23424949859080074,
        -0.08299277650414662,
        0.10669490288579321,
        -0.16278793523379348,
        -0.0911789424118504,
        0.29604466476315705,
        0.15574430399611575,
        0.22142435212998457,
        -0.403625112684585,
        0.5971230503714432,
        -0.03958714851089918,
        0.7619220780925823,
        0.20246891294394087,
        -0.45878368404695813,
        0.06647985845885006,
        -0.3952495451948632,
        -0.5913899343378113,
        -0.22908657824927822,
        0.4376268269963786
    ],
    "checked": "indirect",
    "iteration": 28,
    "noise_sensor_0": [
        -0.0450811509241846,
        0.1397587310188709,
        -0.0009394196191667403,
        -0.13452102283745987,
        -0.03666844059333903,
        0.043374224634573084,
        -0.03319198528564695,
        -0.03142795652661411,
        -0.10088901877492658,
        -0.016275862740404736,
        -0.046993035928464044,
        -0.04952308312533571,
        -0.049557194344617736,
        0.0027765605098934096,
        0.11665366102436617,
        0.1069121850686645,
        -0.005174844778756572,
        0.03729188601697294,
        -0.08556898250870533,
        -0.09186867990410061,
        -0.021257815169364827,
        0.10018033217590389,
        -0.03342054274071711,
        -0.020603180526517023,
        -0.10572393836520237,
        -0.005153366991359578,
        -0.02969621033200938,
        0.04788682234504145,
        0.07431528866585854,
        -0.05825315771770382,
        0.0459025054222342,
        0.26341282115010645,
        -0.04926071388876709,
        -0.016939747521210836,
        -0.05445893716136529,
        0.1258313215919619,
        -0.04183080742574345,
        0.004806629801032019,
        -0.1048255644870943,
        -0.046447215378268805,
        0.02638572268160954,
        -0.07447068312431405,
        -0.015228297476190669,
        -0.05302803534839562,
        0.15908515983375718,
        -0.02437319954949627,
        -0.008473507197252662,
        -0.05323158291566235,
        0.04626922712590675,
        0.003541115064447097,
        -0.1292169158041577,
        -0.07521622438339505,
        0.14629528003990094,
        -0.002130122482809866,
        0.05171381646163987,
        -0.0901569644512885,
        0.07333238242725401,
        -0.01908884335960193,
        -0.1925296496792684,
        -0.022589185722386017
    ],
    "noise_sensor_1": [
        0.08799092270744911,
        0.09215183160284042,
        0.17871110633569812,
        -0.06694357291238426,
        0.14013077684586658,
        0.10991341040292445,
        0.04441086807272663,
        -0.1303996361932361,
        0.008556373823068961,
        -0.042952276741501434,
        -0.27411575850379016,
        -0.18183278624301133,
        0.17198940799859141,
        -0.03766939290136695,
        -0.0808691004140475,
        -0.05191271258940041,
        0.13583404292440018,
        -0.04156238445877015,
        -0.05017869178301227,
        0.19843940325333365,
        -0.10210019578824141,
        -0.14150495451487854,
        0.0828859747069895,
        0.05307937619644371,
        0.04349941011965164,
        0.1307555462991729,
        -0.050176841014249685,
        0.10177232798300319,
        -0.16938900869953605,
        -0.07820301265785348,
        -0.15982057896040971,
        0.02886301595896826,
        -0.06908094418740346,
        -0.07837663324640004,
        0.1266329038946741,
        0.02205963034257678,
        -0.03592209748440646,
        -0.02268383551726943,
        -0.005422013222274099,
        0.13308303349292067,
        -0.05145086073265234,
        -0.007958700825100794,
        0.012408800615531096,
        0.02067959080924088,
        0.07378874368126319,
        -0.10375974566622173,
        0.04741857756180684,
        -0.0633352730130973,
        -0.10489478567386902,
        0.10132718022138648,
        -0.020646933403399653,
        0.024400283195866197,
        -0.05775400366843937,
        0.08589453483164695,
        -0.1043839703134977,
        0.004289858659540734,
        -0.0321868466813712,
        -0.10681767195551439,
        0.008919137295012883,
        -0.016503306502312798
    ],