{
    "ParameterSet": [
        0.0,
        0.0,
        0.0,
        0.0,
        0.0,
        0.0,
        0.0,
        0.0,
        0.0,
        0.0,
        0.0,
        0.0,
        0.0,
        0.0,
        0.0,
        0.0,
        0.0,
        0.0,
        0.0,
        0.0,
        0.5044372080402942,
        0.11179573179088269,
        0.22336131133168322,
        0.5238323908959595,
        0.4897837537401469,
        0.23336879209210276,
        0.156900132397411,
        0.2705401047539295,
        0.5045759819857375,
        0.4904423579823461,
        0.2409376907772342,
        0.1710147855545038,
        0.2840915832472842,
        0.5079500341720962,
        0.4593346845127408,
        0.21835216964225468,
        0.1690032511888188,
        0.3258838945822318,
        0.5074750373643965,
        0.2620683981985637,
        -0.04,
        -0.04,
        -0.04,
        -0.04,
        -0.04,
        -0.04,
        -0.04,
        -0.04,
        -0.04,
        -0.04,
        -0.04,
        -0.04,
        -0.04,
        -0.04,
        -0.04,
        -0.04,
        -0.04,
        -0.04,
        -0.04,
        -0.04
    ],
    "SensorParameterSet": [
        -0.3833609222709423,
        0.05118166010164121,
        0.07295572090122994,
        0.08061821342187106,
        -0.7609139631348377,
        -0.104548574030132,
        -0.25158537199972647,
        -0.671115590340412,
        -0.747283680562353,
        0.46417065364093835,
        -0.11907353479498936,
        0.6128181033422876,
        -0.622026345187101,
        0.5217839277594591,
        -0.07244464856227795,
        0.3428135104700823,
        -0.45013732510989707,
        0.012271503897521395,
        0.20838717943397964,
        0.7475212297362882,
        0.48421098532555634,
        -0.4637097025720311,
        0.29261476430359723,
        -0.5455120217488343,
        0.35686818417370825,
        -0.1613328277536399,
        -0.5148028652499557,
        -0.7018441456142152,
        0.022264136947162998,
        -0.3362340810888999,
        -0.49222787492534764,
        0.007211557544355181,
        -1.4423013014120458,
        -0.8181842227285414,
        0.04383881932950172,
        -1.243994790998384,
        -0.42556094826576224,
        -1.0623862867628329,
        -0.3069150852669104,
        -0.4371647695104055,
        0.25057165091799954,
        0.42992928900722166,
        -0.05742806601490209,
        0.2263798133841977,
        -0.16668578550468663,
        0.2387827077394184,
        0.4562625151573756,
        0.19268726554510074,
        0.10259301560600254,
        -0.587654911999922,
        0.6853896446305123,
        -0.5535372323864571,
        0.16385340609195262,
        0.4469931071558183,
        -0.3875443600738926,
        -0.18819276688375883,
        -0.39940918133709663,
        -0.7712398087753981,
        -0.4808200631991217,
        0.016593371437007867
    ],
    "checked": "indirect",
    "iteration": 50,
    "noise_sensor_0": [
        0.021336739936663407,
        -0.04234938011365948,
        -0.031564315257740186,
        0.020835791902971808,
        0.0023917431617845914,
        -0.09168833872153005,
        -0.07826379212298992,
        0.0066505878409504685,
        0.010987298824674465,
        0.010557944262753024,
        0.08911540253929046,
        -0.0035237209257197332,
        -0.08243761746289319,
        -0.07854101813542945,
        -0.06179183728324121,
        -0.08632749661576403,
        0.006881511110792706,
        0.00022851449095377137,
        -0.0204371203256659,
        0.00551702360008666,
        0.12607102254023428,
        0.16943225728657013,
        0.03750017920520138,
        0.13822020922439332,
        -0.01238537452412504,
        -0.0005524317422222693,
        -0.009338259720826117,
        0.04969377496296838,
        -0.055727420857592615,
        0.03075615225400655,
        -0.00018490261625037668,
        -0.06580467421300944,
        0.1266881704030471,
        -0.14974062030731755,
        0.13616293462308954,
        0.10284690623159572,
        0.053042166003798345,
        0.008452985152697143,
        -0.09374919836306826,
        0.03667653954995233,
        -0.059518291675728835,
        0.0071652478316416145,
        -0.06948966403948394,
        -0.059753885038181284,
        -0.06332057543157867,
        -0.07691077951988924,
        0.20432004842750914,
        0.10741060957300812,
        0.02068379786599345,
        0.04006273813861969,
        0.003611722099946991,
        0.002280285943965006,
        0.18755752193817218,
        -0.014454343748204717,
        -0.029861542273400397,
        -0.09352375987360842,
        -0.045008617156546346,
        0.16773757194221076,
        -0.10970452467347405,
        -0.025633688888363076
    ],
    "noise_sensor_1": [
        -0.003237839546812932,
        -0.1341702817876415,
        0.13243709241854826,
        -0.005186607749881889,
        0.04407952259893007,
        0.068095347090055,
        0.04296546721729612,
        -0.07136666911952835,
        -0.03093389131522251,
        0.04398154462640319,
        -0.006447224744025005,
        -0.010716117425001564,
        -0.10944744267152794,
        0.07064175885112138,
        0.09507691994132318,
        0.0049625526292895634,
        0.068700767874879,
        0.03409027119015775,
        0.09660035970872823,
        -0.038617148230856393,
        0.046382480140106236,
        -0.09673288097588832,
        -0.01886549340835836,
        -0.08442326790430166,
        0.010831750166344177,
        0.1203349392039696,
        -0.07531210504934589,
        0.12817922815056496,
        -0.027981467593696796,
        -0.07823940367327674,
        -0.05994986455904041,
        0.09351356001497492,
        -0.1297401131925883,
        -0.06519536629585507,
        -0.03606203840030697,
        0.049492868999349626,
        -0.10408285299181753,
        -0.12840079150549596,
        0.13522130519280182,
        -0.04238370686173531,
        -0.0953854090853969,
        -0.003312875630216627,
        0.08855239054137845,
        0.0652104346180532,
        0.00115731264830222,
        -0.08699161033275578,
        -0.13416250024129703,
        0.006045125106336557,
        0.09730536327641276,
        -0.14804620319051706,
        -0.12698835069622072,
        0.027986940376311793,
        0.007867323900884763,
        -0.02883780045255011,
        -0.04742150314607609,
        -0.12544930491958134,
        -0.0005819894489271486,
        -0.035173554687778566,
        0.03034116613557673,
        0.052098298253876574
    ],