{
    "ParameterSet": [
        0.0,
        0.0,
        0.0,
        0.0,
        0.0,
        0.0,
        0.0,
        0.0,
        0.0,
        0.0,
        0.0,
        0.0,
        0.0,
        0.0,
        0.0,
        0.0,
        0.0,
        0.0,
        0.0,
        0.0,
        0.5044372080402942,
        0.11179573179088269,
        0.22336131133168322,
        0.5238323908959595,
        0.4897837537401469,
        0.23336879209210276,
        0.156900132397411,
        0.2705401047539295,
        0.5045759819857375,
        0.4904423579823461,
        0.2409376907772342,
        0.1710147855545038,
        0.2840915832472842,
        0.5079500341720962,
        0.4593346845127408,
        0.21835216964225468,
        0.1690032511888188,
        0.3258838945822318,
        0.5074750373643965,
        0.2620683981985637,
        -0.04,
        -0.04,
        -0.04,
        -0.04,
        -0.04,
        -0.04,
        -0.04,
        -0.04,
        -0.04,
        -0.04,
        -0.04,
        -0.04,
        -0.04,
        -0.04,
        -0.04,
        -0.04,
        -0.04,
        -0.04,
        -0.04,
        -0.04
    ],
    "SensorParameterSet": [
        -0.3714754723346484,
        0.2971782758990404,
        0.08360085242848261,
        0.45737762717295105,
        -0.9703849987818987,
        -0.2636292592045409,
        -0.3005065771387897,
        -0.5804949148170367,
        -0.7250435068570251,
        0.31037202706070344,
        -0.4227839552245333,
        0.5885463337089173,
        -0.6638827053945966,
        0.6257281477572355,
        -0.1431636667862999,
        0.4967853645238959,
        0.1352597236329091,
        -0.02099655380518781,
        0.4941361795813404,
        0.5946686008271388,
        0.2640265029082235,
        -0.37920898280174203,
        0.05955241735042683,
        -0.8583100102259551,
        -0.020342426143969368,
        -0.020946470741347808,
        -0.6741493907374926,
        -0.8694063300012503,
        0.1164795204557643,
        -0.4465136733025812,
        -0.5400881802782374,
        -0.07992010665928256,
        -1.1727888173292087,
        -1.1792739002114216,
        0.1754829883333857,
        -1.298991466567485,
        -0.23114691348555,
        -0.968463715387003,
        -0.3589784231052344,
        -0.2110739458170966,
        -0.41320617353353206,
        0.2165517080946041,
        -0.4311912734812412,
        0.28492660700296857,
        -0.040576812959454006,
        0.46890161091384563,
        0.27464626786674096,
        0.34124407877126206,
        -0.11374947852373332,
        -0.4697822259479528,
        0.7780037462859266,
        -0.0841460034189097,
        0.012986725965126218,
        0.5465549262118405,
        -0.40586127739390626,
        0.44202077566065057,
        -0.7263002931748599,
        -0.7112095497953302,
        -0.372369758303806,
        -0.00031611148143235145
    ],
    "checked": "indirect",
    "iteration": 82,
    "noise_sensor_0": [
        0.009888873196598456,
        0.04012300587468521,
        0.08149868875583244,
        -0.040034939322526386,
        0.046378109930788565,
        -0.01816944611550003,
        -0.03523079909070936,
        0.11365131305861109,
        -0.04391407397200126,
        -0.08706551132044665,
        0.05825784916320998,
        -0.034986551535682225,
        0.046505396841119324,
        -0.12557643069452412,
        0.008397689638647813,
        0.05251398415399346,
        0.02853745906128962,
        0.02086074599701589,
        -0.0603932376993326,
        -0.11289151381455935,
        0.002783215171563292,
        -0.06659743352943033,
        0.0415186350809064,
        0.07550160606406547,
        -0.031042807071854948,
        -0.010630792625520948,
        0.05296937855044089,
        0.12140239802759839,
        0.07706808621098006,
        -0.06908537164540503,
        -0.06305165998047535,
        0.05757137113667416,
        0.05058163776029137,
        -0.06153798048323898,
        0.09543152176984568,
        -0.051444671932076955,
        -0.10177539298960069,
        -0.012276995587259164,
        -0.0803799189443573,
        -0.02798973778926061,
        0.008371514736477015,
        -0.026982323463043124,
        0.08453623042617996,
        -0.06876579114244712,
        -0.02937619978157174,
        -0.0066686589492016505,
        -0.03401021101889898,
        -0.06730656167584438,
        -0.0786706427256113,
        -0.03767273418735575,
        0.04265131092604508,
        -0.14438807713373564,
        -0.0750416595632255,
        0.03560636587113247,
        0.02177182830549654,
        0.03875468235551051,
        0.06421521818963204,
        -0.09141524769747936,
        -0.037720367629741125,
        -0.019337985919359778
    ],
    "noise_sensor_1": [
        0.05373016104158115,
        0.15811139528216683,
        -0.04187964548706279,
        0.08189012379521196,
        0.0356865887613727,
        -0.023762938557954888,
        -0.05153915401065542,
        -0.07749561415315732,
        -0.07411126210815752,
        0.04252835410858054,
        -0.003789051395594988,
        0.040166740176691675,
        -0.1453395510565907,
        0.08779976919570275,
        -0.08165931360810376,
        0.05057928475798901,
        0.024604835303809348,
        0.09351775248602812,
        -0.17803175695615955,
        -0.015711500362711923,
        0.037174205488080536,
        0.08752375056460139,
        0.0008310971648822272,
        -0.030295738016907305,
        -0.05989702780883325,
        -0.10917464553862379,
        0.07404330771104234,
        0.06672749767929574,
        -0.09942941348259518,
        -0.0012751080025887045,
        -0.04103684440567853,
        0.0701981731771043,
        -0.1529386808180613,
        0.044405178064328914,
        -0.0735386055845958,
        0.06192845566100028,
        0.05392317619816813,
        -0.026121891419506993,
        0.003950323432146406,
        -0.08245494021121647,
        -0.10648937529305878,
        -0.007637917248744259,
        -0.0023890320789178784,
        0.03184435213300941,
        0.029877801670696723,
        0.04640778380779685,
        -0.04425295833356946,
        -0.07062181914345644,
        -0.04061524742956019,
        -0.054816361107901626,
        0.01438706804674996,
        -0.04981754336964098,
        -0.07935383061603915,
        0.004754037135085905,
        0.007614981007890895,
        0.137293554682381,
        -0.03254398071564427,
        0.02780527348332796,
        -0.003583051412261969,
        -0.016177659961593358
    ],