{
    "ParameterSet": [
        0.0,
        0.0,
        0.0,
        0.0,
        0.0,
        0.0,
        0.0,
        0.0,
        0.0,
        0.0,
        0.0,
        0.0,
        0.0,
        0.0,
        0.0,
        0.0,
        0.0,
        0.0,
        0.0,
        0.0,
        0.5044372080402942,
        0.11179573179088269,
        0.22336131133168322,
        0.5238323908959595,
        0.4897837537401469,
        0.23336879209210276,
        0.156900132397411,
        0.2705401047539295,
        0.5045759819857375,
        0.4904423579823461,
        0.2409376907772342,
        0.1710147855545038,
        0.2840915832472842,
        0.5079500341720962,
        0.4593346845127408,
        0.21835216964225468,
        0.1690032511888188,
        0.3258838945822318,
        0.5074750373643965,
        0.2620683981985637,
        -0.04,
        -0.04,
        -0.04,
        -0.04,
        -0.04,
        -0.04,
        -0.04,
        -0.04,
        -0.04,
        -0.04,
        -0.04,
        -0.04,
        -0.04,
        -0.04,
        -0.04,
        -0.04,
        -0.04,
        -0.04,
        -0.04,
        -0.04
    ],
    "SensorParameterSet": [
        -0.6610158980442291,
        0.3651340895723215,
        0.26024030103704054,
        0.2596920002329575,
        -1.112400608341007,
        -0.4330521368013833,
        -0.49534831411069496,
        -0.7555936939424011,
        -0.6180164393879503,
        0.015484242273885415,
        -0.16729762467215753,
        0.6808090947377299,
        -0.4959907811179654,
        0.5701875579456325,
        -0.05760629321856205,
        0.6905603719856054,
        0.0014251617458117215,
        -0.03244919142762456,
        0.44680267474104984,
        0.5262061326096391,
        0.3855313587354825,
        -0.657978316812314,
        0.23336072368196709,
        -0.749740534019981,
        0.22188954504179514,
        0.32083668052605896,
        -0.8113486301523457,
        -1.346584298448157,
        -0.4869030073884855,
        -0.8012591931397257,
        -0.7133058533652911,
        -0.3604670296697018,
        -1.2845488093786415,
        -1.441305524461301,
        0.28882098309927207,
        -1.3555516878595018,
        -0.3189943312051603,
        -1.0259220382556982,
        -0.49273209048559835,
        -0.25087825456660945,
        -0.34740037700919596,
        0.43326732849214405,
        -0.38398449059448164,
        0.2285856864154707,
        -0.3674323845797044,
        0.7133919144206889,
        0.39488882669765396,
        0.2295401401671845,
        -0.2973609685237081,
        -0.5031536890858239,
        0.7960732904226291,
        -0.14217840560412778,
        0.18951463295481133,
        0.6691565266035259,
        -0.4719945280143064,
        0.4441577439513595,
        -0.9002042245022993,
        -1.0562239236775823,
        -0.40841069571864014,
        -0.005678903340249693
    ],
    "checked": "indirect",
    "iteration": 100,
    "noise_sensor_0": [
        0.10344657134097941,
        -0.029971545782866673,
        -0.03293991762009894,
        -0.05853025752386595,
        0.1165808499066083,
        0.01238178437031041,
        -0.13271589700723546,
        0.06399748348711877,
        0.07753019090364333,
        0.06797130052277885,
        0.10903848488800437,
        0.12400089154116103,
        -0.008228244744084982,
        -0.02377796352273846,
        -0.010556192368475222,
        -0.048757141681869134,
        0.002453240843001211,
        -0.04149202665664734,
        -0.01714077501624714,
        -0.05289978274178848,
        0.10639608119179503,
        -0.09507896922412422,
        0.00033413429638629076,
        0.022445402279275436,
        -0.07373914092957128,
        -0.05763545378686403,
        0.03942686049099599,
        0.07930222303505444,
        0.0018952113620741117,
        -0.0266801410095628,
        -0.11475157851476595,
        0.055135627699389456,
        0.06669948849941007,
        0.02283410966445372,
        -0.024113388168920807,
        0.048062691551032044,
        -0.0016386716836106871,
        0.08812511616875215,
        0.04318448362591749,
        0.05204909030079166,
        0.02624913042351563,
        -0.03769694096646997,
        -0.0780957707474231,
        0.03022758839724307,
        -0.008272539582849214,
        -0.039947311382179856,
        0.051982973318493386,
        -0.08718632197476547,
        -0.08855850508876252,
        -0.045599595753475046,
        -0.000471962162007566,
        -0.06137677662425941,
        0.03911356875020344,
        0.03523401732323253,
        0.05672284867233816,
        -0.05778528144747097,
        0.058664137997834126,
        -0.06634980811680692,
        0.017552218791123383,
        0.08808175755638788
    ],
    "noise_sensor_1": [
        -0.013159160125254034,
        -0.027813117245029374,
        -0.0792111628752582,
        0.033316786377263624,
        0.0068213695038553445,
        -0.11192167709955811,
        -0.07021401909913269,
        0.0035662444303154964,
        -0.029630074044024145,
        -0.0723856082033194,
        -0.008909748803147172,
        0.1167749823910222,
        0.0628794923756883,
        0.046212866987138064,
        -0.062176694957829265,
        -0.02578407392885088,
        -0.04362122132494757,
        0.01093935086466371,
        0.06882491564948719,
        -0.028285396644937795,
        0.07950938068124686,
        0.08797852348545694,
        -0.03595386539777193,
        0.056244101866004474,
        0.04593484019454302,
        0.05181088229697048,
        0.06351378819898285,
        0.055896654430253004,
        0.009550038717091586,
        -0.049600589284006805,
        0.09755427443703342,
        -0.013953719111196142,
        -0.07270711210736465,
        -0.1147931048610329,
        -0.0016217384608306039,
        -0.03657035722152679,
        -0.14384790698910027,
        -0.09324451439073703,
        0.13627846842614882,
        0.06296277673841133,
        0.002054381203527616,
        0.04546225755527014,
        0.05710418254203446,
        0.020750338797721597,
        -0.0005046647129970107,
        0.05633135552927004,
        0.025324590074492313,
        0.11394880047359367,
        -0.02841833339290168,
        -0.042910581980228485,
        0.09589123792109194,
        -0.01391830015067419,
        -0.06878917569671875,
        -0.06869775472783386,
        -0.026599391176653206,
        0.046088668975425,
        0.09007506735726918,
        0.02542955871041681,
        -0.009856343987520543,
        0.07167985112314429
    ],