{
    "ParameterSet": [
        0.0,
        0.0,
        0.0,
        0.0,
        0.0,
        0.0,
        0.0,
        0.0,
        0.0,
        0.0,
        0.0,
        0.0,
        0.0,
        0.0,
        0.0,
        0.0,
        0.0,
        0.0,
        0.0,
        0.0,
        0.5044372080402942,
        0.11179573179088269,
        0.22336131133168322,
        0.5238323908959595,
        0.4897837537401469,
        0.23336879209210276,
        0.156900132397411,
        0.2705401047539295,
        0.5045759819857375,
        0.4904423579823461,
        0.2409376907772342,
        0.1710147855545038,
        0.2840915832472842,
        0.5079500341720962,
        0.4593346845127408,
        0.21835216964225468,
        0.1690032511888188,
        0.3258838945822318,
        0.5074750373643965,
        0.2620683981985637,
        -0.04,
        -0.04,
        -0.04,
        -0.04,
        -0.04,
        -0.04,
        -0.04,
        -0.04,
        -0.04,
        -0.04,
        -0.04,
        -0.04,
        -0.04,
        -0.04,
        -0.04,
        -0.04,
        -0.04,
        -0.04,
        -0.04,
        -0.04
    ],
    "SensorParameterSet": [
        -0.2585860032894749,
        -0.19722583077956016,
        -0.44054629246959764,
        0.039683992852979286,
        0.11527248844344153,
        0.07744992433689349,
        -0.0887209315908282,
        0.11434179276106332,
        -0.016774205591400502,
        0.30766705474841,
        -0.12734811675347565,
        0.15444957743031534,
        -0.22593551644769108,
        0.053190917487221864,
        -0.008035985118464272,
        -0.23555359207486432,
        0.3906844612115911,
        0.13281572666133945,
        -0.11616673897614044,
        -0.34423218877649225,
        0.027668922004553783,
        -0.16574910482438104,
        -0.030623339262542053,
        -0.06456210977949929,
        0.13565005648564968,
        -0.05900615263830169,
        0.19918967101589344,
        -0.227906573013721,
        0.016046302912679937,
        -0.0401323525657238,
        -0.011604388486876142,
        0.09208986197921147,
        -0.07200747137773936,
        0.12043650331132462,
        0.09698444109115964,
        -0.13698172137600897,
        0.10933321672250022,
        -0.12686102261194734,
        -0.203060461335983,
        0.2475044797792318,
        0.38481434845735546,
        0.2945863999885754,
        0.10256529894347882,
        0.25340303573887996,
        0.022977612771350697,
        -0.03104377868150246,
        0.34811079408697954,
        0.005435463183947859,
        0.20534169114248846,
        0.2298163648490988,
        -0.15834795458324163,
        0.021730860408785874,
        0.1205289681492685,
        0.3278985018093025,
        0.05863357199241974,
        0.02714665098924178,
        0.13106763931135956,
        0.15078532114847848,
        0.1295734849152303,
        0.230480859649316
    ],
    "checked": "indirect",
    "iteration": 20,
    "noise_sensor_0": [
        0.03196419932775218,
        -0.03587980183499371,
        0.08623095775386697,
        -0.02250409250846831,
        0.06473375360820993,
        0.02254692570116187,
        0.04598621517902695,
        0.02290322826674764,
        -0.08686164925828124,
        0.007558922125840676,
        0.023686659301998092,
        0.023696560765716912,
        0.05036503121976592,
        0.11840889646446205,
        0.010728740510363117,
        0.10411959633679195,
        -0.0024227335971975426,
        0.018525802469766886,
        0.039815498345459346,
        -0.043577071072679864,
        -0.06616137523121599,
        -0.05842410496187114,
        0.05170090718084177,
        0.021254360372691607,
        -0.013528020119923599,
        -0.0204554011589974,
        0.037168178679841846,
        0.02134919360360037,
        -0.053246723012232225,
        -0.04908445009684817,
        0.04444872711279992,
        0.12260620966726912,
        -0.05805307864972279,
        0.04013308929888428,
        -0.07085600736252162,
        -0.07855518681734013,
        -0.001843853992911262,
        0.09463743277309061,
        -0.05507509175589569,
        0.054850997315434885,
        0.0434701306052248,
        -0.014562124683561816,
        -0.015032925789441074,
        -0.05346681818284544,
        0.0033483700284954133,
        0.029625896986663344,
        0.06456070348836736,
        0.021701793717324308,
        0.04678916219405662,
        -0.1499516817937411,
        -0.047857012970848725,
        -0.007102279362136668,
        0.0878533959412567,
        0.05058880233018178,
        0.0037265385884877157,
        -0.025369563238146063,
        -0.06723124612825043,
        0.011812298431108271,
        -0.14402677906050537,
        0.06670733112280369
    ],
    "noise_sensor_1": [
        -0.023877994376572936,
        -0.013100825912935944,
        -0.06252741873073124,
        0.009763123545622959,
        0.05819966499106098,
        -0.008545535463651504,
        -0.12526576449553256,
        0.003023798915291214,
        -0.012982722667562245,
        0.020972710382583085,
        0.060246012942444784,
        0.05454925436191888,
        0.050794830337119845,
        0.05165781291352449,
        0.0904809949051688,
        -0.07378605641828724,
        0.026276110805155812,
        0.10755993779866767,
        -0.04320361014666405,
        0.028945229133415715,
        0.014122635289281782,
        -0.0327246825104459,
        0.03923172559900955,
        -0.042142993587296625,
        0.036005723060994366,
        0.04242067734566649,
        0.03028246833995635,
        0.006235525813417658,
        0.08416539032997529,
        -0.04832337463297725,
        -0.02460763795926336,
        -0.009725895826238227,
        0.060778664762500434,
        -0.015833388495922276,
        -0.025705843079102408,
        0.08830678205226812,
        0.09385973632598466,
        0.06501861459985449,
        -0.01889465244473457,
        -0.031016089588479442,
        -0.003179574714330895,
        0.08834037452840657,
        -0.10333182624123348,
        0.028024380071920322,
        0.026212746302816548,
        0.045380820342554876,
        -0.00795238489503564,
        -0.011029639047671479,
        -0.06373299742023217,
        -0.03130555089752163,
        -0.05823905265643427,
        0.08873385058264131,
        -0.04151960229845821,
        0.04527859207243671,
        0.03439061459256648,
        -0.05990792474892941,
        0.1483087675482204,
        0.058233935593091306,
        -0.1442598362281479,
        0.053319099772456746
    ],