{
    "ParameterSet": [
        0.0,
        0.0,
        0.0,
        0.0,
        0.0,
        0.0,
        0.0,
        0.0,
        0.0,
        0.0,
        0.0,
        0.0,
        0.0,
        0.0,
        0.0,
        0.0,
        0.0,
        0.0,
        0.0,
        0.0,
        0.5044372080402942,
        0.11179573179088269,
        0.22336131133168322,
        0.5238323908959595,
        0.4897837537401469,
        0.23336879209210276,
        0.156900132397411,
        0.2705401047539295,
        0.5045759819857375,
        0.4904423579823461,
        0.2409376907772342,
        0.1710147855545038,
        0.2840915832472842,
        0.5079500341720962,
        0.4593346845127408,
        0.21835216964225468,
        0.1690032511888188,
        0.3258838945822318,
        0.5074750373643965,
        0.2620683981985637,
        -0.04,
        -0.04,
        -0.04,
        -0.04,
        -0.04,
        -0.04,
        -0.04,
        -0.04,
        -0.04,
        -0.04,
        -0.04,
        -0.04,
        -0.04,
        -0.04,
        -0.04,
        -0.04,
        -0.04,
        -0.04,
        -0.04,
        -0.04
    ],
    "SensorParameterSet": [
        -0.08285049807332956,
        -0.7233372291578978,
        -0.6269783499419509,
        -0.19044476327045926,
        0.37253907858323393,
        0.43778616016452737,
        -0.38423352178366244,
        -0.17735553450693461,
        -0.02306407129704879,
        0.34555159842216326,
        0.02293709304063716,
        0.29055006123126337,
        -0.4573707073184592,
        0.10708546531761351,
        0.1909784363172807,
        -0.26669343481200486,
        -0.12819722737576225,
        0.23566835233858413,
        0.34792016270328,
        0.013996894560486374,
        0.4173733903320766,
        -0.5116772136283686,
        -0.004158355959686863,
        -0.2793879637041665,
        0.05935322799052594,
        0.13275965885950963,
        0.2519937063907313,
        -0.44462040806837205,
        0.4132458115848011,
        -0.22203496958865215,
        -0.13727675146600876,
        -0.02091531566200239,
        -0.09802210257010541,
        0.14765537617880617,
        -0.03523194972292972,
        -0.28181884667013274,
        0.3038327165711833,
        0.0004817177739429326,
        -0.417257416590434,
        0.20075179776054974,
        0.3964635940714686,
        0.23600859203101393,
        0.1086957571533769,
        0.44438867973567875,
        0.4615195166548786,
        0.2250879016171814,
        0.27490093359005,
        -0.027347296275494558,
        0.5008516042211187,
        0.17944598643255044,
        -0.13055471494532436,
        0.1515051667121299,
        0.32114751534617386,
        0.5974283438261475,
        -0.02557982609535566,
        0.1913782525146304,
        0.30575900130757655,
        0.011376236328917653,
        0.10887846242084255,
        0.4789923817266316
    ],
    "checked": "indirect",
    "iteration": 67,
    "noise_sensor_0": [
        -0.05480984984268275,
        -0.0751714259253996,
        0.017071051408515125,
        0.060873552953656096,
        -0.01914778628070119,
        0.015555471343613658,
        -0.040393400157035436,
        -0.04646265456845531,
        0.08861040789521235,
        0.044192950948768066,
        0.0679874192170229,
        -0.005250347573959867,
        -0.005146657361826432,
        -0.025528828563462537,
        -0.05056548437890654,
        -0.01364883156944394,
        -0.08077566627658758,
        0.05706128746791584,
        -0.02379837256060355,
        -0.008564048027835874,
        -0.0018875916019320098,
        -0.006287273102374521,
        -0.04769237927885049,
        0.0497953711997835,
        0.062229630200048694,
        0.06127425562827297,
        -0.04766921319035453,
        -0.05678494053872927,
        -0.018442909338675383,
        0.017879502471492763,
        -0.04659473230067079,
        -0.02987287290426069,
        0.045854891268979486,
        -0.0006216137382689678,
        0.04166272001635555,
        0.04618882181212097,
        0.07436086313720079,
        0.04648934703751385,
        -0.01823326872667536,
        0.01774008026035864,
        -0.017029865531745698,
        -0.040641340768703196,
        0.05991584466826645,
        0.05731763275744198,
        -0.056585115702732496,
        -0.036210125425429514,
        0.03425331363937009,
        0.05832419860478457,
        -0.029426206574385643,
        -0.03436913731591116,
        -0.05715167835877065,
        -0.008457331341142908,
        0.05382744374987988,
        0.04282123621456742,
        0.03303502716488544,
        0.12578351435676324,
        0.009960739238804117,
        0.07162069175247482,
        0.054376932776348585,
        0.06339491191783361
    ],
    "noise_sensor_1": [
        0.016897615574321494,
        0.03935038292148863,
        0.010035996990331541,
        -0.015135151453840876,
        -0.012739328185433293,
        0.0570400767641432,
        0.08214536571858197,
        0.03467805761664108,
        0.030272982184833763,
        -0.07667030478352298,
        -0.03943425811002953,
        -0.0064724821838172035,
        -0.05407221621513085,
        -0.06090787837843076,
        -0.07252267354005842,
        -0.07065644095697728,
        0.04367943186753008,
        -0.05372458166446533,
        -0.05793060587071394,
        -0.0054918485437109,
        -0.01731378877716602,
        0.07356852901907292,
        0.0296703638063533,
        0.01586017310082522,
        0.04950231464183916,
        0.014569041627031818,
        0.038499204915496875,
        -0.06592895903930443,
        -0.09840675609496932,
        -0.007790680447325329,
        -0.057491949421538416,
        0.03566928138949474,
        0.11336946469064346,
        -0.02800721510533155,
        0.03600671509423425,
        0.008635499693647953,
        0.011582070642762936,
        -0.03182320694295987,
        -0.006651873376402167,
        -0.008435732320700573,
        -0.0022432944835160747,
        0.0764938839434842,
        0.05893697873660116,
        -0.05153856656345533,
        0.009896634881941356,
        -0.0059908729081125205,
        -0.045859228145244964,
        0.07010810516139919,
        0.04819175555047338,
        -0.10568780042986117,
        0.07721323477357794,
        -0.03391502847636562,
        0.07246697846563563,
        0.031808268232606914,
        0.0532676848302207,
        0.02636297550302314,
        0.00829955741353685,
        -0.051647603956058726,
        -0.01908772089975961,
        -0.04103298164980478
    ],