{
    "ParameterSet": [
        0.0,
        0.0,
        0.0,
        0.0,
        0.0,
        0.0,
        0.0,
        0.0,
        0.0,
        0.0,
        0.0,
        0.0,
        0.0,
        0.0,
        0.0,
        0.0,
        0.0,
        0.0,
        0.0,
        0.0,
        0.5044372080402942,
        0.11179573179088269,
        0.22336131133168322,
        0.5238323908959595,
        0.4897837537401469,
        0.23336879209210276,
        0.156900132397411,
        0.2705401047539295,
        0.5045759819857375,
        0.4904423579823461,
        0.2409376907772342,
        0.1710147855545038,
        0.2840915832472842,
        0.5079500341720962,
        0.4593346845127408,
        0.21835216964225468,
        0.1690032511888188,
        0.3258838945822318,
        0.5074750373643965,
        0.2620683981985637,
        -0.04,
        -0.04,
        -0.04,
        -0.04,
        -0.04,
        -0.04,
        -0.04,
        -0.04,
        -0.04,
        -0.04,
        -0.04,
        -0.04,
        -0.04,
        -0.04,
        -0.04,
        -0.04,
        -0.04,
        -0.04,
        -0.04,
        -0.04
    ],
    "SensorParameterSet": [
        -0.19161472639635388,
        -0.1716867476449392,
        -0.36647721620334006,
        -0.13315878620118551,
        0.4121677076408897,
        -0.006082686595990948,
        -0.2820149525793018,
        -0.006303041225830879,
        -0.005455552511119585,
        0.27791826804976794,
        -0.19333969442226104,
        0.18813620994374616,
        -0.09555667262787404,
        0.1512407829197064,
        0.09803683700231659,
        -0.2856172737535905,
        0.2435834581821755,
        0.13130119674450888,
        -0.047517648050348894,
        -0.19215193161242083,
        0.21299098617652706,
        -0.2270226848092436,
        -0.16101849246695776,
        -0.0006586520693606978,
        0.0969288538453094,
        0.10830926434466119,
        0.20972735700038497,
        -0.28111252237149303,
        0.19504066676680004,
        -0.04223150171287224,
        -0.21321533497724107,
        0.02654722240861814,
        -0.026606113261142175,
        0.16029260085527755,
        -0.027782272620818747,
        -0.15870886832094214,
        0.12719421650823665,
        -0.028490392580895165,
        -0.33769819207828494,
        0.210111340674903,
        0.5297577155782437,
        0.3484604055104761,
        0.1156636380269085,
        0.19354308967479325,
        0.1312007326646543,
        0.07115231402644741,
        0.2590603681931707,
        0.07267421817497026,
        0.15285188957242313,
        0.3271973827052418,
        -0.1406650791570225,
        0.011791984076600297,
        0.16039648215236163,
        0.4381037188016426,
        0.15697230211819957,
        0.23449674077673718,
        0.2697257887512629,
        0.14516457857068263,
        -0.09538643651614735,
        0.28763088282556964
    ],
    "checked": "indirect",
    "iteration": 29,
    "noise_sensor_0": [
        0.0766459530817154,
        0.008342039844771852,
        -0.0199484586712909,
        0.0949254231306272,
        -0.00365743388230632,
        -0.0052077621547264455,
        0.010130077335110685,
        -0.023214851541962015,
        -0.03872285332609457,
        0.059044921689331856,
        -0.07364753632883903,
        0.05369075851397625,
        -0.03813962316572619,
        0.01958847897772239,
        0.02906895942263166,
        -0.06361020719615552,
        -0.0237762272820434,
        0.13144517790198154,
        -0.025464239776472507,
        0.05289641487791518,
        0.06914854083968869,
        -0.00036264145018880277,
        0.08145168221973109,
        0.026660030539639338,
        0.027773436257734492,
        0.01056897436320898,
        -0.03742449624061656,
        0.023598260058475925,
        0.06931477261812083,
        -0.08832753882265817,
        -0.01275047533616694,
        -0.08244583401533312,
        -0.04549351810203151,
        0.01931296967153922,
        0.005485714583062373,
        0.005449808975429787,
        0.03969508270629599,
        -0.02132191985996045,
        0.08163615009650384,
        -0.038907851027089824,
        -0.03851873836244734,
        0.11236537710994215,
        -0.028509351753308557,
        -0.04918126427630109,
        0.023390171906435137,
        0.026542397427913672,
        0.04179289078845131,
        0.07005680352136218,
        -0.026332294439369238,
        0.07184683062192627,
        -0.0808064547296712,
        -0.02583400347236695,
        0.1264092846240738,
        0.034291370598492334,
        -0.017951159591303913,
        -0.020000437856568493,
        -0.018798609809222006,
        0.0017704074025645417,
        -0.04242825894242841,
        0.05336963880516772
    ],
    "noise_sensor_1": [
        -0.0751690649018899,
        -0.009477844357493105,
        -0.0301470950875266,
        -0.062448702105756274,
        0.05383758304841872,
        -0.01230210687282406,
        -0.08378531243405483,
        0.04727595680725096,
        -0.030760847180899498,
        -0.008541558606500344,
        0.0347745777635786,
        0.0073630087502070075,
        0.05094468079991177,
        0.00213148110557901,
        -0.07996559675069803,
        -0.0073009144771683425,
        0.013837990415459559,
        0.03619577548161698,
        0.10622844834897202,
        -0.052268212119742766,
        -0.03177773592244475,
        0.04505480162807878,
        0.01555871455260349,
        0.02613312756194338,
        -0.014772484223958604,
        0.07693753288143773,
        0.0234085286825136,
        0.049842308784933564,
        0.007374273737042645,
        0.038494562904088675,
        5.7053148556610255e-05,
        -0.04807671605538151,
        0.06057321915287048,
        -0.04492847659047963,
        -0.04417732556098021,
        -0.04406222764970894,
        -0.11332711058512145,
        -0.056808829055227224,
        -0.12331091291996737,
        -0.08074896613584405,
        0.027583325453695372,
        0.03436456290901046,
        -0.07897165237176132,
        0.02195739476035365,
        0.011104175828762535,
        0.006332648598143705,
        0.0026215275085789166,
        0.04164648799943753,
        0.017698695812607423,
        0.00445738905824075,
        -0.0024192835275548105,
        0.022825690115973553,
        0.03167967023952632,
        0.07290349136218811,
        -0.03301794805221685,
        -0.02042196687667467,
        0.018497328965575974,
        -0.05287217123414838,
        0.007243070902675746,
        0.059430328394343174
    ],