{
    "ParameterSet": [
        0.0,
        0.0,
        0.0,
        0.0,
        0.0,
        0.0,
        0.0,
        0.0,
        0.0,
        0.0,
        0.0,
        0.0,
        0.0,
        0.0,
        0.0,
        0.0,
        0.0,
        0.0,
        0.0,
        0.0,
        0.5044372080402942,
        0.11179573179088269,
        0.22336131133168322,
        0.5238323908959595,
        0.4897837537401469,
        0.23336879209210276,
        0.156900132397411,
        0.2705401047539295,
        0.5045759819857375,
        0.4904423579823461,
        0.2409376907772342,
        0.1710147855545038,
        0.2840915832472842,
        0.5079500341720962,
        0.4593346845127408,
        0.21835216964225468,
        0.1690032511888188,
        0.3258838945822318,
        0.5074750373643965,
        0.2620683981985637,
        -0.04,
        -0.04,
        -0.04,
        -0.04,
        -0.04,
        -0.04,
        -0.04,
        -0.04,
        -0.04,
        -0.04,
        -0.04,
        -0.04,
        -0.04,
        -0.04,
        -0.04,
        -0.04,
        -0.04,
        -0.04,
        -0.04,
        -0.04
    ],
    "SensorParameterSet": [
        -0.01807999743450845,
        -0.39488759264443374,
        -0.5222453629966698,
        -0.1464033259744811,
        0.33102947472720295,
        0.3412680124481836,
        -0.3422779146466612,
        -0.03461995343056656,
        0.04211373255443701,
        0.48417739441215757,
        -0.001037024135060642,
        0.15814900882621732,
        -0.24676752811377672,
        0.03654075251792818,
        0.16846775314357462,
        -0.19146327042785558,
        0.0034255415524116406,
        0.13510505914884327,
        0.2733794350726663,
        -0.1650584916083703,
        0.41377522924567545,
        -0.3130214319093179,
        -0.10215835149019993,
        -0.14805863923536802,
        0.06478950684101759,
        -0.009943014566621956,
        0.25590147456576695,
        -0.3619892641208503,
        0.3136047263292939,
        -0.21826041027218565,
        -0.11532890218761979,
        0.016683676163088024,
        -0.1043738143965623,
        0.04954238333690226,
        0.004644043341866416,
        -0.0847903850233269,
        0.05841978109655697,
        -0.07598670362306849,
        -0.4199087208781492,
        0.22394463303870055,
        0.544055063721479,
        0.5659600929513903,
        0.15771592858398828,
        0.31743523334834955,
        0.5739681749911116,
        -0.009052832680090333,
        0.1390196381373455,
        0.0830900647708441,
        0.2599103336302246,
        0.1912577572118135,
        -0.046695976553935384,
        0.1728486346340468,
        0.031721419439470565,
        0.35307810147747715,
        0.033120309951323694,
        0.1865942399492896,
        0.1828955919507665,
        0.13669432368617415,
        -0.038667808744318424,
        0.2317860198098239
    ],
    "checked": "indirect",
    "iteration": 45,
    "noise_sensor_0": [
        0.007397700637346029,
        0.028400551587107678,
        -0.0055668600768096895,
        0.08141665557023857,
        -0.02638217739845058,
        -0.005954153825833615,
        0.07741254839873873,
        0.01571332973945316,
        0.031001655571551507,
        0.04843307021954267,
        -0.06247512573771986,
        -0.024969372604442246,
        0.042886622302362926,
        -0.07530985692679601,
        0.028752891713200127,
        0.035238153111498416,
        -0.06296345221625103,
        0.04819969074080033,
        0.039428632428366674,
        0.016882969185642627,
        -0.07893263904654495,
        0.050656767852565475,
        0.023204210171064128,
        -0.0478096965024682,
        -0.0400400037296118,
        -0.06079203907890015,
        0.03582107721680966,
        -0.09972207036025324,
        -0.042354932507092026,
        0.04607211166272331,
        -0.05419504463908283,
        0.05110457440046283,
        -0.028657339878810535,
        -0.013162072102799276,
        -0.005682439333433782,
        -0.06946351475567901,
        0.07767823746352985,
        -0.044361049301467496,
        0.06613849263569696,
        -0.03306192374603739,
        -0.04203411988473776,
        -0.08921999236834732,
        0.025286988824067467,
        0.05970597816560951,
        -0.05865234197321478,
        -0.03319802574538508,
        0.03754311689643146,
        -0.02496773778971807,
        -0.040413153580709085,
        0.021560046821937507,
        0.026029992077772925,
        -0.02721529855695573,
        -0.01847977983772394,
        0.014491714429671175,
        0.06415436238288456,
        0.029972091320076617,
        0.07654144583249059,
        0.10221606355033215,
        -0.05078595032866544,
        0.01702539463138631
    ],
    "noise_sensor_1": [
        -0.058161974467104624,
        -0.04115257133690894,
        -0.06118516072192751,
        -0.024461882532757655,
        0.029678108381264428,
        -0.03211884553966795,
        0.03930512288373895,
        0.0017467010528382295,
        0.08380483358329276,
        0.012660269332042704,
        0.006836754405422755,
        -0.01577829759828114,
        0.011128589678460345,
        0.04763821028857637,
        -0.044566724117778525,
        0.0642316759948742,
        -0.05576681275228933,
        -0.028617913175713182,
        0.0716737131198876,
        0.03476414050484113,
        -0.07652813109043544,
        -0.04641964089441054,
        0.07765634277705251,
        0.038128716725787326,
        0.07974775269562387,
        0.054954362235661976,
        -0.03549650464157657,
        0.004520833196965242,
        0.030216893998302293,
        0.0345409615567162,
        -0.10497741801087532,
        -0.007081994420318201,
        -0.009817844429185719,
        -0.036448737051062954,
        -0.005869909191034681,
        -0.01706332273145628,
        -0.010762245557594485,
        -0.020145185593907336,
        -0.061839641701698,
        0.012714085811342169,
        0.023526738043070126,
        -0.09002507502471388,
        0.039673865764911075,
        -0.006711755492059393,
        -0.005354968755506005,
        0.03525652463757132,
        0.04459913861186278,
        -0.014195956053234714,
        0.031683734014160726,
        -0.005804736444220353,
        -0.08241104410700109,
        0.03244313518709397,
        0.01853550537498906,
        0.04034920657580965,
        -0.03714838747741239,
        -0.0443976539342094,
        -0.017083962060177097,
        -0.08105204557555046,
        -0.09015565100253382,
        0.022785183484495673
    ],