{
    "ParameterSet": [
        0.0,
        0.0,
        0.0,
        0.0,
        0.0,
        0.0,
        0.0,
        0.0,
        0.0,
        0.0,
        0.0,
        0.0,
        0.0,
        0.0,
        0.0,
        0.0,
        0.0,
        0.0,
        0.0,
        0.0,
        0.5044372080402942,
        0.11179573179088269,
        0.22336131133168322,
        0.5238323908959595,
        0.4897837537401469,
        0.23336879209210276,
        0.156900132397411,
        0.2705401047539295,
        0.5045759819857375,
        0.4904423579823461,
        0.2409376907772342,
        0.1710147855545038,
        0.2840915832472842,
        0.5079500341720962,
        0.4593346845127408,
        0.21835216964225468,
        0.1690032511888188,
        0.3258838945822318,
        0.5074750373643965,
        0.2620683981985637,
        -0.04,
        -0.04,
        -0.04,
        -0.04,
        -0.04,
        -0.04,
        -0.04,
        -0.04,
        -0.04,
        -0.04,
        -0.04,
        -0.04,
        -0.04,
        -0.04,
        -0.04,
        -0.04,
        -0.04,
        -0.04,
        -0.04,
        -0.04
    ],
    "SensorParameterSet": [
        -0.034919623338393636,
        -0.5761386685233456,
        -0.7310057212317093,
        -0.08578793302718019,
        0.3262268587390022,
        0.3804057175370111,
        -0.323996649159342,
        -0.036257566271610336,
        -0.1365286977883912,
        0.3668956358560807,
        -0.024239177481092805,
        0.3236975888195412,
        -0.4075333978393913,
        0.07910844297450986,
        0.18701475540852006,
        -0.30195383406831544,
        -0.06322970383019008,
        0.2807577906130137,
        0.30824502550659133,
        -0.0522045699847701,
        0.4413904366337456,
        -0.46099382589371773,
        -0.014502879894679636,
        -0.1905822751329776,
        0.10728343902662198,
        0.15677587643796154,
        0.20021554451928558,
        -0.36361324075721446,
        0.3777160877429132,
        -0.14672185326964826,
        -0.1450289825655864,
        -0.011082925890288663,
        -0.03460509496801989,
        0.17392092735398576,
        0.03679042860944617,
        -0.21947879770394657,
        0.26618286118573947,
        0.005671831648931002,
        -0.4556624056984282,
        0.23532893264792978,
        0.4961552391581564,
        0.27642016809963044,
        0.09217250795598601,
        0.4672665169767813,
        0.45647290854347317,
        0.13036925858287363,
        0.16562910210224932,
        0.09123274757763605,
        0.47130408774272525,
        0.15151722570910134,
        -0.07780673292546937,
        0.2895822837063994,
        0.2504535185362373,
        0.5715805936095808,
        -0.0806680459234757,
        0.2509955321861963,
        0.353564553091114,
        0.08210350748584659,
        -0.001478725730220564,
        0.42572047463944335
    ],
    "checked": "indirect",
    "iteration": 61,
    "noise_sensor_0": [
        0.032297329744596995,
        0.028279934557677636,
        -0.06342773058289444,
        -0.029913064241720716,
        -0.0012498257904587746,
        -0.037384425575737894,
        -0.06260626987595103,
        0.00622279742002321,
        0.011211142286451276,
        -0.02497376144383761,
        0.07615291259845179,
        0.035638690830791915,
        -0.04181476574481623,
        -0.03164675499736574,
        -0.03110581495492602,
        -0.031751900710713016,
        0.010301541058981557,
        -0.022738411039948447,
        -0.01458502554394131,
        0.025952424137455053,
        -0.08147445731820545,
        0.002800701085239667,
        0.01850064467177095,
        0.05373362882650721,
        -0.05749929116675488,
        -0.015477137931289074,
        -0.024079307979169712,
        6.215793201773368e-05,
        0.007129225648949708,
        -0.0003207071632943179,
        -0.015165647320689755,
        -0.02803551320797792,
        -0.045732531129729546,
        0.04112447987934181,
        0.01452148564243127,
        -0.02296859160290363,
        -0.016111814867464644,
        -0.0033392928132555347,
        0.02212328509541352,
        0.08537346361250703,
        -0.037362967849851915,
        0.0960772470186604,
        0.024469333693326205,
        -0.0592572948275225,
        -0.003321943009209223,
        -0.03901701506180552,
        0.01968739227097452,
        -0.04844062899912111,
        0.017566031478086285,
        0.04947974983358967,
        -0.009447734309041445,
        0.004790743079461312,
        -0.06159837495517562,
        0.051786464032057264,
        -0.08288959055352171,
        -0.03252488892080926,
        0.01069914818310378,
        0.12451067000688046,
        0.005015642966807283,
        -0.03651119636379374
    ],
    "noise_sensor_1": [
        -0.024672600346317967,
        -0.0698190866631777,
        0.06611181228905427,
        -0.06054240245749951,
        -0.0004810854364894222,
        0.0086096400398418,
        -0.07255474423911498,
        -0.0799998011292174,
        0.0001924142083374675,
        0.010178084727879708,
        -0.004044107271129896,
        0.0006443146551991529,
        -0.045898633482936886,
        0.0211522916040226,
        0.013113072077818809,
        0.05230723702068705,
        0.0030760198595003677,
        -0.041317101153910345,
        0.036625732700260136,
        -0.047284658684491984,
        -0.025431361127474537,
        -0.008455618961126142,
        -0.017712569966134125,
        0.017716753715215142,
        0.014018527493079939,
        0.00040799379210674456,
        0.015800626475812207,
        -0.12497815786108056,
        0.026694318954603006,
        -0.002671561416031372,
        -0.022970237744680277,
        0.03863242545952906,
        -0.03138852110675014,
        -0.05115505419094443,
        0.01007504726153979,
        0.00845088271197895,
        0.012911845973966527,
        0.04558647699113127,
        -0.011746740592524254,
        -0.004580229846087507,
        -0.0914993091177376,
        -0.0228177175046479,
        -0.006385181076253158,
        -0.032099942944629485,
        -0.021944439301880343,
        0.06712636362750903,
        0.058728233311615155,
        -0.045541058247554944,
        -0.02109862158067996,
        -0.03070171675548234,
        -0.014054015953936716,
        -0.05331595750736287,
        0.08231655638973827,
        0.013776319473113143,
        0.07029977544495167,
        -0.040357916080287486,
        0.03442227177233392,
        -0.04073163707761501,
        0.0672393512092644,
        -0.025282253718589703
    ],