{
    "ParameterSet": [
        0.0,
        0.0,
        0.0,
        0.0,
        0.0,
        0.0,
        0.0,
        0.0,
        0.0,
        0.0,
        0.0,
        0.0,
        0.0,
        0.0,
        0.0,
        0.0,
        0.0,
        0.0,
        0.0,
        0.0,
        0.5044372080402942,
        0.11179573179088269,
        0.22336131133168322,
        0.5238323908959595,
        0.4897837537401469,
        0.23336879209210276,
        0.156900132397411,
        0.2705401047539295,
        0.5045759819857375,
        0.4904423579823461,
        0.2409376907772342,
        0.1710147855545038,
        0.2840915832472842,
        0.5079500341720962,
        0.4593346845127408,
        0.21835216964225468,
        0.1690032511888188,
        0.3258838945822318,
        0.5074750373643965,
        0.2620683981985637,
        -0.04,
        -0.04,
        -0.04,
        -0.04,
        -0.04,
        -0.04,
        -0.04,
        -0.04,
        -0.04,
        -0.04,
        -0.04,
        -0.04,
        -0.04,
        -0.04,
        -0.04,
        -0.04,
        -0.04,
        -0.04,
        -0.04,
        -0.04
    ],
    "SensorParameterSet": [
        -0.172303547244483,
        -0.6089169652549938,
        -0.5924547476462708,
        -0.17729631369495089,
        0.3576274705854535,
        0.4813342838864773,
        -0.4461884984846751,
        -0.2440037171119367,
        0.07734562251975168,
        0.2715974387324671,
        0.048997916713905326,
        0.2492209808609464,
        -0.42225694047297213,
        0.07878376132449813,
        0.1889566770855051,
        -0.3037520391102078,
        -0.17162015767881206,
        0.3364973392559579,
        0.367650442282395,
        -0.03271566434564223,
        0.5537118777356655,
        -0.523046489190312,
        -0.0013484510949232427,
        -0.28939437782345007,
        0.0177131930488718,
        0.17315100860053526,
        0.22025795776370236,
        -0.3529764417785901,
        0.4120564698546579,
        -0.19695985954995737,
        -0.09019824484578978,
        -0.06600121180322714,
        -0.054262824433845336,
        0.1620643011411763,
        -0.031229413376782242,
        -0.30377224242749146,
        0.39744216187577874,
        -0.03621455691570568,
        -0.4698408157757478,
        0.14666906762927287,
        0.3972789646692979,
        0.32305591613984236,
        0.16846570468363029,
        0.4779236662637578,
        0.3677283326032236,
        0.2884477445316465,
        0.38363283668296283,
        0.015159953396576354,
        0.47050245206522906,
        0.15609608966408203,
        -0.10074936353167577,
        0.2042141186492162,
        0.3636897667891794,
        0.6021526757178319,
        0.047552159978993494,
        0.32354426372114026,
        0.3899245210678784,
        -0.03397196751709433,
        0.10102911126641659,
        0.4989609211567476
    ],
    "checked": "indirect",
    "iteration": 71,
    "noise_sensor_0": [
        -0.07177619348271762,
        0.0028073795105913774,
        -0.009316178490359176,
        0.017879615277216817,
        -0.01261073978985645,
        -0.04939942731062574,
        -0.05372204180482966,
        0.026297018670912192,
        0.009595151876489006,
        0.042474457745752106,
        0.008924227381905769,
        -0.039800070556034954,
        0.020426786220536373,
        0.08636585330295891,
        0.03658931725361626,
        -0.05023093351892621,
        0.0011360841622234975,
        0.019857306485697824,
        -0.04497659816757697,
        -0.0351306656806637,
        -0.01290132531108289,
        0.07005714412342176,
        0.028688261592874003,
        0.029664088872000574,
        -0.02164007661240129,
        -0.024506078442869724,
        0.11618583518164924,
        -0.07923834731002938,
        0.07422149936852343,
        -0.044703170645755984,
        0.022786224176960093,
        0.04190899275278965,
        0.04370700241189698,
        -0.020679499628625385,
        -0.000965150000865567,
        0.058083661716622985,
        -0.05131441053358236,
        -0.024250703803627826,
        0.00922552869852389,
        -0.033109767764976615,
        0.017983621126752405,
        0.0159835262155466,
        0.013496070947264504,
        0.06462482862658123,
        -0.0006012115905799048,
        0.0817419119698896,
        -0.05541741066889487,
        0.02873581130242532,
        -0.04593446231449369,
        0.06829642249159472,
        -0.014993914393014793,
        -0.03211393338751374,
        -0.0029429696008979075,
        0.04906694617645806,
        0.09216164250649146,
        0.05096037917056838,
        0.061051089730093835,
        -0.061069927766830324,
        -0.02176407045429385,
        0.01954172235744219
    ],
    "noise_sensor_1": [
        0.0024938760717767984,
        -0.01752870202545261,
        0.04916436946312997,
        0.0008030772131039631,
        -0.005025153658481339,
        -0.008482236240506976,
        0.05988110864433819,
        0.0061782433991012945,
        0.05678575668729756,
        -0.0035916794329212075,
        0.01919314671554292,
        -0.004819250163920157,
        0.004804499709315424,
        0.025292404658854933,
        0.0052038070400678765,
        0.014075577687237993,
        0.007858918618958363,
        0.03272997939219395,
        -0.02786038645759822,
        -0.05800390438919286,
        -0.0025385175142264124,
        0.0308001421246974,
        -0.027403770830929746,
        0.012379025913413971,
        -0.04398167680057856,
        0.047780927327681466,
        0.0006965216263358641,
        -0.042585470900981956,
        -0.03886069083864344,
        0.058025066445590585,
        -0.010410135801448674,
        0.0032494861887121325,
        -0.02450036253261116,
        0.0048903176679665665,
        -0.05112564189822857,
        -0.011657953687236555,
        -0.021489363969828403,
        0.018617815724491872,
        -0.0570322631334266,
        0.07551700663611234,
        0.009110254928829218,
        0.026934501366574767,
        0.0032975903227257836,
        0.03245969468956879,
        0.12238919029943951,
        -0.022562590490291353,
        -0.05106677376395449,
        -0.026219303768201977,
        0.027351826180093852,
        -0.0547148799356067,
        -0.02765115510215044,
        -0.027752769852041167,
        0.012062815155093361,
        -0.0007613568946731286,
        0.01046274591727906,
        -0.009641056120066814,
        -0.08584598596216537,
        -0.06151704711323371,
        -0.05017430205268291,
        0.0176558741105757
    ],