{
    "ParameterSet": [
        0.0,
        0.0,
        0.0,
        0.0,
        0.0,
        0.0,
        0.0,
        0.0,
        0.0,
        0.0,
        0.0,
        0.0,
        0.0,
        0.0,
        0.0,
        0.0,
        0.0,
        0.0,
        0.0,
        0.0,
        0.5044372080402942,
        0.11179573179088269,
        0.22336131133168322,
        0.5238323908959595,
        0.4897837537401469,
        0.23336879209210276,
        0.156900132397411,
        0.2705401047539295,
        0.5045759819857375,
        0.4904423579823461,
        0.2409376907772342,
        0.1710147855545038,
        0.2840915832472842,
        0.5079500341720962,
        0.4593346845127408,
        0.21835216964225468,
        0.1690032511888188,
        0.3258838945822318,
        0.5074750373643965,
        0.2620683981985637,
        -0.04,
        -0.04,
        -0.04,
        -0.04,
        -0.04,
        -0.04,
        -0.04,
        -0.04,
        -0.04,
        -0.04,
        -0.04,
        -0.04,
        -0.04,
        -0.04,
        -0.04,
        -0.04,
        -0.04,
        -0.04,
        -0.04,
        -0.04
    ],
    "SensorParameterSet": [
        -0.3899439082471874,
        -0.2781736573100059,
        -0.30187158630632954,
        0.32614369409161487,
        0.1771747169939161,
        0.5305556611724344,
        0.05080163070521527,
        0.460371700053102,
        -0.08381400153986801,
        0.1054125064809003,
        0.34722570743758396,
        0.1913899917660232,
        -0.16940571796057383,
        -0.39869759638685554,
        0.0858236278500732,
        0.0980328272597187,
        -0.1997050746248401,
        0.23910982626271976,
        0.07012864935680499,
        -0.1515734812484674,
        -0.017651783478047713,
        -0.013775297676237534,
        0.06831696185646839,
        0.41976272063235387,
        -0.3716652669633261,
        -0.1528554506665944,
        0.0898384456192173,
        0.35304373727251415,
        -0.06933831268915247,
        0.2806772974568961,
        0.07527935298344182,
        -0.16858360910706574,
        0.15540038754721974,
        0.5915775664352274,
        0.10328692896357664,
        0.6723193281012949,
        -0.24539575496125385,
        0.547142600966492,
        -0.6173964231399577,
        0.15203751996098178,
        0.20705442119629658,
        -0.2786003500804095,
        0.11097480680059292,
        -0.13594056542156904,
        0.3477503641353488,
        0.21610249912498342,
        -0.34489277720998457,
        -0.21644236521762342,
        0.04453549316652672,
        0.049310227767054904,
        0.09924797602190413,
        -0.1300179767715879,
        -0.36315876786488127,
        -0.1431576914179622,
        0.12415916242670284,
        0.1562930170980172,
        -0.1612467804312017,
        -0.4574800400243322,
        -0.12090039076291602,
        0.13844346776189279
    ],
    "checked": "indirect",
    "iteration": 43,
    "noise_sensor_0": [
        0.08046536577849188,
        0.05805808406068392,
        0.010266833525327477,
        0.06561169954014563,
        -0.00021448025519995922,
        -0.016468036256063325,
        0.019413325170013117,
        -0.03283572696593785,
        0.03732846820859027,
        -0.08905780016562373,
        0.03196715735655841,
        -0.08883242323174506,
        -0.021796633617341736,
        0.0748064001071402,
        0.04548030810814965,
        -0.06563141963729834,
        -4.4122769422103534e-05,
        -0.035171888661440553,
        0.08339995741751016,
        -0.048975028992007764,
        -0.05704300298793054,
        0.05912594082539631,
        0.07911826330356694,
        -0.017484331001877077,
        -0.0861614144735006,
        -0.08348032598507941,
        -0.017046986496059423,
        0.045192482738773715,
        -0.023978793994599918,
        0.003101775662379355,
        0.009030342171063774,
        -0.03496967572706807,
        -0.05248879884523672,
        0.004623778597990226,
        0.09627963082265649,
        0.05368700122135199,
        -0.02801880786050613,
        -0.03604920146294896,
        -0.08525555908728001,
        0.022814488300645246,
        0.009434846985993424,
        -0.007653300521228141,
        -0.0124876791683469,
        -0.01405471140787522,
        -0.026915838429340755,
        0.00436561338476851,
        0.10163175278017067,
        -0.043076049693330475,
        -0.061420287238429266,
        0.07607404214554077,
        -0.011680714126838562,
        0.07581924239270627,
        -0.0025355229224052183,
        0.035995855471020355,
        0.07615758222910236,
        -0.02014118764770031,
        -0.048017148199310994,
        -0.020644752761496816,
        0.03653625910360459,
        0.0017862326591786013
    ],
    "noise_sensor_1": [
        0.015142692160125225,
        0.04926965769381807,
        -0.09187657702385518,
        0.020658998130972765,
        0.013159029418456904,
        -0.0615120160968591,
        -0.048285418938601325,
        0.03592706638523445,
        0.033674496879356884,
        0.011462877762063983,
        0.0532972323310088,
        -0.024009802320135745,
        -0.024162100023760336,
        0.04344058347454302,
        0.03760436015278071,
        -0.05224220150618676,
        0.009823227339850716,
        -0.023269992659739218,
        -0.012865429954225328,
        -0.04949835794939202,
        -0.037974831878019685,
        -0.04135299641564556,
        0.028500342860096044,
        -0.10712265244527465,
        -0.007042200563554679,
        0.015267760181588647,
        0.10193761181723782,
        -0.0655147530131686,
        -0.01851771401055135,
        -0.032349849302788704,
        -0.03856659317501754,
        0.04456635367551691,
        0.037449784824394795,
        0.13826858220306987,
        -0.02858494211577146,
        -0.05280264020970315,
        0.01977101040225751,
        -0.09784086307282576,
        -0.0237649380301616,
        -0.11578156613694048,
        0.04350046960879722,
        -0.06764619786588946,
        0.001615558868085353,
        -0.024821235081108086,
        0.0024969699250456568,
        -0.03789910375065985,
        -0.04822812260162121,
        -0.030841686971492584,
        -0.03594555221897352,
        -0.05229505701427569,
        0.07381568687370615,
        -0.027013126267988248,
        -0.020086700354093105,
        -0.01592820138719422,
        -0.02542930015476873,
        0.028430896636483984,
        -0.0677771471600685,
        0.014155191468196531,
        0.03076953193700925,
        -0.028771771525296246
    ],