{
    "ParameterSet": [
        0.0,
        0.0,
        0.0,
        0.0,
        0.0,
        0.0,
        0.0,
        0.0,
        0.0,
        0.0,
        0.0,
        0.0,
        0.0,
        0.0,
        0.0,
        0.0,
        0.0,
        0.0,
        0.0,
        0.0,
        0.5044372080402942,
        0.11179573179088269,
        0.22336131133168322,
        0.5238323908959595,
        0.4897837537401469,
        0.23336879209210276,
        0.156900132397411,
        0.2705401047539295,
        0.5045759819857375,
        0.4904423579823461,
        0.2409376907772342,
        0.1710147855545038,
        0.2840915832472842,
        0.5079500341720962,
        0.4593346845127408,
        0.21835216964225468,
        0.1690032511888188,
        0.3258838945822318,
        0.5074750373643965,
        0.2620683981985637,
        -0.04,
        -0.04,
        -0.04,
        -0.04,
        -0.04,
        -0.04,
        -0.04,
        -0.04,
        -0.04,
        -0.04,
        -0.04,
        -0.04,
        -0.04,
        -0.04,
        -0.04,
        -0.04,
        -0.04,
        -0.04,
        -0.04,
        -0.04
    ],
    "SensorParameterSet": [
        -0.5290440413185039,
        -0.43504039097002484,
        -0.36428217288091047,
        0.18155084342951291,
        0.45821497759396695,
        0.6799591340890057,
        -0.04001908478888041,
        0.2997462777744648,
        0.148786995473828,
        0.28353917039615245,
        0.35329158774935826,
        0.40873035599958407,
        -0.1888211773295951,
        -0.20781029705334006,
        0.33644575574931224,
        0.09327337610322872,
        -0.11558653871665439,
        0.42841304171360517,
        0.016705446977837327,
        -0.21776759863442857,
        -0.09540008677700149,
        -0.05301179515310189,
        -0.1537102832172413,
        0.47489607070014017,
        -0.4710195234579689,
        0.09268498114829386,
        0.09102462039139422,
        0.20194278721087106,
        0.03734170584083186,
        0.021227559970879165,
        0.0055006282801541035,
        -0.04725076163907357,
        0.02324547662884576,
        0.729410693668131,
        -0.06974737472476412,
        0.5442395570062609,
        -0.45914795733817226,
        0.7414541805240197,
        -0.34122933517152987,
        -0.12499416544963197,
        0.06186919984533197,
        -0.4452009472614263,
        0.03492199093101577,
        -0.03689725665450644,
        0.12423539491063172,
        0.11454973013503855,
        -0.17935395233280454,
        -0.15265638112234783,
        0.18136000778524822,
        0.0005407672954347929,
        0.13020921121392365,
        -0.07726471617556795,
        -0.8361291778936399,
        -0.040096509274484694,
        0.41785489254326413,
        0.05701980983519121,
        -0.2030028708734769,
        -0.4314409978124097,
        -0.19487961168790643,
        0.09454530182502759
    ],
    "checked": "indirect",
    "iteration": 89,
    "noise_sensor_0": [
        -0.0038079452936820093,
        0.03676129502270896,
        0.04630904324637797,
        0.06538784977761941,
        0.019881162643058538,
        0.05779818316041065,
        -0.025711368431587597,
        -0.006010579750410291,
        0.042813930804202434,
        -0.0028520802530208078,
        -0.06146574613044408,
        -0.00012871468912800787,
        -0.027696016449674777,
        -0.034442470931543845,
        -0.02532390448828312,
        -0.024719918899226128,
        -0.039297286165807625,
        -0.08875726195001882,
        0.05247210481972616,
        -0.0284391842865565,
        -0.01918875152199113,
        0.0010221007632333792,
        -0.0015607656556800669,
        0.03584206663691475,
        -0.042749679902035896,
        -0.02522160685384537,
        0.02998448496351044,
        -0.060460271811941566,
        -0.011954918005771758,
        -0.05066763442247579,
        0.012602951057376702,
        0.0771645474557783,
        0.0499353732155336,
        0.0012988889947822412,
        0.013195118704371952,
        -0.04829176832523343,
        0.038854421069771446,
        0.04620002745123483,
        0.03401699776409567,
        -0.04745137218419672,
        0.012902639845584138,
        -0.027153145075299263,
        -0.07691043481633143,
        0.025621969817407112,
        -0.0039424505626981885,
        0.01960043103780296,
        0.01010615397173888,
        0.00015550725011725372,
        -0.0028164201658894047,
        -0.003430278576981413,
        0.006253957385891456,
        -0.020196327748793038,
        -0.056400133302945826,
        0.006395509711213247,
        -0.01914243773792437,
        0.029057797649036057,
        0.08739718320455014,
        0.010518921065990781,
        -0.0019984005697694404,
        -0.03485218155884349
    ],
    "noise_sensor_1": [
        -0.007068775691614486,
        0.004855409288298893,
        0.052907444244369425,
        -0.05942156121659566,
        -0.0018608896228380736,
        0.08389975721535375,
        -0.07855794441017659,
        0.016507875338008664,
        -0.018621547216142884,
        -0.05055485809548585,
        -0.012732127555200775,
        -0.019376845445689284,
        -0.020170845003777166,
        0.046558087503530236,
        -0.012774574465577334,
        -0.006810330188893793,
        0.016321434487664137,
        0.05231061474757354,
        -0.01735611729445255,
        0.037315503387452535,
        -0.05561865246696251,
        0.056231062866237906,
        -0.060032972874337384,
        -0.06398416489449094,
        -0.04666142292136334,
        0.06531945866699089,
        -0.008177081773077063,
        0.006915702767788975,
        0.055962926624301475,
        -0.016643253584710915,
        -0.012838777557329083,
        -0.019504738805690546,
        -0.009435947075267431,
        -0.013544967387272068,
        0.0012485476335505367,
        0.011670706584273076,
        -0.021300207110118603,
        -0.01807568484398544,
        0.01819134516712872,
        0.03421349538647991,
        0.06825226508840149,
        0.020044574970325784,
        0.02354590851769658,
        -0.02172496157047133,
        -0.01947577591673562,
        0.022776134526726978,
        0.05355887192210967,
        0.00939990438203008,
        -0.012664680384433325,
        -0.008693564969431564,
        0.03928313486937406,
        -0.046344201385498676,
        0.08201862869622535,
        -0.01813312420701061,
        0.07191611053368137,
        -0.004171755264777641,
        0.031089680917689932,
        -0.039633718401879625,
        0.0075315017529568274,
        0.00981818140072806
    ],