{
    "ParameterSet": [
        0.0,
        0.0,
        0.0,
        0.0,
        0.0,
        0.0,
        0.0,
        0.0,
        0.0,
        0.0,
        0.0,
        0.0,
        0.0,
        0.0,
        0.0,
        0.0,
        0.0,
        0.0,
        0.0,
        0.0,
        0.5044372080402942,
        0.11179573179088269,
        0.22336131133168322,
        0.5238323908959595,
        0.4897837537401469,
        0.23336879209210276,
        0.156900132397411,
        0.2705401047539295,
        0.5045759819857375,
        0.4904423579823461,
        0.2409376907772342,
        0.1710147855545038,
        0.2840915832472842,
        0.5079500341720962,
        0.4593346845127408,
        0.21835216964225468,
        0.1690032511888188,
        0.3258838945822318,
        0.5074750373643965,
        0.2620683981985637,
        -0.04,
        -0.04,
        -0.04,
        -0.04,
        -0.04,
        -0.04,
        -0.04,
        -0.04,
        -0.04,
        -0.04,
        -0.04,
        -0.04,
        -0.04,
        -0.04,
        -0.04,
        -0.04,
        -0.04,
        -0.04,
        -0.04,
        -0.04
    ],
    "SensorParameterSet": [
        -0.32017519130535277,
        -0.37037398542365246,
        -0.3514615418671115,
        0.13872766171242007,
        0.339276191940488,
        0.7421417636048939,
        0.00977312293408496,
        0.2880073403891267,
        0.17373632964850494,
        0.26274270342707706,
        0.3701950799747238,
        0.3320900498393236,
        -0.06597370396584744,
        -0.26944983502187597,
        0.2721986633147521,
        0.18547043340777655,
        -0.1572995768885623,
        0.3095311343894749,
        0.10448886148830817,
        -0.13049722292742258,
        -0.16518398309050847,
        -0.20948273419913324,
        0.012415497263990199,
        0.4780900572050651,
        -0.4738171758896185,
        -0.005156897711490155,
        0.014419918981550543,
        0.3725544004265596,
        -0.06388885283849664,
        -0.04135339276757001,
        -0.02228371452624513,
        -0.031091246041026466,
        -0.08297712010111502,
        0.6455867436924205,
        0.04368453716175184,
        0.5780643179853314,
        -0.3009853620162361,
        0.620354664144452,
        -0.17908335140933446,
        -0.0433833702432319,
        0.2367669148799941,
        -0.6445247437818871,
        0.12772161992033804,
        -0.045010542398589364,
        0.190933797698129,
        0.08870038650458956,
        -0.11235060143630754,
        -0.1589722007511395,
        0.037170141290696776,
        0.06247694567691916,
        -0.0038905847552000218,
        -0.1076215342571691,
        -0.6534277577859471,
        -0.14439982709586763,
        0.22821861948296945,
        -0.006459055259954103,
        -0.1102279955137968,
        -0.5800102032857208,
        -0.2719665686981813,
        0.09717062314127645
    ],
    "checked": "indirect",
    "iteration": 74,
    "noise_sensor_0": [
        0.027834516220598036,
        0.03933147678782444,
        -0.07340845941997919,
        0.011490326342165113,
        0.010368756731340679,
        -0.01856985694102854,
        0.04176919280214158,
        -0.013907028349833699,
        -0.00707646775964836,
        -0.0052641514403746386,
        -0.028154941730661465,
        0.06887915487527742,
        -0.07158998702830069,
        0.10820028714259348,
        -0.0006037756024035723,
        -0.02593186841379609,
        -0.031369936200446244,
        -0.04143179778121942,
        0.0170707004870626,
        0.010531828742995014,
        -0.022224862517603347,
        0.06834873885889074,
        0.022570422457526686,
        0.0434564320426989,
        -0.005653418256985271,
        0.019039452694305264,
        -0.014556814659572434,
        -0.005008096928595772,
        0.05932685064618768,
        -0.019290276532205802,
        0.016140474588287775,
        -0.06278570089348949,
        -0.021446423434528,
        -0.0345310251996863,
        -0.02893007060547792,
        -0.043244768565724734,
        0.029155033030635293,
        -0.01809669087561232,
        -0.04294351534723441,
        -0.05530828084400795,
        0.006257452491450919,
        -0.05718479117918951,
        0.003986829778306642,
        0.009940708872619048,
        -0.03418470844077323,
        0.06294313557084737,
        -0.006467266407003422,
        -0.017700114596571455,
        -0.03730544156610519,
        0.002920864138090675,
        -0.09473795482886437,
        0.03859015160602652,
        -0.08469328060046313,
        -0.050395826370013316,
        0.022341399841020036,
        0.007592381594897083,
        -0.01664708161242189,
        0.022946226332060518,
        0.1128620345622553,
        -0.08703301397669415
    ],
    "noise_sensor_1": [
        -0.008086880763145394,
        -0.0021671279617960573,
        0.06506492680962826,
        0.057799180800838956,
        0.09088852598558188,
        0.08562874290238223,
        -0.04788719808796367,
        -0.013622031143937442,
        -0.017573803917770112,
        0.010967474628410662,
        0.023635562517133345,
        -0.09769530959719594,
        0.03233877490099291,
        -0.05843810450396801,
        0.0010336854503611177,
        -0.028318346619096234,
        -0.08026365022875905,
        -0.07180625760538346,
        -0.038343208754162014,
        -0.06237563112289957,
        -0.018432308644143,
        0.03410800547919727,
        -0.0057691805344805905,
        0.03889481829272513,
        0.012129436501600045,
        0.025333532857892964,
        0.047980044972620095,
        -0.07582617915862852,
        -0.014616607708477818,
        0.009309672412423923,
        0.012631310337953361,
        0.012314730695039926,
        -0.0124379669557555,
        0.038437336528849814,
        0.02159191279054519,
        0.004754054748826687,
        0.02747926934988739,
        -0.02827190616364113,
        -0.003191685713104812,
        0.00902663319431055,
        -0.0665232253055385,
        -0.026411521309228254,
        0.03711944017330612,
        -0.02053501103780936,
        -0.09059737925957417,
        -0.012835354927584955,
        0.00798308084219431,
        0.05347855326763224,
        0.023714641603738894,
        -0.03949752045958645,
        -0.017221324950619038,
        -0.03661257693897387,
        0.034203185891084065,
        0.02111140482061145,
        -0.003488501252405882,
        0.02886252850821969,
        -0.02244999244602527,
        -0.007033186277377664,
        -0.04915427961342488,
        0.008128193091926313
    ],