{
    "ParameterSet": [
        0.0,
        0.0,
        0.0,
        0.0,
        0.0,
        0.0,
        0.0,
        0.0,
        0.0,
        0.0,
        0.0,
        0.0,
        0.0,
        0.0,
        0.0,
        0.0,
        0.0,
        0.0,
        0.0,
        0.0,
        0.5044372080402942,
        0.11179573179088269,
        0.22336131133168322,
        0.5238323908959595,
        0.4897837537401469,
        0.23336879209210276,
        0.156900132397411,
        0.2705401047539295,
        0.5045759819857375,
        0.4904423579823461,
        0.2409376907772342,
        0.1710147855545038,
        0.2840915832472842,
        0.5079500341720962,
        0.4593346845127408,
        0.21835216964225468,
        0.1690032511888188,
        0.3258838945822318,
        0.5074750373643965,
        0.2620683981985637,
        -0.04,
        -0.04,
        -0.04,
        -0.04,
        -0.04,
        -0.04,
        -0.04,
        -0.04,
        -0.04,
        -0.04,
        -0.04,
        -0.04,
        -0.04,
        -0.04,
        -0.04,
        -0.04,
        -0.04,
        -0.04,
        -0.04,
        -0.04
    ],
    "SensorParameterSet": [
        -0.3294895960904493,
        -0.212192120395251,
        -0.32090116042753736,
        0.31980002927409157,
        0.1941415522233026,
        0.6689555714969145,
        -0.019715162125770177,
        0.28861473515897046,
        0.0860589912156251,
        0.17934077974201595,
        0.579416038066422,
        0.3017970373240324,
        -0.1425082020131662,
        -0.2873718751148546,
        0.21492650184771395,
        0.2216249185039425,
        -0.1799589340783448,
        0.13330543875985457,
        0.0017160722951247915,
        -0.13381589744419078,
        -0.12057453741863633,
        -0.04159755405821652,
        0.058944726563980365,
        0.37160119507225914,
        -0.3877014750550198,
        0.07973230073825356,
        -0.02017594210439047,
        0.3719045471195179,
        0.09120689543697082,
        0.03141971191376085,
        -0.06169068493511763,
        -0.0339751058384399,
        0.15074696592153702,
        0.612800737803727,
        0.05905110795156276,
        0.5966561671450856,
        -0.24280744958704795,
        0.7705949556223668,
        -0.506985051405698,
        -0.041451849740643774,
        0.28879850795434486,
        -0.4060344179652627,
        0.08061273012863043,
        -0.14224305491032038,
        0.3309757984258324,
        0.1088278527023497,
        -0.24076138096016683,
        -0.12025987870177586,
        0.05993285122271765,
        0.22977128200943628,
        0.01957159546816167,
        -0.2333218798810417,
        -0.5904963347320579,
        -0.047700994998829085,
        0.06658250810681265,
        0.132312416998469,
        -0.1560677985663624,
        -0.3672738454811709,
        -0.12376827975790979,
        0.11389562268805972
    ],
    "checked": "indirect",
    "iteration": 55,
    "noise_sensor_0": [
        0.05088079846774796,
        0.08938865546130469,
        0.008775910481952979,
        0.061879630613566106,
        -0.03780947707738871,
        -0.01779797493016449,
        -0.00989458981166335,
        0.10001996539517147,
        -0.015029449253198202,
        -0.06403912581737425,
        -0.0392264429787546,
        0.012261853342023012,
        -0.020063931480222015,
        -0.0038075191782226134,
        0.023428568103990938,
        -0.02722202557997593,
        0.03714487286046348,
        0.013796965023515266,
        0.009233948607516527,
        0.051508358994858075,
        0.030896234432885854,
        0.047466056624661065,
        0.04575383083334514,
        -0.04924093473308696,
        0.03177369814298417,
        -0.05404018208704824,
        0.05584298121309898,
        -0.06041677830650868,
        0.045089613340401,
        -0.0712773323708682,
        -0.05828304346104075,
        -0.04083530816101516,
        0.03551787190950714,
        -0.022434239713296705,
        0.005351930828135666,
        -0.0384782976335022,
        -0.004769693357504676,
        -0.07329124848915969,
        -0.06897056136796749,
        -0.023343753098659107,
        0.05970493639517579,
        0.008440928979940296,
        -0.022784942508327768,
        -0.03039936191850969,
        -0.0005461810986481374,
        -0.026244151672167523,
        -0.01186493385961065,
        -0.03970296212873486,
        0.021317335881971405,
        0.04697042230063019,
        0.048249877322129195,
        0.010606151869750016,
        -0.006013681805110471,
        0.007788327356377433,
        0.0755145818148244,
        -0.022948485571451318,
        -0.04046179359787395,
        0.054105391520907535,
        -0.07280064395898489,
        -0.040111944251576964
    ],
    "noise_sensor_1": [
        0.037302083254295446,
        -0.07938162331456364,
        0.03390005014211399,
        -0.07354024734148613,
        -0.04543552220726053,
        -0.059104264154743305,
        0.007861694555103162,
        -0.017253863822445415,
        -0.06519819559906134,
        0.014202557473141794,
        0.054792505775978315,
        -0.008286498557325918,
        0.07137551978198418,
        -0.017828719302238772,
        0.011235715018333705,
        -0.015162591945160703,
        0.06326745320597293,
        0.10316575711386157,
        0.01753523269505664,
        -0.03939674001899698,
        0.045269614478082344,
        0.01213613827733697,
        0.026750551938462704,
        0.056855525469396775,
        -0.050002556358256504,
        0.08022378437560151,
        0.0145432745912325,
        -0.054096262315028266,
        -0.04572442994954244,
        -0.043429419510009636,
        -0.025835091131385747,
        -0.023618666541998578,
        0.0752235201600357,
        0.02431247925169425,
        0.004739212192232055,
        -0.006926921861427681,
        -0.020713978854860343,
        -0.04632495185245012,
        -0.009634166864891387,
        -0.0280795897730515,
        -0.015725025083253935,
        -0.022678744249927534,
        -0.03417773543007599,
        -0.0255682006118642,
        -0.04378235702861533,
        -0.05279786216086469,
        -0.04410923240547992,
        0.04551739105686599,
        0.038616253017336136,
        0.016273606556033705,
        0.016221941692661446,
        0.051623680962167726,
        0.015578806830118462,
        0.054538812330562424,
        0.025424134680134408,
        0.016191420461289737,
        0.04354408227334643,
        -0.07109557877561051,
        -0.02315660622220615,
        -0.004740829497530785
    ],