{
    "ParameterSet": [
        0.0,
        0.0,
        0.0,
        0.0,
        0.0,
        0.0,
        0.0,
        0.0,
        0.0,
        0.0,
        0.0,
        0.0,
        0.0,
        0.0,
        0.0,
        0.0,
        0.0,
        0.0,
        0.0,
        0.0,
        0.5044372080402942,
        0.11179573179088269,
        0.22336131133168322,
        0.5238323908959595,
        0.4897837537401469,
        0.23336879209210276,
        0.156900132397411,
        0.2705401047539295,
        0.5045759819857375,
        0.4904423579823461,
        0.2409376907772342,
        0.1710147855545038,
        0.2840915832472842,
        0.5079500341720962,
        0.4593346845127408,
        0.21835216964225468,
        0.1690032511888188,
        0.3258838945822318,
        0.5074750373643965,
        0.2620683981985637,
        -0.04,
        -0.04,
        -0.04,
        -0.04,
        -0.04,
        -0.04,
        -0.04,
        -0.04,
        -0.04,
        -0.04,
        -0.04,
        -0.04,
        -0.04,
        -0.04,
        -0.04,
        -0.04,
        -0.04,
        -0.04,
        -0.04,
        -0.04
    ],
    "SensorParameterSet": [
        -0.4044085064595928,
        -0.40995291354132396,
        -0.3623920141758871,
        0.10630110043348749,
        0.33242451269312234,
        0.8666128813693748,
        -0.025688593323042394,
        0.2899850039745502,
        0.1331418171859936,
        0.2624692646466215,
        0.42777189198066773,
        0.30533880741176844,
        -0.046864382561274266,
        -0.2907395217996264,
        0.32534432494339627,
        0.11852105661616799,
        -0.1421009437797509,
        0.3559399825076956,
        0.03600817506613347,
        -0.16773061074872503,
        -0.039741084642679884,
        -0.14464549463933038,
        0.03996063106836391,
        0.5017374570181142,
        -0.4327690021606112,
        0.09931238349536475,
        -0.018788087360698136,
        0.2206523028609505,
        0.018339282837825124,
        -0.08542077119024535,
        -0.017072750963686604,
        -0.17696654995238442,
        -0.007058711781077522,
        0.6037072422490527,
        0.028981581195795972,
        0.5359995538260528,
        -0.3353600678124516,
        0.6562363626376535,
        -0.33182705636414567,
        0.01706365546676798,
        0.16433323047430912,
        -0.44251939698129056,
        0.05959503896792425,
        -0.011643278848521673,
        0.10347127885640761,
        0.12238824250404644,
        -0.09591384873686136,
        -0.1785116858026312,
        0.13258228212259252,
        0.11604936553088782,
        0.05085672558700729,
        -0.10263285363676866,
        -0.7880407227891508,
        -0.07056386711866351,
        0.26035234242961414,
        0.013439587343364276,
        -0.07746404056778827,
        -0.4734459205476711,
        -0.28007875824659867,
        0.10549258749862539
    ],
    "checked": "indirect",
    "iteration": 80,
    "noise_sensor_0": [
        -0.024355104265716923,
        -0.012314213322070664,
        0.02508856943568554,
        0.0072537101899082836,
        0.028794554423612364,
        -0.034492423364665924,
        -0.047287097011500245,
        0.012897238489556673,
        -0.022727087734538465,
        0.04696411174105246,
        0.00883044046496079,
        -0.06797943853382173,
        -0.07559365021481888,
        -0.0337435147007884,
        -0.008413525309448626,
        -0.05170888633314263,
        -0.09982327160656697,
        0.046014758164387576,
        -0.03924912934920071,
        0.07097308289319866,
        -0.006936737551396034,
        0.003182188474543245,
        0.008454995141503403,
        -0.009015255179895354,
        -0.013380309583523951,
        -0.039863379398566025,
        -0.07850401390675071,
        -0.01391696283015186,
        0.08025966830429342,
        0.04777188330730286,
        0.026699159130548093,
        0.012598766355211706,
        0.0064685373421241145,
        0.012294028238179093,
        0.023450645726850124,
        0.00639609349367533,
        -0.028629078358708916,
        0.05243952488832539,
        0.013187470488568038,
        0.010364333411811978,
        0.03058741737856187,
        -0.008075549026507853,
        -0.04583129469282483,
        -0.005172388846624265,
        -0.041247250752161756,
        0.015926264388377125,
        0.015592217259699817,
        -0.06183645278708132,
        -0.039955037834717926,
        0.010439944041650027,
        0.04277893658402621,
        -0.01342070362883847,
        -0.025350210650675484,
        0.03621110247519778,
        0.011735902444620253,
        -0.01712893781062376,
        0.004716592989213671,
        -0.05790750010511199,
        0.007678448746198559,
        0.010932800893238856
    ],
    "noise_sensor_1": [
        -0.008136737176247383,
        0.04641369840863675,
        0.03562762868003933,
        -0.06561972632562288,
        0.05201172201717362,
        -0.05092256859690453,
        -0.03857911942040388,
        -0.0014217985776706747,
        0.01892717090972622,
        -0.03729771894290304,
        -0.030117631007109017,
        -0.03341173739467134,
        -0.013079994803622291,
        0.02935527400373255,
        0.007903526230468886,
        -0.03466340389737899,
        0.00293996224867091,
        -0.022120334237460612,
        -0.0146531618203968,
        0.042245768064733326,
        0.006817394051463035,
        -0.01867915642864421,
        -0.008766671611926768,
        -0.0610014138549213,
        0.09104124445955479,
        0.05767219100157248,
        0.06691133094084947,
        0.024649166591338815,
        0.020639883604824234,
        -0.049546004481280506,
        -0.053812654139107054,
        -0.04156136615109806,
        -0.0351190632599292,
        -0.002284073656808231,
        0.05201157819212447,
        0.012961104276497808,
        -0.0410241401756451,
        0.029590384457174903,
        -0.022511000746147047,
        -0.03169653721280051,
        0.019006916025780588,
        -0.003975366789714558,
        0.03375643129061729,
        0.028087551988376352,
        -0.029678878726576336,
        -0.039109371718962185,
        -0.01424238991604829,
        0.041529712785832104,
        0.02882315075083262,
        -0.027049315251267296,
        0.004318191468286276,
        0.09551504243094922,
        0.032849951501009986,
        0.03353455186907056,
        0.034357096380321285,
        0.0225727175117698,
        0.025258338405676633,
        -0.07730625873745378,
        0.00556485655744494,
        -0.05729329867584902
    ],