{
    "ParameterSet": [
        0.0,
        0.0,
        0.0,
        0.0,
        0.0,
        0.0,
        0.0,
        0.0,
        0.0,
        0.0,
        0.0,
        0.0,
        0.0,
        0.0,
        0.0,
        0.0,
        0.0,
        0.0,
        0.0,
        0.0,
        0.5044372080402942,
        0.11179573179088269,
        0.22336131133168322,
        0.5238323908959595,
        0.4897837537401469,
        0.23336879209210276,
        0.156900132397411,
        0.2705401047539295,
        0.5045759819857375,
        0.4904423579823461,
        0.2409376907772342,
        0.1710147855545038,
        0.2840915832472842,
        0.5079500341720962,
        0.4593346845127408,
        0.21835216964225468,
        0.1690032511888188,
        0.3258838945822318,
        0.5074750373643965,
        0.2620683981985637,
        -0.04,
        -0.04,
        -0.04,
        -0.04,
        -0.04,
        -0.04,
        -0.04,
        -0.04,
        -0.04,
        -0.04,
        -0.04,
        -0.04,
        -0.04,
        -0.04,
        -0.04,
        -0.04,
        -0.04,
        -0.04,
        -0.04,
        -0.04
    ],
    "SensorParameterSet": [
        -0.29089463753506006,
        -0.2064351727914598,
        -0.3079183958345205,
        0.44075925474748784,
        0.24374597998308237,
        0.5957981541479391,
        -0.007929494443329514,
        0.3318239895849864,
        0.022156464984237356,
        0.1734286806645229,
        0.5177717042914972,
        0.28381437667031706,
        -0.14201494097592096,
        -0.33169607699610537,
        0.10769599646240349,
        0.12668994449511303,
        -0.20146889769140622,
        0.12706562788612272,
        -0.04225265888108552,
        -0.22317288807551594,
        -0.1660543161686533,
        0.07830009627524753,
        0.11299897619483186,
        0.4290573997034088,
        -0.39554164508217404,
        0.0057792962498438155,
        -0.03331976070633652,
        0.391703099217424,
        0.023327772776503473,
        0.0538927409457059,
        0.06387323048198508,
        -0.0867866163023913,
        0.09576320712630206,
        0.6022412856106012,
        0.049785319227106266,
        0.7389448516439158,
        -0.26481252769422,
        0.7210203368560765,
        -0.5588364403541828,
        -0.02627861755715003,
        0.2638831595273917,
        -0.34903817051267216,
        0.11464488719334616,
        -0.14255906883961728,
        0.397103733408878,
        0.11989699130824831,
        -0.21691388674507356,
        -0.2678220782166423,
        0.08588031008598164,
        0.12237922559002211,
        0.11060197701973734,
        -0.28143812305483124,
        -0.5806627484840234,
        -0.1501891788470742,
        0.06514846795155521,
        0.18934519899024496,
        -0.21796595646511158,
        -0.3823230067657859,
        -0.09774647688965711,
        0.10773244728867311
    ],
    "checked": "indirect",
    "iteration": 52,
    "noise_sensor_0": [
        -0.00789580189763161,
        0.06380068856676444,
        0.029752588041746898,
        -0.022128571628038402,
        0.0032230929582029774,
        -0.009235295187471203,
        -0.07609757183199975,
        0.05816620165852666,
        -0.02621715900753123,
        -0.04012204752502365,
        0.009405773480429145,
        0.013317560457055821,
        0.06794280161299088,
        0.020495892474259928,
        -0.018048787366570476,
        -0.05975886314176331,
        0.06703214644301608,
        -0.015136532825725418,
        -0.005609926935393178,
        0.05381917768977176,
        0.02955863349409232,
        -0.02638510403173182,
        -0.021720981561548683,
        0.006095283196761009,
        -0.020032436904658335,
        0.016764170083126882,
        0.003928976177963247,
        0.018008439820023373,
        0.034160343598014536,
        -0.025773818220769386,
        0.01489094090372766,
        0.0005182981157879129,
        0.03652856445629284,
        -0.051908334269328484,
        0.07243215026829121,
        -0.0021824337907058343,
        0.010048033545365492,
        0.03129890800491482,
        0.12827618358736742,
        -0.027429633492814333,
        -0.014191271402214689,
        0.06948838533354598,
        -0.0074412874267796945,
        0.0818528799092969,
        -0.031038090344099233,
        0.04136696169610179,
        0.01306527002447515,
        -0.05989685965294273,
        0.021461318748783646,
        0.01833035001289518,
        -0.07180000978010607,
        -0.022899566184230617,
        0.03993305710212234,
        -0.03729436401648876,
        0.05562231068568414,
        0.03748959355292899,
        0.10514603711478383,
        0.04101256689683556,
        -0.00801799830742183,
        -0.001989292044566432
    ],
    "noise_sensor_1": [
        -0.061652597460953425,
        0.027647864365386122,
        0.03839631802523667,
        0.06353226516682553,
        0.009476203891729724,
        -0.055072732972783735,
        0.06060773212654971,
        -0.031428681591005835,
        -0.05455213477233335,
        -0.06114395380934359,
        0.09181938683931495,
        0.0029663436274291032,
        -0.03822230538641847,
        0.1380334802882939,
        0.10724248304879203,
        0.022832251205153937,
        -0.012101508252208416,
        0.05394729746161057,
        0.012274668667423973,
        -0.05186588714629207,
        0.0057121518014397596,
        -0.08609731275603302,
        0.042848238506103885,
        -0.05757839568028413,
        -0.08436681570245472,
        -0.012201152179260714,
        -0.043708717471304295,
        -0.05092436222194477,
        -0.013878735075521594,
        -0.005995110198921302,
        0.09793880257997024,
        0.01231502132134037,
        -0.010283195097990682,
        0.023924263482690406,
        -0.03151317794814234,
        0.06498778259985928,
        0.09199224630840544,
        0.0081441842750886,
        -0.019190524464304658,
        0.04452460441190917,
        -0.0080181536436343,
        0.05866468130936183,
        -0.07321138516371867,
        4.3201828786220874e-05,
        0.03785784830385413,
        -0.027418023269324347,
        0.02331618913637557,
        -0.018645589360501057,
        0.006692863620687049,
        0.021122372344397445,
        0.009238237748858605,
        -0.03461153751835153,
        0.06546652001611215,
        0.04587634448040707,
        0.003613413647412197,
        0.0815212020473075,
        -0.01583275511479057,
        -0.0733282696134363,
        0.0011628225688505968,
        -0.05335097771778506
    ],