{
    "ParameterSet": [
        0.0,
        0.0,
        0.0,
        0.0,
        0.0,
        0.0,
        0.0,
        0.0,
        0.0,
        0.0,
        0.0,
        0.0,
        0.0,
        0.0,
        0.0,
        0.0,
        0.0,
        0.0,
        0.0,
        0.0,
        0.5044372080402942,
        0.11179573179088269,
        0.22336131133168322,
        0.5238323908959595,
        0.4897837537401469,
        0.23336879209210276,
        0.156900132397411,
        0.2705401047539295,
        0.5045759819857375,
        0.4904423579823461,
        0.2409376907772342,
        0.1710147855545038,
        0.2840915832472842,
        0.5079500341720962,
        0.4593346845127408,
        0.21835216964225468,
        0.1690032511888188,
        0.3258838945822318,
        0.5074750373643965,
        0.2620683981985637,
        -0.04,
        -0.04,
        -0.04,
        -0.04,
        -0.04,
        -0.04,
        -0.04,
        -0.04,
        -0.04,
        -0.04,
        -0.04,
        -0.04,
        -0.04,
        -0.04,
        -0.04,
        -0.04,
        -0.04,
        -0.04,
        -0.04,
        -0.04
    ],
    "SensorParameterSet": [
        0.11915004033042062,
        -0.3087117411587745,
        0.3388015761996692,
        0.25892633252439656,
        -0.48749911658428413,
        0.5282719150644357,
        -0.23046012003863475,
        -0.4187439129712545,
        0.7285263099063743,
        0.2844835885727643,
        -0.48432025764711517,
        0.019884247185807953,
        0.12212240726754285,
        0.09195209647312838,
        -0.0779286647132887,
        -0.0869237493231074,
        0.19082683906983114,
        -0.0043714761972434985,
        0.09470731976274617,
        -0.09972195519183868,
        0.10144965857887324,
        0.028130004172052553,
        0.7756321673486779,
        0.11727496558921477,
        -0.7190318251186483,
        0.5054779104156323,
        0.1717759729649961,
        -0.20484687869558674,
        -0.1592287851012367,
        -0.3382586985826196,
        0.2022586347311163,
        0.27567452457149394,
        -0.3225793977055376,
        -0.14345918189162188,
        0.27408327208292327,
        0.2966637355647325,
        -0.58836911441296,
        -0.605175363037443,
        -0.1417381385075884,
        0.20005077572119095,
        0.4106412032870975,
        0.050232123549160915,
        0.32876814308319735,
        0.12280385435346343,
        0.27058725755671614,
        0.5827609240604757,
        -0.661500910536707,
        -0.6222101833335244,
        -0.7165922412131613,
        -0.31492515219822576,
        -0.6680889539518068,
        -0.33947482752710223,
        0.35155484010451676,
        0.1270006056463575,
        0.07210188328670805,
        -0.3849131458270424,
        -0.08448479777613563,
        -0.15818605925698134,
        0.6266012046387622,
        0.04683590176864
    ],
    "checked": "indirect",
    "iteration": 97,
    "noise_sensor_0": [
        0.01516089211463729,
        -0.024270322477266165,
        -0.046998977787378535,
        0.05168498851600011,
        0.017335124648021234,
        0.000383331362697576,
        -0.006544086752271596,
        0.021081176229189903,
        0.028402304683334455,
        0.02472625616975959,
        -0.008120749038029363,
        0.012406055086978066,
        0.08267076411860357,
        0.002852107915091112,
        0.03167122966001785,
        -0.012916679113347916,
        -0.024790942581072214,
        -0.004116432392031881,
        0.0036979904888908986,
        0.03050332769271334,
        -0.021962129099348738,
        0.030736421967861687,
        -0.024527681458362868,
        0.019132405523498406,
        0.02934258235765451,
        -0.03552640075638334,
        0.017656351924465893,
        -0.026605141371489668,
        0.006842731264856502,
        -0.027559778663721526,
        0.01809131518537259,
        -0.012010366434965261,
        -0.001393793475776144,
        -0.06174527719728604,
        0.038193155272776134,
        -0.02404623118010014,
        0.0822409724036266,
        -0.007512419335934461,
        0.04568782321544457,
        -0.017030132867803957,
        -0.026883627382810735,
        0.005639450992644165,
        0.05137166834730803,
        -0.05853109419551859,
        0.029260466907719364,
        0.031689921832031655,
        -0.018210426967950208,
        0.03773206292963764,
        0.008513873741921195,
        0.01565791265484292,
        0.07234021462584862,
        -0.01841007059617387,
        -0.04373612292892788,
        -0.08570538797733553,
        0.06958493657053011,
        -0.03279522858149584,
        0.07117845241000234,
        -0.0037405173250619306,
        0.0380771243816147,
        -0.03358590032530176
    ],
    "noise_sensor_1": [
        -0.020947358598447607,
        0.04353057433123976,
        0.02000080535944871,
        0.0019426366181956821,
        -0.03020731214652931,
        0.020276592465980233,
        0.00371037688728439,
        0.04024097833259811,
        0.01790076257424883,
        0.06380686194076415,
        -0.05657504108431078,
        0.0009317707190956287,
        -0.059767875236663597,
        0.01754837594497932,
        -0.013662919011218837,
        -0.022289131456120832,
        -0.06241345041722503,
        0.04478863974247024,
        0.027714064765765035,
        0.023180885534172573,
        0.0007358346375217113,
        0.006946313818443709,
        -0.05481987917372118,
        -0.0033133376306058405,
        0.041285752812114274,
        -0.01259951109565292,
        -0.07541987774295657,
        -0.007621495239140743,
        0.0040833774966052205,
        0.02746735151635571,
        -9.651565878023683e-05,
        0.014988527757113596,
        -0.005963577913076907,
        -0.008801615196824372,
        -0.045479539797246504,
        -0.008196019765823572,
        0.06811636387299908,
        0.035166465313443133,
        -0.010884771765511033,
        -0.07662136012713001,
        -0.004329936249500009,
        -0.009958240807936605,
        0.017047603553840177,
        -0.019131084139438762,
        -0.051553152044878266,
        0.019641797695198932,
        -0.03824663802015514,
        -0.051230491905865184,
        0.05840539364226628,
        -0.020644905152384097,
        -0.009959589264957214,
        -0.037193300865581834,
        -0.005359787294768323,
        0.02279340033960008,
        -0.04406246683135318,
        -0.04276634143723445,
        -0.03668915925212943,
        -0.0519803544852567,
        0.01368175372192324,
        0.01997240980199752
    ],