{
    "ParameterSet": [
        0.0,
        0.0,
        0.0,
        0.0,
        0.0,
        0.0,
        0.0,
        0.0,
        0.0,
        0.0,
        0.0,
        0.0,
        0.0,
        0.0,
        0.0,
        0.0,
        0.0,
        0.0,
        0.0,
        0.0,
        0.5044372080402942,
        0.11179573179088269,
        0.22336131133168322,
        0.5238323908959595,
        0.4897837537401469,
        0.23336879209210276,
        0.156900132397411,
        0.2705401047539295,
        0.5045759819857375,
        0.4904423579823461,
        0.2409376907772342,
        0.1710147855545038,
        0.2840915832472842,
        0.5079500341720962,
        0.4593346845127408,
        0.21835216964225468,
        0.1690032511888188,
        0.3258838945822318,
        0.5074750373643965,
        0.2620683981985637,
        -0.04,
        -0.04,
        -0.04,
        -0.04,
        -0.04,
        -0.04,
        -0.04,
        -0.04,
        -0.04,
        -0.04,
        -0.04,
        -0.04,
        -0.04,
        -0.04,
        -0.04,
        -0.04,
        -0.04,
        -0.04,
        -0.04,
        -0.04
    ],
    "SensorParameterSet": [
        0.1532958285825448,
        -0.1538435291405477,
        0.03849809830708103,
        -0.07157911295041987,
        -0.35709971103298294,
        0.3703590220528533,
        -0.09588897907296198,
        -0.08193910931602987,
        0.5373598150487193,
        0.06455505951426581,
        -0.47738849498091934,
        -0.22125641957620687,
        0.18475413253310352,
        0.07171427148052338,
        0.16664151781125988,
        -0.23060805658956549,
        0.1967051155895838,
        -0.12498465829369362,
        -0.002596124523882219,
        -0.13796037133778297,
        0.057391715951070454,
        0.06017249181443926,
        0.5556851532456639,
        0.13781727360424884,
        -0.6010676474142093,
        0.41924822146837604,
        0.23275204635974983,
        -0.24848139937316122,
        -0.14578677225047995,
        -0.17904436936155385,
        0.20112551302849185,
        0.33934603356381066,
        -0.3491678677142016,
        -0.202932250800427,
        0.3301120929481269,
        0.5520540164932368,
        -0.8005383877819774,
        -0.4052638931008927,
        -0.10900725787301777,
        0.21651811581814007,
        0.25901102220887645,
        0.06884800750853595,
        0.4795298406191354,
        0.2964886110462882,
        0.3254623186556715,
        0.41016951485468633,
        -0.2955736618251515,
        -0.5344696955171089,
        -0.843715820777526,
        -0.5324743685530152,
        -0.44275682956778245,
        -0.3099651119411914,
        0.16184775219954262,
        0.17102514736368474,
        0.22160314429817812,
        -0.3194150990582749,
        -0.11278169497421835,
        -0.102601420086344,
        0.6103791973892319,
        0.19757811952642612
    ],
    "checked": "indirect",
    "iteration": 73,
    "noise_sensor_0": [
        0.041209578847763904,
        0.00442372097026619,
        0.024455199358681963,
        -0.025456816503058862,
        0.03163686917377789,
        0.008483790177317253,
        0.0177343077574222,
        -0.02779150509944238,
        0.0215102731532123,
        -0.0028579188968914497,
        0.05665878665977125,
        0.04848832644192517,
        -0.03897652231759194,
        0.0026445928994568327,
        0.07007283677938282,
        0.07220127010070897,
        -0.008436363765421803,
        -0.0034188880491311234,
        0.05958579912134359,
        -0.05258853103021444,
        0.02614182227922222,
        0.07841538687229918,
        -0.044404341742879376,
        -0.02744039373971703,
        0.03592146441472055,
        -0.05501997941841505,
        0.05017876483558528,
        0.010930772970173594,
        0.004949002690069344,
        0.0040996914347826005,
        0.009811757559803999,
        0.08325466445646787,
        -0.016998205081836276,
        0.025189721589270322,
        0.08708418646462907,
        0.024303354774146437,
        0.03218738879321217,
        -0.023173039492984677,
        -0.021925206607945866,
        -0.07103725203551094,
        -0.017361450689923834,
        0.0185754815425927,
        0.05544346932718785,
        0.01898928081467514,
        -0.011427726266265934,
        0.00032810592535780506,
        0.06966789325596832,
        -0.010333611769766597,
        0.047022899297458245,
        -0.04203747673123078,
        0.09247991495177611,
        -0.010757474554595983,
        0.021315495229546608,
        0.024978700332089807,
        -0.01742418235315984,
        -0.06496355465382564,
        -0.0012646010540279396,
        0.012313144196467972,
        -0.06515685774579323,
        -0.036954299742666646
    ],
    "noise_sensor_1": [
        -0.06776752714335245,
        0.01741847705110597,
        0.0711405448677479,
        -0.006882118353368731,
        -0.001398984248947531,
        -0.003111577091066806,
        -0.002123862093585766,
        -0.026072646482296274,
        0.002889611761458568,
        0.0023451856707803467,
        -0.08221635199512935,
        -0.020337301917035904,
        0.020085621380675732,
        -0.010945169142840123,
        -0.03510961514352592,
        0.07911914620046438,
        0.024978805687135494,
        0.007296134106057773,
        0.020052156322779322,
        0.010330402529625804,
        0.04262789508490948,
        0.010517104501533335,
        0.06082107241706785,
        0.02589466251758557,
        -0.0245797100558213,
        -0.03816194076724106,
        -0.0028772487978045336,
        -0.015072102692787788,
        0.016841796252975393,
        -0.03071097979338353,
        0.0347704721045219,
        0.026338905822951973,
        -0.0720290809323368,
        0.05131688049270283,
        -0.07138799471988387,
        -0.05180634453446241,
        -0.049533830033692036,
        0.12317702888945699,
        -0.03536798791823215,
        0.08558557212909072,
        0.010241642506588692,
        0.04082678178836357,
        0.07196578826892343,
        -0.02325965253059105,
        -0.06844740867219731,
        -0.00757760617320071,
        -0.018772550531471095,
        -0.019930222874814635,
        -0.0024723485946745783,
        0.037217932345127304,
        0.059908076930688656,
        0.05819033967718475,
        -0.008332957931459635,
        -0.10213040531022191,
        0.013749966057504472,
        -0.0247502263664503,
        -0.02050422373474083,
        0.03748590600314391,
        -0.0027178329978266597,
        -0.051869410832366986
    ],