{
    "ParameterSet": [
        0.0,
        0.0,
        0.0,
        0.0,
        0.0,
        0.0,
        0.0,
        0.0,
        0.0,
        0.0,
        0.0,
        0.0,
        0.0,
        0.0,
        0.0,
        0.0,
        0.0,
        0.0,
        0.0,
        0.0,
        0.5044372080402942,
        0.11179573179088269,
        0.22336131133168322,
        0.5238323908959595,
        0.4897837537401469,
        0.23336879209210276,
        0.156900132397411,
        0.2705401047539295,
        0.5045759819857375,
        0.4904423579823461,
        0.2409376907772342,
        0.1710147855545038,
        0.2840915832472842,
        0.5079500341720962,
        0.4593346845127408,
        0.21835216964225468,
        0.1690032511888188,
        0.3258838945822318,
        0.5074750373643965,
        0.2620683981985637,
        -0.04,
        -0.04,
        -0.04,
        -0.04,
        -0.04,
        -0.04,
        -0.04,
        -0.04,
        -0.04,
        -0.04,
        -0.04,
        -0.04,
        -0.04,
        -0.04,
        -0.04,
        -0.04,
        -0.04,
        -0.04,
        -0.04,
        -0.04
    ],
    "SensorParameterSet": [
        0.194133562658638,
        0.14286200895802764,
        -0.11493373455170297,
        -0.26113336746944166,
        -0.09472415283609226,
        0.08649323246983287,
        -0.08303086314999479,
        -0.11628190107203998,
        0.514941820229525,
        0.08788175135659124,
        -0.029621324823672968,
        -0.25301757150671,
        0.3237156071085845,
        0.10528767229782594,
        -0.07911889120213529,
        0.1704038623075844,
        -0.01594303145319629,
        -0.07600937311387584,
        -0.3479898045209889,
        0.09254154208057261,
        -0.329239418516772,
        -0.024712067383475717,
        0.28060861079439126,
        0.4016978016191706,
        -0.5969818812476336,
        0.44407225986328436,
        0.011401203649827578,
        -0.01465541926755641,
        -0.04189403703290678,
        -0.16040897414649707,
        -0.017071084027081507,
        0.08730906323203774,
        -0.17625627849386405,
        -0.19387219919642004,
        0.35734087329878034,
        0.29606567093752484,
        -0.4164691582444893,
        -0.22895060310794546,
        -0.1770155085302491,
        0.15420969119040398,
        0.12451755201155526,
        0.3505925057323448,
        0.5176836806612052,
        0.44773569629857907,
        0.13749774280237168,
        0.32348635932826175,
        -0.4348208838104086,
        -0.3245969723208709,
        -0.5828501971854495,
        -0.49649414931622765,
        0.025601059416989147,
        -0.0401692744641516,
        0.1918123456230028,
        -0.026176705425000984,
        -0.022835186964709212,
        -0.16994660555361862,
        -0.013585685267937552,
        0.2349753844337293,
        0.27750140390365946,
        0.18154924863776797
    ],
    "checked": "indirect",
    "iteration": 39,
    "noise_sensor_0": [
        0.03813391202568732,
        -0.021283622224482913,
        -0.008352484665650134,
        -0.0280039955137456,
        0.03332768211812638,
        0.04524267889523397,
        0.00750169343282062,
        -0.010612130564132896,
        -0.024736299712554595,
        0.03237062113043465,
        -0.06289743199486927,
        0.014631734256772347,
        -0.06139254869327954,
        0.06605650352164934,
        -0.11974853325948609,
        -0.013179410784707883,
        0.00044878312068674127,
        0.11683634505710941,
        -0.10621554679876322,
        0.007964059605077302,
        0.0019312414943465964,
        -0.04880010236036969,
        0.006586874193905812,
        -0.008460048816698821,
        0.04275157663025821,
        -0.04657789079838633,
        0.012152619657511167,
        0.05583027920525592,
        0.014222511771015175,
        0.019579108272459705,
        -0.03048833555067454,
        0.0034277338956893093,
        0.029879631380612982,
        0.031126343362005815,
        0.061739135433211016,
        -0.007542583857326583,
        -0.04580624596030151,
        0.020350730883341873,
        -0.057334022679924525,
        -0.08994561932468469,
        0.021262573571806498,
        -0.02745724965418282,
        0.023887821763447552,
        0.08552446897595602,
        -0.018652720301638316,
        0.014913571719468182,
        0.020247407618514436,
        0.02660752676865023,
        0.029836836239645805,
        0.0142565266774633,
        -0.0024093604640433954,
        -0.008819753261627868,
        0.047152833782124814,
        -0.010527071371527428,
        0.04822867489909027,
        0.10194658772170777,
        0.012039020269271164,
        0.026948858465605546,
        0.06018413181105227,
        0.04374729442858068
    ],
    "noise_sensor_1": [
        0.007696352784070671,
        -0.01284639489749449,
        0.01824837868840689,
        0.002274902006550151,
        -0.04876480873501699,
        -0.051354140705968145,
        0.10011622044737183,
        0.016630184581421736,
        -0.08682657839054259,
        0.016045386055800876,
        0.024372611396098767,
        0.07586884181789698,
        -0.00034019952341859646,
        -0.012110908860127185,
        0.04245688905188701,
        -0.004869380564743465,
        0.06690794183072177,
        -0.01117792157576182,
        -0.046443861836260945,
        0.013815293302145223,
        -0.026041728200330856,
        -0.04355290094258137,
        0.005450029984808095,
        -0.03834673301472461,
        0.0867281846341507,
        -0.012551624964327695,
        0.017523250604168213,
        0.04893925664989627,
        -0.04874788035913417,
        -0.08501055942768372,
        0.029659715601255056,
        0.025433592645809123,
        0.038994139326636174,
        0.018981521784698804,
        -0.009641893544908967,
        0.03722655259392066,
        0.06894291353582042,
        -0.08145112186734997,
        0.0717650324844386,
        -0.06030938393719559,
        0.050506107572628044,
        0.01712860327786758,
        0.061156683970274385,
        0.06171681685467396,
        -0.016678681547629644,
        -0.018391132225103933,
        0.03960188180251602,
        -0.041602613791563964,
        0.011677351884172658,
        0.023520837664143292,
        0.02360538798438239,
        0.030813259171427614,
        0.06841266564950053,
        -0.0063676737352099284,
        0.018509068068807328,
        0.09800294454180794,
        0.05264192288053866,
        0.031744585640703295,
        -0.0057554710541201076,
        -0.03318800763283711
    ],