{
    "ParameterSet": [
        0.0,
        0.0,
        0.0,
        0.0,
        0.0,
        0.0,
        0.0,
        0.0,
        0.0,
        0.0,
        0.0,
        0.0,
        0.0,
        0.0,
        0.0,
        0.0,
        0.0,
        0.0,
        0.0,
        0.0,
        0.5044372080402942,
        0.11179573179088269,
        0.22336131133168322,
        0.5238323908959595,
        0.4897837537401469,
        0.23336879209210276,
        0.156900132397411,
        0.2705401047539295,
        0.5045759819857375,
        0.4904423579823461,
        0.2409376907772342,
        0.1710147855545038,
        0.2840915832472842,
        0.5079500341720962,
        0.4593346845127408,
        0.21835216964225468,
        0.1690032511888188,
        0.3258838945822318,
        0.5074750373643965,
        0.2620683981985637,
        -0.04,
        -0.04,
        -0.04,
        -0.04,
        -0.04,
        -0.04,
        -0.04,
        -0.04,
        -0.04,
        -0.04,
        -0.04,
        -0.04,
        -0.04,
        -0.04,
        -0.04,
        -0.04,
        -0.04,
        -0.04,
        -0.04,
        -0.04
    ],
    "SensorParameterSet": [
        0.0517861897530362,
        -0.08115494850458169,
        -0.06120690039753233,
        -0.36021231926974845,
        -0.1270290541914357,
        0.3084891238500387,
        -0.0015701131767241517,
        -0.07254175674700843,
        0.36534920783377245,
        0.15530909020795197,
        -0.21316376485445301,
        -0.20050075818502333,
        0.2736965899120119,
        0.03674213527875735,
        0.05003051504175636,
        0.07875799801337043,
        0.29057257858838564,
        -0.1851636649718206,
        -0.1358179693915766,
        -0.16426743250913609,
        -0.13247877311661657,
        0.011513499152772654,
        0.5322414112968326,
        0.3283683810223153,
        -0.6212077514961368,
        0.3993007416941918,
        0.35279914318530425,
        -0.21578755746405154,
        -0.11362298932910311,
        -0.05953975719874925,
        0.12396318642545351,
        0.21225392754345587,
        -0.53035538978813,
        -0.20113570051298066,
        0.43551357491566833,
        0.4973474987726571,
        -0.6495180242931998,
        -0.4139501216899105,
        -0.08778865217381684,
        0.2906138752106268,
        0.25334739663025996,
        0.11624209384323772,
        0.48044239546138967,
        0.28265104832260907,
        0.032478496130629475,
        0.3801305747508198,
        -0.28947588477627395,
        -0.46560898672962236,
        -0.6778346660594722,
        -0.4742988097210324,
        -0.09164705783655802,
        -0.11803325366336312,
        0.34119769648877757,
        0.006043196412250028,
        0.0018514207831419186,
        -0.39332407131651825,
        -0.11940303861791406,
        0.012679262781883636,
        0.49391116520108286,
        0.21717458972150772
    ],
    "checked": "indirect",
    "iteration": 58,
    "noise_sensor_0": [
        0.07677075768252617,
        -0.05359597682461212,
        -0.02633182629847729,
        -0.0013271653391686916,
        0.053258465118325105,
        -0.024659438470796314,
        -0.04215332149424767,
        -0.1358866904054848,
        0.00969378887273096,
        0.002723154579718252,
        -0.04407694818028543,
        0.028157455421327783,
        -0.02694696241028973,
        0.023850084925310794,
        -0.04551510397390111,
        -0.07037165368846422,
        -0.020825402118480846,
        0.024614734605443958,
        0.029137638035882162,
        -0.08706663005290673,
        -0.004435945463727224,
        0.02147403175733638,
        0.0003784240075887865,
        0.03171943192418363,
        0.054966957238936,
        0.07354348168432273,
        0.023602897348942723,
        -0.02275614717841279,
        0.005499299133355588,
        -0.012105513819870994,
        -0.08154928409728335,
        -0.018287224700116813,
        -0.0016120164713673106,
        -0.0456701339306895,
        0.021884876496645906,
        -0.060051479330797915,
        0.05426819498441961,
        0.04106758345758474,
        0.024520815725032764,
        0.07236710383335046,
        -0.060087749921529536,
        0.03123446382835306,
        0.012310168930321155,
        0.06559883803097599,
        -0.06420148766867874,
        -0.001196279907405269,
        0.12404765008259648,
        0.06581143352670203,
        -0.040424691947939975,
        -0.0003809211229564263,
        -0.06054669652199103,
        0.08441417713126928,
        -0.02656591083951676,
        0.030222892487266582,
        0.01432868823856765,
        -0.03291579325466934,
        -0.04935493349917613,
        0.012443598270866081,
        -0.05403648228003298,
        0.06712126675903012
    ],
    "noise_sensor_1": [
        -0.05716765683300416,
        -0.029958427508898423,
        -0.023726588854875424,
        -0.038256317714987845,
        -0.01120454404721453,
        -0.025528055704817115,
        0.006288828916480755,
        0.016749959727769926,
        -0.05682182298234275,
        0.11660941643968477,
        0.019809100054825928,
        0.03906578243040838,
        -0.022728509599700426,
        0.007757478911383705,
        0.04272362876324581,
        -0.047504399132070885,
        -0.06437801242009941,
        0.027815143294835365,
        -0.04911680960630669,
        0.006048920877847975,
        0.029946379659089195,
        0.06660572712703883,
        0.08498622105560959,
        0.0006512690367965023,
        0.039770873601225054,
        0.016606095033710622,
        0.0314706227385697,
        -0.027237018359775076,
        0.0007314985850144402,
        -0.004874711990093406,
        -0.03834924779386051,
        -0.000537066942951525,
        4.907475264417828e-05,
        0.05439133627565912,
        0.001683157751268285,
        0.015544518946627617,
        0.05717022973702706,
        -0.05424554470157592,
        -0.0635536715774328,
        0.02012897617058694,
        -0.0062329073473334886,
        0.03868702885570111,
        -0.04840160776685904,
        0.08712110236287518,
        -0.024608672038026,
        -0.0914374628399692,
        0.011337867098447495,
        0.03133292420011715,
        -0.031663258932749544,
        -0.0520163026135524,
        -0.016361678983714274,
        0.007237500919372943,
        0.019528626619039077,
        0.04297959034201326,
        0.11233083506800082,
        -0.046933152747248845,
        -0.04715864342962468,
        0.06376136076070396,
        0.0691175867675977,
        0.07855013657640052
    ],