{
    "ParameterSet": [
        0.0,
        0.0,
        0.0,
        0.0,
        0.0,
        0.0,
        0.0,
        0.0,
        0.0,
        0.0,
        0.0,
        0.0,
        0.0,
        0.0,
        0.0,
        0.0,
        0.0,
        0.0,
        0.0,
        0.0,
        0.5044372080402942,
        0.11179573179088269,
        0.22336131133168322,
        0.5238323908959595,
        0.4897837537401469,
        0.23336879209210276,
        0.156900132397411,
        0.2705401047539295,
        0.5045759819857375,
        0.4904423579823461,
        0.2409376907772342,
        0.1710147855545038,
        0.2840915832472842,
        0.5079500341720962,
        0.4593346845127408,
        0.21835216964225468,
        0.1690032511888188,
        0.3258838945822318,
        0.5074750373643965,
        0.2620683981985637,
        -0.04,
        -0.04,
        -0.04,
        -0.04,
        -0.04,
        -0.04,
        -0.04,
        -0.04,
        -0.04,
        -0.04,
        -0.04,
        -0.04,
        -0.04,
        -0.04,
        -0.04,
        -0.04,
        -0.04,
        -0.04,
        -0.04,
        -0.04
    ],
    "SensorParameterSet": [
        0.0035062738310770005,
        0.03742903543766011,
        0.029599488200124195,
        0.048048347726424794,
        0.0372184573958848,
        -0.007183497282265887,
        0.03710957005993503,
        -0.2546656715649308,
        0.4678357843070654,
        0.18695078695628317,
        0.0397651539071629,
        -0.17679395542989343,
        0.09717582930382669,
        0.19034354768421793,
        0.01805925689416005,
        0.09548615032086188,
        -0.10021765858712223,
        -0.0926273907732087,
        0.01560270255481548,
        0.08285756030064613,
        -0.25019209118419033,
        0.07513711982831357,
        0.3234894602650127,
        0.10796365241119754,
        -0.5034984008299247,
        0.19186972799462837,
        -0.04955335778251309,
        0.011677493564098597,
        0.0472288761341441,
        0.1361204268094896,
        -0.11651569977579831,
        0.04480123420182701,
        -0.11573214636839758,
        -0.2319975377716517,
        0.11716239481476227,
        0.22385213447972988,
        -0.3808306207716709,
        -0.10619470868096319,
        -0.11669370588528674,
        0.23628858641106665,
        0.1930350921777649,
        0.12386978556066795,
        0.19621396400961763,
        0.31621011638907126,
        0.0596303807757042,
        -0.048259128581891526,
        -0.16045199856732711,
        -0.016396129657584448,
        -0.266537454845446,
        -0.41702949291598984,
        0.09926791749826964,
        -0.06552173082299503,
        -0.023662772504118555,
        -0.23082759049808385,
        -0.02966303410119796,
        -0.021487507082641962,
        0.03644345919923227,
        0.3939988280117196,
        0.21920815608703548,
        0.14374550046349768
    ],
    "checked": "indirect",
    "iteration": 21,
    "noise_sensor_0": [
        -0.042973647821583486,
        0.026923062569260737,
        -0.01907311824624948,
        0.02066987859587624,
        0.07218060001299066,
        0.032970921343368764,
        -0.026051608981374444,
        -0.0050755950712130125,
        -0.026813924119141404,
        -0.0332567623636027,
        0.028781475428952177,
        -0.08530769190175597,
        0.008669880847348793,
        0.03658336036975141,
        -0.014049184570630327,
        -0.046681928570921946,
        0.04082244687624433,
        0.004277792396863179,
        0.010884070239288418,
        0.03871461547179233,
        -0.006472801653218519,
        0.08711428291349567,
        0.07286059644211419,
        0.05978347394408846,
        -0.001450738639319507,
        0.02505042426131976,
        0.048978069159907316,
        0.018309477484694452,
        0.07613969111842969,
        -0.014018824393383365,
        -0.004562935826560987,
        -0.08283101134878253,
        0.004868838967482298,
        -0.009325420543006896,
        -0.09345032334457977,
        -0.022464876347094476,
        -0.011729145057932955,
        -0.0026786655196588995,
        -0.0056176733016540725,
        -0.11008205093637667,
        0.06857349246975095,
        -0.008782316341749034,
        0.00838636714228039,
        0.03774105310012226,
        -0.010366638698598971,
        0.08991835921068428,
        -0.03211169199297185,
        0.007868149387226369,
        0.06291363196121433,
        -0.062131667736980055,
        0.061287633023014,
        0.040788162380131526,
        -0.03158484410677727,
        0.015674975357941774,
        0.11432708199008589,
        0.047583059847282984,
        0.0022702032084000183,
        -0.025547493528482606,
        0.10338631732901518,
        0.013543320040942853
    ],
    "noise_sensor_1": [
        0.10184195410384643,
        0.05333030683363957,
        0.032250272986423335,
        -0.0411913693754276,
        -0.07893504080328943,
        -0.11947586884558314,
        0.07084923867696827,
        -0.09366357431342373,
        -0.013678504086139803,
        0.07762231556004895,
        0.0629494113789218,
        0.03304068418591475,
        0.007214633350876975,
        -0.009335119886432782,
        0.04660238573937336,
        -0.022082579230760475,
        0.04767133606343009,
        0.04291717156188079,
        -0.03694958021943808,
        0.003851021739714392,
        -0.09428789963637922,
        0.022849253418306695,
        -0.025205184162546412,
        0.04747056880076563,
        -0.05767310661142043,
        -0.06243709052020573,
        -0.003148172703655841,
        -0.049285716746349226,
        0.0601083325307142,
        -0.06402917332530163,
        0.023297506097017737,
        -0.02367913045633787,
        0.06559835982202697,
        -0.06241777045533151,
        -0.021426730811124256,
        0.026137248735435777,
        -0.0009654627851954361,
        -0.033249794161736825,
        -0.006778072193067278,
        0.032919718634330554,
        0.10528674599766276,
        -0.1273648029639609,
        0.08585986934676774,
        0.053883750972215816,
        0.029048438348586766,
        0.031554835219339515,
        0.0206318785141258,
        0.10414119092265603,
        -0.04427262846174533,
        -0.013524142531820554,
        0.021908719526129137,
        -0.13616457257677314,
        -0.11438959449005312,
        0.03538343695243141,
        -0.11319931059726321,
        -0.07264988784145515,
        0.059229130460100435,
        -0.10598384318435523,
        0.002129452136087369,
        -0.06498269573989861
    ],