{
    "ParameterSet": [
        -0.05300621027069435,
        0.043325444949831655,
        0.02919218446823585,
        0.03211303312023049,
        0.09649934002747482,
        0.07613911790830273,
        0.04392958432139498,
        0.037144259588333714,
        0.03231439017117281,
        0.0186825440913001,
        -0.011270727525675612,
        0.015891918310586912,
        0.062133986599186765,
        -0.03402960782128851,
        0.04690120889586483,
        -0.027524560665982193,
        -0.058231118895076546,
        -0.06698673274050854,
        -0.07697951114497364,
        -0.01235702551766304,
        0.5136924287301828,
        0.06769853026245132,
        0.19848440021327443,
        0.48176485485500026,
        0.5244370656590691,
        0.2686128522043505,
        0.11826402505008482,
        0.296268055215792,
        0.5274487102271059,
        0.5088043253354724,
        0.21305891890240686,
        0.19503225787803521,
        0.2688041205682867,
        0.5495074194203823,
        0.46432110951875033,
        0.2617403413011718,
        0.12914948354013844,
        0.3259968510421081,
        0.4262576814197919,
        0.20862297416721765,
        -0.08654073377780976,
        -0.02513886526957742,
        -0.05734939126404301,
        -0.04445902535809777,
        -0.03447396738485948,
        -0.12928108454595721,
        -0.040993013494891865,
        -0.010871596881854378,
        0.028331707583677153,
        -0.07882642715431847,
        -0.07239259495582433,
        -0.09175329587454013,
        -0.06499243468181806,
        -0.07680016006957953,
        -0.04633135787600127,
        -0.10502001552614795,
        -0.07408917458506134,
        -0.088767573802526,
        -0.048087876065993164,
        -0.0833506880550899
    ],
    "SensorParameterSet": [
        0.0,
        0.0,
        0.0,
        0.0,
        0.0,
        0.0,
        0.0,
        0.0,
        0.0,
        0.0,
        0.0,
        0.0,
        0.0,
        0.0,
        0.0,
        0.0,
        0.0,
        0.0,
        0.0,
        0.0,
        0.0,
        0.0,
        0.0,
        0.0,
        0.0,
        0.0,
        0.0,
        0.0,
        0.0,
        0.0,
        0.0,
        0.0,
        0.0,
        0.0,
        0.0,
        0.0,
        0.0,
        0.0,
        0.0,
        0.0,
        0.0,
        0.0,
        0.0,
        0.0,
        0.0,
        0.0,
        0.0,
        0.0,
        0.0,
        0.0,
        0.0,
        0.0,
        0.0,
        0.0,
        0.0,
        0.0,
        0.0,
        0.0,
        0.0,
        0.0
    ],
    "checked": "indirect",
    "iteration": 12,
    "noise_0": [
        0.008708402335736283,
        0.00015970541274637078,
        0.022721718618644294,
        0.005927732749691594,
        -0.0008550242495372948,
        0.0054697912902275355,
        -0.005953925684937442,
        0.006708787657571327,
        0.003985381470429021,
        0.01446843605263648,
        0.006524942121840549,
        -0.00252341985503897,
        -0.015909955593199986,
        -0.019464506174580183,
        -0.004344797382792987,
        -0.019206247016271043,
        0.013077020261267273,
        -0.0010589912072876322,
        -0.028548379911765898,
        -0.010517491816297866,
        0.011222538360365877,
        0.003089259788134032,
        0.000475822343252616,
        0.008764607860233963,
        0.007816932527163109,
        -0.021621091978125888,
        0.011644400554563191,
        0.02049342383229099,
        -0.0007741773689707126,
        -0.0044740147845171606,
        -0.018406400671015642,
        -0.018383552608530886,
        0.020354029893713592,
        -0.010075251306456395,
        0.004500199606138533,
        -0.01260830057599349,
        0.004969645804247601,
        0.014878712741569596,
        0.003819689182153338,
        -0.014246837604210484,
        0.011215475441587415,
        -0.01810993207614501,
        -0.0001673231954553086,
        -0.015363643716828355,
        -0.0006675438243227598,
        0.005573404182336595,
        0.017542921029440363,
        -0.030673483253246432,
        0.007705890702557495,
        0.011121394638902753,
        0.006091043636255604,
        0.01278835627857197,
        -0.01323779141437645,
        0.0006548746185734304,
        -0.007161647193970734,
        -0.02370772991117306,
        -0.001766904436357133,
        -0.006814936604854677,
        0.0220984523761109,
        -0.0122908048409608
    ],
    "noise_1": [
        -0.0021137141424826113,
        0.01696465876317316,
        0.0275535715969958,
        -0.0047679535912533415,
        -0.010527672994148956,
        0.0048620362160564645,
        0.013062847496109718,
        -0.005219280474439215,
        -0.0004611155966401278,
        -0.02312141427153974,
        0.013707532790468829,
        0.006824193592546054,
        0.005329666875353009,
        0.015128573986015957,
        0.01402509131149293,
        -4.9035952031927834e-05,
        0.01086509595626017,
        0.02158886468102125,
        0.02278908917681363,
        0.013543578975652218,
        0.021970701509060497,
        -0.008890444262132115,
        0.022170057360354472,
        -0.006073431337699309,
        -0.0003575009084784335,
        0.021566023828522858,
        -0.0007105796349495303,
        0.006395228663170753,
        -0.01007372482278039,
        0.020540907244439743,
        0.006888569584759928,
        -0.0008079635376192922,
        -0.014304672522116207,
        0.005356679653911281,
        -0.030759705075519374,
        0.03401054159983886,
        0.014425973607863497,
        0.0133209173167375,
        -0.01899035103479004,
        0.015033595139656368,
        0.01582244278111162,
        -0.00709357525211155,
        -6.340879783879906e-05,
        0.002968979738389996,
        -0.01862495247901774,
        -0.008128185524250943,
        -0.021208566969642406,
        -0.020910601109328904,
        0.004751531793205357,
        0.016805182098528326,
        0.0017542692610684836,
        0.017171605503195422,
        0.002915717259997971,
        -0.0016678161436601275,
        0.011882602027580774,
        -0.022401782496488942,
        -0.0036265738072209694,
        0.014332583544796008,
        0.020916608441724344,
        -0.02112628220338325
    ],