{
    "ParameterSet": [
        -0.07034531591200668,
        0.040017990774445907,
        0.009642660051285881,
        0.0532721377545445,
        0.08088689689548095,
        0.10665465486694099,
        0.05471643287208492,
        0.08059902508273499,
        0.05099765686340477,
        0.06408805309215189,
        0.03864152947436154,
        -0.04336918289194848,
        -0.0055535329034816375,
        -0.08273496822473124,
        -0.04257765060545228,
        -0.05841781879531441,
        -0.07557715877195242,
        -0.12969656319301745,
        -0.08153614195637651,
        -0.0581130562132578,
        0.4882510091441738,
        0.08836987193065533,
        0.14140421032822606,
        0.4474952508387568,
        0.5402083674615329,
        0.21800306982373865,
        0.1776128166778144,
        0.32417768541232994,
        0.519826779465188,
        0.4701281426387936,
        0.16549750814649866,
        0.14162809210165128,
        0.31103227601745137,
        0.538175775759898,
        0.4797697305920012,
        0.26837802977658926,
        0.13832776032307623,
        0.36845649057810936,
        0.36481885883312465,
        0.1978446071832059,
        -0.0008154308521804971,
        -0.06579781491087106,
        -0.046336959278181766,
        -0.0738762600551013,
        -0.07895454839236346,
        -0.1044949963125432,
        -0.009041253170958196,
        -0.03499272220276871,
        -0.03050451667803477,
        -0.07637343454594404,
        -0.07546526758089575,
        -0.09336144762543148,
        -0.08792177726953718,
        -0.09941128211063785,
        0.00925641372700797,
        -0.10227589773375735,
        -0.07505137697376114,
        -0.10805371829771804,
        -0.08528292329883093,
        -0.14871170662475305
    ],
    "SensorParameterSet": [
        0.0,
        0.0,
        0.0,
        0.0,
        0.0,
        0.0,
        0.0,
        0.0,
        0.0,
        0.0,
        0.0,
        0.0,
        0.0,
        0.0,
        0.0,
        0.0,
        0.0,
        0.0,
        0.0,
        0.0,
        0.0,
        0.0,
        0.0,
        0.0,
        0.0,
        0.0,
        0.0,
        0.0,
        0.0,
        0.0,
        0.0,
        0.0,
        0.0,
        0.0,
        0.0,
        0.0,
        0.0,
        0.0,
        0.0,
        0.0,
        0.0,
        0.0,
        0.0,
        0.0,
        0.0,
        0.0,
        0.0,
        0.0,
        0.0,
        0.0,
        0.0,
        0.0,
        0.0,
        0.0,
        0.0,
        0.0,
        0.0,
        0.0,
        0.0,
        0.0
    ],
    "checked": "indirect",
    "iteration": 31,
    "noise_0": [
        0.008750273827350278,
        0.03069059133123782,
        0.006698667128813226,
        0.015977365673570536,
        -0.00864818945982411,
        -0.011403390257414178,
        0.007692711198969118,
        0.0010317336090130671,
        -0.01539761784322996,
        0.011110438188883142,
        0.012785880585601933,
        -0.008127550247743707,
        0.008500536793812402,
        0.007658572234697913,
        -0.012393576479306029,
        0.0006906111961795545,
        0.01453313821939138,
        0.002502175264984724,
        -0.014553929980286782,
        0.010866665200809039,
        0.009711246445319236,
        -8.929998633602083e-05,
        0.001793640376540305,
        -0.020148480343223252,
        0.002200382924540668,
        -0.012516905881318445,
        -0.011954193041356951,
        -0.00492463868851822,
        -0.002402277792019072,
        -0.0047764408905709484,
        -0.015928237974504576,
        -0.007325175574412608,
        -0.0027709988963439324,
        0.013454903627909484,
        -0.010793456172903103,
        0.0010620365156955099,
        0.007556994987816062,
        -0.001524408958514497,
        0.0002448424460073741,
        -0.0005776546915280588,
        -0.012626640662196237,
        -0.0016078393407056813,
        0.023970890999926112,
        0.02180016414842065,
        0.02980496653988226,
        0.008197599782311544,
        -0.004454324091987184,
        0.001065426979675242,
        0.011004172360348757,
        0.02922712789666812,
        0.022179436591731917,
        -0.0021750942299218227,
        -0.0010022812523593687,
        0.012012433207037158,
        0.0043076729329134264,
        -0.008563936231125623,
        0.019516120123935884,
        0.017621900940597575,
        -0.015731222677551598,
        0.0058486866537422275
    ],
    "noise_1": [
        0.00957450751294949,
        -0.002065259060860967,
        -0.006252284402335469,
        -0.0009852540169019992,
        -0.007432811972063852,
        0.015680029953483183,
        0.0015065228661829595,
        -0.016968418250728264,
        0.03335730399716118,
        0.004030835313981728,
        -0.0070165135229922635,
        -0.0079254252369795,
        0.012556965771935397,
        -0.02205826493965047,
        -0.003932186869721921,
        0.0036064708242705907,
        -0.005165056047152182,
        -0.005261715862364863,
        -0.013909426388600989,
        -0.03021697475325927,
        0.00034189181986515725,
        0.010064631582658436,
        -0.026866791477537795,
        -0.020042943050929907,
        0.004107395424339492,
        -0.003022423205394933,
        0.018271395997620763,
        0.01868834947894553,
        0.006683479177026011,
        0.0016719261316999598,
        0.0010143192927468388,
        0.022471298199505715,
        -0.008330315742658774,
        0.012084088148729785,
        0.018113032639812624,
        -0.005941891243382844,
        0.0006253180352159645,
        0.0058556347989482714,
        -0.004315954482153363,
        -0.007791862700626269,
        0.014976673948854267,
        0.015458302436187421,
        -0.0019066737977103572,
        -0.013797118327413755,
        -0.0013040674584254707,
        0.0037946428807642102,
        -0.0033553771669697446,
        -0.010829216334787355,
        0.01384967071690147,
        -0.0090595436976416,
        0.0008580516540502006,
        -0.01447740815655062,
        -0.019253341538345518,
        -0.0014020432976987963,
        0.015305420112279072,
        0.0028404689066066336,
        0.015574748453276707,
        0.005601190064830672,
        -0.0038117123120137483,
        0.014782594311955406
    ],