{
    "ParameterSet": [
        -0.034161408727857834,
        0.015793025866056267,
        0.05664070702515106,
        0.04194319193966024,
        0.12001137298374623,
        0.10267060389143787,
        0.0649867673040639,
        0.021298396083653935,
        0.02627659187949801,
        0.03358261930066557,
        0.006539583322945968,
        0.011846976823112665,
        0.009716722856487727,
        -0.07149030268825383,
        0.02467559358313802,
        -0.08135955206691882,
        -0.059999019179330836,
        -0.0964604231960221,
        -0.1148137518505546,
        -0.023491023146997234,
        0.5283059661849256,
        0.10895589745655679,
        0.15645087636069463,
        0.4660000612021623,
        0.570137913122661,
        0.22293696472120006,
        0.14204007969661334,
        0.3538251687490749,
        0.5247102776528845,
        0.5026989084204643,
        0.1652315629753017,
        0.1546827419226308,
        0.27613831070729133,
        0.5517240599354747,
        0.4769938081904307,
        0.26571366116709855,
        0.12782183834636238,
        0.3388500774022087,
        0.4273499409186597,
        0.21189167063842804,
        -0.03180837902619909,
        -0.04024495544529659,
        -0.04101286386276146,
        -0.06460996143040068,
        -0.060358295735475236,
        -0.1151800726293894,
        -0.03929602583301839,
        -0.011621866670711724,
        0.010277488114852395,
        -0.0850195405666168,
        -0.08228555690612664,
        -0.10286176902116775,
        -0.073038474933545,
        -0.11783532305033491,
        -0.06669927208122817,
        -0.08560136140998588,
        -0.048541244877876095,
        -0.08330279399102378,
        -0.05743069921595819,
        -0.10282178621532656
    ],
    "SensorParameterSet": [
        0.0,
        0.0,
        0.0,
        0.0,
        0.0,
        0.0,
        0.0,
        0.0,
        0.0,
        0.0,
        0.0,
        0.0,
        0.0,
        0.0,
        0.0,
        0.0,
        0.0,
        0.0,
        0.0,
        0.0,
        0.0,
        0.0,
        0.0,
        0.0,
        0.0,
        0.0,
        0.0,
        0.0,
        0.0,
        0.0,
        0.0,
        0.0,
        0.0,
        0.0,
        0.0,
        0.0,
        0.0,
        0.0,
        0.0,
        0.0,
        0.0,
        0.0,
        0.0,
        0.0,
        0.0,
        0.0,
        0.0,
        0.0,
        0.0,
        0.0,
        0.0,
        0.0,
        0.0,
        0.0,
        0.0,
        0.0,
        0.0,
        0.0,
        0.0,
        0.0
    ],
    "checked": "indirect",
    "iteration": 17,
    "noise_0": [
        2.7931438524485754e-05,
        -0.0109828447540522,
        -0.005606111600424722,
        -0.005393070570547357,
        0.004914127169737973,
        -0.0018158699405977155,
        0.025881172937213953,
        -0.00182400258747396,
        -0.012500230634434511,
        0.010860462940814062,
        0.021771583182954905,
        -0.01709008635386652,
        0.0015123082860093366,
        0.01795016336024785,
        -0.03208735857540467,
        0.016365453215374085,
        0.02032105058222845,
        0.03277771887554262,
        0.003239364368085997,
        -0.0033836199260206656,
        0.007330349863765581,
        0.02435539052894936,
        -0.0032033654868872984,
        -0.017961531703183705,
        -0.002631384898756573,
        0.002303847190987222,
        0.0034017365268451355,
        -0.0164956724616197,
        -0.007813975200305677,
        -0.0037679989132858374,
        -0.0010720800747758682,
        0.0011461912881523297,
        0.005762046578394494,
        -0.005972141776004983,
        0.008613229001168348,
        -0.012278326724550592,
        0.004233127985347835,
        -0.005945683069855019,
        0.003915134323827061,
        0.010904585872161743,
        0.018888761984985375,
        -0.023390486311892646,
        0.002217729913337287,
        -0.023286143093442326,
        -0.00925798893998503,
        0.008019162352238367,
        0.011859237063141632,
        -0.0353782572799146,
        0.023391311538524175,
        0.02877844792517962,
        0.006230724972309704,
        -0.008085506084596447,
        -0.006471657785969414,
        0.011394634788733794,
        0.013891719989995792,
        -0.01355381562240903,
        -0.0008353012856644536,
        -0.017984241230310463,
        -0.006212047195960346,
        0.010891775596976296
    ],
    "noise_1": [
        0.014857261046858737,
        0.001325581250700697,
        0.00840910214978045,
        -0.021606343104843228,
        -0.004377444053407437,
        0.01328872772308378,
        -0.02747784544931041,
        -0.02512451062376552,
        -0.01349884192767386,
        -0.01873579188977678,
        0.00623554987746575,
        0.013984614115981918,
        -0.011765844262960647,
        -0.006743847028360756,
        -0.026803437518472056,
        0.015796738000483312,
        -0.013461175976861719,
        0.025226061029415325,
        0.014629147280339214,
        -0.01691028528729028,
        0.025524049352548556,
        0.0044860563245784765,
        -0.013073874856436936,
        -0.012020601213574534,
        0.009550926425070504,
        -0.00042503300068897726,
        0.021281186445200967,
        0.027154728382091414,
        0.010816660590405685,
        -0.0036533356259043775,
        0.030310638607187954,
        -0.002755383028694744,
        0.019424422675495993,
        -0.005181117418377673,
        0.0038271757181722586,
        -0.02807660634552143,
        0.01959449710200128,
        -0.004108894305606481,
        -0.0327061318888605,
        0.007080392317074725,
        0.014886402267768,
        0.020257991188485834,
        0.008983506071698828,
        0.004996958204037547,
        0.026498902228635324,
        0.003804571126910554,
        0.0017148963532370343,
        0.03212402252465256,
        0.0018895423626380736,
        0.005455615435167278,
        0.0009787518322530665,
        0.0041362864446914185,
        0.010297654762406825,
        -0.008290997906640138,
        0.01719526286234006,
        0.005176474936357604,
        0.004934832674882124,
        -0.010535240006229376,
        -0.00850555049928723,
        0.009141843085534493
    ],