{
    "ParameterSet": [
        -0.021114567270162074,
        0.050594770399406505,
        0.04978295777505227,
        0.014751955112351499,
        0.053387851442684084,
        -0.003762090475656026,
        0.021777208393146626,
        -0.0043142273068257015,
        0.04208998028074606,
        0.0038487980726186954,
        -0.019131949873663828,
        0.025395570613290914,
        -0.00032459112260784027,
        -0.05156284040039228,
        0.05914753423959935,
        -0.021256747065739667,
        -0.07516961905864873,
        -0.044807481383613366,
        -0.04057955854697991,
        -0.03229410813779633,
        0.5072548237206727,
        0.07630827324334541,
        0.20591698762442154,
        0.4800600531750719,
        0.5163159605263942,
        0.26795209182224344,
        0.11514521395056744,
        0.28062213361195537,
        0.5214584443617878,
        0.49154442176199326,
        0.22357970813280462,
        0.19870732527052226,
        0.2415369956723832,
        0.5385469763427223,
        0.4832545576802977,
        0.26275899064110675,
        0.13757193591758105,
        0.3271487310428072,
        0.47394920940803,
        0.2541320243282439,
        -0.0319311004554944,
        -0.027767619848980386,
        -0.07495983572234348,
        -0.042510394942340796,
        -0.009885125916713871,
        -0.10752855102748682,
        -0.0386238455924967,
        -0.04931459690716594,
        -0.03851072860805317,
        -0.03318442321732984,
        -0.03912182822994326,
        -0.06319654792599733,
        -0.0395688035042064,
        -0.02745797511553685,
        -0.056509225917188266,
        -0.06035066810983787,
        -0.0406751890092136,
        -0.06632652434423406,
        -0.017983269714761288,
        -0.06653660789714978
    ],
    "SensorParameterSet": [
        0.0,
        0.0,
        0.0,
        0.0,
        0.0,
        0.0,
        0.0,
        0.0,
        0.0,
        0.0,
        0.0,
        0.0,
        0.0,
        0.0,
        0.0,
        0.0,
        0.0,
        0.0,
        0.0,
        0.0,
        0.0,
        0.0,
        0.0,
        0.0,
        0.0,
        0.0,
        0.0,
        0.0,
        0.0,
        0.0,
        0.0,
        0.0,
        0.0,
        0.0,
        0.0,
        0.0,
        0.0,
        0.0,
        0.0,
        0.0,
        0.0,
        0.0,
        0.0,
        0.0,
        0.0,
        0.0,
        0.0,
        0.0,
        0.0,
        0.0,
        0.0,
        0.0,
        0.0,
        0.0,
        0.0,
        0.0,
        0.0,
        0.0,
        0.0,
        0.0
    ],
    "checked": "indirect",
    "iteration": 6,
    "noise_0": [
        -0.007315009846007107,
        0.008168430823982118,
        0.01735401880235331,
        0.003993734467184091,
        -0.00033722052181964793,
        0.005949820061352158,
        -0.011612287100747241,
        -0.02571639504818655,
        -0.017589966056643133,
        0.020912989409475145,
        0.02698207101908936,
        -0.005426812042748746,
        -0.012773367332872395,
        -0.011453576823912275,
        0.015574415971945784,
        -0.009013551196576802,
        -0.005346039590647234,
        0.003570194511563696,
        -0.007239627816994954,
        -0.0063504644652021235,
        0.021254446897163617,
        -0.0023924421677954627,
        0.0031373969231831976,
        0.01945130409238173,
        -0.016571094898552356,
        -0.012331197174940791,
        -0.02964921777995744,
        0.007957354235072043,
        -0.008033816289395455,
        -0.010525305049276311,
        0.017097696837977957,
        -0.0011032334025646432,
        0.02033529730101587,
        0.010181362508308993,
        0.016106351277273962,
        0.0048572845567231675,
        -0.00633600247768947,
        -0.017676774026380862,
        0.02182833556545518,
        0.01215921150370834,
        0.018403661849622055,
        -0.021614572571943803,
        0.0031523412963239176,
        -0.026087258185963705,
        -0.006991471629759418,
        0.000815682203557778,
        0.013241221218978746,
        0.008865922740551911,
        0.011010878562914578,
        0.0070870423967434705,
        -0.015257988507317822,
        -0.01632674682612579,
        -0.016765452265907373,
        0.02013927506562024,
        0.00930955486014177,
        -0.014610585501477034,
        -0.021176481789923807,
        0.014968117577613517,
        0.02023283209454519,
        0.005662341166149493
    ],
    "noise_1": [
        -0.010606252761505739,
        -0.001215740811153199,
        -0.015247734239557716,
        -0.0011079864668017082,
        -0.0038460325814444283,
        -0.0055433327500723556,
        0.0015032827782298969,
        0.0032866017682757283,
        0.009928175452162118,
        0.018389939812687776,
        0.005758438210215618,
        -0.02854090764424338,
        0.010833357600878732,
        0.025349013001174883,
        -0.0077625239993297694,
        -0.001216538667044912,
        0.006537795810306937,
        -0.03749827911244436,
        0.006769915307937252,
        0.016403529815504483,
        -0.0017840047194996212,
        -0.004172612433133311,
        -0.004144165166524937,
        -0.01459023881995531,
        0.019449050187979343,
        -0.0020799610299539737,
        0.009896075689147998,
        -0.0055841938579420615,
        0.019465132353399132,
        0.036337820989892564,
        -0.016540305170709566,
        0.029232242875696524,
        0.013082251295664973,
        -0.0030924475651640353,
        -0.0037069739731639306,
        0.008731771799835576,
        -0.0026007681466524235,
        0.01843186533309684,
        -0.0186907523286512,
        0.009555100866344491,
        -0.021967444792075394,
        0.003949006628044694,
        0.0057235367820639566,
        0.011419935324077422,
        0.005134744080209684,
        0.014952036236196484,
        0.010125248136291135,
        -0.00024620083231838757,
        0.030109801272593405,
        -0.007534494012356298,
        0.006693172873999818,
        0.00882523961585682,
        -0.01911541590697588,
        0.014238502097169748,
        -0.023157051629432587,
        0.00043603251659408185,
        0.0062285510389470345,
        -0.004457747030809416,
        -0.0002359163508738444,
        0.012713070599548947
    ],