{
    "ParameterSet": [
        -0.13788089320221397,
        0.009306634340376345,
        0.06411154624486587,
        0.01747488899449665,
        0.008489231015988414,
        0.05275811745254509,
        0.13179103392246586,
        0.16003547546555602,
        0.021544058824436225,
        0.07882901706939327,
        0.043297015284582845,
        -0.04425681513967009,
        -0.09265367929557164,
        -0.14798655151049192,
        0.08985850441680371,
        -0.19140585498371213,
        -0.012906495320868272,
        -0.10094268335798971,
        0.02061472963908782,
        -0.10764809882351152,
        0.5272245980102,
        0.1601933983583707,
        0.190899852240887,
        0.4409259011239801,
        0.5030436148436657,
        0.14121325294916545,
        0.16415350309189092,
        0.37372055287569506,
        0.5447535765472533,
        0.5018401301850796,
        0.18867825135421049,
        0.143443293051342,
        0.31825045564838267,
        0.5224359360936704,
        0.5063581259455828,
        0.1931276901243613,
        0.3108016968784338,
        0.3386726447757271,
        0.3856554769984349,
        0.1825237319640684,
        -0.012460531120297387,
        -0.08625730698866434,
        -0.01908529033431945,
        -0.08983054733161082,
        -0.07881937704671219,
        -0.07204082313761719,
        -0.09789884692463448,
        -0.1341524397704438,
        -0.01654208671253006,
        -0.0434024298863285,
        -0.04663336723634506,
        -0.03582253618179012,
        -0.004736914505900351,
        -0.13508784139748958,
        0.040393939651990556,
        -0.1334506723933048,
        -0.06507594352421836,
        -0.07033657463676417,
        -0.06676868041226665,
        -0.13879550538382243
    ],
    "SensorParameterSet": [
        0.0,
        0.0,
        0.0,
        0.0,
        0.0,
        0.0,
        0.0,
        0.0,
        0.0,
        0.0,
        0.0,
        0.0,
        0.0,
        0.0,
        0.0,
        0.0,
        0.0,
        0.0,
        0.0,
        0.0,
        0.0,
        0.0,
        0.0,
        0.0,
        0.0,
        0.0,
        0.0,
        0.0,
        0.0,
        0.0,
        0.0,
        0.0,
        0.0,
        0.0,
        0.0,
        0.0,
        0.0,
        0.0,
        0.0,
        0.0,
        0.0,
        0.0,
        0.0,
        0.0,
        0.0,
        0.0,
        0.0,
        0.0,
        0.0,
        0.0,
        0.0,
        0.0,
        0.0,
        0.0,
        0.0,
        0.0,
        0.0,
        0.0,
        0.0,
        0.0
    ],
    "checked": "indirect",
    "iteration": 95,
    "noise_0": [
        -0.0009393691351908957,
        0.0013951242238460686,
        -0.0051870561582425066,
        -0.01350828034014547,
        -0.009509437361690997,
        -0.013206800722243115,
        0.0018078611889546566,
        -0.0016707382869049566,
        -0.005852485839186993,
        0.02029195872244854,
        0.00794820961303244,
        0.0027472409972318763,
        -0.0015193916652139542,
        -0.01629591422738902,
        5.5623809154896846e-05,
        0.009579401290959565,
        -0.0005854053494776798,
        -0.023863649454229845,
        0.010567256297005665,
        0.01373037397159155,
        -0.005245848655521069,
        -0.0023969175615437305,
        0.005898737564549478,
        0.0029813437638319356,
        0.01760489645066373,
        0.003956404379881834,
        0.009005029077231188,
        -0.017795658259987388,
        0.016794274882351655,
        -0.001901911844528953,
        0.004931560792289372,
        -0.0012717942516883472,
        0.005182198054495181,
        -0.0101449475740731,
        0.010501846473733187,
        -0.011246334342884502,
        -0.012117587187654762,
        0.005540778134707615,
        -0.009160420013394331,
        -0.002418127685820125,
        -0.00742741171372928,
        -0.0037300385883053426,
        0.017115205271628943,
        0.010071316630616594,
        0.00912354238386119,
        0.0021934670527154554,
        -0.0024666654963741747,
        0.013444587768700717,
        -0.001108062940268476,
        0.0002293912651624123,
        -0.02284002172003911,
        -5.56409069672936e-05,
        0.022446918833065734,
        -0.0054646432310571725,
        0.008834110696651085,
        0.007521549826563244,
        0.00039120081772700294,
        -0.0031665505244359987,
        -0.009388889914420676,
        -0.007757654580360868
    ],
    "noise_1": [
        -0.008973265842263094,
        -0.01087553758869941,
        -0.004408665980588655,
        -0.018417406997110808,
        0.010218232177370917,
        0.017761927292815203,
        0.008837516484996023,
        -0.002731688074172322,
        -0.010003963807501966,
        0.011495920838944212,
        0.0036049241480356274,
        0.02009192713431971,
        -0.009497513217873985,
        -0.009251590346073906,
        -0.0058910645316472875,
        -0.009244595134541731,
        0.005599228656426247,
        -0.001031653388841119,
        -0.001716171203091811,
        0.001380088646827542,
        -0.003236487432939195,
        -0.002277918441135809,
        -0.00914844213237954,
        -0.007802487486673969,
        0.010631144979234182,
        -0.002027186637307556,
        -0.010373819037179868,
        0.0003531736727480851,
        0.001035172937488262,
        0.006459370298315789,
        -0.004898008975728167,
        -0.0019989010170424846,
        0.009767161663094607,
        -0.012643896202056415,
        0.012029356535092954,
        0.0015424294012052777,
        0.0019028011335152047,
        -0.00778017094713432,
        -0.004549508046700105,
        0.0030495475675343083,
        0.0036344983440484554,
        -0.002758785329478247,
        0.014052255370456814,
        -0.0063623182426842265,
        0.013645240725975626,
        -0.004932150466207463,
        -0.0007794764365474822,
        -0.008086405972820405,
        -0.002540634860922173,
        0.005027130158022257,
        0.0031176837228541338,
        0.01222705200421727,
        -0.0004064525646165694,
        -0.0038183368899460507,
        0.016409040341274515,
        -0.006818806676692394,
        0.008583956924247927,
        -0.0095304482712502,
        -0.007944169521656486,
        -0.011620959905897751
    ],