{
    "ParameterSet": [
        -0.13158246051366268,
        0.021888374738654553,
        0.012782868142729248,
        0.014473157098632977,
        0.058684334799809744,
        0.0802711509567603,
        0.10102148351777984,
        0.1358335173777198,
        0.03808413253549039,
        0.08717048022092835,
        -0.02917703058723543,
        -0.012304419249482163,
        -0.06930218596700621,
        -0.09896857141184116,
        -0.038305484425184916,
        -0.14115997147503928,
        -0.04489109798153046,
        -0.05552628379274112,
        -0.08635658762624687,
        -0.021025858025166915,
        0.5475389097678975,
        0.1057189557993924,
        0.1305462344964365,
        0.44386227266811334,
        0.5308694584583954,
        0.1530475885626415,
        0.15253671754800763,
        0.3978787719087848,
        0.537697393213157,
        0.48590128305167046,
        0.21026370010418852,
        0.15369567976128526,
        0.2855312903632213,
        0.5380313824606417,
        0.4855983172479946,
        0.2544079612602572,
        0.19459072077776818,
        0.37403845774502925,
        0.39456550066608764,
        0.22930231797598907,
        -0.06581850659948481,
        -0.045149511430058804,
        -0.0046354965204677126,
        -0.09067000748053358,
        -0.07822654245535644,
        -0.10653396534459812,
        -0.05827875026734476,
        -0.14014624760358946,
        -0.0459727607368803,
        -0.0322538909903107,
        -0.03929119033677129,
        -0.011812649776715674,
        -0.06502397147333797,
        -0.08485816807928472,
        -0.0186407983497151,
        -0.11882517309734082,
        -0.06058228004147195,
        -0.0869084311154326,
        -0.07824514036321199,
        -0.10356460325057122
    ],
    "SensorParameterSet": [
        0.0,
        0.0,
        0.0,
        0.0,
        0.0,
        0.0,
        0.0,
        0.0,
        0.0,
        0.0,
        0.0,
        0.0,
        0.0,
        0.0,
        0.0,
        0.0,
        0.0,
        0.0,
        0.0,
        0.0,
        0.0,
        0.0,
        0.0,
        0.0,
        0.0,
        0.0,
        0.0,
        0.0,
        0.0,
        0.0,
        0.0,
        0.0,
        0.0,
        0.0,
        0.0,
        0.0,
        0.0,
        0.0,
        0.0,
        0.0,
        0.0,
        0.0,
        0.0,
        0.0,
        0.0,
        0.0,
        0.0,
        0.0,
        0.0,
        0.0,
        0.0,
        0.0,
        0.0,
        0.0,
        0.0,
        0.0,
        0.0,
        0.0,
        0.0,
        0.0
    ],
    "checked": "indirect",
    "iteration": 56,
    "noise_0": [
        -0.001821421020506987,
        -0.012042387895990771,
        0.017937900396638302,
        0.019319438933142908,
        0.007744738188285898,
        0.017144183526425955,
        -0.004059090486941828,
        0.004503225718784854,
        -0.0021112977322009113,
        -0.0008797607687912354,
        0.031077809086650185,
        0.009816768292417084,
        0.006568865006132888,
        0.0012114936259439355,
        0.012273314376353367,
        0.017821691986869316,
        -0.007131359306567151,
        0.0007074958465292539,
        -0.002392858699262023,
        -0.01083824670335736,
        -0.008348414744006476,
        0.006785572857581762,
        0.019985840465540305,
        -0.0007690229138529421,
        -0.008001877336519997,
        0.024949780502846547,
        -0.006996068308327269,
        0.018397427386377993,
        -0.014188757254526618,
        -0.006522138404698691,
        -0.004291068914489341,
        -0.005697220855657631,
        -0.013897690251014864,
        -0.003800949005204493,
        0.005954091973382639,
        0.0040414570994394905,
        0.011974635472125576,
        -0.0021801430784692414,
        0.002545977712455096,
        -0.005767350033269756,
        -0.011047011692712336,
        -0.014729942901033088,
        0.011380491814017232,
        0.023523729822180393,
        -0.008350525147131811,
        0.012041624287219159,
        -0.011748463734639487,
        -0.009466461505293308,
        -0.0044718429196942315,
        -0.014553928903350617,
        0.0026268771261926597,
        -0.0006472097753399041,
        0.009632831105259379,
        -0.0025446518607887443,
        0.020898764205183367,
        -0.0026169458390391804,
        -0.013599509417880554,
        -0.011054816506202056,
        -0.0067363556962882955,
        0.016758288524029188
    ],
    "noise_1": [
        -0.010543641157442489,
        0.003164837624916916,
        -0.022904184589744626,
        0.0021382569110112975,
        0.009995329688542621,
        0.011317686862628549,
        -0.014454018126888617,
        -0.024939388821235073,
        0.002559844159531391,
        0.011741159505549896,
        -0.016547600904463437,
        0.010363025931451414,
        -0.004249547665153116,
        -2.217974403058337e-05,
        -0.007246528766539004,
        -0.0015509143593969092,
        0.012479008432315988,
        -0.003719971390803201,
        8.761437840004245e-05,
        -0.005008618575579032,
        0.021009519166120823,
        0.001670157705396203,
        -0.003094643663287524,
        0.002169011793990331,
        0.008884135627545963,
        -0.021739372773999843,
        0.000944016695831848,
        -0.011857485641281992,
        -0.005098980455912101,
        -0.004059122240225444,
        0.004479780844634216,
        0.025172437596293003,
        0.006248803405467977,
        -0.003851315909122455,
        -0.0013050516385357234,
        0.02004686685122295,
        0.01165876323469394,
        0.009733440789751071,
        0.004019562336565733,
        -0.0011376691696588495,
        0.017246412075032067,
        0.01064736868099374,
        -0.006771291984375528,
        0.00017327686017716906,
        -0.002312300111800773,
        0.002330711862382071,
        -0.0009484867580309681,
        0.0017884683777980798,
        -0.002041366754813499,
        -0.0018218929552684896,
        -0.012069671865428505,
        0.005815388994305129,
        0.018960758123482357,
        -0.018875225487387216,
        0.003090873697242331,
        -0.011011196293511999,
        0.019546507557085133,
        -0.0005575245807265808,
        0.01694669831078296,
        0.014438404399665023
    ],