{
    "ParameterSet": [
        -0.13456554816869404,
        0.012999447650961508,
        0.02293829295476751,
        0.007797599772120231,
        0.05316300586922796,
        0.09376878896594801,
        0.10902677302436657,
        0.1288208849203804,
        0.04082095200318134,
        0.08806447284575801,
        -0.030531030515293284,
        0.004121224655432266,
        -0.05758656484072327,
        -0.09619853704783507,
        -0.011871391962858392,
        -0.15004077094785273,
        -0.05273267982719657,
        -0.05055292826716407,
        -0.08017131097332506,
        -0.017745854360294584,
        0.5376744594843326,
        0.10207508450692032,
        0.15318757844664496,
        0.44297730652349465,
        0.5165084092119943,
        0.15171719143804246,
        0.1582259436207329,
        0.39253439610333307,
        0.5285849345688293,
        0.48887890576515747,
        0.20858452927862117,
        0.16335210393082,
        0.2839838976117766,
        0.5411903072571861,
        0.4809291790211705,
        0.2666803814051884,
        0.19211289698793046,
        0.3580086571125899,
        0.4084104240611204,
        0.23952871990689614,
        -0.070646934839632,
        -0.05035801926838657,
        0.01446691646181207,
        -0.10255351396340899,
        -0.07762454020880441,
        -0.09275651894393887,
        -0.06985922988036745,
        -0.1593226619282912,
        -0.036156153490868176,
        -0.048238509539290965,
        -0.028806487437695507,
        -8.523444409700733e-05,
        -0.06188412564832331,
        -0.10645195216992111,
        -0.0032805946477025127,
        -0.12929184613609737,
        -0.0686141411782812,
        -0.08496291094735267,
        -0.06921494975702042,
        -0.08925928021010243
    ],
    "SensorParameterSet": [
        0.0,
        0.0,
        0.0,
        0.0,
        0.0,
        0.0,
        0.0,
        0.0,
        0.0,
        0.0,
        0.0,
        0.0,
        0.0,
        0.0,
        0.0,
        0.0,
        0.0,
        0.0,
        0.0,
        0.0,
        0.0,
        0.0,
        0.0,
        0.0,
        0.0,
        0.0,
        0.0,
        0.0,
        0.0,
        0.0,
        0.0,
        0.0,
        0.0,
        0.0,
        0.0,
        0.0,
        0.0,
        0.0,
        0.0,
        0.0,
        0.0,
        0.0,
        0.0,
        0.0,
        0.0,
        0.0,
        0.0,
        0.0,
        0.0,
        0.0,
        0.0,
        0.0,
        0.0,
        0.0,
        0.0,
        0.0,
        0.0,
        0.0,
        0.0,
        0.0
    ],
    "checked": "indirect",
    "iteration": 59,
    "noise_0": [
        0.0064452639364542775,
        -0.0005593013492813143,
        -0.002920867707449978,
        -0.006436793291003338,
        0.007483792197468723,
        -0.005066860177387051,
        -0.00698798123668454,
        -0.00870014520687762,
        0.0016417938462077234,
        0.013309260122434365,
        4.1466757529509e-05,
        -0.0062296867073313045,
        0.002885857882716535,
        -0.005638279838491536,
        0.004937292619639442,
        0.024194106441512812,
        0.013210983197532876,
        0.013466305434140078,
        0.003151757598409227,
        -0.003013537449725705,
        -0.004332939379238932,
        0.010085592525667408,
        0.0002070136665156251,
        0.007077405121780894,
        -0.01587412267663132,
        0.01866429976096207,
        -0.0005619048428652787,
        -0.007137779884823121,
        -0.00964594627834855,
        -0.0021956667139952078,
        0.0022888684575160145,
        -0.0031645418720246087,
        0.01039417907305814,
        0.000600553857755089,
        0.016277510818060382,
        -4.270411498335265e-05,
        0.019851697623766366,
        -0.0022709003607354603,
        0.013056702317985995,
        0.01209599297730993,
        0.013477196023215761,
        -0.011772304691637956,
        0.008699818520614912,
        0.014807926686685085,
        -0.012172621819021024,
        -8.787485701744437e-07,
        -0.024288373184434015,
        0.019799802549069042,
        -0.0033651288275996375,
        -0.004139042417839571,
        0.0002445715266955233,
        -0.0006059475962589502,
        -0.01006241730799434,
        -0.018861245826463428,
        0.00979196553003175,
        0.007948772236387704,
        -0.003836425558956929,
        -0.007258930864082541,
        0.016939696607035853,
        0.013391517367968815
    ],
    "noise_1": [
        0.0037793577795804615,
        0.0040075535024442265,
        0.009073132376787765,
        0.002762905731738373,
        -0.007924122068735441,
        0.014943643220075565,
        0.008294918268878473,
        0.007521025600930546,
        -0.0011460062464401393,
        0.002040905985880493,
        0.004056600621578602,
        -0.016726011535482976,
        -0.003988362186652881,
        -0.005542142959967131,
        -0.01916681653189237,
        0.015365154539077512,
        0.008056702866642123,
        -0.01074747223186127,
        -0.008372939254901735,
        -0.01608913798951218,
        0.016010160843113238,
        -0.004598709955239498,
        -0.0011598704864686788,
        0.007379785758451921,
        -0.012461915763166543,
        0.007353571152855819,
        -0.0025251198383209115,
        -0.025080924584104672,
        -0.0006353148230549509,
        4.4463054971617974e-05,
        -0.0012595916656197067,
        0.0008600898080503033,
        -0.011477797077189962,
        -0.0010830912052964396,
        0.013776489144073126,
        0.006708218826439556,
        0.0011379550971926484,
        0.004349566908944742,
        -0.0156595679540489,
        -0.003227339492134804,
        0.008444483572208927,
        0.022109486889112583,
        -0.004609796709204258,
        0.004623746061339131,
        0.005194710491603932,
        0.003840327407628486,
        -0.003298157528338962,
        0.006994907948199865,
        0.0025681979533365104,
        0.002328307290200363,
        -0.005243234294170551,
        -0.017339617702485415,
        -0.0012585743358447306,
        -0.0032673371310976283,
        0.015133252007310442,
        -0.006247274360389158,
        -0.02342902252357047,
        0.0024847399674194632,
        -0.0021965266759954773,
        0.012731208823781317
    ],