{
    "ParameterSet": [
        -0.1560699382991694,
        0.027984416850732288,
        0.0770159614922287,
        0.028682212016214594,
        0.002794115108390449,
        0.04512798374465058,
        0.13846228757456144,
        0.16718776246567021,
        0.045906271834808214,
        0.06451442757316816,
        0.04037811981446002,
        -0.02353155699612013,
        -0.07525385316571506,
        -0.15223563388824074,
        0.07042193723773688,
        -0.1951989519060947,
        -0.0023488096073367272,
        -0.08580914064379241,
        -0.003504095143665455,
        -0.07916450832830153,
        0.5093318846485954,
        0.12187384431308436,
        0.19523420736874822,
        0.42985033567522946,
        0.5040916924581922,
        0.14413636589000875,
        0.14984404229918383,
        0.3728147971588211,
        0.5418969817443385,
        0.5110249230652675,
        0.19670155879366105,
        0.13982004205700965,
        0.3081441398405823,
        0.5226016697109819,
        0.5029584200647845,
        0.20824493994636936,
        0.27957022975009327,
        0.35718511332300684,
        0.3776319149391013,
        0.1907507300217352,
        -0.02804023043620398,
        -0.09884500710968915,
        -0.013291020369975346,
        -0.08468491983027332,
        -0.07841040255942626,
        -0.08902360003322385,
        -0.0979377637283113,
        -0.10780570056357927,
        -0.030279093318698977,
        -0.04914440776620715,
        -0.03292468128940727,
        -0.061082795423909875,
        -0.013197097760760333,
        -0.14854505830344042,
        0.04501118733177226,
        -0.13541808369494215,
        -0.0736961002549158,
        -0.06750722380445741,
        -0.07842213657584857,
        -0.147921894509362
    ],
    "SensorParameterSet": [
        0.0,
        0.0,
        0.0,
        0.0,
        0.0,
        0.0,
        0.0,
        0.0,
        0.0,
        0.0,
        0.0,
        0.0,
        0.0,
        0.0,
        0.0,
        0.0,
        0.0,
        0.0,
        0.0,
        0.0,
        0.0,
        0.0,
        0.0,
        0.0,
        0.0,
        0.0,
        0.0,
        0.0,
        0.0,
        0.0,
        0.0,
        0.0,
        0.0,
        0.0,
        0.0,
        0.0,
        0.0,
        0.0,
        0.0,
        0.0,
        0.0,
        0.0,
        0.0,
        0.0,
        0.0,
        0.0,
        0.0,
        0.0,
        0.0,
        0.0,
        0.0,
        0.0,
        0.0,
        0.0,
        0.0,
        0.0,
        0.0,
        0.0,
        0.0,
        0.0
    ],
    "checked": "indirect",
    "iteration": 89,
    "noise_0": [
        -0.00023047563845475985,
        -0.029750847517826397,
        0.020150466325197076,
        0.0009796856751007324,
        -0.006380310049586285,
        -0.006846869478416436,
        0.008955333775011072,
        0.012505027227789529,
        -0.01202694856642121,
        -0.00772451026317059,
        -0.015983717133667603,
        -0.0023286812353749005,
        0.015159243125565196,
        0.005006348247996742,
        0.0011707557518404446,
        0.0028444368293886494,
        0.019546186268409867,
        -0.004550522702794349,
        0.006207805573383243,
        0.01444447941628394,
        -0.004294730707282389,
        -0.001516357016350425,
        -0.0019490028158246058,
        -0.0006216069193784989,
        -0.012278077785649781,
        -0.010276675927191553,
        0.004804922897483207,
        -0.01053837065256435,
        -0.023065139241254477,
        0.003819040408959099,
        0.006253125023059686,
        0.006453506731063012,
        0.00021768098370674005,
        0.007124954093237178,
        0.0027526719666646077,
        0.005306779401097656,
        0.007659621030885828,
        0.011846516424446809,
        -0.004435354610904588,
        0.00963685179397735,
        -0.016420396138731207,
        0.007997821259784507,
        0.006456186121882676,
        -0.004088874832434141,
        0.0003138629389897673,
        0.0034657807493822983,
        0.0064357272717227906,
        0.00587634546067016,
        -0.006366155238317881,
        0.01007051341756894,
        -0.012301512076681481,
        -0.014280984852496693,
        -0.013261516951738045,
        -0.010570432624518197,
        -0.001667082532490218,
        -0.0008632638234605967,
        -0.013730161561360784,
        -0.0032617544208863505,
        0.002008560444748937,
        -0.011403210635153111
    ],
    "noise_1": [
        0.012579570351514711,
        -0.00674076279776892,
        -0.00609608218750457,
        -0.015561887725628585,
        -0.012658666794707727,
        -0.01098381264765808,
        -0.000500080287629645,
        -0.014454281617065603,
        -0.014846561883073576,
        -0.0027129470957884838,
        0.004690780507902947,
        -0.011330460235769304,
        0.018323317574948986,
        -0.019355618887356017,
        0.004465100103958432,
        0.019311484704956278,
        0.012562591615226317,
        0.022195166154452956,
        0.001734187607834484,
        -0.013314966328664716,
        0.0047306808723903545,
        0.006722644699054358,
        -0.012615006364817934,
        0.00035861675988260847,
        0.000180645141232181,
        -0.007043532814913568,
        0.010518022596580487,
        -0.00044579380239087785,
        -0.010871085090492791,
        0.0023078248508230947,
        -0.007582698757824864,
        -0.004272640417505815,
        -0.02356639647696515,
        0.00966700941670932,
        0.018280783845884982,
        -0.013249413138985467,
        -0.003161637278212552,
        -0.0022186548266524366,
        -0.005170670286738299,
        -0.008728642196829145,
        2.568930492894514e-05,
        -0.006921748259379889,
        -0.007259261635369388,
        0.002628673592011602,
        -0.015866486683988185,
        0.005752350322901865,
        0.008702345170050977,
        -0.0033829021821639147,
        -0.002517012441609171,
        -0.0005972099020609471,
        0.01175847202548163,
        0.007342813479448418,
        -0.005028787578829977,
        -0.001024545094217444,
        -0.012879740896872036,
        -0.002022652366764848,
        0.00036604090089126993,
        0.009523495341545347,
        0.00527915088428538,
        0.0077200615760022765
    ],