{
    "ParameterSet": [
        -0.05642527042127156,
        0.02996139120927805,
        0.016466276061524017,
        0.05511147481055886,
        0.06236635597060529,
        0.09862249267139091,
        0.056214897479986876,
        0.08657322694788296,
        0.027685495035069844,
        0.07351329573079507,
        0.024813569805718274,
        -0.05476507153936877,
        -0.020311778351358556,
        -0.11313504558259865,
        -0.048966369321232155,
        -0.06400924385291723,
        -0.06325047723304593,
        -0.14108789051244522,
        -0.07060043926106815,
        -0.05983172730937288,
        0.5088274229524211,
        0.10493802412092665,
        0.14928240870961967,
        0.4296374309807006,
        0.5565418814759204,
        0.19517128174238252,
        0.17666266751519272,
        0.34384833859924574,
        0.5407376026802382,
        0.4886444701578979,
        0.1951435391219215,
        0.16598846082760985,
        0.296772203868188,
        0.5462740445812816,
        0.5008491667188922,
        0.2817700924128632,
        0.13971189109438306,
        0.3486601880690493,
        0.36327487792912083,
        0.2016983064040421,
        -0.014290429655547653,
        -0.044837944593371724,
        -0.059977467682865646,
        -0.09730602955171148,
        -0.08718016137708001,
        -0.10369435471227721,
        -0.016053457082881358,
        -0.05522924225736455,
        -0.049900220415102274,
        -0.07941619688271598,
        -0.057364612418785356,
        -0.07487774509517298,
        -0.09520233625970898,
        -0.08334778456342719,
        -0.012507494097711737,
        -0.11857924237211744,
        -0.07187389259128746,
        -0.09072080958743893,
        -0.0923954603299149,
        -0.14424634588406982
    ],
    "SensorParameterSet": [
        0.0,
        0.0,
        0.0,
        0.0,
        0.0,
        0.0,
        0.0,
        0.0,
        0.0,
        0.0,
        0.0,
        0.0,
        0.0,
        0.0,
        0.0,
        0.0,
        0.0,
        0.0,
        0.0,
        0.0,
        0.0,
        0.0,
        0.0,
        0.0,
        0.0,
        0.0,
        0.0,
        0.0,
        0.0,
        0.0,
        0.0,
        0.0,
        0.0,
        0.0,
        0.0,
        0.0,
        0.0,
        0.0,
        0.0,
        0.0,
        0.0,
        0.0,
        0.0,
        0.0,
        0.0,
        0.0,
        0.0,
        0.0,
        0.0,
        0.0,
        0.0,
        0.0,
        0.0,
        0.0,
        0.0,
        0.0,
        0.0,
        0.0,
        0.0,
        0.0
    ],
    "checked": "indirect",
    "iteration": 34,
    "noise_0": [
        -0.00855281508802694,
        0.002765893741769699,
        0.002408164871925183,
        0.0025813906638599685,
        0.014207600669112974,
        0.010904014651223433,
        0.012674263291461459,
        0.00163049228541647,
        -0.009009717707615314,
        -0.004611302619045724,
        0.012771645418979074,
        0.008178046474910333,
        0.00994697877197763,
        -0.009194355762612716,
        0.009257771757370345,
        -0.014815379722740331,
        -0.009888024876485197,
        0.023122548139170574,
        0.013270581267561168,
        -0.0029863426556852877,
        -0.00011204578815351508,
        0.007976287623199097,
        -0.03265864918100903,
        0.02268901834412827,
        0.008793419561863792,
        -0.002504483618317484,
        0.0022829210830526718,
        0.010514877379698855,
        0.004000369685692008,
        0.004343423676973807,
        -0.029745339861640616,
        -0.017396725469597047,
        -0.0014127365390907112,
        -0.0050352983652246965,
        -0.02047154497112408,
        -0.003931581234284508,
        0.016650499382711837,
        -0.009714883191621837,
        -0.004229678472674649,
        0.012920726840104708,
        -0.008488287972638436,
        -0.025550276651124023,
        0.007362413410672739,
        -0.004624667229453974,
        0.004680352916637049,
        0.013661316606162257,
        0.00808677517811535,
        -0.011887508253578908,
        -0.026384336597334603,
        0.010814479891778125,
        -0.02077267453920407,
        -0.011055705498930703,
        0.014150071618499259,
        -0.0032048120486086063,
        0.0013232017705433606,
        0.009293324223737777,
        0.0024458483725962547,
        -0.005824031509306474,
        0.004109803782985367,
        0.012953805532321503
    ],
    "noise_1": [
        -0.014808196226556361,
        0.0035362590359546663,
        0.015440097897139007,
        -0.010301226971451602,
        0.011444655830716346,
        0.0032939269167462644,
        0.02682183993944905,
        -0.011489749855934702,
        -0.00888185960332117,
        0.023711407123273097,
        0.002737490690051416,
        0.005890467678081598,
        0.017256783235468285,
        0.012327886254881907,
        0.00867399911683418,
        -0.0024847619908248096,
        0.0010878332353036339,
        -0.045649604200168455,
        -0.005021803362248836,
        -0.004063533372008486,
        0.0068100868282045144,
        0.001935074229403575,
        0.0005204676170605304,
        0.01183904170758245,
        0.015048732494085067,
        -0.0110067577138841,
        -0.002245703506627488,
        0.0014711365429664126,
        0.014659525467232782,
        -0.001769835128978042,
        -0.005786059778176465,
        0.008323263076990545,
        0.0016749646174376899,
        0.004556624111497626,
        0.009242026825324986,
        0.017299433955554118,
        0.0047367944997724854,
        0.00485079590044484,
        -0.005011216912731306,
        -0.0004657927211393266,
        -0.004354967508974269,
        0.0063346657587946545,
        0.010336086816731213,
        0.007599360434507414,
        -0.005176718518501918,
        0.0008921831595847869,
        -0.0004595643176445778,
        -0.017248077661011465,
        0.02056813127800783,
        0.002607934466487833,
        -0.009199865292349103,
        0.0028573688821896762,
        -0.004854967449939157,
        0.00326672730409697,
        -0.0023747174803966722,
        0.0008556227021673902,
        0.0033728274170294037,
        0.023779056763479307,
        -0.00476695330100223,
        -0.0027265703933241504
    ],