{
    "ParameterSet": [
        -0.12223377515243612,
        -0.009887964176048062,
        0.04348366317124507,
        -0.035385334598072235,
        0.01986540123534642,
        0.09061859629864845,
        0.12953295199819512,
        0.1353241980353892,
        0.04604288896034773,
        0.09094671649106577,
        -0.030744902206823285,
        0.014931920504002837,
        -0.07908404982564647,
        -0.08548043591853405,
        0.020306492314148862,
        -0.1532961502110788,
        -0.03147657789261238,
        -0.104125858894186,
        -0.05234398538481095,
        -0.06194442034437743,
        0.5501070490883989,
        0.09107082068554426,
        0.17063244387648482,
        0.4266091804741685,
        0.5259206567454348,
        0.1328171749286197,
        0.13197148389715999,
        0.3991844244033607,
        0.5229668036846707,
        0.5008775563785024,
        0.18279332403024623,
        0.14863036915577774,
        0.2824841558464404,
        0.49040211557654334,
        0.4918689756351035,
        0.26900375224492257,
        0.21145840336563626,
        0.3955806142162417,
        0.3518876077278941,
        0.21877535713025054,
        -0.042919195152461766,
        -0.09182520836009629,
        0.03570460457434218,
        -0.07010304142309189,
        -0.08115559804530997,
        -0.10378604951919491,
        -0.05846289748387312,
        -0.13629049695229298,
        -0.02399874205205821,
        -0.03657489753881515,
        -0.019940561139647768,
        -0.012504900616446258,
        -0.05104011418392935,
        -0.11756459694966317,
        0.024823643721438686,
        -0.14213460651617216,
        -0.059215440976441464,
        -0.06620702887853448,
        -0.055593462373962274,
        -0.09854004144721203
    ],
    "SensorParameterSet": [
        0.0,
        0.0,
        0.0,
        0.0,
        0.0,
        0.0,
        0.0,
        0.0,
        0.0,
        0.0,
        0.0,
        0.0,
        0.0,
        0.0,
        0.0,
        0.0,
        0.0,
        0.0,
        0.0,
        0.0,
        0.0,
        0.0,
        0.0,
        0.0,
        0.0,
        0.0,
        0.0,
        0.0,
        0.0,
        0.0,
        0.0,
        0.0,
        0.0,
        0.0,
        0.0,
        0.0,
        0.0,
        0.0,
        0.0,
        0.0,
        0.0,
        0.0,
        0.0,
        0.0,
        0.0,
        0.0,
        0.0,
        0.0,
        0.0,
        0.0,
        0.0,
        0.0,
        0.0,
        0.0,
        0.0,
        0.0,
        0.0,
        0.0,
        0.0,
        0.0
    ],
    "checked": "indirect",
    "iteration": 71,
    "noise_0": [
        0.0003269444085183559,
        0.0016532028875975292,
        -0.011436860898842709,
        -0.018359800031986076,
        -0.017437091728615964,
        0.0008566457399433227,
        0.007496647756029264,
        -0.013317089465778023,
        0.004505987223262097,
        -0.003992584494208619,
        0.008609945745123103,
        -0.0009836987987910332,
        0.001670610838273479,
        -0.0013880556436139128,
        -0.004132396646745493,
        0.00921272278178367,
        -0.027801924999603166,
        0.01927156019849997,
        0.011708470167271228,
        -0.008104783673343219,
        -0.0050944662429119455,
        0.016239384674350148,
        0.008202598649413183,
        0.0007631759999896648,
        0.0017412026916810654,
        0.006941901198034529,
        0.005297582133528782,
        0.01691399484123813,
        0.008026497100410179,
        0.010601244298651788,
        0.0030936351283729516,
        0.014131399800874793,
        -0.00314049271712766,
        -0.0038933639144987436,
        0.013455793970449248,
        0.005652935958345672,
        -0.014993022706293572,
        0.011359682785983084,
        -0.007721460170890142,
        0.0030306002136417935,
        0.0010408872558145049,
        -0.01640057669105272,
        0.0036008975645705375,
        0.0039182991119142176,
        -0.022003364051130552,
        -0.017430235438527047,
        0.0008450955387677733,
        -0.016778499688112486,
        -0.014350473301210238,
        0.0019773614240604907,
        -0.0068633878308892605,
        -0.010311047489784961,
        -0.018187452349351867,
        5.7639080956434205e-05,
        -0.019419521773230305,
        0.009722150654164,
        0.011759602709437043,
        0.0030845481800468107,
        -0.005767159617853205,
        0.015844241299705263
    ],
    "noise_1": [
        -0.008494248768976826,
        -0.003192552103647731,
        -0.0019648248780469984,
        -0.012544144217081853,
        0.003052284853135241,
        0.005585805150641857,
        0.004548028572403205,
        0.0017690452633850674,
        -0.012048565492943485,
        0.0007856411581573059,
        -0.013014337076586408,
        -0.010956251623299225,
        0.025291714168809088,
        -0.0035202817914155495,
        0.005747322862463119,
        0.005187368143466673,
        0.019254656004811927,
        -0.0018374183314174193,
        -0.006780253031076359,
        -0.0077024547844815544,
        -0.025462624541582674,
        -0.010206149634823773,
        0.007497029377660018,
        0.008690675609702114,
        -0.001281962478270748,
        -0.00986536743164065,
        -0.012035616415137595,
        0.00937305138261466,
        0.0036007023796722037,
        0.0019963287940848048,
        -0.005836577051508422,
        0.010368160564801734,
        -0.00291425988549916,
        -0.0038646569073570777,
        -0.007862602113202541,
        0.0036455971402204078,
        -0.02166607869835602,
        0.002117235556001488,
        -0.02092888437400058,
        -0.007735721841065939,
        -0.001212657068751597,
        0.004589376381812498,
        0.01623105792458738,
        0.005470514002324794,
        -0.0044285164483618515,
        0.014563936085365867,
        0.017698622734263293,
        0.007503806164260004,
        0.013348850132338478,
        -0.0005658704603851779,
        0.005954850630976725,
        0.015038864256356716,
        -0.0010134869519285864,
        -0.006396939793139744,
        0.008322824896368439,
        0.0026416111273305887,
        -0.002082531511473162,
        0.025635353065478032,
        -0.012488119802132231,
        -0.015442489386043597
    ],