{
    "ParameterSet": [
        -0.027204168931427446,
        0.03602696508633974,
        0.03960510301260656,
        0.042760698808091094,
        0.1265097606313027,
        0.10759385430449221,
        0.08617336582855079,
        0.020358408958249433,
        0.0315757369904941,
        0.016048640404254372,
        0.03246296613571962,
        -0.004677576298767346,
        -0.0010059178264656928,
        -0.07306860789182676,
        0.01463906008807566,
        -0.09301718604440268,
        -0.0677023635476969,
        -0.11857071604107063,
        -0.11223403723807861,
        -0.02860001968472014,
        0.5302371665177216,
        0.11313823140991582,
        0.12496148622878835,
        0.4695488072501595,
        0.5695799006886236,
        0.20067687928666103,
        0.14945852516374317,
        0.34031164010857373,
        0.5208421365344352,
        0.500526878441299,
        0.1615571353955287,
        0.1785486823294723,
        0.28115636342186084,
        0.5440973295106314,
        0.47931057610131567,
        0.25227582976695034,
        0.13103008585006154,
        0.3241937022936662,
        0.4045547247034955,
        0.20102820720673859,
        -0.02330292228302673,
        -0.0285926009986591,
        -0.05775233653713836,
        -0.08303841489042693,
        -0.07727970270888646,
        -0.09833478974757434,
        -0.03121460787655833,
        -0.016148018894166144,
        -0.0020030747648441946,
        -0.08509006924937489,
        -0.08279443274471109,
        -0.10535402079896607,
        -0.0919714795922002,
        -0.1259343153608507,
        -0.06472153087111104,
        -0.08903791097297746,
        -0.04573953086792404,
        -0.09394570720991666,
        -0.0769380536203664,
        -0.11220259648979836
    ],
    "SensorParameterSet": [
        0.0,
        0.0,
        0.0,
        0.0,
        0.0,
        0.0,
        0.0,
        0.0,
        0.0,
        0.0,
        0.0,
        0.0,
        0.0,
        0.0,
        0.0,
        0.0,
        0.0,
        0.0,
        0.0,
        0.0,
        0.0,
        0.0,
        0.0,
        0.0,
        0.0,
        0.0,
        0.0,
        0.0,
        0.0,
        0.0,
        0.0,
        0.0,
        0.0,
        0.0,
        0.0,
        0.0,
        0.0,
        0.0,
        0.0,
        0.0,
        0.0,
        0.0,
        0.0,
        0.0,
        0.0,
        0.0,
        0.0,
        0.0,
        0.0,
        0.0,
        0.0,
        0.0,
        0.0,
        0.0,
        0.0,
        0.0,
        0.0,
        0.0,
        0.0,
        0.0
    ],
    "checked": "indirect",
    "iteration": 19,
    "noise_0": [
        -0.025876091377684145,
        -0.004503198745705618,
        -0.014832971444430437,
        0.011755212383354698,
        -0.01394113462083663,
        -0.004217320655529909,
        -0.006866266515590444,
        -0.01769757108481835,
        0.005075700083094337,
        -0.011003167410239384,
        0.016100360550049167,
        0.03221298249558497,
        0.0047035060380046624,
        0.009495796460477667,
        0.001446976745317365,
        -0.01644461495828698,
        0.00652184468456783,
        0.017983322784882776,
        0.009720390749601864,
        -0.024247568104447892,
        0.008661289444859336,
        0.017327661390450725,
        -0.0053751553285029475,
        0.00449136782293871,
        -0.0046645652365653375,
        0.015397043241766335,
        -0.00413300029268626,
        0.027613003520405622,
        -0.0016202834143451113,
        0.00619185536268123,
        0.006428047547232935,
        -0.0072651398538750266,
        -0.007450270994609496,
        0.010913216693184104,
        -0.004674804919660108,
        -0.002649096823550511,
        0.03514441570958599,
        0.017272256257854904,
        0.007965950566667036,
        -0.0007698283254276198,
        -0.006134511374332042,
        -0.008612884219325668,
        0.006674352845049657,
        -0.003030498891489894,
        -0.014426682504721112,
        0.005958790502357365,
        0.00800100510003872,
        0.0006189282679537045,
        0.02040090568169753,
        0.0016329650925694173,
        -0.00029346491231429074,
        -0.02712673737615002,
        -0.007457976688449836,
        0.0011733976514351758,
        0.01984781896555326,
        -0.01573266377573924,
        0.004430546010988411,
        0.012415912844625803,
        -0.017177798658930522,
        0.008514305923125192
    ],
    "noise_1": [
        -0.018361225558495488,
        -0.006385828034909351,
        0.02032104028301025,
        0.003249661515332945,
        -0.019110937375258825,
        0.01802888294911634,
        -0.029458057897226626,
        0.0179968813880595,
        -0.001620294686192692,
        0.011383228202111961,
        -0.01727910457102325,
        -0.010019456617029762,
        0.015770320980775646,
        -0.01223290496234213,
        -0.018342919050644963,
        -0.009937951277936738,
        0.015539893992697054,
        0.02876382548901992,
        0.0015223731376484409,
        -0.01146217998852556,
        -0.019156308427846814,
        -0.00287824303056558,
        -0.004071942962844581,
        0.01998405397054952,
        -0.019793109367119525,
        -0.0077186464302445145,
        0.00044325378559583985,
        -0.0016737076572958306,
        -0.02284004372178551,
        -0.009359226417075156,
        -0.011048850030563322,
        0.0012275760504758455,
        -0.007961258521995552,
        -0.010659243657483454,
        -0.021771744248450263,
        0.015680911560604343,
        -0.007295823923136303,
        0.011972758887930013,
        0.0026010907757321564,
        -0.010000916920380031,
        0.000707639649368766,
        0.0008703692822688865,
        -0.00783433793513712,
        0.010605220722481002,
        0.005991512376558024,
        -0.007045571371334025,
        -0.0038656263098623346,
        0.013704290040201732,
        0.0062368226666328595,
        0.013125521687108775,
        -0.006020121634776301,
        0.007620838285755213,
        0.01825194234248007,
        -0.0013845650476832204,
        0.011591173516638475,
        0.000354763110653547,
        -0.012510408567525133,
        -0.0032906307962945686,
        -0.00026138526769449693,
        0.01974015627240468
    ],