{
    "ParameterSet": [
        0.0,
        0.0,
        0.0,
        0.0,
        0.0,
        0.0,
        0.0,
        0.0,
        0.0,
        0.0,
        0.0,
        0.0,
        0.0,
        0.0,
        0.0,
        0.0,
        0.0,
        0.0,
        0.0,
        0.0,
        0.5044372080402942,
        0.11179573179088269,
        0.22336131133168322,
        0.5238323908959595,
        0.4897837537401469,
        0.23336879209210276,
        0.156900132397411,
        0.2705401047539295,
        0.5045759819857375,
        0.4904423579823461,
        0.2409376907772342,
        0.1710147855545038,
        0.2840915832472842,
        0.5079500341720962,
        0.4593346845127408,
        0.21835216964225468,
        0.1690032511888188,
        0.3258838945822318,
        0.5074750373643965,
        0.2620683981985637,
        -0.04,
        -0.04,
        -0.04,
        -0.04,
        -0.04,
        -0.04,
        -0.04,
        -0.04,
        -0.04,
        -0.04,
        -0.04,
        -0.04,
        -0.04,
        -0.04,
        -0.04,
        -0.04,
        -0.04,
        -0.04,
        -0.04,
        -0.04
    ],
    "SensorParameterSet": [
        0.11781911030963839,
        0.039054323850920794,
        -0.13299614845955832,
        0.049584527979782786,
        -0.08870080454109476,
        0.0019132776918014413,
        -0.05373700497545483,
        0.09034269753631892,
        -0.06278701511457431,
        -0.07371003133234484,
        0.0687784841523877,
        -0.025203504579937887,
        -0.05552488389508323,
        -0.05994790455509839,
        -0.05445475403697586,
        0.14024917653710725,
        0.015204083455049044,
        0.13198688443557213,
        -0.06513294428080213,
        -0.1645470965518277,
        0.09808313091241874,
        0.18065670281708898,
        0.1347753552385336,
        -0.04160995359978767,
        -0.10735237644905801,
        0.009236926792940654,
        -0.04510600336403375,
        0.028863184083666768,
        -0.15087934957827664,
        0.17331953227475388,
        -0.14728113654882224,
        0.049127457179151325,
        0.0062134312557751625,
        0.017523847799333633,
        -0.13231350655032129,
        -0.22291554289515048,
        -0.0770411878928667,
        -0.06884555057146248,
        0.045839811063309484,
        -0.04866322516523188,
        0.00464404352983571,
        0.2714685321015263,
        0.04011513124481785,
        -0.15245990760876932,
        -0.1352386271555034,
        -0.007476061868399969,
        -0.1977175123144064,
        0.17879872966069224,
        0.07649993704555692,
        -0.1682829195069414,
        -0.08840903601316843,
        0.03625884863020629,
        -0.125429843404941,
        0.08194509518097877,
        0.1268151504787498,
        0.11147774206797102,
        -0.20463584369028387,
        0.0437382119143626,
        0.07832016365231084,
        -0.0563672175371572
    ],
    "checked": "indirect",
    "iteration": 90,
    "noise_sensor_0": [
        0.0195200623157773,
        0.008792525483906475,
        -0.00810876879028853,
        0.0055901243801510705,
        0.006016689899552989,
        -0.00737176358605326,
        0.014749270599097608,
        -0.017604775007126847,
        -0.004006644190999151,
        -0.010688964120052826,
        -0.004470437398487776,
        0.015714715015325897,
        -0.0024696557156860363,
        0.0012646491473470415,
        0.000549606066820883,
        -0.010382403152064974,
        0.039156765575383945,
        -0.004568279634174079,
        -0.002241356801979167,
        -0.0031959638061038183,
        -0.028935929073646127,
        0.0026497962078736483,
        0.005635652799303178,
        0.009998675202073789,
        0.0007978896539213567,
        0.0002730924229321645,
        -0.0017265761676137348,
        0.011842539307528396,
        -0.023991763235522576,
        0.006323539408585438,
        -0.017520302905150633,
        0.01076785751683702,
        0.01527769214388849,
        0.003356657427351802,
        0.007342986944440254,
        0.00881322995332094,
        0.012305252189796292,
        0.02732300093343457,
        0.0013216319630883642,
        0.018946571875918066,
        0.009516678080779798,
        0.0003028845398187349,
        0.005285840643108021,
        0.013972488017015967,
        0.007337289716599156,
        -0.02379816641492793,
        0.006664523809473357,
        0.018265340033944855,
        -0.026707755554679868,
        -0.00495878596418344,
        0.016429203493275608,
        -0.011113983998757095,
        0.0003757975903624669,
        -0.0025193052101928,
        -0.015366849969833143,
        -0.018137175115862353,
        -0.0010499560851618655,
        0.002457598652851825,
        0.0031038152608457094,
        0.017287323116486678
    ],
    "noise_sensor_1": [
        0.011212693797126392,
        -0.01175003925935059,
        0.009834983161068688,
        -0.004929058597278004,
        -0.000734744601688688,
        0.005064476585322499,
        0.006285502527461935,
        0.012599595296310785,
        -0.0007974801036859663,
        -0.017245174276196137,
        -0.011569845744675887,
        0.003143703823607304,
        -0.011790455595245032,
        0.008718062105460056,
        0.01345074569926021,
        0.0014314008458904603,
        -0.0010091908675964874,
        -0.013483295775212335,
        0.012675847488259702,
        -0.007883816409711116,
        -0.010777136067366954,
        -0.003864801315767693,
        -0.008860823612884174,
        -0.01712410774803018,
        0.004866697444150482,
        -0.013786289788913978,
        -0.01146665160694192,
        -0.014162533563074032,
        0.010964403260068657,
        -0.01149695305899331,
        0.003507645744475084,
        0.01757013354574462,
        -0.016081068485222623,
        0.01656323290908623,
        0.01984745388426316,
        -0.014369847867494547,
        -0.0009928972602741544,
        -0.015197993676167731,
        0.003090546347422617,
        0.0196078940218878,
        -0.008030529256972908,
        -0.016283963640212243,
        -0.0036659249648835603,
        0.004838513283594484,
        0.00662848147113685,
        0.015066612442922811,
        0.008205305675538873,
        0.011532443739529394,
        0.009188273931179025,
        -0.01230255821029454,
        0.0018095200359714346,
        -0.012342763818361888,
        0.025308286187968987,
        -0.031800866097984354,
        0.00561202216586797,
        -0.0024957772731846006,
        -0.021157448143336987,
        0.004333126956143107,
        -0.013737396454279674,
        -0.002891933117053049
    ],