{
    "ParameterSet": [
        0.0,
        0.0,
        0.0,
        0.0,
        0.0,
        0.0,
        0.0,
        0.0,
        0.0,
        0.0,
        0.0,
        0.0,
        0.0,
        0.0,
        0.0,
        0.0,
        0.0,
        0.0,
        0.0,
        0.0,
        0.5044372080402942,
        0.11179573179088269,
        0.22336131133168322,
        0.5238323908959595,
        0.4897837537401469,
        0.23336879209210276,
        0.156900132397411,
        0.2705401047539295,
        0.5045759819857375,
        0.4904423579823461,
        0.2409376907772342,
        0.1710147855545038,
        0.2840915832472842,
        0.5079500341720962,
        0.4593346845127408,
        0.21835216964225468,
        0.1690032511888188,
        0.3258838945822318,
        0.5074750373643965,
        0.2620683981985637,
        -0.04,
        -0.04,
        -0.04,
        -0.04,
        -0.04,
        -0.04,
        -0.04,
        -0.04,
        -0.04,
        -0.04,
        -0.04,
        -0.04,
        -0.04,
        -0.04,
        -0.04,
        -0.04,
        -0.04,
        -0.04,
        -0.04,
        -0.04
    ],
    "SensorParameterSet": [
        0.1543324127237354,
        0.08318581790195399,
        -0.11155968974483439,
        0.05214379719097592,
        -0.07714066057466942,
        0.01690014116482466,
        -0.05489848137891313,
        0.11228349324671642,
        -0.05828585922665509,
        -0.0765798344952077,
        0.08866424634322369,
        -0.031351534266686416,
        -0.035874925782457434,
        -0.06918683755335765,
        -0.07050809987221413,
        0.11187340320607336,
        0.022990463254922405,
        0.0985556877811122,
        -0.0409649396260307,
        -0.13341257577170132,
        0.1030297528881061,
        0.2020412933015247,
        0.12208011191470572,
        -0.07258085625990032,
        -0.052252431603608616,
        0.07321205262061542,
        -0.05966609499791831,
        0.004191102522637045,
        -0.13648874898086025,
        0.14558090549508476,
        -0.16574322598398805,
        -0.008126831468067294,
        -0.009358129101652082,
        0.052568152512925646,
        -0.07900592252789572,
        -0.20752973114862905,
        -0.06418061202496196,
        -0.0357913627287497,
        0.04600042036491941,
        -0.069814002415837,
        -0.03537074449192349,
        0.2239339680869802,
        0.0030279382688599837,
        -0.19588288939755719,
        -0.09895223750702623,
        0.02616261996032905,
        -0.21846023757130356,
        0.12485063764235514,
        0.034451350874105745,
        -0.14839880855431145,
        -0.11013992014119461,
        0.030237624009321812,
        -0.07373174844703588,
        0.06913621948743295,
        0.12908997699045727,
        0.10528661324221161,
        -0.12311021260097292,
        0.06675114666965755,
        0.07088972169139426,
        -0.043961833372850014
    ],
    "checked": "indirect",
    "iteration": 77,
    "noise_sensor_0": [
        0.001638897701553008,
        -0.009145302348128603,
        -0.013009822523976214,
        0.012311534237461329,
        -0.013311530458130116,
        0.012006407869926307,
        -0.0034842828596322014,
        -0.0047669920151015895,
        -0.007124242755775746,
        -0.004548304217244625,
        -0.009802675719227558,
        0.0030659607920581616,
        -0.004198431031031766,
        -0.0060390324966817475,
        -0.0010136255417609323,
        0.017478032611981068,
        -0.008236135791349877,
        0.018849440914852165,
        0.013764046903886044,
        -0.0018930667176823323,
        0.002937675521149299,
        -0.0052200513610111375,
        -0.02217681434291244,
        -0.012837433382261915,
        -0.02076742063322009,
        0.008063217050854875,
        0.01090462827318117,
        0.00572568974664185,
        0.012177494665964694,
        -0.004405206769219515,
        0.005119224679896276,
        -0.009480534755208648,
        0.005291086808020241,
        -0.003506330823936095,
        -0.015149493835747806,
        0.02392214402334914,
        -0.013377827290941313,
        0.014129516299466325,
        -0.00856795351398029,
        0.0038083870713433127,
        -0.004979662854953179,
        -0.023707183007372186,
        -0.014059193399272283,
        -0.015390234692502086,
        0.004903720687371446,
        -0.007392330623612097,
        -0.0034472427959948465,
        -0.0019829248862845345,
        0.002403264954330069,
        0.004290755525973431,
        0.03636139966622767,
        -0.007565326020761968,
        0.002875921616883875,
        0.01882723355409101,
        0.002492696251903665,
        0.0007586738861354178,
        -0.02338889686873213,
        -0.02159455010571238,
        -0.0054813861530871,
        -0.0020987640598704007
    ],
    "noise_sensor_1": [
        -0.0033807841941744647,
        0.027361483745503155,
        0.0022467741010765646,
        -0.023009830162438266,
        0.01973195300073599,
        -0.008327228256820186,
        0.008917818675579217,
        -0.006347707337948158,
        -0.0036987853300110693,
        -0.006146361821540756,
        -0.008484420232937315,
        0.021595115374966885,
        0.021920873273003363,
        0.0010330895790030823,
        -0.021916490586565522,
        -0.009551330477991749,
        -0.004507536361959823,
        -0.0006380820267711141,
        0.0013069137935697096,
        0.015721189619819404,
        -0.005008171164899299,
        0.007599662110234608,
        -0.013729795495437526,
        0.006994272503835392,
        0.0040574083044991925,
        -0.0012152131010101095,
        0.015349290995315845,
        0.01092174192386323,
        0.0024746355546409137,
        -0.00897511508050882,
        -0.002059195108360831,
        4.576353860468514e-05,
        -0.022535220450379364,
        0.0016423460620950327,
        0.005675820364755352,
        0.0034890217040748363,
        -0.00799225705673209,
        -0.021161078099809768,
        0.016400605892666325,
        0.01783491211071815,
        0.012423359624659144,
        0.00034097440614792477,
        -0.009201159633422332,
        -0.009364419270653289,
        -0.013964799670209754,
        0.006695086114347822,
        0.001858209510955966,
        0.004673033661260677,
        0.018020366551067923,
        0.0033479672907559756,
        0.020477325214756918,
        0.002814172732604834,
        -0.010090045492437394,
        0.00801205194123248,
        -0.002610103361568457,
        -0.0013146982890520694,
        0.005228443543625137,
        0.017183680337542764,
        0.006630536393515508,
        -0.01069085524259577
    ],