{
    "ParameterSet": [
        0.0,
        0.0,
        0.0,
        0.0,
        0.0,
        0.0,
        0.0,
        0.0,
        0.0,
        0.0,
        0.0,
        0.0,
        0.0,
        0.0,
        0.0,
        0.0,
        0.0,
        0.0,
        0.0,
        0.0,
        0.5044372080402942,
        0.11179573179088269,
        0.22336131133168322,
        0.5238323908959595,
        0.4897837537401469,
        0.23336879209210276,
        0.156900132397411,
        0.2705401047539295,
        0.5045759819857375,
        0.4904423579823461,
        0.2409376907772342,
        0.1710147855545038,
        0.2840915832472842,
        0.5079500341720962,
        0.4593346845127408,
        0.21835216964225468,
        0.1690032511888188,
        0.3258838945822318,
        0.5074750373643965,
        0.2620683981985637,
        -0.04,
        -0.04,
        -0.04,
        -0.04,
        -0.04,
        -0.04,
        -0.04,
        -0.04,
        -0.04,
        -0.04,
        -0.04,
        -0.04,
        -0.04,
        -0.04,
        -0.04,
        -0.04,
        -0.04,
        -0.04,
        -0.04,
        -0.04
    ],
    "SensorParameterSet": [
        0.08496421858121089,
        0.10453957297022422,
        -0.05556226303891871,
        0.04334600810584913,
        -0.0875938805668158,
        -0.009069994569981279,
        -0.038878060640567175,
        0.15263387689580488,
        0.024399716920438113,
        -0.16327419808196567,
        0.050633799774220764,
        -0.026389742331049067,
        -0.057500977945050005,
        -0.05084390528458832,
        -0.06914632536048647,
        0.12825521807295653,
        -0.001574924427205126,
        0.03003149650756123,
        -0.07021079117361528,
        -0.11118176226530818,
        0.07895404986683434,
        0.1575325093144853,
        0.102640712899857,
        -0.058013476973545364,
        -0.10027585167767769,
        0.06860029972371445,
        -0.06863426795402913,
        -0.049127923668401144,
        -0.06324276088670845,
        0.10309916990269095,
        -0.13246403948276006,
        0.0005479695780261666,
        -0.011554128826295654,
        0.03406486323474809,
        -0.05730347428372158,
        -0.06422170996105972,
        -0.029609847814417844,
        -0.0549168217028092,
        0.003943126250590098,
        -0.11922389520844287,
        -0.0037282549659905396,
        0.21955363313948167,
        -0.03421576077596474,
        -0.13338094007391443,
        -0.08890571190046198,
        0.06488012477233547,
        -0.20719633402997334,
        0.06897751207571885,
        0.023269526728311146,
        -0.11812055280632637,
        -0.12404574922969919,
        0.01908666589340282,
        -0.03791546493428507,
        0.03211065894036787,
        0.11471240594384159,
        0.10409223269739216,
        -0.12692346710675603,
        0.03457151834044906,
        -0.002719620296196006,
        0.0077043975605650804
    ],
    "checked": "indirect",
    "iteration": 56,
    "noise_sensor_0": [
        0.0007131110686688803,
        0.016758306526535757,
        -0.013149078461475377,
        -0.0021073359691351793,
        -0.01071044270671349,
        0.017030837300819068,
        -0.01211102797712471,
        0.00024247912101002064,
        0.02112275358233123,
        0.01083675521767307,
        0.021840862471309723,
        0.02220518186596009,
        0.005645261430093392,
        0.015177320920908087,
        0.017065062495177957,
        -0.019120500957269894,
        -0.003645464642133009,
        -0.006190360319231,
        -0.00931364371866994,
        -0.010379489721307544,
        0.007657525358438343,
        0.0013051009498595582,
        -0.025183164627097403,
        0.01219178938595221,
        0.01944623452575935,
        -0.007588659230717425,
        0.01797435203885461,
        0.018832709247302352,
        -0.01925594111610689,
        -0.0013732335288286926,
        0.03640143471050246,
        0.0013359666383230611,
        -0.003757468716328511,
        0.03601842260194284,
        -0.0011697383969687038,
        0.0009733614198025651,
        -0.006956726851172594,
        0.011422723270906777,
        -0.00030407137457051463,
        0.002533951299856865,
        0.013509431690616908,
        0.007139010311132378,
        0.008272263968598897,
        0.0030129764106579214,
        -0.003649575804182127,
        -0.005451754436947798,
        0.02465772172872136,
        0.008204275191424781,
        -0.010962431793141839,
        0.007285670514347899,
        -0.0062702607152269815,
        0.004633974518720764,
        -0.010962835533318093,
        0.018063054573084027,
        -0.0057258859704663245,
        0.01690025416688767,
        -0.013296454993395252,
        -0.0006468208121918716,
        0.01030773470762065,
        -0.01986921475366312
    ],
    "noise_sensor_1": [
        0.027259433207623623,
        -0.0013026820252134692,
        0.026624634158038462,
        -0.029524252597666317,
        0.0034348279286616247,
        -0.010651182576197887,
        0.006974308542746299,
        0.022680374603914335,
        -0.01082189985708334,
        -0.0007685884856185345,
        0.01182461751447002,
        0.022048935342751357,
        0.01035758295310003,
        0.000611017177287589,
        0.011115144545236579,
        0.02033448925764151,
        -0.007212056115564095,
        0.00499016479051161,
        -0.014998947603475142,
        0.0044481050983759636,
        -0.013289646662029983,
        0.017705343169402553,
        -0.018674398897083402,
        -0.004120736543379485,
        -0.008648754886482412,
        -0.012187171458366657,
        0.016594972839993134,
        -0.01048736286611016,
        0.0045256027402543674,
        -0.018333536497049892,
        -0.011478293995580955,
        -0.012946893209186426,
        0.02349524469733166,
        0.01801690381860354,
        -0.02223886578862371,
        -0.02961147681863246,
        -0.020976585465104187,
        -0.003649553589075149,
        -0.007428067521823172,
        0.015543084870512789,
        -0.0005714629128111641,
        0.007279320327498816,
        0.0016779518521763354,
        0.0146110577117909,
        0.01798857089544419,
        0.008754181026477983,
        0.00699637012466412,
        0.0436282011046682,
        0.005851387322234281,
        0.006216849209372803,
        -0.007306830179839218,
        0.006298425526440835,
        0.0001834578364734065,
        -0.024569535165409488,
        0.02911603619839175,
        0.005884906598467195,
        -0.0030002885593427902,
        0.009873543686246716,
        0.014880018365962871,
        -0.005408010441854454
    ],