{
    "ParameterSet": [
        0.0,
        0.0,
        0.0,
        0.0,
        0.0,
        0.0,
        0.0,
        0.0,
        0.0,
        0.0,
        0.0,
        0.0,
        0.0,
        0.0,
        0.0,
        0.0,
        0.0,
        0.0,
        0.0,
        0.0,
        0.5044372080402942,
        0.11179573179088269,
        0.22336131133168322,
        0.5238323908959595,
        0.4897837537401469,
        0.23336879209210276,
        0.156900132397411,
        0.2705401047539295,
        0.5045759819857375,
        0.4904423579823461,
        0.2409376907772342,
        0.1710147855545038,
        0.2840915832472842,
        0.5079500341720962,
        0.4593346845127408,
        0.21835216964225468,
        0.1690032511888188,
        0.3258838945822318,
        0.5074750373643965,
        0.2620683981985637,
        -0.04,
        -0.04,
        -0.04,
        -0.04,
        -0.04,
        -0.04,
        -0.04,
        -0.04,
        -0.04,
        -0.04,
        -0.04,
        -0.04,
        -0.04,
        -0.04,
        -0.04,
        -0.04,
        -0.04,
        -0.04,
        -0.04,
        -0.04
    ],
    "SensorParameterSet": [
        0.13046259471380411,
        0.04787829298594025,
        -0.1269587613609235,
        0.05233320425558535,
        -0.08649800743921389,
        0.00020628383021959511,
        -0.045178238321191055,
        0.08820226874700597,
        -0.06820030440568764,
        -0.079227930969565,
        0.07974357412235952,
        -0.037714249584767115,
        -0.053671718965342854,
        -0.06805237625771547,
        -0.05207825992978841,
        0.14078940164135334,
        0.02257451045823012,
        0.1125977599200796,
        -0.05940389504025406,
        -0.16171901674101094,
        0.08914819634088102,
        0.18487790338533028,
        0.12600337630955163,
        -0.03674264785094779,
        -0.11074217743121971,
        -0.011096357432173467,
        -0.0456508734245663,
        0.026694912028977395,
        -0.14833842614683598,
        0.1754241748842899,
        -0.15537661129488645,
        0.066985874377431,
        0.005087062863656543,
        0.016943860142440623,
        -0.13433555160154853,
        -0.22660196182387304,
        -0.0744215927992321,
        -0.06951859551407655,
        0.04123439907802636,
        -0.03311839473291311,
        0.006719756974957648,
        0.2737435292017235,
        0.03337094424008638,
        -0.14523572047381836,
        -0.1251910113122154,
        -0.0071911953253678785,
        -0.1933130120919907,
        0.17397147854915235,
        0.07963503233093998,
        -0.16937984709166592,
        -0.08746947910134087,
        0.03838389137675481,
        -0.1156314290771312,
        0.07653616338019545,
        0.1262543791090223,
        0.1110841859468465,
        -0.20825111933571688,
        0.0536400430166952,
        0.07766933973844746,
        -0.055727179914064
    ],
    "checked": "indirect",
    "iteration": 91,
    "noise_sensor_0": [
        -0.0017101531089372074,
        0.03743168837403463,
        0.0021402266750922337,
        -0.0057403694051348835,
        0.004895502160299206,
        0.008646960768790988,
        -0.004876212487442014,
        -0.011625088891385544,
        -0.01345511962936485,
        0.023399135896283448,
        0.02784686629349179,
        0.017367606674120455,
        0.007010749455872362,
        -0.01615336269606285,
        0.00509159263155702,
        0.012304016601098639,
        0.0028402170712285356,
        -0.003863813913131498,
        -0.006343035260017561,
        -0.00531819644622468,
        0.012960333513321912,
        0.017782183721328938,
        0.008054169935101513,
        0.0007828193094871875,
        -0.0032011122241882126,
        0.024183446751323272,
        0.018062206279855574,
        0.008526546874993593,
        0.012185575368253107,
        0.001599948988235833,
        -0.013481641795114399,
        0.015803957634922428,
        0.01575652766806772,
        -0.0147539342542413,
        0.004084436064150998,
        0.008970698095716429,
        0.015654779751560946,
        -0.006975908340245137,
        0.009374400147630526,
        0.02772950102053244,
        0.0005013166516171143,
        0.007416001273053741,
        0.020912052702178413,
        -0.010263294093244368,
        -0.03129245196728552,
        0.003100123071590678,
        0.013433045171700506,
        0.014658027997417042,
        0.00396574751472041,
        -0.010895926377467974,
        -0.0021126244459627034,
        -0.009183748458164463,
        0.008723100473841916,
        -0.012113402685108653,
        -0.0021802084218324625,
        -0.013239151043854352,
        -0.009861036317172053,
        -0.010428181159177126,
        0.017558108388195832,
        -0.002297515206055847
    ],
    "noise_sensor_1": [
        0.01776183404064209,
        0.004959390300359695,
        -0.01728265993749444,
        0.015386437674742013,
        -0.005204369992361179,
        -0.0020484609770211174,
        -0.002560229083818781,
        0.012948617263305099,
        -0.005125922584328502,
        0.034332697283269674,
        -0.027607900120158832,
        0.02794119952505572,
        -0.012248683448077089,
        0.011149380512375514,
        0.01860560690168137,
        0.01241730296885601,
        0.006614233447594679,
        -0.006769887850719997,
        -0.0008018830724989115,
        0.017077745227027912,
        0.002886113467840863,
        0.014620767838183767,
        -0.013800808985997625,
        0.006787103629890526,
        -0.01113892687832551,
        -0.0012366356884325343,
        -0.015657486578134126,
        0.024598068599889215,
        -0.0059204954093428595,
        -0.0012777802335793887,
        0.029475961131053524,
        0.007836647721996527,
        -0.00991430811068646,
        -0.018903216183952444,
        0.00882104792847075,
        -0.007136975843488992,
        0.0024053368160074145,
        0.009757410810067922,
        0.0028086577651294637,
        -0.006396695206192014,
        0.006155376691313802,
        -0.012404004995868802,
        0.002559185749204431,
        -0.011119175102721458,
        0.025725834892795396,
        -0.012090763657091216,
        -0.001730429320130405,
        -0.0012160204586549438,
        -0.009510845699375893,
        -0.013618982379243997,
        0.0004281590291182284,
        0.009826685035915191,
        -0.005124231419189507,
        0.0025884711062258946,
        -0.0031943073817132634,
        -0.0031716705397413997,
        0.010760597238673484,
        -0.016955267470972594,
        0.009549974180130053,
        0.010091743335599184
    ],