{
    "ParameterSet": [
        0.0,
        0.0,
        0.0,
        0.0,
        0.0,
        0.0,
        0.0,
        0.0,
        0.0,
        0.0,
        0.0,
        0.0,
        0.0,
        0.0,
        0.0,
        0.0,
        0.0,
        0.0,
        0.0,
        0.0,
        0.5044372080402942,
        0.11179573179088269,
        0.22336131133168322,
        0.5238323908959595,
        0.4897837537401469,
        0.23336879209210276,
        0.156900132397411,
        0.2705401047539295,
        0.5045759819857375,
        0.4904423579823461,
        0.2409376907772342,
        0.1710147855545038,
        0.2840915832472842,
        0.5079500341720962,
        0.4593346845127408,
        0.21835216964225468,
        0.1690032511888188,
        0.3258838945822318,
        0.5074750373643965,
        0.2620683981985637,
        -0.04,
        -0.04,
        -0.04,
        -0.04,
        -0.04,
        -0.04,
        -0.04,
        -0.04,
        -0.04,
        -0.04,
        -0.04,
        -0.04,
        -0.04,
        -0.04,
        -0.04,
        -0.04,
        -0.04,
        -0.04,
        -0.04,
        -0.04
    ],
    "SensorParameterSet": [
        0.12527242387047227,
        0.07522096105958552,
        -0.10431613119416783,
        0.04866625889532568,
        -0.0722757406186025,
        -0.04235510989389819,
        -0.03197768137378406,
        0.1208908546356969,
        -0.08033130262723379,
        -0.08327496840068244,
        0.0546826641769112,
        -0.026252944711900383,
        -0.0449697412505458,
        -0.04701362545240812,
        -0.027752943094065823,
        0.11713007931399727,
        0.01924300227925972,
        0.14434549977040675,
        -0.05869215266202225,
        -0.1375255224724994,
        0.10507671492521288,
        0.19233748918645305,
        0.11345453388229976,
        -0.030232153276042013,
        -0.10877316096884386,
        0.004934982599584612,
        -0.030277719131218413,
        0.028619907216858937,
        -0.15634955656707264,
        0.19808486401951064,
        -0.16589383263947458,
        0.055899447176293596,
        0.008619632889584086,
        0.033018887869962876,
        -0.12805902588303023,
        -0.24264315209925216,
        -0.055297160308048085,
        -0.060922779676503974,
        0.02924907813376224,
        -0.031620639292485084,
        0.03249410555934865,
        0.23641898982226994,
        0.056298773124415294,
        -0.1416387523307475,
        -0.15977728541186056,
        -0.05319856536525784,
        -0.1930050296215139,
        0.18448717731295905,
        0.07278067543774622,
        -0.13586770199277406,
        -0.06799152095412164,
        0.01891727676559178,
        -0.12489129990224286,
        0.07624546481439026,
        0.1492005981012706,
        0.11599739762228883,
        -0.2435768242819412,
        0.02027185352922587,
        0.09017263626507564,
        -0.08458766265885244
    ],
    "checked": "indirect",
    "iteration": 100,
    "noise_sensor_0": [
        0.009626202321591759,
        -0.028254562298943353,
        0.003501890923096372,
        -0.0073604707663352175,
        -0.0022840709415079246,
        0.007302507197402066,
        0.017494435912243443,
        -0.02399092335532377,
        -0.0019075845211784788,
        -0.00805623325479991,
        0.011580885268939757,
        0.00700640719589988,
        0.0032977129920335143,
        -0.001463929402791713,
        0.005387257178577762,
        -0.0047955178044819455,
        0.010136781481159762,
        0.010095811711030257,
        -0.008318576059761879,
        -0.011940043571136368,
        -0.005383232214687219,
        0.017886459079536735,
        -0.005663151052511152,
        -0.00382428987856054,
        0.0032722103174375795,
        -0.004761772361858217,
        -0.00578094466180119,
        -0.007925319666080358,
        0.014212641926729141,
        0.012347186935008865,
        -0.004041172175864771,
        -0.004340912893486109,
        0.009688062916745007,
        0.002386021175585037,
        -0.012783220078222444,
        0.017523083935790742,
        0.01224231455989479,
        0.011009229319333508,
        -0.00721120055028455,
        -0.0022977067304878014,
        0.009945821099656056,
        -0.00889707060653249,
        -0.03621644116571614,
        -0.00018151165392344253,
        -0.018204967874188425,
        0.01800892787209354,
        0.01176481244271756,
        0.00522147070717674,
        -0.0008052979587860701,
        -0.00936522897691025,
        0.004745165123607091,
        -0.0037345493105421126,
        0.0069020954659409035,
        -0.017730196121383816,
        0.004392050855694573,
        -0.009902653184190017,
        -0.01286947785979919,
        -0.011590349545966288,
        0.004703992312003851,
        -0.009299002766570733
    ],
    "noise_sensor_1": [
        -0.005552360478279177,
        -0.004769158703043752,
        0.013852013106122336,
        0.006261120263758838,
        0.0021568032663308646,
        0.02209095506279746,
        -0.013408300373400682,
        0.016834108880227263,
        -0.011875752565995953,
        0.010187461227663416,
        0.0220617368485843,
        -0.0009442734037880584,
        -0.022198636059106047,
        -0.00772169422745371,
        -0.00197159110300634,
        -0.0009162787124591778,
        0.013809122648475846,
        -0.007952007930972844,
        -0.014850702841819594,
        0.01444350420793588,
        0.007878768708547685,
        -0.017298041287614377,
        0.009059665346844463,
        0.022086983793874793,
        0.003465261840456521,
        -0.003654642555953575,
        -0.005085807186432808,
        0.0045721898196479805,
        0.004387369448883231,
        -0.013221298236642262,
        0.0016310055187258277,
        -0.0042077506107409506,
        0.004120558218973998,
        0.0021576888868318385,
        -0.005541804724024197,
        -0.0033498248639107727,
        0.02141174762916921,
        0.023104521661959726,
        -0.0075975737287808645,
        0.019083515145412153,
        -0.01155936692350362,
        0.014593940060889965,
        -0.007962303967560895,
        -0.014578910719821928,
        -0.00499723134389956,
        0.0042441197076247186,
        -0.005694893670256963,
        0.012639371055586069,
        -0.007911692342834337,
        -0.011348848272427976,
        -0.012004997552581935,
        -0.0006402839922468236,
        -0.029537263083988047,
        -0.0044120761946100035,
        -0.011015784473541205,
        0.021294726547503067,
        0.015061260607570437,
        -0.006664512182098276,
        -0.002628135394560182,
        0.007670447811031449
    ],