{
    "ParameterSet": [
        0.0,
        0.0,
        0.0,
        0.0,
        0.0,
        0.0,
        0.0,
        0.0,
        0.0,
        0.0,
        0.0,
        0.0,
        0.0,
        0.0,
        0.0,
        0.0,
        0.0,
        0.0,
        0.0,
        0.0,
        0.5044372080402942,
        0.11179573179088269,
        0.22336131133168322,
        0.5238323908959595,
        0.4897837537401469,
        0.23336879209210276,
        0.156900132397411,
        0.2705401047539295,
        0.5045759819857375,
        0.4904423579823461,
        0.2409376907772342,
        0.1710147855545038,
        0.2840915832472842,
        0.5079500341720962,
        0.4593346845127408,
        0.21835216964225468,
        0.1690032511888188,
        0.3258838945822318,
        0.5074750373643965,
        0.2620683981985637,
        -0.04,
        -0.04,
        -0.04,
        -0.04,
        -0.04,
        -0.04,
        -0.04,
        -0.04,
        -0.04,
        -0.04,
        -0.04,
        -0.04,
        -0.04,
        -0.04,
        -0.04,
        -0.04,
        -0.04,
        -0.04,
        -0.04,
        -0.04
    ],
    "SensorParameterSet": [
        0.07196273829329933,
        -0.0008411571133588383,
        -0.07648998717723306,
        0.121848448816652,
        -0.028352240526013595,
        -0.033999639067660514,
        -0.03297164873180664,
        0.13615219598206954,
        0.03257352793063586,
        -0.09426158034609408,
        0.00799377320055859,
        0.024712354461330393,
        0.04734468629530235,
        -0.006145999081296836,
        -0.09630944689565382,
        0.062314308535230685,
        -0.04410069224687331,
        0.026422108569035603,
        -0.028067857458620497,
        -0.01220124409475822,
        0.04762042143571385,
        0.09173049954576884,
        0.08447304912599554,
        -0.07527318128572022,
        -0.026171976566895752,
        0.12313483102631398,
        -0.05418718365896912,
        -0.007985672496235734,
        -0.08994602811406179,
        0.04571314721269825,
        -0.15387771200754166,
        -0.00615898839141736,
        -0.02172675214292669,
        -0.0071881314823079015,
        0.004387521650218409,
        -0.018709726171606926,
        -0.0533841560666759,
        -0.08854906963666316,
        -0.029383646391783164,
        -0.14834685880489798,
        -0.048689218606078805,
        0.10137250414223958,
        -0.07519935586182873,
        -0.05820235556430196,
        -0.039615814334554654,
        0.03846380710492492,
        -0.07650257168732742,
        0.0489899440488678,
        -0.008943036711891394,
        -0.018346372719052338,
        -0.0819207578039477,
        -0.0507826552919691,
        0.025538290921671994,
        0.00587880629547226,
        0.1171427765897038,
        0.08889784062225053,
        -0.08447616124907091,
        0.022330640174300954,
        -0.008424082863118914,
        0.036451337566476
    ],
    "checked": "indirect",
    "iteration": 27,
    "noise_sensor_0": [
        -0.014948299360561735,
        -0.01862404712736407,
        0.01168313247465086,
        -0.017273224872104146,
        -0.013906011904050598,
        0.00439270548666951,
        0.009420058159377414,
        0.029471998228463275,
        -0.0022618016382320917,
        0.00938873313964389,
        0.005124487279929318,
        0.019628783750838777,
        0.016110038278893634,
        0.022205085973087867,
        0.01529434971777174,
        -0.014381868150311308,
        -0.0007264041373164739,
        0.018392491288328594,
        0.005395694222451441,
        -0.023780364836090275,
        -0.013904677719949082,
        0.01954122920820129,
        0.014955278629539949,
        0.005597363765419415,
        0.03687537617327483,
        0.0011268982637999702,
        -0.024807560382013347,
        0.021299403166731914,
        0.0011114457802746012,
        -0.00941570405665287,
        0.008535096658386804,
        0.003979128422344031,
        0.007304450978876681,
        0.02040956741047409,
        0.014109363867653362,
        0.0077472994019332974,
        0.03573289073672604,
        0.015201263751017345,
        0.024252272189251654,
        0.0015647633949828633,
        0.003910486641494688,
        0.002445974331122089,
        -0.00394241684738378,
        -0.005167197911784301,
        0.006141626358394613,
        0.0003599212862378094,
        -0.014556489501481818,
        0.010452222062783645,
        0.01086716961357685,
        -0.020454281847956442,
        0.005842300269006094,
        -0.004581519093165826,
        -0.013535956688362343,
        -0.03187304330026281,
        0.0010087163702379714,
        0.003753336947901545,
        0.030712941983091983,
        0.0008438053656569017,
        -0.01808918607483376,
        0.009712941447204956
    ],
    "noise_sensor_1": [
        -0.03236785621476158,
        0.0011853701102127537,
        0.01608058832511438,
        -0.0004885668580904464,
        -0.0162818804666601,
        -0.00909150025957252,
        0.017417431985049643,
        0.000441379841032327,
        -0.0005021848926496755,
        0.022839167045948666,
        0.013044171904559185,
        -0.03438104994000709,
        -0.017516450913365338,
        0.012194753536348392,
        -0.012707819221839787,
        -0.009520719365211278,
        -0.01045481003167549,
        0.006976976148563801,
        -0.0022520222077294753,
        0.02633188240320828,
        -0.00980136253927822,
        0.009485025840069439,
        0.04095987345220392,
        0.029317787153607645,
        0.0019050222636511113,
        -0.029992757111863746,
        0.015542911977202532,
        -0.00472792219133584,
        -0.02407954556015106,
        0.021112435592139732,
        0.00928237743788737,
        0.011149551627239839,
        -0.01645505825082336,
        -0.020852117394190607,
        0.015064472962804994,
        0.00032118864396308997,
        -0.012869832169709348,
        -0.01740614441532519,
        -0.003697590550742565,
        -0.01992874207162491,
        -0.02001485262998289,
        0.006354948812990163,
        0.002975980272592153,
        0.009629595022435645,
        0.006747510840539778,
        0.034690380642283226,
        0.007785870751423629,
        0.0032611864590565394,
        0.009198776738860954,
        -0.021402496471883678,
        -0.01115585913897169,
        0.036148754730003424,
        -0.00025932370651846574,
        -0.03211813817506325,
        -0.010778010467738013,
        0.008221453952943814,
        0.017395319595656752,
        -0.004125798334547257,
        0.003984740290584271,
        -0.01474458574145686
    ],