{
    "ParameterSet": [
        0.0,
        0.0,
        0.0,
        0.0,
        0.0,
        0.0,
        0.0,
        0.0,
        0.0,
        0.0,
        0.0,
        0.0,
        0.0,
        0.0,
        0.0,
        0.0,
        0.0,
        0.0,
        0.0,
        0.0,
        0.5044372080402942,
        0.11179573179088269,
        0.22336131133168322,
        0.5238323908959595,
        0.4897837537401469,
        0.23336879209210276,
        0.156900132397411,
        0.2705401047539295,
        0.5045759819857375,
        0.4904423579823461,
        0.2409376907772342,
        0.1710147855545038,
        0.2840915832472842,
        0.5079500341720962,
        0.4593346845127408,
        0.21835216964225468,
        0.1690032511888188,
        0.3258838945822318,
        0.5074750373643965,
        0.2620683981985637,
        -0.04,
        -0.04,
        -0.04,
        -0.04,
        -0.04,
        -0.04,
        -0.04,
        -0.04,
        -0.04,
        -0.04,
        -0.04,
        -0.04,
        -0.04,
        -0.04,
        -0.04,
        -0.04,
        -0.04,
        -0.04,
        -0.04,
        -0.04
    ],
    "SensorParameterSet": [
        0.6170728128402034,
        0.16399802791534554,
        0.03432213394701404,
        -0.6727888674696301,
        0.4011285346999458,
        0.4173658604983545,
        -0.05077284243429112,
        -0.17631328738025653,
        -0.05805540132731185,
        -0.09978946519478514,
        0.20812812482211818,
        -0.12177806658941988,
        -0.024581944519653585,
        0.6068879983968123,
        0.19464428238357318,
        0.1123856969971824,
        -0.20374127625799585,
        -0.41762998855151245,
        -0.3858984813717411,
        -0.5354533945850835,
        -0.32694197156823157,
        0.2044515218290612,
        0.17883622243209216,
        0.41096820928540134,
        -0.2436460690408754,
        -0.24529675408036805,
        -0.0824219108653722,
        -0.21102827206380878,
        0.22982655938597585,
        -0.2848242918815695,
        0.07031379037182184,
        0.27102150247700857,
        -0.21621783467781064,
        -0.14626234423711443,
        0.45196981601266756,
        -0.6367252475005553,
        0.3959154758423533,
        -0.33554423909477793,
        -0.3484774621226088,
        0.020423834253223156,
        0.6985514719057864,
        0.04517407724161127,
        0.701496407865897,
        -0.04122328383408613,
        0.21015436415501776,
        0.0587992839429843,
        -0.15495274700378384,
        -0.3097558889652207,
        0.3722337556983114,
        0.11482902235515292,
        0.03104613844915429,
        -0.4099650385090539,
        0.13186776479078952,
        0.12415487850775027,
        -0.004444258927379072,
        0.01892568175878025,
        -0.24390351473701194,
        -0.3586662061814609,
        0.25472422540813766,
        -0.06838947765247937
    ],
    "checked": "indirect",
    "iteration": 42,
    "noise_sensor_0": [
        0.01311061603247572,
        -0.0735873270288372,
        0.03702795451834647,
        -0.0775785468138808,
        0.05470735151977641,
        -0.03398320600715444,
        0.0003443726795387601,
        0.023136934158728653,
        0.030611450740988363,
        0.0953259523631415,
        -0.06027314907648206,
        0.007385683987560661,
        0.009154576018463681,
        -0.1314187055961701,
        -0.0007461757489997205,
        0.0021793515875860197,
        0.06815074599426092,
        -0.08335280126434745,
        0.02730477039982467,
        -0.038939965223314096,
        -0.10423661200686067,
        0.022256453631288756,
        0.011392570611756919,
        0.013290988702072792,
        0.09188025377161518,
        0.0059089326912070955,
        0.00041456549155230384,
        0.03284954586036941,
        -0.026443975119535747,
        -0.042188589555497064,
        -0.053488813865653274,
        -0.06382936518575685,
        0.008190182784095015,
        0.0212095672384378,
        -0.04462522456055394,
        -0.01920509829168641,
        0.010340002044818091,
        0.022431934167377002,
        0.021875286167114826,
        -0.06253009565470098,
        0.04620555420206817,
        0.05486566465178575,
        0.08571886564259609,
        0.04128485550239405,
        -0.02847467705137655,
        0.007578952991656958,
        -0.025959352590237694,
        0.0130981404481362,
        0.02251906662625515,
        -0.019831849518545552,
        -0.05558426545929695,
        0.035178630290440265,
        0.04198379152502479,
        -0.03543531184760917,
        0.06868641154713061,
        -0.011260293920177552,
        0.016204802189578198,
        0.038986678004023924,
        0.013086046654225617,
        0.10835258975766594
    ],
    "noise_sensor_1": [
        0.005179902081368059,
        -0.031755689430031875,
        0.004353156129505153,
        -0.07554133118660683,
        -0.06986201722741252,
        -0.0026937627674374015,
        -0.06641483998318946,
        0.05145856475841554,
        0.0200321844513115,
        0.013476512083814873,
        0.021161787450392693,
        -0.02321242051697861,
        0.05218480003805222,
        -0.05489094802206596,
        0.04427935007098158,
        0.049440459355805204,
        -0.012228870511806503,
        0.01374400620487892,
        -0.006215173456502949,
        -0.01213000265548106,
        0.013407551425488965,
        -0.027840992113793074,
        -0.05588462900718169,
        0.13671074773910077,
        -0.023518063843298385,
        0.02494831842264924,
        -0.01537220353766709,
        -0.019251374789605345,
        0.06917917303858641,
        -0.01731231958602832,
        0.0602193288857091,
        0.026729419562678595,
        0.01988820944480674,
        -0.06342505776288042,
        0.08123634809370968,
        -0.017792275685667665,
        -0.08353006334715536,
        -0.01396310066533586,
        -0.036756858069291624,
        0.017810475046688784,
        -0.006595146726139315,
        -0.03936125409350254,
        0.025618330384425507,
        -0.010460038439861333,
        -0.022941636722188397,
        -0.01142553111656776,
        -0.03372524253501127,
        -0.008967678909147332,
        -0.017898356045308077,
        -0.010595638347635905,
        -0.013311592982804205,
        -0.030477358011331713,
        0.025918977417169205,
        -0.06213721514188619,
        0.016298423240990737,
        -0.026871823534946472,
        0.03848017856278472,
        -0.08348097567160224,
        -0.014782868879012949,
        0.042418104463725126
    ],