{
    "ParameterSet": [
        0.0,
        0.0,
        0.0,
        0.0,
        0.0,
        0.0,
        0.0,
        0.0,
        0.0,
        0.0,
        0.0,
        0.0,
        0.0,
        0.0,
        0.0,
        0.0,
        0.0,
        0.0,
        0.0,
        0.0,
        0.5044372080402942,
        0.11179573179088269,
        0.22336131133168322,
        0.5238323908959595,
        0.4897837537401469,
        0.23336879209210276,
        0.156900132397411,
        0.2705401047539295,
        0.5045759819857375,
        0.4904423579823461,
        0.2409376907772342,
        0.1710147855545038,
        0.2840915832472842,
        0.5079500341720962,
        0.4593346845127408,
        0.21835216964225468,
        0.1690032511888188,
        0.3258838945822318,
        0.5074750373643965,
        0.2620683981985637,
        -0.04,
        -0.04,
        -0.04,
        -0.04,
        -0.04,
        -0.04,
        -0.04,
        -0.04,
        -0.04,
        -0.04,
        -0.04,
        -0.04,
        -0.04,
        -0.04,
        -0.04,
        -0.04,
        -0.04,
        -0.04,
        -0.04,
        -0.04
    ],
    "SensorParameterSet": [
        0.4580512676505815,
        0.11755998889212478,
        -0.32310412499746566,
        -0.4251355272120297,
        -0.11063531017413569,
        0.48115795007153306,
        -0.0012962798374244083,
        -0.20692054737202845,
        -0.35558327401665996,
        0.038118217117819216,
        0.5517461095187628,
        -0.23285565286407667,
        0.05916281952756135,
        0.4826109759354364,
        0.2276110428075539,
        0.4679243987135141,
        -0.5213750517198351,
        -0.4170934794368764,
        0.03416739186312618,
        -0.7968959503513641,
        -0.34901207253629696,
        0.05583796452376131,
        -0.03744107361817476,
        0.5767510875139017,
        -0.10815136305841817,
        -0.07027299977695357,
        -0.016465740436770925,
        0.013895308949825958,
        -0.10944659496690094,
        -0.37658085165878746,
        0.2181215527966527,
        -0.038974534428969636,
        -0.0032618326903382545,
        -0.13028341547172645,
        0.5689281502854185,
        -0.5463781520007527,
        0.2506755176004677,
        -0.42725841876029613,
        -0.3094797635664656,
        0.11810257254079537,
        0.6134601226252894,
        -0.0406617428848332,
        0.9009673244151355,
        -0.003269458727813875,
        0.17598996062067002,
        -0.13158751640578564,
        -0.3008461108882684,
        -0.06131370494004719,
        0.42842134920862573,
        0.20817104321363328,
        0.21357504477606298,
        -0.2342151206355788,
        -0.1727500132163733,
        0.2351698903546099,
        -0.22470100786079897,
        0.202743073465274,
        -0.13530549959131952,
        -0.16221348301888125,
        0.06308297876634994,
        0.15997323695137844
    ],
    "checked": "indirect",
    "iteration": 78,
    "noise_sensor_0": [
        0.06975235924195218,
        0.03606768460693863,
        0.03001367085233836,
        0.0316657658653547,
        -0.036889803872315066,
        0.05081837718674248,
        0.03414448438230514,
        0.0478494525302567,
        -0.03462440022861284,
        0.005688653707617588,
        0.06292545824874385,
        -0.021605679828941203,
        0.062369152325923466,
        -0.005949307224367399,
        -0.008908909233050438,
        -0.021827009457286956,
        0.05500247027664481,
        -0.024011525979779756,
        0.06030156504327201,
        -0.014981422517098063,
        0.06492299994476945,
        0.04742908415973435,
        -0.006489823502381385,
        0.01647904510476081,
        0.02236667311660957,
        -0.001502576023239507,
        -0.00937984651997267,
        -0.007529668835111655,
        -0.04495916995557036,
        -0.08861127527019626,
        0.02197553919317188,
        -0.01852229432579591,
        0.002911148397792464,
        0.02692099577209013,
        0.03547857188482088,
        -0.02398211853982764,
        0.016770471949676808,
        0.04164131885443577,
        -0.014213141445960068,
        0.04307022335183528,
        0.06348059912164833,
        -0.011579427860942541,
        -0.0669264809001901,
        0.039899291256909386,
        -0.007892334503362092,
        -0.054216848433510115,
        -0.037714097303343616,
        0.02581869437935624,
        0.004676282786021727,
        0.03634897401924713,
        -0.027190365540364338,
        0.030014459476148357,
        -0.014492247154402952,
        -0.05733232323923905,
        -0.00921196232542433,
        0.010579127036327213,
        0.07186580050986269,
        0.05495129111462287,
        0.006942878586744919,
        0.048825082533029064
    ],
    "noise_sensor_1": [
        0.05018868091960388,
        -0.009596112948762395,
        0.0029205170882581725,
        -0.03208656303642411,
        0.07797561257220943,
        -0.027811365411075015,
        0.00264360022175758,
        -0.02349992030956759,
        0.03962487843803401,
        -0.016862897770920638,
        -0.0201636136691448,
        -0.00042099540641408654,
        -0.02304221083271817,
        -0.01669557892933193,
        0.0006721130483605615,
        -0.02726979102607374,
        -0.07843356891429026,
        -0.001625835129591316,
        -0.06275914064988133,
        -0.03589924688957273,
        -0.03496552484430984,
        0.06750502441163914,
        -0.030819323382759434,
        0.048659746138850504,
        0.04062648834394348,
        0.07617460497474231,
        -0.03917402063624106,
        0.009143963677070958,
        -0.021075749617770402,
        -0.0416412730288091,
        -0.03903691656955472,
        0.003467573322308182,
        0.015074023519591374,
        -0.0160782324589897,
        0.007432811862430744,
        0.03179960697595712,
        0.014514435143057327,
        -0.047303000198749716,
        -0.004606683389753664,
        -0.05041712695768115,
        0.028810240094206376,
        0.0034683545810889962,
        0.033345875131483134,
        0.04753598457481412,
        0.13712589217189633,
        -0.017730140027792985,
        0.043505301280752105,
        0.03185174608307127,
        -0.0039605181298146734,
        -0.06896434724932163,
        0.06766054208749082,
        0.041925319539458064,
        -0.010020172134492225,
        0.01766266422827831,
        -0.04229105088585227,
        0.036364245025001074,
        0.003760707602529005,
        0.008669132052335583,
        0.04933062335400236,
        0.02724964785825197
    ],