{
    "ParameterSet": [
        0.0,
        0.0,
        0.0,
        0.0,
        0.0,
        0.0,
        0.0,
        0.0,
        0.0,
        0.0,
        0.0,
        0.0,
        0.0,
        0.0,
        0.0,
        0.0,
        0.0,
        0.0,
        0.0,
        0.0,
        0.5044372080402942,
        0.11179573179088269,
        0.22336131133168322,
        0.5238323908959595,
        0.4897837537401469,
        0.23336879209210276,
        0.156900132397411,
        0.2705401047539295,
        0.5045759819857375,
        0.4904423579823461,
        0.2409376907772342,
        0.1710147855545038,
        0.2840915832472842,
        0.5079500341720962,
        0.4593346845127408,
        0.21835216964225468,
        0.1690032511888188,
        0.3258838945822318,
        0.5074750373643965,
        0.2620683981985637,
        -0.04,
        -0.04,
        -0.04,
        -0.04,
        -0.04,
        -0.04,
        -0.04,
        -0.04,
        -0.04,
        -0.04,
        -0.04,
        -0.04,
        -0.04,
        -0.04,
        -0.04,
        -0.04,
        -0.04,
        -0.04,
        -0.04,
        -0.04
    ],
    "SensorParameterSet": [
        0.17477871659396826,
        0.06834836608096671,
        0.0033583922414735213,
        -0.15635113140433116,
        0.039290163781568556,
        0.2577011544161902,
        -0.016359847502352455,
        0.012436660834155143,
        0.05136955625604423,
        -0.14083487502491274,
        0.17035355479989056,
        0.035697640199341484,
        -0.04172294372697155,
        0.16520748323270143,
        -0.09673138444897666,
        -0.11885051078195046,
        0.002873741361157076,
        -0.02186889725295079,
        -0.04155093822803987,
        -0.06322257789499591,
        -0.2329724252397934,
        0.06723735184787687,
        0.07181906326111398,
        0.14539338447930575,
        0.1146673595833996,
        -0.09786910447667105,
        -0.08252769716542789,
        -0.1862082854700764,
        0.07726189601711543,
        0.09355424781839887,
        0.06937343364745369,
        -0.014814506449423117,
        -0.11372716795479029,
        -0.03900180267273705,
        -0.04386946122631445,
        0.08603831791661874,
        0.16741819178452277,
        -0.03587015866877219,
        -0.31657866035641846,
        0.009751988373752223,
        -0.0457251285201642,
        -0.22918037520929027,
        0.22767856389503296,
        0.1285526167024782,
        0.12627427660549034,
        -0.13732767757088096,
        0.13664301508919638,
        -0.15902162853548918,
        0.03160522309786088,
        -0.03371818533980253,
        -0.033925772486987436,
        -0.16541156399961157,
        0.19287771123747585,
        -0.10172617793544148,
        -0.07192961293123316,
        0.067445785072445,
        -0.141555448356575,
        -0.12742972808421554,
        0.05967973359135137,
        -0.08724226305835828
    ],
    "checked": "indirect",
    "iteration": 6,
    "noise_sensor_0": [
        -0.1424440492921689,
        -0.040927934107233076,
        0.024621717939797835,
        -0.002073930463553283,
        -0.07646089543991044,
        -0.033907204921862236,
        -0.05336576161753118,
        0.05343242744886153,
        0.007846513372407226,
        -0.06670691492339564,
        -0.06909859252269213,
        0.028658431177267737,
        -0.00967960129933412,
        0.06627863228639527,
        0.030113111970700896,
        -0.061287321214992314,
        0.0760771316867005,
        -0.08368882401730225,
        0.0022561204509669976,
        0.013911671309173366,
        0.07180343294872961,
        0.04831608451507968,
        -0.021427349862754574,
        0.0212612471612708,
        -0.019262287892143348,
        -0.036994863365795334,
        -0.0021041756018809984,
        -0.04451140653589493,
        -0.005646392904328437,
        0.09988914915029934,
        -0.018798934416233,
        -0.001361598712679693,
        0.00023916448397970868,
        0.0025722008534794726,
        0.03439808164676992,
        -0.08910875172997905,
        0.027291184218432022,
        0.022067875496703436,
        -0.0805488570331196,
        0.0449569302316019,
        -0.06374805187100299,
        0.0450173816667631,
        -0.023289831316252136,
        -0.01610462566443496,
        -0.06293782815754614,
        0.1511810647140931,
        -0.07859375083700706,
        -0.007573590413011061,
        -0.0625184994705889,
        -0.03301965844892618,
        0.07562516807988971,
        -0.012452233264184768,
        -0.04121822309097533,
        0.06692585097030575,
        -0.05366009408521382,
        0.018335951628383848,
        0.10348644757497522,
        -0.12464317342863196,
        0.016614625213664445,
        0.05528345576067363
    ],
    "noise_sensor_1": [
        0.02577878303204451,
        0.018703023960875892,
        0.0755426174743392,
        0.03116206704470629,
        -0.0014359960443900866,
        0.006530037820089902,
        0.15027922816576772,
        -0.04523749789776187,
        0.042912874340277615,
        -0.04142112594486397,
        -0.05959780854340374,
        -0.02770315014553276,
        -0.07948979654217306,
        -0.013364327416851571,
        -0.048842926494682505,
        -0.10073505787056079,
        0.06526937790245292,
        -0.04242464130188994,
        -0.04835426581211136,
        0.05312389057826524,
        -0.01295915553163671,
        -0.07801931045845562,
        0.027500310540314175,
        -0.03889343379800662,
        -0.020516524974213527,
        0.09033350523432436,
        -0.06712281285132116,
        -0.056670272773457084,
        0.02817596466381182,
        0.045895371495650976,
        0.04585959272451525,
        -0.0016827082431422095,
        0.038558952680077384,
        -0.07400369382294701,
        -0.049419282052069524,
        0.060725499007537695,
        -0.03627105937888814,
        -0.15727764091297936,
        -0.010449796430567605,
        0.023687199537498545,
        0.08572095155565254,
        -0.07020061716788305,
        0.04378233213725739,
        -0.03454109563894716,
        0.0642557928355274,
        -0.07788747822647332,
        -0.02061456996372459,
        -0.030359349609095213,
        -0.04281413423669472,
        -0.0533239049019216,
        -0.08488390310914626,
        -0.012761626402004986,
        -0.05747819216433316,
        -0.04660335659733819,
        0.08831456491305978,
        0.0537172779784273,
        0.06143540486659764,
        0.03826291311298488,
        0.050970343484838684,
        0.016475713552112976
    ],