{
    "ParameterSet": [
        0.0,
        0.0,
        0.0,
        0.0,
        0.0,
        0.0,
        0.0,
        0.0,
        0.0,
        0.0,
        0.0,
        0.0,
        0.0,
        0.0,
        0.0,
        0.0,
        0.0,
        0.0,
        0.0,
        0.0,
        0.5044372080402942,
        0.11179573179088269,
        0.22336131133168322,
        0.5238323908959595,
        0.4897837537401469,
        0.23336879209210276,
        0.156900132397411,
        0.2705401047539295,
        0.5045759819857375,
        0.4904423579823461,
        0.2409376907772342,
        0.1710147855545038,
        0.2840915832472842,
        0.5079500341720962,
        0.4593346845127408,
        0.21835216964225468,
        0.1690032511888188,
        0.3258838945822318,
        0.5074750373643965,
        0.2620683981985637,
        -0.04,
        -0.04,
        -0.04,
        -0.04,
        -0.04,
        -0.04,
        -0.04,
        -0.04,
        -0.04,
        -0.04,
        -0.04,
        -0.04,
        -0.04,
        -0.04,
        -0.04,
        -0.04,
        -0.04,
        -0.04,
        -0.04,
        -0.04
    ],
    "SensorParameterSet": [
        0.19024277055393798,
        0.0866478296477582,
        -0.254718797493966,
        -0.5558425125068241,
        -0.06250834957034979,
        0.5899583513204314,
        0.1623700398916533,
        -0.08850632370907131,
        -0.3161770995672431,
        0.08320446118515197,
        0.3010737729717002,
        -0.1320467789993995,
        -0.06003875808600985,
        0.4576154781103693,
        0.3213218499941761,
        0.3740288675082674,
        -0.3292723857311959,
        -0.6398220215109824,
        -0.1665108087173104,
        -0.9589030929674093,
        -0.36490939369930603,
        0.03461862206756356,
        0.060774228840038066,
        0.5124715624675296,
        -0.010156537199731452,
        -0.20420928870072763,
        0.12621373807391004,
        0.041963527751054136,
        -0.20600104035120256,
        -0.5680913755958286,
        0.05186384893092089,
        0.04115892852136793,
        0.02541587350366468,
        0.010707940622547278,
        0.5434225747862242,
        -0.6377760379658626,
        0.2722241514323374,
        -0.49216244544541315,
        -0.28339027487478563,
        0.12509186516495524,
        0.5288859950888672,
        0.11972552503154604,
        0.9922949668900019,
        0.07184220022015801,
        0.054040737537502874,
        -0.074780040821241,
        -0.2700183174212717,
        -0.07412076350839442,
        0.23336833970605816,
        0.09878690292855626,
        0.4789770681805636,
        -0.09750755861766425,
        -0.27344780706360955,
        0.3835887641684481,
        -0.40428282385370257,
        0.07928718553443803,
        -0.5318194145404271,
        0.0517198388190833,
        -0.003129414949110677,
        0.1933513072723731
    ],
    "checked": "indirect",
    "iteration": 96,
    "noise_sensor_0": [
        -0.0017253219397324105,
        0.009839444659539873,
        -0.026857312388273713,
        -0.0392640817041971,
        -0.052293210486342445,
        -0.04092780254148736,
        0.0044763738639908195,
        0.08263218409603466,
        0.017282781134851433,
        0.0029082125649876524,
        0.05455764607845169,
        -0.017494260704852566,
        0.07246618235987604,
        0.06016747951955031,
        -0.00284693405153793,
        0.036610070896535646,
        -0.048367524046720865,
        -0.0486701048006302,
        0.0420677076060164,
        -0.0098115974125174,
        -0.06545481248719351,
        0.0040383646951756644,
        0.04291841532616822,
        0.014465184217157666,
        0.05268377392291874,
        0.0018267931185617602,
        -0.02087585344276393,
        0.0007107255381708727,
        0.00047590885775740513,
        -0.03564529099197675,
        0.001232853848807674,
        -0.04444994283157101,
        0.012467020815132098,
        0.06654305689936937,
        -0.02670082197000397,
        -0.06417041642080888,
        -0.005730802692844918,
        -0.02117939226480786,
        0.020451877845789255,
        -0.006777232940903663,
        0.06018226702146018,
        -0.03750024407163075,
        0.0063587238082546856,
        -0.013424899636447277,
        -0.05453580501153296,
        -0.010827660939988866,
        0.020440944678255323,
        0.029399514594464125,
        -0.01902650399172644,
        -0.0026367973268687536,
        -0.006308501503929052,
        -0.03339509962284213,
        -0.0760520876690114,
        0.0612955655527504,
        -0.00969117368617056,
        0.0488475800944117,
        0.010068439869803535,
        0.05599151398584074,
        -0.01827859653317994,
        -0.03762680653538121
    ],
    "noise_sensor_1": [
        -0.03536779425704295,
        0.01191027061037427,
        0.06757111339685166,
        -0.014944322786165153,
        0.04832143290748029,
        -0.01941820864763447,
        -0.01131470167303142,
        -0.053148619268405625,
        0.03034568639899643,
        -0.040576693318068215,
        0.0016658203454704907,
        0.006558886843156532,
        -0.004146634697274843,
        -0.04743504619306071,
        -0.05333533675650962,
        0.002090817424396804,
        0.050973675658522205,
        0.014806956144197999,
        -0.010791192672580996,
        0.004727556979530454,
        -0.025294425504906605,
        -0.05987881834130693,
        0.05606391444014494,
        0.06125534338414222,
        -0.0524928632652578,
        -0.033777021439992595,
        0.03240397808781824,
        0.02013154560223832,
        0.003940133670348979,
        -0.028188377205417198,
        -0.006862854375865544,
        0.022132529595954385,
        0.03553508884227893,
        0.03213831074414975,
        0.007045807421292312,
        0.0228967033745172,
        -0.01992633466040232,
        0.039707230165922654,
        0.045946216729981934,
        -0.006120332610758769,
        0.013010786876942446,
        0.00857368556865423,
        0.010605113702746197,
        0.024220164777898765,
        0.030066312062597245,
        0.004586266613153547,
        0.0074679331273545466,
        -0.026475399345273813,
        -0.0042824685723782925,
        -0.054573488228953214,
        0.012630449585875463,
        -0.05691026235265108,
        -0.0022754344419852954,
        0.05268570723982676,
        0.007107244558170545,
        0.021082816585076415,
        -0.010674172597606552,
        0.07656605069718131,
        0.04366911087956781,
        0.0896417899204779
    ],