{
    "ParameterSet": [
        0.0,
        0.0,
        0.0,
        0.0,
        0.0,
        0.0,
        0.0,
        0.0,
        0.0,
        0.0,
        0.0,
        0.0,
        0.0,
        0.0,
        0.0,
        0.0,
        0.0,
        0.0,
        0.0,
        0.0,
        0.5044372080402942,
        0.11179573179088269,
        0.22336131133168322,
        0.5238323908959595,
        0.4897837537401469,
        0.23336879209210276,
        0.156900132397411,
        0.2705401047539295,
        0.5045759819857375,
        0.4904423579823461,
        0.2409376907772342,
        0.1710147855545038,
        0.2840915832472842,
        0.5079500341720962,
        0.4593346845127408,
        0.21835216964225468,
        0.1690032511888188,
        0.3258838945822318,
        0.5074750373643965,
        0.2620683981985637,
        -0.04,
        -0.04,
        -0.04,
        -0.04,
        -0.04,
        -0.04,
        -0.04,
        -0.04,
        -0.04,
        -0.04,
        -0.04,
        -0.04,
        -0.04,
        -0.04,
        -0.04,
        -0.04,
        -0.04,
        -0.04,
        -0.04,
        -0.04
    ],
    "SensorParameterSet": [
        0.6053945086828783,
        0.3759093057584763,
        -0.10763262345025248,
        -0.4892946998219785,
        -0.06129098272946851,
        0.4706743666424913,
        0.08296186142277223,
        -0.20297226686125677,
        -0.1931738947017023,
        -0.01882552033520083,
        0.2750491042001863,
        -0.2720634621180648,
        0.01781194145799481,
        0.4974222245081872,
        0.18745336789806996,
        0.4648845476583587,
        -0.3090171292842134,
        -0.48852372419846435,
        -0.02767882920081837,
        -0.598621174576073,
        -0.30816291521893385,
        0.024907302010998254,
        -0.08578399520015247,
        0.536836756200031,
        -0.16126009805232544,
        -0.020297334246337326,
        -0.13900573660156332,
        -0.2643893687442485,
        0.016227982827240105,
        -0.3645985519946881,
        0.28904585844080327,
        0.02406297634248539,
        -0.21111917744620723,
        -0.020458545218751616,
        0.4052518022401781,
        -0.43598767663593496,
        0.2986471381096369,
        -0.532351140140416,
        -0.187893843735087,
        0.04017988807521494,
        0.6412521797884131,
        -0.028891796112369462,
        0.9579426848708611,
        -0.011891304302274431,
        0.18620723336746495,
        -0.06228570344125385,
        -0.25394731399621406,
        -0.060546242317105335,
        0.5117261554630437,
        0.21892078680536514,
        0.19162254165011877,
        -0.43713942892184393,
        -0.13038116507178646,
        0.17446980221553243,
        -0.2362298123608483,
        0.06830390327203685,
        -0.11644658874356636,
        -0.06417778627481883,
        0.13461921445768898,
        0.0706878942367232
    ],
    "checked": "indirect",
    "iteration": 67,
    "noise_sensor_0": [
        -0.013895330781025051,
        -0.03236264223795965,
        0.043230724792085194,
        -0.04658055305685797,
        0.00965075404729348,
        0.02221663195011348,
        0.0020596707660092434,
        -0.06025248206774371,
        0.023075866785705144,
        -0.03797322624278397,
        0.011504891214598063,
        -0.0742156811615752,
        -0.0508737517395699,
        0.056829960863832664,
        0.053296153229340906,
        0.002261775044683316,
        0.04029548187994226,
        0.04376287659935158,
        0.0035104679378907726,
        0.04227505886519374,
        0.001472566247055412,
        -0.023319636212069082,
        0.019229632887742827,
        0.07512678079635562,
        -0.02084652167161311,
        -0.018304213575703557,
        0.04563570559776784,
        -0.028071492294011954,
        -0.06713881011416638,
        -0.0032027016332816342,
        0.0021800168868829073,
        -0.004037150288683259,
        -0.018372039525645954,
        -0.01050053838567959,
        0.05307531079924593,
        0.03458074331870196,
        0.021299410732178597,
        -0.013817403064247162,
        0.06602144963116877,
        -0.002851107148733296,
        -0.021488424127609606,
        0.025467615493230938,
        0.0063218684347895555,
        -0.04836789646422861,
        0.007310706402376493,
        0.06865713388052115,
        0.024518239502927634,
        -0.028150559691962316,
        -0.057661134060479645,
        0.013576306709952995,
        0.050562500155087696,
        -0.013721306986550889,
        -0.06239857007129014,
        0.04713016858692145,
        -0.009161973351108259,
        0.060748365892568025,
        0.057890983088782676,
        0.01750468562125483,
        -0.08411321716579534,
        0.020423579962616328
    ],
    "noise_sensor_1": [
        0.05240798658128619,
        -0.06451308921993983,
        -0.0025595988252962846,
        -0.04510691201760795,
        -0.03162536309923234,
        0.036916668872551406,
        0.006377180522320571,
        -0.10251962707459333,
        0.020274959289702136,
        0.007319350604230453,
        -0.0334643242871485,
        -0.05908934909598631,
        -0.08062993173638185,
        -0.07798879245469058,
        -0.010231059243048641,
        0.07770253536638728,
        -0.07772274460173514,
        -0.01741037105568152,
        0.012709927382983984,
        0.040094963329775364,
        -0.026189064964315556,
        -0.01259758535703588,
        -0.005628934246760793,
        -0.05522796856259508,
        -0.0780100315147314,
        0.06638758351425733,
        -0.07954250052658327,
        -0.06843644289913235,
        -0.02690708121928009,
        -0.012806071433293207,
        -0.036885943628964184,
        0.10287053858315777,
        0.027344606533631344,
        0.01904969986898447,
        0.0775679622392535,
        -0.012585418167160276,
        0.012569385427969584,
        -0.03145937396157882,
        0.025302792565710726,
        -0.02161325615891019,
        -0.06451008303079321,
        0.022230244125741507,
        0.0186987730745132,
        -0.009158471537953072,
        0.027737962123123072,
        0.0711800390001174,
        0.009816108931465176,
        -0.0345793822944691,
        0.031112480200398588,
        0.02187426454916436,
        0.0544134151474891,
        0.06506511299597649,
        -0.08050167423147911,
        -0.026863943172655592,
        -0.004266972311559931,
        -0.022271062273893368,
        -0.03343035840526551,
        0.02897047265630938,
        -0.02016801924842526,
        0.05082076731954213
    ],