{
    "ParameterSet": [
        0.0,
        0.0,
        0.0,
        0.0,
        0.0,
        0.0,
        0.0,
        0.0,
        0.0,
        0.0,
        0.0,
        0.0,
        0.0,
        0.0,
        0.0,
        0.0,
        0.0,
        0.0,
        0.0,
        0.0,
        0.5044372080402942,
        0.11179573179088269,
        0.22336131133168322,
        0.5238323908959595,
        0.4897837537401469,
        0.23336879209210276,
        0.156900132397411,
        0.2705401047539295,
        0.5045759819857375,
        0.4904423579823461,
        0.2409376907772342,
        0.1710147855545038,
        0.2840915832472842,
        0.5079500341720962,
        0.4593346845127408,
        0.21835216964225468,
        0.1690032511888188,
        0.3258838945822318,
        0.5074750373643965,
        0.2620683981985637,
        -0.04,
        -0.04,
        -0.04,
        -0.04,
        -0.04,
        -0.04,
        -0.04,
        -0.04,
        -0.04,
        -0.04,
        -0.04,
        -0.04,
        -0.04,
        -0.04,
        -0.04,
        -0.04,
        -0.04,
        -0.04,
        -0.04,
        -0.04
    ],
    "SensorParameterSet": [
        0.15833664604037404,
        0.14125151950582818,
        0.11027437060466902,
        -0.22058923114974516,
        0.2043639844600389,
        0.27321082087302984,
        -0.0031572779381714646,
        -0.09992441837538803,
        -0.03073873035546908,
        0.029206277164842226,
        0.24316147335530724,
        -0.09517764704323027,
        -0.09044039284602631,
        0.18927677593998557,
        -0.15008362308878764,
        0.06793748826768231,
        0.0071092535554914795,
        0.0862514663153209,
        -0.051723094725609535,
        -0.15638491269197086,
        -0.46283757275926696,
        0.32375682620702445,
        0.020755877106345126,
        0.2529640987423798,
        -0.3265329467649872,
        -0.11083368102173308,
        0.038110290807317475,
        -0.23062903628424347,
        0.24193187935218308,
        -0.14713611820882413,
        0.05354127013183383,
        0.2405060723994823,
        -0.21106067843937643,
        -0.18080984111690065,
        0.2192397633150082,
        -0.2988353227810195,
        0.19710884335076834,
        -0.21442042983503803,
        -0.4210713986184504,
        -0.04293498592619467,
        0.26030548829816097,
        -0.02532718008911187,
        0.48687200196863034,
        -0.21402918691015793,
        0.2583471578897269,
        -0.08911381400881793,
        0.09225045862709953,
        -0.16040594361719113,
        0.03547333600858107,
        0.07627816777024224,
        0.03400913496965022,
        -0.43238306661912856,
        0.24640411060181175,
        -0.03090966240083176,
        -0.12776092291708602,
        -0.027752127098716214,
        -0.289167822471636,
        -0.31324192991965566,
        0.25650273802400875,
        -0.04916140291255704
    ],
    "checked": "indirect",
    "iteration": 19,
    "noise_sensor_0": [
        0.07629157951227501,
        -0.035819109016903626,
        0.03441742499426541,
        -0.006101915670390479,
        -0.015343390447942026,
        -0.049383266247046635,
        -0.034395585490990865,
        0.03556076366405217,
        -0.06848774873078085,
        -0.04967679465862474,
        -0.10502455914182306,
        0.06622880501433152,
        0.02893800756946959,
        0.00430526312803178,
        -0.03399886413335026,
        0.08920356924072374,
        -0.07292432070120196,
        -0.07800304244019374,
        0.10431152757442026,
        -0.06106661756578871,
        0.11104364282091503,
        -0.09250295942566092,
        0.10901665189696737,
        -0.09576914391456068,
        0.014196296482014181,
        0.08140121729562805,
        -0.025836835006948392,
        -0.030699780281462488,
        -0.051943834876238694,
        0.0487238310417336,
        -0.014198967355177557,
        0.01787326377832501,
        -0.05585947394172136,
        0.02558320679797138,
        0.0472251234607365,
        -0.07473955847579064,
        0.014427149473751028,
        0.037481012896241575,
        0.014258670844470333,
        -0.12984111689531602,
        0.002496264077365055,
        -0.012144702082026847,
        -0.01716885141529354,
        0.026004719745927385,
        0.05326020302923945,
        0.060830729626495,
        0.02048269467148915,
        -0.009570361966423654,
        0.0011650680052990247,
        0.05754000315233849,
        0.08067220951362843,
        -0.019041378514609252,
        -0.04685487764496723,
        -0.05416587037047898,
        -0.08354179952194643,
        0.05505287412553097,
        0.04782534850402104,
        -0.10820755391922932,
        -0.07220466780178708,
        0.09632341048815261
    ],
    "noise_sensor_1": [
        0.029183083609685502,
        0.11399030227387533,
        0.06099843294646051,
        0.015485665684162422,
        0.04061124449747858,
        -0.024514296244375844,
        -0.03327797218437922,
        0.028444273180840227,
        0.053512853196570634,
        0.00988278531270374,
        0.040634526861648264,
        0.03217909473145767,
        0.0236432624932776,
        -0.09057852428841216,
        0.0316110724047099,
        -0.0581495623858672,
        0.02968932313590321,
        -0.02286382280177075,
        -0.01734306247326969,
        -0.10730689596928004,
        0.0879406810960626,
        -0.05484738313579357,
        -0.035562051892256856,
        0.015261562813602716,
        -0.017502200467223845,
        0.008245206854392556,
        0.007926239836950618,
        0.045151220927770734,
        0.02629672728957948,
        -0.040990653224564855,
        0.007838690469135599,
        -0.06024778555736192,
        -0.009936733749306176,
        0.01545332400843161,
        0.05310247517859035,
        -0.026372807700860403,
        0.010487308050374091,
        -0.05793200849021612,
        -0.01016718308776982,
        0.01864956406708538,
        0.020478117976366846,
        -0.06357968139365003,
        0.08601976872538176,
        0.0937984994415334,
        -0.11541034157957986,
        -0.04071705833698638,
        -0.039606542110722745,
        0.051439567331850955,
        0.05192094061693621,
        -0.06589377504146889,
        -0.0922015816567197,
        -0.04359631610784163,
        -0.027340182299924964,
        0.0796684948472621,
        -0.08971568194065203,
        0.024023696119129,
        0.020488049017153686,
        -0.04101762009045496,
        -0.05980117885464455,
        -0.046916342599492185
    ],