{
    "ParameterSet": [
        0.0,
        0.0,
        0.0,
        0.0,
        0.0,
        0.0,
        0.0,
        0.0,
        0.0,
        0.0,
        0.0,
        0.0,
        0.0,
        0.0,
        0.0,
        0.0,
        0.0,
        0.0,
        0.0,
        0.0,
        0.5044372080402942,
        0.11179573179088269,
        0.22336131133168322,
        0.5238323908959595,
        0.4897837537401469,
        0.23336879209210276,
        0.156900132397411,
        0.2705401047539295,
        0.5045759819857375,
        0.4904423579823461,
        0.2409376907772342,
        0.1710147855545038,
        0.2840915832472842,
        0.5079500341720962,
        0.4593346845127408,
        0.21835216964225468,
        0.1690032511888188,
        0.3258838945822318,
        0.5074750373643965,
        0.2620683981985637,
        -0.04,
        -0.04,
        -0.04,
        -0.04,
        -0.04,
        -0.04,
        -0.04,
        -0.04,
        -0.04,
        -0.04,
        -0.04,
        -0.04,
        -0.04,
        -0.04,
        -0.04,
        -0.04,
        -0.04,
        -0.04,
        -0.04,
        -0.04
    ],
    "SensorParameterSet": [
        -0.0453760482727069,
        -0.053472205062751035,
        0.12645374610329116,
        -0.44504640703804726,
        -0.2741907662281727,
        -0.5408810471141839,
        0.0571921159289113,
        0.4447081286430074,
        0.02624393018557642,
        -0.4536227479327631,
        0.05094177354819247,
        -0.0029688176515835552,
        0.2942839886324776,
        -0.3661382505899931,
        -0.4134573141114309,
        0.027666349904447135,
        0.033945944674448766,
        0.44972376880703485,
        0.3616045174940393,
        0.220896530009941,
        0.18332920657511123,
        0.15575193159402448,
        -0.09658434109916404,
        0.1487560354244321,
        -0.5683242640188165,
        0.20927398646132392,
        0.2134389280536231,
        0.18408159066753577,
        0.08449606521572788,
        -0.5180974303958741,
        0.2973071275264434,
        -0.3160330785426127,
        0.3187314886667215,
        -0.19615008570188816,
        -0.05783787808563813,
        0.19155682377434027,
        -0.2624687001811956,
        0.3266270120650453,
        -0.3541931879552273,
        -0.22264226024809086,
        -0.18424716384016748,
        0.44820823412161476,
        0.1545474654335502,
        -0.16474889778382365,
        0.46672699464503403,
        0.5939636972842933,
        -0.15621114323273222,
        0.1346867990949917,
        0.42734275224095425,
        -0.18333986677920666,
        0.29689638018289155,
        0.10647787524449223,
        0.21174876788144037,
        0.08903469800231123,
        0.19970912714860023,
        -0.20811063178641115,
        0.033840749291175594,
        -0.12868511565524698,
        0.3560652440011604,
        0.4249526331946757
    ],
    "checked": "indirect",
    "iteration": 48,
    "noise_sensor_0": [
        0.04536999778733789,
        -0.07856705100196214,
        0.021530617802967885,
        -0.03479011434687269,
        -0.06111989435481081,
        0.06840790711130507,
        0.013686793978602197,
        -0.007409925478546284,
        -0.0571946216127099,
        -0.003376101277710157,
        0.10212583867999861,
        0.024113845454368253,
        0.01586592715978286,
        -0.03743119483744141,
        0.029509595534360677,
        0.0390017460471688,
        0.009118339038557792,
        0.09109825564545107,
        -0.002165630483133679,
        -0.03761621602404086,
        0.01362524662405576,
        0.02135965822501196,
        -0.010894222001503919,
        0.05314096607166978,
        -0.00929020736550543,
        -0.01709479879286553,
        0.008378896418122466,
        -0.01609322767357807,
        0.03745509074625874,
        -0.05326321354302954,
        0.0017431578676015528,
        0.034166664711905964,
        -0.030274027705625473,
        -0.0022345347892721423,
        -0.00454808516073763,
        0.07616323180711738,
        0.08222832306152134,
        -0.12007449640851194,
        0.03328064625962926,
        -0.0452855166634148,
        0.06304982540179617,
        -0.09164426413635539,
        -0.02496478579967945,
        -0.0218626025812824,
        0.045361241830252315,
        0.0025163456520583246,
        0.028358806649454362,
        -0.020460688076223674,
        -0.06941185650578997,
        0.07501472735523512,
        -0.0168804598572166,
        -0.1287645287321613,
        0.07039026525849391,
        -0.032499903322775615,
        -0.0029298299627067157,
        -0.036778557519410754,
        0.018140707653550164,
        0.026983621132188516,
        -0.035167877581791906,
        -0.06228391308992293
    ],
    "noise_sensor_1": [
        0.007261993507905472,
        -0.05491312830806988,
        -0.00620455632180033,
        -0.018524214287876508,
        -0.011310191069211542,
        -0.04987320563937284,
        -0.006239483746197663,
        -0.005403405757649875,
        -0.05027097793506214,
        0.0012937557037521956,
        0.028310458950396602,
        -0.003945057485005019,
        -0.0301691705169293,
        -0.14047708063205747,
        -0.05393960152940581,
        0.014366126291460885,
        -0.03905186953292509,
        -0.0242100949359699,
        -0.05079819018374493,
        -0.04570392146001108,
        0.07448854469354628,
        0.06575308655942148,
        0.014844835820516562,
        0.0784329477533972,
        0.011761498843092254,
        -0.029349034824263244,
        -0.02919307033946007,
        -0.039989916464491244,
        0.00705312764160101,
        0.020928464233022314,
        -0.02317094529243289,
        -0.035292596046469824,
        -0.023827791483614576,
        0.02498662930039654,
        0.16080613790198,
        -0.009869385180350495,
        -0.004623601651652435,
        -0.054102018701326346,
        -0.038160896323943615,
        -0.03921048202586731,
        -0.010139903017194682,
        0.051008347322951744,
        0.031031925738722488,
        0.023740021443116224,
        -0.005161086755321143,
        0.059188469448296546,
        -0.030028862909078444,
        0.03857712679367219,
        -0.07838907117827519,
        -0.03970176359003882,
        -0.017559006529879146,
        -0.07847325648124273,
        -0.02217729934589055,
        0.00034360401696592764,
        -0.009144464787874352,
        -0.018576502803468214,
        -0.03437339906824493,
        0.05530812021339315,
        -0.015667291975211464,
        0.007139371424468717
    ],