{
    "ParameterSet": [
        0.0,
        0.0,
        0.0,
        0.0,
        0.0,
        0.0,
        0.0,
        0.0,
        0.0,
        0.0,
        0.0,
        0.0,
        0.0,
        0.0,
        0.0,
        0.0,
        0.0,
        0.0,
        0.0,
        0.0,
        0.5044372080402942,
        0.11179573179088269,
        0.22336131133168322,
        0.5238323908959595,
        0.4897837537401469,
        0.23336879209210276,
        0.156900132397411,
        0.2705401047539295,
        0.5045759819857375,
        0.4904423579823461,
        0.2409376907772342,
        0.1710147855545038,
        0.2840915832472842,
        0.5079500341720962,
        0.4593346845127408,
        0.21835216964225468,
        0.1690032511888188,
        0.3258838945822318,
        0.5074750373643965,
        0.2620683981985637,
        -0.04,
        -0.04,
        -0.04,
        -0.04,
        -0.04,
        -0.04,
        -0.04,
        -0.04,
        -0.04,
        -0.04,
        -0.04,
        -0.04,
        -0.04,
        -0.04,
        -0.04,
        -0.04,
        -0.04,
        -0.04,
        -0.04,
        -0.04
    ],
    "SensorParameterSet": [
        0.06457204037623075,
        -0.03380183202688349,
        0.10690928956956079,
        -0.45317375441872215,
        -0.247253340401824,
        -0.5500913461943457,
        0.042308846773918586,
        0.40645719410873066,
        0.060152193774366994,
        -0.4691960370826297,
        0.07307138381428857,
        -0.025965752459105627,
        0.3120454462723199,
        -0.3532595533976596,
        -0.4080798960933811,
        0.0761014783808117,
        -0.004446838580661643,
        0.4191183473714462,
        0.3570215348228119,
        0.20149632098847128,
        0.18781426238838317,
        0.20547178542759145,
        -0.11276206036354729,
        0.09310671315257618,
        -0.5752437129337309,
        0.23953523601769092,
        0.17898625061817858,
        0.2182677461795689,
        0.12113584245883584,
        -0.4960852339614898,
        0.262401037598056,
        -0.27320476324870346,
        0.31127882094778697,
        -0.27287532094203726,
        4.359923282631358e-05,
        0.1762056146435024,
        -0.2683142174062603,
        0.36248428200912625,
        -0.3952463917540089,
        -0.20371757504476315,
        -0.10944410926275483,
        0.37580420660459984,
        0.2157422747189592,
        -0.0955673024151742,
        0.4749732579225457,
        0.5780114755465977,
        -0.1105118461912516,
        0.14498881847373005,
        0.4701981180775678,
        -0.21710758498211963,
        0.3198769176011239,
        0.18139482575211005,
        0.2404469032145083,
        0.0876748679893516,
        0.2302620803043037,
        -0.24522555573829632,
        0.06955113012280587,
        -0.11269295575708459,
        0.3625104144336082,
        0.4368583572621103
    ],
    "checked": "indirect",
    "iteration": 47,
    "noise_sensor_0": [
        0.06805686488265167,
        -0.01550880412167054,
        -0.06127965156735265,
        -0.07976371729589121,
        -0.04623567459251806,
        -0.045414769141469656,
        2.4951373994981457e-05,
        -0.004591592040143412,
        0.0332259263113089,
        0.056209941904359746,
        0.008335958835433383,
        0.020508004563225678,
        -0.00014058767884092953,
        0.01430644934614081,
        -0.0017969727561979478,
        -0.07063611526635485,
        -0.058867930696800456,
        -0.0008063148293137204,
        0.05243064321621664,
        0.029205547575389894,
        -0.05313417252032708,
        -0.019467998059067508,
        0.030894930185954284,
        0.031773116682372746,
        0.09517043057087983,
        -0.10578762408364899,
        -0.02583002268100525,
        0.015695887396218113,
        0.040068275412258554,
        0.044058400162000334,
        -0.0057419496219231194,
        0.02256904993145404,
        0.052173759241819176,
        0.035723064391153574,
        0.05512975872084557,
        0.1245337943624841,
        0.024612523506359334,
        -0.05543651502805954,
        0.04388304680469068,
        -0.033039366209913934,
        -0.07635328904225748,
        0.04927136714555512,
        -7.01197801246329e-05,
        0.07393908578496323,
        0.01784850135940245,
        0.058643895371621416,
        -0.03001179125675585,
        0.018433614126342937,
        -0.04844799839152532,
        0.0944445988374987,
        -0.019524742121216045,
        0.025862597706790346,
        0.016246207843100817,
        0.01855811867038267,
        -0.108742978069401,
        0.008903420734146697,
        0.06015446859416341,
        0.042780683600576845,
        0.0312531608552393,
        -0.020054456620074806
    ],
    "noise_sensor_1": [
        0.007400059315506019,
        -0.020415960691934205,
        0.057149663225318253,
        -0.05522315704286373,
        0.017692524239191976,
        0.044157104011207586,
        -0.007659117832097848,
        -0.007729314356003089,
        0.06821124765412889,
        0.07635044295927071,
        -0.024895043679340423,
        -0.05946581819466397,
        0.035624014520300874,
        0.04740597308601115,
        -0.06060561896171572,
        -0.04471634090590142,
        0.09259289989361753,
        -0.04215622245887548,
        0.011457244651710417,
        -0.02518506980354474,
        0.04355677631746798,
        0.019841547432103396,
        0.021357107768853446,
        0.02465287878977717,
        0.027863094034125242,
        -0.016670802602896787,
        -0.04101547826392474,
        0.048440674611949,
        0.021347140899569635,
        -0.020201289278934713,
        0.03738071263324504,
        0.06381255026741096,
        0.011035024483903646,
        -0.0453405707862081,
        0.050675469950694045,
        0.023249140912386952,
        0.018184601580346182,
        0.030732067943249113,
        0.012977833144532044,
        -0.01657065173416099,
        -0.08652542249362112,
        -0.027707936048433517,
        -0.003140101493182914,
        -0.04553857181642631,
        -0.04162535750142551,
        0.04806692695008827,
        -0.13889094892899048,
        -0.009471568103069114,
        -0.027761539715446506,
        0.004457815810264708,
        -0.04441604637314536,
        -0.033173415264401554,
        0.011719051067613378,
        0.04167038221662019,
        -0.08947782133708013,
        -0.04072265372489297,
        0.009856837904056621,
        -0.08931921817288446,
        0.06664266173151102,
        0.027923958312506228
    ],