{
    "ParameterSet": [
        0.0,
        0.0,
        0.0,
        0.0,
        0.0,
        0.0,
        0.0,
        0.0,
        0.0,
        0.0,
        0.0,
        0.0,
        0.0,
        0.0,
        0.0,
        0.0,
        0.0,
        0.0,
        0.0,
        0.0,
        0.5044372080402942,
        0.11179573179088269,
        0.22336131133168322,
        0.5238323908959595,
        0.4897837537401469,
        0.23336879209210276,
        0.156900132397411,
        0.2705401047539295,
        0.5045759819857375,
        0.4904423579823461,
        0.2409376907772342,
        0.1710147855545038,
        0.2840915832472842,
        0.5079500341720962,
        0.4593346845127408,
        0.21835216964225468,
        0.1690032511888188,
        0.3258838945822318,
        0.5074750373643965,
        0.2620683981985637,
        -0.04,
        -0.04,
        -0.04,
        -0.04,
        -0.04,
        -0.04,
        -0.04,
        -0.04,
        -0.04,
        -0.04,
        -0.04,
        -0.04,
        -0.04,
        -0.04,
        -0.04,
        -0.04,
        -0.04,
        -0.04,
        -0.04,
        -0.04
    ],
    "SensorParameterSet": [
        -0.04045904193468067,
        -0.09648590386543339,
        0.15785711212220463,
        -0.45548063961075314,
        -0.28681059797714054,
        -0.5258198662608308,
        0.07754187586858956,
        0.43601469825801453,
        -0.016492304671857742,
        -0.44158340282460734,
        0.0669344593567954,
        0.006230826044948936,
        0.2937514290558715,
        -0.3983581300831238,
        -0.4223795384501934,
        0.009190143407518211,
        0.020329991192791375,
        0.47409167179637884,
        0.3723720094114027,
        0.2367612631957105,
        0.21909739526429045,
        0.16650119689879253,
        -0.11584515527416582,
        0.1579237284524127,
        -0.5746101541461988,
        0.1732634926973868,
        0.19361971528811814,
        0.19445545377067064,
        0.08649944886428097,
        -0.5311888490626264,
        0.2929522730614392,
        -0.28619920163770196,
        0.3074487418253323,
        -0.18401431844729535,
        -0.061833201401669764,
        0.22562798326371822,
        -0.23848974477054039,
        0.2774182334471114,
        -0.3200170926808394,
        -0.21851214157264803,
        -0.15189604472338908,
        0.4220835465257503,
        0.14922183832765526,
        -0.18457377497236913,
        0.4929307357608183,
        0.6099368701806953,
        -0.17030486410872195,
        0.12824093162445022,
        0.3957041546647444,
        -0.17606446819251012,
        0.32114647090549414,
        0.06897559169887922,
        0.23650747573033715,
        0.06191851685445824,
        0.20466567639892863,
        -0.21846177517178975,
        0.040189739017800555,
        -0.12817793212525497,
        0.3630606083753243,
        0.37188831286046536
    ],
    "checked": "indirect",
    "iteration": 49,
    "noise_sensor_0": [
        -0.022891063900775065,
        0.002048068307355844,
        0.0494768795097634,
        0.08355078618544903,
        -0.009285536331696228,
        -0.013067741231413611,
        0.061817364947357185,
        0.02238687546234272,
        0.04775102179362759,
        0.014392194013192675,
        0.07702001557759264,
        0.04312493091457717,
        0.08608967925032183,
        -0.02186040733280814,
        0.07207354133937904,
        -0.0932654791033963,
        0.029833811812124952,
        0.05713165751750246,
        -0.03707186717120129,
        -0.004921933519146111,
        -0.0985207483002047,
        -0.05255107546524418,
        0.005952786230299272,
        -0.03712642337215542,
        0.12433990392179564,
        0.006835344554534354,
        -0.10433675458596303,
        0.018143387705027686,
        0.010579497308582998,
        0.01065051158496053,
        -0.030735454608881576,
        -0.008517795050752957,
        0.031867433518635066,
        -0.055990036950307305,
        -0.025687533056371947,
        -0.03695832218154378,
        -0.04618501109180605,
        -0.02493729514768983,
        0.0005274831107716889,
        -0.023695810077777175,
        -0.020245773620692704,
        0.030365696856992717,
        -0.023122210211989923,
        -0.014326747624106692,
        0.03991255630938242,
        0.012246357102779758,
        0.042769056248155024,
        0.03266273015870743,
        -0.05035910229055448,
        0.0013419539953707256,
        -0.03501254735866161,
        0.008297445496400947,
        -0.006134125173927854,
        -0.014741136101305034,
        0.02986764750379528,
        -0.017466531108624568,
        0.03763623691601416,
        5.5915214877419354e-05,
        -0.0115750308657284,
        -0.05549555722295664
    ],
    "noise_sensor_1": [
        -0.04985423171062957,
        0.016805571201689365,
        0.012811793922852971,
        -0.02924123595177416,
        0.018548212146476055,
        0.006118406836797604,
        -0.03931665250547644,
        -0.04569908005359455,
        -0.04616969659392849,
        0.0777044183446571,
        -0.018658737919223622,
        0.1092985131155629,
        -0.03853027269680386,
        0.02586062412552775,
        -0.04632816327461021,
        -0.014050065862456135,
        0.03460801170090877,
        0.04972036398874864,
        0.047381201157985824,
        0.0809728895799714,
        0.08900625614803247,
        -0.06712826425158293,
        -0.04069104027740122,
        0.033578575823478625,
        -0.038243145977409465,
        -0.026348335348590324,
        0.012197949463360449,
        -0.03078828765286248,
        -0.0764430124173941,
        -0.03434125877486062,
        -0.007773571640349856,
        0.05281527163427306,
        -0.006657225324537445,
        -0.0014313465743268138,
        -0.027486969731798847,
        -0.07775729204998733,
        0.0093989014891818,
        0.11470507921048743,
        -0.001750924552180163,
        0.0015736362044214357,
        0.037452939348450155,
        -0.034460778702710165,
        0.029219353222373526,
        0.01715708178127204,
        0.021302920710180903,
        -0.010778169367795779,
        -0.06087539891417996,
        0.02746668760588652,
        0.009343370861749594,
        0.004259812128908082,
        -0.05671830752551975,
        0.04478724472556871,
        -0.04311106483947821,
        -0.014018584395777989,
        -0.002879473074816291,
        0.015558250065326547,
        0.00476281591375862,
        -0.010897241099719278,
        -0.09644041343070733,
        -0.06340285241922795
    ],