{
    "ParameterSet": [
        0.0,
        0.0,
        0.0,
        0.0,
        0.0,
        0.0,
        0.0,
        0.0,
        0.0,
        0.0,
        0.0,
        0.0,
        0.0,
        0.0,
        0.0,
        0.0,
        0.0,
        0.0,
        0.0,
        0.0,
        0.5044372080402942,
        0.11179573179088269,
        0.22336131133168322,
        0.5238323908959595,
        0.4897837537401469,
        0.23336879209210276,
        0.156900132397411,
        0.2705401047539295,
        0.5045759819857375,
        0.4904423579823461,
        0.2409376907772342,
        0.1710147855545038,
        0.2840915832472842,
        0.5079500341720962,
        0.4593346845127408,
        0.21835216964225468,
        0.1690032511888188,
        0.3258838945822318,
        0.5074750373643965,
        0.2620683981985637,
        -0.04,
        -0.04,
        -0.04,
        -0.04,
        -0.04,
        -0.04,
        -0.04,
        -0.04,
        -0.04,
        -0.04,
        -0.04,
        -0.04,
        -0.04,
        -0.04,
        -0.04,
        -0.04,
        -0.04,
        -0.04,
        -0.04,
        -0.04
    ],
    "SensorParameterSet": [
        -0.08952450856879438,
        -0.16267331485271194,
        0.47481120957531187,
        -0.5382983288015358,
        -0.15471658566672844,
        -0.6788428897775616,
        0.33909641586326345,
        0.17853791071021724,
        0.10073911210144383,
        -0.47926183873143047,
        -0.17609014133733145,
        0.1573163346302039,
        0.44768190913239275,
        -0.491807460110898,
        -0.5172411851907196,
        -0.4107792726651806,
        0.15130022557236902,
        0.038306976344620186,
        0.7539382074812488,
        0.7028612464176227,
        0.056930402894248236,
        0.23771016263157693,
        0.20685815870724636,
        -0.12129344926194087,
        -0.5830395607843335,
        0.2409476324032544,
        0.29389276694423605,
        0.21535093795875251,
        0.21999404473347697,
        -0.4731689524550021,
        0.19935435143901317,
        -0.29169607865209635,
        0.12568157237649893,
        -0.18780688589982833,
        0.37072943684543375,
        -0.17699603785635748,
        0.05136647645728316,
        0.2328841041513026,
        -0.3690740540108375,
        -0.4337961314136923,
        -0.1516421900422845,
        0.16418576123702422,
        -0.009505068937124102,
        -0.28376596013722594,
        0.9751195183067772,
        0.7050752926238569,
        -0.08888288892429534,
        0.2575763374421562,
        0.5602954090864609,
        -0.4727214603928095,
        0.24837802365249737,
        -0.10269125060371424,
        0.3219808093584892,
        0.2862277625758047,
        0.19207405717803136,
        -0.18563616415471948,
        0.01119454627862658,
        -0.06151839929870081,
        0.32403347945276934,
        0.4100065732191134
    ],
    "checked": "indirect",
    "iteration": 91,
    "noise_sensor_0": [
        0.0232248499212817,
        -0.07967688629065031,
        -0.023682923827405406,
        -0.04317096871218271,
        -0.006948817549319906,
        0.058584875213016536,
        -0.025551519568007962,
        -0.04767978816418069,
        0.0030495708856037463,
        0.04049846420814245,
        -0.02840943530105625,
        -0.06402503970726256,
        -0.016290834306248222,
        -0.008317898035849416,
        -0.03965100646409096,
        0.028748608475302112,
        0.02464300881813516,
        0.09969606431363433,
        0.07321954896278195,
        -0.006239849380240993,
        0.003848057935453879,
        -0.09010268692162064,
        0.030280673879050195,
        -0.023216629630058903,
        0.0032648785479455706,
        -0.07919707154102304,
        -0.04259677283289163,
        -0.01701569531812315,
        0.05249470328957325,
        0.018685969156616095,
        0.016270901329373533,
        -0.007635769429354394,
        0.012258019622195812,
        0.010600422115283644,
        0.0061873313082289536,
        0.0046965932934699105,
        0.04899458168855794,
        0.05127137855599573,
        0.034459576613335895,
        0.03657044936049676,
        -0.016052933085636538,
        -0.017793217838224545,
        -0.03301068448217248,
        0.020791707611563133,
        0.030915643686221815,
        -0.05809324764027931,
        -0.07356749955771957,
        0.09439151387605989,
        -0.016956241252657142,
        -0.027589397225035873,
        0.04510481512480851,
        -0.06754983048613587,
        0.020120068428058767,
        0.009396015203955025,
        0.0005856655632728544,
        0.042934683456607746,
        -0.02541625857255374,
        0.03351684703701649,
        0.01238688985176852,
        0.0102634841030437
    ],
    "noise_sensor_1": [
        -0.04944565686530465,
        -0.06430613117867334,
        -0.01121861076994436,
        0.04612526097457256,
        -0.01722841048870997,
        -0.057260868890260934,
        0.015949702197730488,
        -0.02168062269016334,
        0.03870220072453266,
        0.009474467752084813,
        -0.0046721968570976585,
        0.01621067901046946,
        0.012771639019622345,
        0.04191223432315043,
        0.024529947264256707,
        -0.10268527180973204,
        -0.04715613185730896,
        -0.006490020675912125,
        0.017477481055343434,
        -0.0033433843959910577,
        0.02130203230220442,
        0.0411336751134033,
        -0.05676629123085449,
        -0.011671938489328725,
        0.04382709060186738,
        0.01428642886052391,
        -0.006774944048327772,
        -0.033492994355882114,
        -0.07227899957284858,
        0.0032660218857105297,
        -0.006171176837684165,
        -0.006791346049012779,
        0.01251731908205308,
        0.0167001610360238,
        0.04724461978702909,
        -0.022582076929195605,
        0.06261604564442132,
        -0.02421394514433119,
        0.012898114244409764,
        0.003237813831223131,
        -0.01758555632909937,
        0.0077797895934926045,
        -0.006685972824110774,
        -0.036577507816669345,
        -0.06661439533208886,
        0.01735490607461418,
        -0.058325681176807684,
        0.03982421099985756,
        -0.03118590637921182,
        0.08541627024611245,
        0.031256389260224615,
        0.03196908521698774,
        0.06023323192022223,
        0.03315393073365101,
        0.049324676201147354,
        0.03066522804722014,
        0.07584743984225922,
        -0.08676980496504742,
        0.01961566828591264,
        0.051282810508804795
    ],