{
    "ParameterSet": [
        0.0,
        0.0,
        0.0,
        0.0,
        0.0,
        0.0,
        0.0,
        0.0,
        0.0,
        0.0,
        0.0,
        0.0,
        0.0,
        0.0,
        0.0,
        0.0,
        0.0,
        0.0,
        0.0,
        0.0,
        0.5044372080402942,
        0.11179573179088269,
        0.22336131133168322,
        0.5238323908959595,
        0.4897837537401469,
        0.23336879209210276,
        0.156900132397411,
        0.2705401047539295,
        0.5045759819857375,
        0.4904423579823461,
        0.2409376907772342,
        0.1710147855545038,
        0.2840915832472842,
        0.5079500341720962,
        0.4593346845127408,
        0.21835216964225468,
        0.1690032511888188,
        0.3258838945822318,
        0.5074750373643965,
        0.2620683981985637,
        -0.04,
        -0.04,
        -0.04,
        -0.04,
        -0.04,
        -0.04,
        -0.04,
        -0.04,
        -0.04,
        -0.04,
        -0.04,
        -0.04,
        -0.04,
        -0.04,
        -0.04,
        -0.04,
        -0.04,
        -0.04,
        -0.04,
        -0.04
    ],
    "SensorParameterSet": [
        -0.22199521732989488,
        -0.1480658390573738,
        0.44463890901362496,
        -0.445099715127535,
        -0.2621542132533621,
        -0.7480317996203717,
        0.3200461221912252,
        0.17078683403140088,
        0.089160071385723,
        -0.3617505204463644,
        -0.010514854897946822,
        0.1938545009237464,
        0.3885258123647953,
        -0.5094945805837477,
        -0.48940497512945663,
        -0.35254979642481404,
        0.11839667890615473,
        0.21116051221632062,
        0.7089867150707941,
        0.7006364533233475,
        0.1567351905970216,
        0.24612584706202204,
        0.16379540023676536,
        -0.06255202828357335,
        -0.6275058114565234,
        0.2812516164768406,
        0.23962093929916178,
        0.2568274261031509,
        0.27176788985347655,
        -0.4311423248692453,
        0.11018759681282923,
        -0.20885382806707514,
        0.1899414912059292,
        -0.3339877401449918,
        0.3191843620196637,
        -0.0713956652406538,
        -0.054422411542185876,
        0.2125101456662056,
        -0.33943287628957536,
        -0.37636683272449645,
        -0.2497297006558473,
        0.17644752561943625,
        0.032442976237726656,
        -0.35821445379962635,
        0.8665583490300279,
        0.6481362602305392,
        -0.051064688102839616,
        0.19202185539273245,
        0.48357233386670434,
        -0.319882847130815,
        0.3414885309901579,
        0.023413369040567712,
        0.3025454058213406,
        0.26220054356970407,
        0.2594493580594078,
        -0.08718484347981778,
        -0.09955138643034787,
        -0.07306770156759636,
        0.3014770857647109,
        0.45631576332173546
    ],
    "checked": "indirect",
    "iteration": 83,
    "noise_sensor_0": [
        -0.035422994823790306,
        0.11318121892686564,
        0.02655478213766229,
        -0.02160842055477264,
        -0.07029474785425148,
        0.01683878016857586,
        -0.055458833471091304,
        0.0333765454727034,
        -0.055197079561718675,
        0.0037907702665453766,
        0.028560007989831354,
        -0.011710079881000271,
        0.034950481477338764,
        0.021119499643850657,
        -0.018823145179286967,
        0.05489781525546698,
        0.026556624575101707,
        0.018576364348940312,
        0.03838530829637465,
        -0.025728266149762275,
        0.017382296049973496,
        0.030120771996892406,
        0.027585743883024722,
        -0.0010553534832461668,
        -0.03429623384856612,
        0.03573726131869803,
        0.004866591505212608,
        -0.009125747400091725,
        0.004104127780496934,
        0.011019581402613287,
        -0.027026395642801643,
        0.04895828238665564,
        0.013504081739074397,
        -0.06544227254559411,
        0.03574299789385493,
        0.02400678732459844,
        0.008155129610564646,
        -0.09389141790023645,
        -0.026184853741573387,
        0.07285542535173227,
        0.03818708941891046,
        0.08231462665275477,
        0.009951686864653376,
        0.022694647519381692,
        0.027691587571746328,
        0.024660176492220746,
        -0.019004785766722956,
        -0.042419814476114606,
        -0.029428385194057695,
        0.041450362319064245,
        -0.05926782826732998,
        -0.0692275555429822,
        0.02932319982629028,
        -0.04215715494612614,
        -0.03752679942297102,
        0.023128035577675492,
        0.011194784021056394,
        -0.06747167420000445,
        0.025298729807133193,
        0.0726564522806873
    ],
    "noise_sensor_1": [
        0.0345636483665196,
        0.014830012962958517,
        -0.06073778580465125,
        0.04942986061588856,
        -0.01584501115819864,
        0.05404539102223807,
        -0.051935291768454024,
        0.01256389186200115,
        0.03715961531111067,
        -0.0112266183367792,
        -0.02968407776343202,
        -0.04234166018201115,
        -0.07649619199587128,
        0.03623596050782179,
        0.09656113430044831,
        0.006492561850293759,
        0.0031666849377362323,
        0.03737545402679781,
        0.04295534652855785,
        -0.038602651491086534,
        0.009181282418788793,
        0.011891669799062136,
        -0.012943762896050414,
        -0.031880835360835275,
        0.003267136384454967,
        0.009406917244218915,
        0.06244661513892079,
        0.055764963427405945,
        -0.021369341582131874,
        -0.016687690974626357,
        0.03163434574159133,
        0.04349226826652202,
        0.05925129232742626,
        -0.0610506264724731,
        0.02330353682406157,
        0.02220424428854452,
        0.015033597205294645,
        0.05936965562986185,
        -0.013989918607016786,
        0.01079718705987243,
        0.006127588625434872,
        0.03554495437023629,
        -0.031063959457297986,
        -0.0018341580849298154,
        -0.0046077339028503615,
        0.02097081830908745,
        -0.03727340835976347,
        -0.04088621690522866,
        -0.029761673112307933,
        -0.04287068514855068,
        -0.0368487866411068,
        0.01554325179066738,
        0.06354237209770273,
        -0.029733528271299926,
        -0.02412075793663219,
        0.025201690530751004,
        -0.01239174364061417,
        -0.02767794835004544,
        0.01253706864899925,
        0.061273653346491964
    ],