{
    "ParameterSet": [
        0.0,
        0.0,
        0.0,
        0.0,
        0.0,
        0.0,
        0.0,
        0.0,
        0.0,
        0.0,
        0.0,
        0.0,
        0.0,
        0.0,
        0.0,
        0.0,
        0.0,
        0.0,
        0.0,
        0.0,
        0.5044372080402942,
        0.11179573179088269,
        0.22336131133168322,
        0.5238323908959595,
        0.4897837537401469,
        0.23336879209210276,
        0.156900132397411,
        0.2705401047539295,
        0.5045759819857375,
        0.4904423579823461,
        0.2409376907772342,
        0.1710147855545038,
        0.2840915832472842,
        0.5079500341720962,
        0.4593346845127408,
        0.21835216964225468,
        0.1690032511888188,
        0.3258838945822318,
        0.5074750373643965,
        0.2620683981985637,
        -0.04,
        -0.04,
        -0.04,
        -0.04,
        -0.04,
        -0.04,
        -0.04,
        -0.04,
        -0.04,
        -0.04,
        -0.04,
        -0.04,
        -0.04,
        -0.04,
        -0.04,
        -0.04,
        -0.04,
        -0.04,
        -0.04,
        -0.04
    ],
    "SensorParameterSet": [
        0.05407502356181259,
        0.012941233985114608,
        0.047512866550510055,
        -0.0020722381080439107,
        -0.04838184643844302,
        0.10271718558149102,
        0.00046153999536405763,
        -0.046483328714646464,
        -0.10592114924622528,
        -0.09699692337081563,
        0.08660280100723977,
        0.12856678065482205,
        -0.023595670216100255,
        0.07576265534458203,
        0.022661141569508887,
        0.17367822083720183,
        -0.0623012085626475,
        -0.00047529248790021674,
        0.06009363703123929,
        -0.009348919372894992,
        0.1740633468045376,
        0.07212216132165682,
        -0.07189400610901499,
        -0.1843022203493418,
        0.018940464706892434,
        -0.055354787748735784,
        0.05569372163951519,
        -0.023019296412750124,
        0.03455387107019148,
        -0.02777529927633445,
        -0.04513662981290184,
        -0.04865959196018512,
        -0.05646937953752021,
        -0.05608311616375967,
        0.12141529560431097,
        0.17127344392684304,
        -0.05870204847560046,
        -0.07882749396828838,
        -0.3077925455245373,
        -0.1397171790445249,
        -0.0837812445454589,
        0.10026668391412984,
        -0.13536126297141182,
        -0.10970048103005926,
        0.12140447710097778,
        0.005733834591343511,
        -0.051519694133974364,
        0.05426096446951122,
        0.004367778128775845,
        0.19929110613782108,
        -0.07613936579104065,
        0.08364314581220975,
        -0.0416605679901695,
        0.07657633688353545,
        0.11251829196230405,
        0.06523683039408835,
        -0.0387230348181399,
        -0.09812732994090839,
        0.19914196210997778,
        0.11109263802203845
    ],
    "checked": "indirect",
    "iteration": 3,
    "noise_sensor_0": [
        -0.013586604173009487,
        0.01548434772366703,
        -0.014573672255042669,
        -0.08972327553939344,
        -0.01885682436639998,
        -0.045385803230915546,
        -0.018530710076656916,
        -0.006137363208587291,
        0.12607666402245243,
        0.09470672836967178,
        0.07734950798139681,
        0.08144813837783453,
        -0.040692912394932154,
        -0.04079519921561063,
        -0.033464843376447395,
        -0.11173564966228587,
        -0.019606849069930696,
        0.02455124638286548,
        0.069065038116698,
        0.0821093195603705,
        -0.010541124578382898,
        -0.09473260076526008,
        -0.0823136085323119,
        0.04830015656086018,
        -0.019963452911038435,
        0.03548988320168665,
        -0.013629233642300355,
        -0.05166693915837502,
        0.041079855447269345,
        0.16416534346805223,
        0.009462933295508654,
        -0.09752658345599273,
        0.017310970359248643,
        0.011389539787215408,
        -0.07895746221570132,
        0.14318224081668993,
        0.11360528471053495,
        -0.058799447381993074,
        -0.02836831790450262,
        -0.0018105850144270825,
        -0.06757960309478694,
        -0.12473626563921068,
        -0.027061346471951016,
        0.044286763905175455,
        -0.02536326169319885,
        -0.05330988363123478,
        -0.03702108887642581,
        -0.058602317775703114,
        -0.10805318081509259,
        0.0921042443008907,
        -0.0540950499000395,
        -0.09696431030695779,
        0.03931829019407755,
        0.08824875980990513,
        0.06110876848531823,
        -0.07021191901270517,
        0.10155101819447525,
        0.05077292016163041,
        0.052093943682906166,
        -0.10113355247143843
    ],
    "noise_sensor_1": [
        -0.005624025194854452,
        0.04292876755553653,
        -0.06946576128460875,
        0.10072619980209892,
        0.03838987191368137,
        -0.03962217863399891,
        -0.004669338452914442,
        -0.019180098387213237,
        -0.026556136558674868,
        0.01508097612396002,
        0.01828991991695091,
        0.14280930022439217,
        0.0583310715494291,
        0.05265517307871144,
        -0.06859370440321533,
        -0.08127330619872772,
        -0.04935330662314021,
        -0.05632689490378432,
        -0.05198774954739217,
        -0.07289592025906207,
        0.04016255725616372,
        -0.051122861481214074,
        -0.046500960296046834,
        -0.10699487319899043,
        0.14509195912115405,
        -0.051930336348613056,
        -0.07891924970280265,
        -0.07240756851458525,
        -0.05856538207602535,
        -0.012047447293564443,
        0.05166330081713373,
        0.04394200747749735,
        0.03339546653568689,
        0.02656095871239517,
        -0.030205861782436238,
        0.08007474135373364,
        -0.02347198560868243,
        0.0021641106956646968,
        0.042058256728522946,
        -0.025197355036861047,
        0.021027732599561325,
        -0.03160553081816339,
        -0.05019998339573698,
        0.05207909020572796,
        0.019992118668256405,
        -0.037511815957865215,
        -0.06798265040787194,
        -0.013762087573704002,
        0.11558780875825306,
        0.03888348925480593,
        0.0666699342078397,
        -0.02844720104261889,
        0.011198796514150107,
        0.013219722487408988,
        0.050310069227238345,
        0.020231163207211078,
        0.004534781123136532,
        -0.013225972323707121,
        0.09414076021184974,
        0.04248149568000736
    ],