{
    "ParameterSet": [
        0.0,
        0.0,
        0.0,
        0.0,
        0.0,
        0.0,
        0.0,
        0.0,
        0.0,
        0.0,
        0.0,
        0.0,
        0.0,
        0.0,
        0.0,
        0.0,
        0.0,
        0.0,
        0.0,
        0.0,
        0.5044372080402942,
        0.11179573179088269,
        0.22336131133168322,
        0.5238323908959595,
        0.4897837537401469,
        0.23336879209210276,
        0.156900132397411,
        0.2705401047539295,
        0.5045759819857375,
        0.4904423579823461,
        0.2409376907772342,
        0.1710147855545038,
        0.2840915832472842,
        0.5079500341720962,
        0.4593346845127408,
        0.21835216964225468,
        0.1690032511888188,
        0.3258838945822318,
        0.5074750373643965,
        0.2620683981985637,
        -0.04,
        -0.04,
        -0.04,
        -0.04,
        -0.04,
        -0.04,
        -0.04,
        -0.04,
        -0.04,
        -0.04,
        -0.04,
        -0.04,
        -0.04,
        -0.04,
        -0.04,
        -0.04,
        -0.04,
        -0.04,
        -0.04,
        -0.04
    ],
    "SensorParameterSet": [
        -0.1467761313694111,
        -0.014072317419087082,
        -0.10765132533568288,
        0.048158787746714796,
        -0.21472703673498486,
        0.416319164128512,
        0.027518759521816066,
        -0.11408728402419381,
        -0.48272651528153965,
        0.1196207017504894,
        0.06304591955378101,
        0.3655305134142918,
        -0.2402544697032232,
        0.26967471943617694,
        -0.010360632457832367,
        0.5824438475567307,
        0.25558442318229746,
        -0.007994328030859317,
        -0.05632161803517917,
        0.07618200547052356,
        0.0355081703895749,
        0.06896497132877596,
        0.05203308253002533,
        -0.16635839344744258,
        0.2760890637055806,
        -0.25856571371093706,
        -0.29597075788739335,
        -0.08134949223104168,
        0.014909989691029888,
        -0.24779588799536836,
        0.048735523669433914,
        -0.11702181359868748,
        -0.12286180590270573,
        -0.2517844053584065,
        -0.2535591643141031,
        0.2281630100338199,
        -0.16910801195781314,
        0.21663132470233196,
        -0.3827024240857149,
        -0.2449170069147032,
        0.18089427000508465,
        -0.35050331230792225,
        -0.40042495742342193,
        0.3313683713871074,
        0.2519535001745076,
        -0.1882731851933932,
        -0.3850619947095607,
        0.08715796400396889,
        -0.012345141499268,
        0.4608200832598924,
        -0.2884488251099372,
        0.0648492553477806,
        -0.043848679584164114,
        -0.126878132458475,
        0.07894423243654447,
        -0.14988664265080068,
        0.08881803020337362,
        -0.27320827124396546,
        -0.16530968553892011,
        -0.10047144759252166
    ],
    "checked": "indirect",
    "iteration": 53,
    "noise_sensor_0": [
        0.0007256866558061834,
        0.041980310220225935,
        -0.08082853626683462,
        -0.032510586077284645,
        -0.013127189014531257,
        -0.08067806704905944,
        0.013459527753074137,
        -0.01588057571358574,
        0.027127242784012736,
        0.015275678824468184,
        -0.0071064873398901,
        0.050023091479748164,
        0.005378101644249617,
        -0.01855546093240726,
        0.0300380321326264,
        0.015498151025312205,
        -0.010867049974571507,
        0.049427877462677634,
        0.003702168593944978,
        0.030392738771607048,
        0.012839304831712228,
        0.027265456653429592,
        0.052525933121837245,
        0.011724744575838135,
        -0.05671747772853538,
        -0.05084668066557357,
        -0.014988492338173308,
        0.09896076916438694,
        0.040477931143928565,
        -0.0051517044928271385,
        0.07964617032712047,
        -0.061870356031813026,
        -0.03925646659291861,
        -0.08550731222191477,
        0.01207290994061222,
        -0.019833290337863095,
        -0.030588336601537255,
        -0.00851918939951264,
        0.05906073318906301,
        0.013074548123813081,
        -0.013602703895570568,
        0.022233337832454948,
        -0.08410165066435277,
        0.02469535975340952,
        -0.03848234031185167,
        -0.0429203770759028,
        -0.0430572969596645,
        -0.05295117849233431,
        0.04097023166019111,
        0.06932751445265173,
        0.03700512054912397,
        0.0066529088614485565,
        0.015506934820726535,
        0.02324167566817328,
        -0.02181320962229488,
        0.005129941536428679,
        0.004941222012002317,
        -0.000813223810279768,
        -0.13288581235290345,
        -0.02106991247741537
    ],
    "noise_sensor_1": [
        -0.0050265409333425035,
        -0.039089892974486444,
        -0.03192089166559383,
        0.0019649810284625134,
        0.04979788192817718,
        -0.01875675655853135,
        -0.020630981161351588,
        0.014558447815175138,
        -0.029701021121349695,
        0.010042943930141972,
        0.051770858322509286,
        0.04565576542149022,
        -0.011268298872943906,
        -0.009782987487481045,
        -0.046127326086866476,
        0.04160334453214148,
        0.010572700144131001,
        -0.0354757449523927,
        -0.08363850940582619,
        0.05669644282974453,
        -0.0803225710711627,
        -0.0008123785330040072,
        -0.054950311190889105,
        -0.11480597597024186,
        -0.09346724678841778,
        -0.048768537113012086,
        -0.016998124069362807,
        -0.06284158747530558,
        -0.043488850032214726,
        -0.07607960123260017,
        0.013883692392497244,
        0.05432095830878144,
        -0.03740665788550657,
        0.004654997574120472,
        0.0436435292858619,
        -0.040302425947886224,
        0.06908859192904752,
        -0.02064447112321742,
        0.060434222300731755,
        -0.0021092407011137396,
        -0.01633397133327216,
        0.0328263269291915,
        -0.06343840913834263,
        0.04987601953429554,
        -0.029009247168011773,
        0.021081421367102907,
        -0.04075346583426011,
        -0.03798388636884254,
        0.029157767601336964,
        -0.19683239678024547,
        -0.05460520481868555,
        -0.033058418715588435,
        -0.0019021710465666037,
        0.040425661043052785,
        0.10100486880476553,
        0.00232065364014701,
        -0.037583419542380474,
        -0.01667409167063093,
        0.055949354002663654,
        0.07324910554135562
    ],