{
    "ParameterSet": [
        0.0,
        0.0,
        0.0,
        0.0,
        0.0,
        0.0,
        0.0,
        0.0,
        0.0,
        0.0,
        0.0,
        0.0,
        0.0,
        0.0,
        0.0,
        0.0,
        0.0,
        0.0,
        0.0,
        0.0,
        0.5044372080402942,
        0.11179573179088269,
        0.22336131133168322,
        0.5238323908959595,
        0.4897837537401469,
        0.23336879209210276,
        0.156900132397411,
        0.2705401047539295,
        0.5045759819857375,
        0.4904423579823461,
        0.2409376907772342,
        0.1710147855545038,
        0.2840915832472842,
        0.5079500341720962,
        0.4593346845127408,
        0.21835216964225468,
        0.1690032511888188,
        0.3258838945822318,
        0.5074750373643965,
        0.2620683981985637,
        -0.04,
        -0.04,
        -0.04,
        -0.04,
        -0.04,
        -0.04,
        -0.04,
        -0.04,
        -0.04,
        -0.04,
        -0.04,
        -0.04,
        -0.04,
        -0.04,
        -0.04,
        -0.04,
        -0.04,
        -0.04,
        -0.04,
        -0.04
    ],
    "SensorParameterSet": [
        -0.10837446196634266,
        -0.07553629372973623,
        0.07282074451536866,
        -0.1024153104056054,
        -0.0010982880158671598,
        0.18782638652059633,
        0.02194585344097709,
        -0.05997527166299094,
        -0.31200200614259493,
        0.021835712891745337,
        0.018525854012890117,
        0.11059407358620306,
        0.05096940417804667,
        0.30820126839978423,
        0.07568586629729554,
        0.0999423787514678,
        0.044459011329194886,
        0.02252205379677032,
        -0.13052008804699244,
        -0.1034427233768501,
        0.21394935937310983,
        0.03453829239637166,
        -0.057545007665789856,
        -0.18247052107785305,
        0.14120488178998067,
        -0.2587241965123545,
        0.09526969172761902,
        -0.25188941170744283,
        -0.08373192659049217,
        -0.0886028864930876,
        -0.08862455333667274,
        -0.06526246998142633,
        0.02433540828218599,
        -0.13325461985063394,
        -0.07593245095149131,
        0.15232384560700796,
        0.006489972425351048,
        -0.02652183601733065,
        -0.3753964672311572,
        -0.10079560719181924,
        -0.04806648113365082,
        -0.02338197978657549,
        -0.20062642495071092,
        0.008499934261168268,
        0.18596653135073146,
        -0.15699133084748115,
        -0.12280499170310075,
        -0.05342303032865121,
        -0.10369348367193908,
        0.30454005558219754,
        -0.13669436582016575,
        0.2175371327998529,
        -0.049538524227593216,
        0.0766959094640852,
        0.17750309052163296,
        0.025084449417626217,
        0.054408158470009134,
        -0.27175142348213654,
        0.06975952290851668,
        0.16520832528969567
    ],
    "checked": "indirect",
    "iteration": 11,
    "noise_sensor_0": [
        0.0076816924871597695,
        -0.07689284695604795,
        -0.030503350858335738,
        -0.012840245348640778,
        0.02408813799108654,
        0.03304136444817725,
        -0.10104990060496599,
        0.008737005194589299,
        -0.05287124348348467,
        -0.041286367378487926,
        -0.054255199499224326,
        -0.05331573940909041,
        0.07839729170533799,
        -0.029144350513030465,
        0.04622004648462664,
        -0.02259576418412528,
        -0.027674846652883053,
        -0.00916959037104592,
        0.08300151073999547,
        0.09093620436093018,
        -0.13733547285870815,
        -0.06898185047257985,
        -0.02014950730786091,
        -0.0016509772437353488,
        0.02852706379237193,
        0.0026080204053203215,
        0.008861309006524013,
        0.0013722171303211866,
        0.023980928802124223,
        -0.021136741672917226,
        0.06715249348017127,
        0.006758245858427075,
        -0.07107363414587452,
        -0.027472575306911114,
        0.08315012402970237,
        0.04180124351878222,
        0.0315728693898226,
        -0.04607931262637712,
        0.019601757898804355,
        0.017466455609245854,
        -0.009002174683653942,
        0.022212989882945636,
        0.0050400540465483845,
        -0.06828677318533938,
        0.02539971289539942,
        -0.044757602812088494,
        -0.03265187839883287,
        -0.03357056201141716,
        -0.02465879886830153,
        0.024174625342428747,
        -0.04206581204992158,
        0.036263729137971004,
        0.08816903865305967,
        0.0016686006416029781,
        0.01866751878975545,
        0.014449107469147326,
        -0.03081777540603625,
        -0.050946754846018044,
        -0.027779968799710394,
        0.06696249316850211
    ],
    "noise_sensor_1": [
        -0.024714168550339546,
        -0.04588779878160388,
        -0.07462962510164416,
        0.06485239351527951,
        -0.12797030266148987,
        -0.02603987367968109,
        0.0252967831459784,
        -0.033195194547247224,
        -0.01246004347914712,
        -0.01618059082280605,
        -0.017825360237173644,
        -0.014339757654228527,
        -0.01295466124043253,
        0.06062785946794605,
        0.06238231832359628,
        0.08073340358026078,
        0.06177869951098867,
        -0.06598078380180225,
        0.08172137366099065,
        0.017097043938209513,
        0.11682461380810866,
        -0.08840920103928196,
        0.044739483347703675,
        -0.005851376237103347,
        0.01756327134030288,
        -0.039543942774230324,
        -0.038403503791926114,
        -0.03489186401097105,
        0.045742828046140174,
        -0.018623841747422515,
        0.03539513432682637,
        0.011953644219273482,
        -0.05256669579125676,
        0.04879373705721825,
        -0.0008352478411276617,
        -0.0068326670952991,
        -0.01753008931598305,
        0.04206977866852384,
        0.03239677289421047,
        -0.032311369709796554,
        -0.006369173364035305,
        -0.01035898970658542,
        0.05373049351133158,
        0.06206384724943263,
        -0.06813923515121378,
        -0.06689795930923079,
        0.0031017334338774875,
        -0.008479955809011388,
        0.002604067167232803,
        -0.01966994466913393,
        0.00943859790271308,
        0.04190889340742803,
        -0.07389920032907131,
        0.07474870132112851,
        -0.0075859403581083375,
        0.0011443880387473025,
        0.07155459034569535,
        0.11303258951378582,
        0.000597514114969611,
        -0.04960659198071176
    ],