{
    "ParameterSet": [
        0.0,
        0.0,
        0.0,
        0.0,
        0.0,
        0.0,
        0.0,
        0.0,
        0.0,
        0.0,
        0.0,
        0.0,
        0.0,
        0.0,
        0.0,
        0.0,
        0.0,
        0.0,
        0.0,
        0.0,
        0.5044372080402942,
        0.11179573179088269,
        0.22336131133168322,
        0.5238323908959595,
        0.4897837537401469,
        0.23336879209210276,
        0.156900132397411,
        0.2705401047539295,
        0.5045759819857375,
        0.4904423579823461,
        0.2409376907772342,
        0.1710147855545038,
        0.2840915832472842,
        0.5079500341720962,
        0.4593346845127408,
        0.21835216964225468,
        0.1690032511888188,
        0.3258838945822318,
        0.5074750373643965,
        0.2620683981985637,
        -0.04,
        -0.04,
        -0.04,
        -0.04,
        -0.04,
        -0.04,
        -0.04,
        -0.04,
        -0.04,
        -0.04,
        -0.04,
        -0.04,
        -0.04,
        -0.04,
        -0.04,
        -0.04,
        -0.04,
        -0.04,
        -0.04,
        -0.04
    ],
    "SensorParameterSet": [
        -0.3364147569964255,
        -0.10442361713330586,
        -0.35071019297287376,
        0.013951204078175027,
        -0.3430056477094877,
        0.33433266046135063,
        0.15045782756899825,
        0.01569661883030601,
        -0.652527413940177,
        0.26491665192185987,
        0.041667379861661434,
        0.41671935344577454,
        -0.08853133050397069,
        0.3420667952457408,
        0.16900098656084517,
        0.5913257453504505,
        0.4695714904263222,
        0.2559748290535452,
        -0.0013492576064588722,
        0.06132818457294065,
        -0.04474898797041858,
        0.05975519555490045,
        0.09475177785157117,
        0.12353548619152893,
        0.2190690523366561,
        -0.15066792232538834,
        -0.10417658582151557,
        -0.1938185676500507,
        -0.03682013341009584,
        -0.33587222582834453,
        -0.04916948866222588,
        -0.2945107494204142,
        -0.17383280532815223,
        -0.13010257402644138,
        -0.24839574499906378,
        0.034769862597358585,
        -0.17809735783803549,
        0.3559900195904701,
        -0.278237047587018,
        -0.12182567585648778,
        0.19508731354317996,
        -0.13310546864900172,
        -0.20541966156128896,
        0.46031853328022254,
        0.15832416094866683,
        -0.22152582891233755,
        -0.43615358031298856,
        0.017453752490973758,
        -0.034308747868667736,
        0.475843676830003,
        -0.4330195188315041,
        0.11793620720352489,
        0.046600040108053485,
        -0.3858791821674779,
        0.08632591532988299,
        -0.061684488359845975,
        0.13175571329317157,
        -0.3263756572832682,
        -0.2118396225420239,
        -0.11696838765338245
    ],
    "checked": "indirect",
    "iteration": 92,
    "noise_sensor_0": [
        -0.066950888669542,
        -0.017956978517573087,
        0.03388761295729715,
        -0.009199834220328128,
        0.04295133718881031,
        0.00108901853829866,
        -0.09699613331280242,
        -0.06177458246671435,
        0.03554032112590885,
        -0.011633420551382721,
        -0.0014074212251261962,
        0.013937740711896402,
        0.06270953991795201,
        0.034214661126945024,
        0.029388794043114827,
        -0.06355118691072505,
        0.03505484336552754,
        0.0049569487349747626,
        -0.0008902939797077105,
        0.009971525812107649,
        0.054955216458951996,
        -0.042190716502875175,
        -0.03780623089393101,
        0.0020432732039610568,
        0.0492678901997198,
        0.002523898989653853,
        -0.061944767580498564,
        0.012418852083611619,
        -0.07377347203241821,
        0.019396400466248208,
        0.0655926516169772,
        0.003590241537173765,
        -0.05505087328580651,
        0.03728671529262629,
        -0.06919964986583052,
        -0.012983032288087544,
        0.04090256798692888,
        -0.02748817165300415,
        0.03202413601027147,
        0.0019675810207406986,
        0.07957584696307575,
        0.007289853236558485,
        -0.028537853759702695,
        -0.008188460993341092,
        -0.011039416021088693,
        -0.052875624768355195,
        -0.030943230794012948,
        0.08807698946563096,
        -0.006724390297318714,
        0.04352682925996854,
        -0.018661992965584587,
        -0.10990799799334125,
        0.03540816888213861,
        0.0038801966271007292,
        -0.0034405993587448714,
        0.016036349408565412,
        0.012725918295297244,
        -0.015373101536592123,
        -0.07581176690056045,
        -0.046259319288458736
    ],
    "noise_sensor_1": [
        0.002039389806284863,
        -0.03133346100343184,
        -0.04374966181579056,
        -0.02954192672523813,
        0.030477424227800486,
        0.023483495236140677,
        -0.03383834639113312,
        -0.03883192261284136,
        -0.08252806490428961,
        -0.03841799773740796,
        -0.007524761533158522,
        0.007097616782483718,
        0.024436108085143616,
        -0.06743753457100532,
        -0.03578251264669732,
        -0.02307357493073136,
        -0.033414906310663996,
        -0.07001767885005439,
        -0.02277059832008872,
        -0.021298225961671975,
        0.03161753894904892,
        -0.034347384191087536,
        -0.042171512621122384,
        -0.011777450307446565,
        0.03237833186237725,
        -0.021638806168140925,
        -0.021726343281199132,
        0.03210681814908499,
        -0.011649410213688417,
        0.02938521813445907,
        -0.009249866480837598,
        -0.05563864514526494,
        -0.04949476287190871,
        -0.027055517104917562,
        -0.024414740692067883,
        0.047798485983737586,
        -0.08467132310261313,
        0.013295004702060596,
        0.024616220849360635,
        -0.07734829011901553,
        -0.06105895128175992,
        -0.009960795957914647,
        -0.07159106749178484,
        -0.03540541262589557,
        0.013568549492564313,
        0.027306367164702465,
        -0.012595973033975718,
        -0.01047131765348353,
        -0.021418875745173815,
        0.06086852788114125,
        0.0403266270622373,
        0.01003094317801154,
        -0.018935628777921907,
        -0.03638490298904351,
        -0.05167470082894836,
        0.019732510655102297,
        -0.03546790627718644,
        -0.02466485640852117,
        -0.011531253586522504,
        -0.007371058040535455
    ],