{
    "ParameterSet": [
        0.0,
        0.0,
        0.0,
        0.0,
        0.0,
        0.0,
        0.0,
        0.0,
        0.0,
        0.0,
        0.0,
        0.0,
        0.0,
        0.0,
        0.0,
        0.0,
        0.0,
        0.0,
        0.0,
        0.0,
        0.5044372080402942,
        0.11179573179088269,
        0.22336131133168322,
        0.5238323908959595,
        0.4897837537401469,
        0.23336879209210276,
        0.156900132397411,
        0.2705401047539295,
        0.5045759819857375,
        0.4904423579823461,
        0.2409376907772342,
        0.1710147855545038,
        0.2840915832472842,
        0.5079500341720962,
        0.4593346845127408,
        0.21835216964225468,
        0.1690032511888188,
        0.3258838945822318,
        0.5074750373643965,
        0.2620683981985637,
        -0.04,
        -0.04,
        -0.04,
        -0.04,
        -0.04,
        -0.04,
        -0.04,
        -0.04,
        -0.04,
        -0.04,
        -0.04,
        -0.04,
        -0.04,
        -0.04,
        -0.04,
        -0.04,
        -0.04,
        -0.04,
        -0.04,
        -0.04
    ],
    "SensorParameterSet": [
        -0.21102271211547444,
        -0.04059265982350149,
        -0.05449041571060073,
        -0.003674768642718675,
        -0.10849103813702594,
        0.39721851024700233,
        -0.06945649715674845,
        -0.054147685434044586,
        -0.5546686877686954,
        0.16826607248976874,
        0.09212876706830883,
        0.363084879626563,
        -0.13298010014536446,
        0.23813519292720492,
        -0.021218112953143797,
        0.3823614602032049,
        0.1669935010303989,
        0.023409399375076956,
        -0.07884494593562813,
        0.10012300623293746,
        0.1515589419420092,
        0.10774345501667737,
        -0.021631040091137654,
        -0.1462939168688486,
        0.26550027766090767,
        -0.3557776686815723,
        -0.29077467220672026,
        -0.07728192350247699,
        0.026718160904471773,
        -0.21884965761417283,
        -0.10542819409253122,
        -0.08754103100675382,
        -0.12660760104335342,
        -0.23497415799395704,
        -0.3268415878376425,
        0.2589390607196717,
        -0.17694606573485622,
        0.17462673980230242,
        -0.3359517742138539,
        -0.3043330147057241,
        0.21889932874508672,
        -0.3294938065252613,
        -0.4191476383599063,
        0.21854978551408483,
        0.19242772549139045,
        -0.14620020797510272,
        -0.3574144111851677,
        0.042035077640554794,
        -0.051052532601323974,
        0.40171282429717664,
        -0.3710867065908492,
        0.12445336758854456,
        -0.1062517535971415,
        -0.20632583670882867,
        0.10356950764362233,
        -0.09121885993182204,
        0.02106802241138475,
        -0.41318729075519317,
        -0.13945287176451363,
        0.03604727056755487
    ],
    "checked": "indirect",
    "iteration": 44,
    "noise_sensor_0": [
        0.011091609725160474,
        0.05171560791721372,
        0.007903891649956384,
        -0.014122705974538869,
        -0.06495555867727754,
        -0.016448647175069324,
        0.08335332500044743,
        0.0014937987791439032,
        -0.1030022872446215,
        0.03669354067681839,
        -0.0370740609134208,
        0.015963312839882744,
        0.012421661113018788,
        0.05539699673401144,
        0.007369104052891462,
        0.04536335855977263,
        -0.020431874756170185,
        -0.008564797242879169,
        0.030135865481152737,
        -0.04414454792391831,
        0.06267052437648521,
        0.04061452870382303,
        0.016433968350307915,
        0.0055766194699317,
        -0.02876920104963206,
        0.021727481417287677,
        0.04664934328573554,
        -0.017290843102914205,
        -0.022149810917445212,
        -0.0822405083838381,
        0.04029620754021046,
        -0.08469794590475427,
        0.036509784001984215,
        0.011146725705886625,
        0.032325946993536143,
        -0.06321865642383437,
        0.07605400335746818,
        -0.04194782257421405,
        0.022146054977855118,
        -0.08518217581809306,
        0.01885245889000535,
        -0.010452349943375634,
        -0.017321091211921977,
        -0.02471702130871709,
        -0.06183960746679298,
        0.03913128710233903,
        0.014150204311011074,
        -0.008150609435360088,
        0.054300264198816735,
        -0.0293735968627735,
        -0.005089301546757671,
        -0.03367731471797864,
        -0.007919867285666803,
        -0.02430545331316388,
        0.03214274777611243,
        0.012318506792549668,
        -0.044012061447011835,
        0.03924149227743603,
        0.04814739895137816,
        -0.0816801999821848
    ],
    "noise_sensor_1": [
        -0.0005894731409252211,
        0.06138214364574507,
        -0.04877782491760916,
        -0.05910348039416007,
        -0.0019278721993090837,
        -0.059859072342837875,
        -0.10992939601242922,
        -0.03213072611765848,
        -0.007091503943102478,
        0.009401744505557811,
        -0.017947478627974613,
        0.08091108408856548,
        -0.00994879857905241,
        -0.0021465633221102974,
        -0.07537784884013658,
        0.08675204115573686,
        0.031056860994263098,
        0.020778026107899875,
        -0.004847173060865314,
        0.02961489750686508,
        0.04581443033026155,
        -0.1255343581858342,
        -0.04211682236364295,
        -0.17571230965055615,
        0.024064487279480844,
        0.050656449793826934,
        -0.05480063537005105,
        0.0007663357843009107,
        -0.01638988155002989,
        -0.03356210940666341,
        -0.058017708366530696,
        0.04112017318563041,
        0.004328032728053709,
        0.04610351209831476,
        -0.04020956001031191,
        0.0012962410942029352,
        0.031152908924893384,
        0.007714282238054958,
        -0.031046493310629187,
        0.06984019485054811,
        -0.07007125032681885,
        -0.02276351031852575,
        -0.01789358648976261,
        0.0288087894186242,
        -0.028004161409506678,
        -0.02319133641379346,
        -0.07083706694595132,
        -0.015490321955513758,
        -0.0402433033503077,
        0.04384509493104647,
        -0.018612994735740913,
        -0.010558056685439146,
        -0.02112141753569133,
        0.03275872432397313,
        -0.07795110593198666,
        0.019496667580744816,
        0.022103575689466564,
        0.024419625407769964,
        -0.0492927476642135,
        0.03895178306216697
    ],