{
    "ParameterSet": [
        0.0,
        0.0,
        0.0,
        0.0,
        0.0,
        0.0,
        0.0,
        0.0,
        0.0,
        0.0,
        0.0,
        0.0,
        0.0,
        0.0,
        0.0,
        0.0,
        0.0,
        0.0,
        0.0,
        0.0,
        0.5044372080402942,
        0.11179573179088269,
        0.22336131133168322,
        0.5238323908959595,
        0.4897837537401469,
        0.23336879209210276,
        0.156900132397411,
        0.2705401047539295,
        0.5045759819857375,
        0.4904423579823461,
        0.2409376907772342,
        0.1710147855545038,
        0.2840915832472842,
        0.5079500341720962,
        0.4593346845127408,
        0.21835216964225468,
        0.1690032511888188,
        0.3258838945822318,
        0.5074750373643965,
        0.2620683981985637,
        -0.04,
        -0.04,
        -0.04,
        -0.04,
        -0.04,
        -0.04,
        -0.04,
        -0.04,
        -0.04,
        -0.04,
        -0.04,
        -0.04,
        -0.04,
        -0.04,
        -0.04,
        -0.04,
        -0.04,
        -0.04,
        -0.04,
        -0.04
    ],
    "SensorParameterSet": [
        -0.19631540944268308,
        0.005457781632674194,
        -0.26588231175993365,
        0.037738149754694826,
        -0.29152878422341033,
        0.33542857584297786,
        0.16995303546154955,
        -0.08773693278110274,
        -0.4864217726615608,
        0.09495118381147988,
        -0.008451769994157024,
        0.38713034052862755,
        -0.17462918507373432,
        0.3269214584866305,
        0.2237526580512773,
        0.622928653008893,
        0.3551083940782624,
        0.20741335590723786,
        -0.1933573432044474,
        0.11612726028812027,
        -0.10818117568357785,
        0.07553714545304657,
        0.1189776811571002,
        -0.01142235740701612,
        0.26894088803658334,
        -0.15933611560277702,
        -0.1151886862361304,
        -0.24079759012418514,
        0.022892448855430375,
        -0.30472079564502474,
        -0.04622838075002741,
        -0.15535732093266835,
        -0.13406797595605305,
        -0.2073661898207118,
        -0.22336214629039283,
        0.12545172055847675,
        -0.2525164145318307,
        0.30618586735233916,
        -0.23811046107248762,
        -0.22341838734718597,
        0.1695333477935982,
        -0.2080501407807833,
        -0.19660375308087075,
        0.3879878534527749,
        0.30924479241051345,
        -0.16295033340738038,
        -0.4512176887508238,
        0.04503441411811749,
        -0.02577579188671262,
        0.5699380660946111,
        -0.42363905443491506,
        0.03863692852389345,
        0.007080369457890855,
        -0.3368676939167232,
        0.043921192622308314,
        -0.0008364776952069853,
        0.15953669103088117,
        -0.2254285759473626,
        -0.2350251067441414,
        -0.1696143414854481
    ],
    "checked": "indirect",
    "iteration": 78,
    "noise_sensor_0": [
        -0.019062185631505243,
        0.006410772429214654,
        0.06581877303643567,
        0.038086598585720666,
        0.037021880397321606,
        0.04036134561287205,
        -0.060262409292346164,
        0.008703477002126838,
        0.02560079859530165,
        0.0316313058350464,
        -0.058906371981358965,
        -0.005006326913781765,
        0.0071664593707205446,
        0.019011868054351885,
        0.03250488866894133,
        -0.024890194636401925,
        0.03735854917936494,
        0.06295775984935362,
        0.0391922003347383,
        0.04672565128761922,
        0.0046476178226307055,
        -0.055194960961359944,
        0.01494496120447513,
        0.04327083439589031,
        -0.09293148985947315,
        -0.0200349415130375,
        0.05064189679790264,
        0.019755248329189328,
        0.015539702818124,
        -0.011655409121290086,
        -0.026078854779848008,
        6.907302950842188e-05,
        -0.07044201804984658,
        0.03106478924092496,
        0.019118787564551546,
        -0.0277330841396761,
        -0.01652416731697196,
        0.016985419300792982,
        0.037523999445676956,
        0.03399181418637566,
        0.0032554439170775057,
        0.06491500102603204,
        -0.05133507967853649,
        -0.03040862243033514,
        -0.03471380589875411,
        0.030782203935850055,
        0.05297559305015681,
        -0.001199099951111128,
        -0.03721181124349102,
        0.08070516018597697,
        -0.037508819466421955,
        0.029665664381548464,
        0.021786384475645192,
        -0.028637594741095316,
        0.027439259122283986,
        -0.06283059593918819,
        -0.010016710376424159,
        -0.019638565481518145,
        -0.006735242557441418,
        -0.01475845174094407
    ],
    "noise_sensor_1": [
        -0.02774481529184154,
        0.03539174957951376,
        -0.05083119778660366,
        -0.04269444237241336,
        0.01907814244169426,
        -0.0420190886490447,
        0.0011532982517199252,
        -0.022741834843484715,
        -0.013647175587791598,
        -0.03541409999127966,
        0.06597321393557007,
        0.04409896648205292,
        0.06097425714258518,
        -0.024406626416803523,
        0.0014098696513379172,
        0.0557701651041456,
        -0.00786086787755643,
        0.013202755585030135,
        0.05989029987304439,
        -0.0899539188195037,
        0.07280958355058036,
        -0.033911375299873626,
        -0.06043266408651681,
        0.029461033651816973,
        -0.013496090366487868,
        -0.026717668193732204,
        -0.01952507355343458,
        0.025952383033625872,
        0.04301943266291041,
        0.026169080509266005,
        0.001615165901852031,
        -0.002846869258278507,
        0.017270400150614245,
        -0.042512588466941725,
        -0.01939466776979068,
        0.007262204938085743,
        0.026690202910204255,
        0.05981166001397753,
        -0.004782458114081251,
        -0.040068302839875,
        0.02993731090555594,
        -0.0563637503463041,
        0.00929765132815531,
        0.03626793025237628,
        0.00848708543650754,
        0.01954601568023341,
        0.018265298766026877,
        -0.03186714900497161,
        -0.011791887881829846,
        0.0010242904029246014,
        -0.02273026364532213,
        -0.01460392008677809,
        -0.016066502889129024,
        -0.07766811024388527,
        -0.022063439864219495,
        -0.035242344491904304,
        -8.747325176344215e-05,
        -0.03118429068079513,
        -0.00555591724232136,
        -0.0357764084373135
    ],