{
    "ParameterSet": [
        0.0,
        0.0,
        0.0,
        0.0,
        0.0,
        0.0,
        0.0,
        0.0,
        0.0,
        0.0,
        0.0,
        0.0,
        0.0,
        0.0,
        0.0,
        0.0,
        0.0,
        0.0,
        0.0,
        0.0,
        0.5044372080402942,
        0.11179573179088269,
        0.22336131133168322,
        0.5238323908959595,
        0.4897837537401469,
        0.23336879209210276,
        0.156900132397411,
        0.2705401047539295,
        0.5045759819857375,
        0.4904423579823461,
        0.2409376907772342,
        0.1710147855545038,
        0.2840915832472842,
        0.5079500341720962,
        0.4593346845127408,
        0.21835216964225468,
        0.1690032511888188,
        0.3258838945822318,
        0.5074750373643965,
        0.2620683981985637,
        -0.04,
        -0.04,
        -0.04,
        -0.04,
        -0.04,
        -0.04,
        -0.04,
        -0.04,
        -0.04,
        -0.04,
        -0.04,
        -0.04,
        -0.04,
        -0.04,
        -0.04,
        -0.04,
        -0.04,
        -0.04,
        -0.04,
        -0.04
    ],
    "SensorParameterSet": [
        -0.15966728045942802,
        -0.00806491390828524,
        -0.10371261121996478,
        -0.016261859318378244,
        -0.1573586798382809,
        0.3913604751461063,
        -0.014103460506558878,
        -0.001839265072643347,
        -0.5100696551719006,
        0.12790167512453657,
        0.056987911986141365,
        0.23566842686380454,
        -0.13110240848870808,
        0.21228467000086274,
        -0.056999917220106125,
        0.2978838926118609,
        0.2441629269383063,
        -0.043059133272457535,
        -0.2546668454039839,
        0.08743223955642207,
        0.11643202554376923,
        0.022636464448691516,
        -0.042570781481326606,
        -0.15786008667138365,
        0.2504275723126561,
        -0.2021718064171256,
        -0.24442201457049667,
        -0.014842571914014098,
        0.04288011691917251,
        -0.18579487661229652,
        -0.2145582163064738,
        -0.18051342863211606,
        -0.16522002304783662,
        -0.032567431041261335,
        -0.3875468695162421,
        0.33380869708056193,
        -0.20182519025953685,
        0.15930566818233638,
        -0.2725717581220629,
        -0.08979369871525544,
        0.25177029849025667,
        -0.23375029880842021,
        -0.37429638553878625,
        0.14895658248458976,
        0.15142514715491825,
        -0.11290219874172276,
        -0.3661122042807211,
        -0.014467549209721813,
        -0.04261459649039546,
        0.4999477898798155,
        -0.44201244905441783,
        0.12134118421157783,
        -0.15259895184662023,
        -0.15497344008764613,
        0.11606871976186012,
        -0.143589773352949,
        -0.03505188558551038,
        -0.2844350575226794,
        -0.036923879016259854,
        0.07093046087932717
    ],
    "checked": "indirect",
    "iteration": 37,
    "noise_sensor_0": [
        -0.021832034169173474,
        0.04718616718358868,
        0.00868443625945754,
        -0.05454816170085547,
        0.008293401463886328,
        -0.04321266267160321,
        -0.07100652940278696,
        0.04908255051634123,
        -0.0669816531034003,
        0.07918686238349237,
        -0.026920283168066918,
        -0.002499011378337508,
        -0.06731542162290215,
        -0.018487376877041432,
        -0.06226569686236213,
        -0.0006295971929124816,
        -0.06717200729306957,
        0.04469305250254873,
        -0.0629780124166019,
        -0.01738657475194426,
        -0.09027824261299863,
        0.10717659337818145,
        -0.008030558031430393,
        0.024769068791320573,
        0.0400122450207336,
        0.05875134828117089,
        0.05864685955364839,
        -0.0284895446103916,
        -0.039817878715391525,
        0.03726468662115217,
        0.046051207877262676,
        -0.04423195502000758,
        -0.07992655164582857,
        -0.025659370476523904,
        0.06931179710753238,
        -0.011178166095571604,
        -0.07086927923187912,
        -0.05479900468509444,
        -0.01734293323060832,
        -0.024945187216273267,
        -0.1038777480274768,
        0.06809135962210665,
        0.03897406468482455,
        0.014850911783199316,
        -0.07252676197031385,
        0.017673436264186285,
        0.05089493837299264,
        -0.004121039900854856,
        -0.041842414584542166,
        0.011239389746694074,
        0.05805509651457217,
        0.07651645931140831,
        -0.05293823717001816,
        0.07385883667061341,
        0.00843967988468467,
        -0.08518895950708062,
        -0.068659205379447,
        0.021314674874329288,
        -0.03066460093990915,
        0.014229916538606956
    ],
    "noise_sensor_1": [
        0.0016144469434655729,
        -0.018158253912367674,
        0.006414854906019579,
        0.020282206907561634,
        0.03230402031135617,
        0.06203711552256622,
        -0.04561917643980753,
        0.005857281507366173,
        0.014861181516325407,
        0.014507484208970195,
        -0.05914802369871312,
        0.1126735889020261,
        -0.0895204075594369,
        -0.03636541552377999,
        0.004095186185080386,
        0.051858956963225504,
        -0.048262537550937734,
        -0.009413400375887268,
        -0.016918164423137653,
        -0.0553992855852972,
        -0.08886834019303448,
        -0.016819270678158162,
        0.014686269995179347,
        0.05101845605315843,
        0.05962205574875626,
        0.02315441158520787,
        0.03271981570323766,
        -0.0021250986859386407,
        0.056656328252572545,
        0.009621042870231291,
        0.05799938169362423,
        0.01409114257746828,
        0.01975094031911391,
        -0.0048655790727078685,
        0.018495519966409708,
        -0.008660898904538541,
        -0.0030169118453074657,
        0.040316458092283944,
        -0.019254327271763315,
        0.05559851634015868,
        0.004755924718649994,
        0.003626802585704517,
        -0.02060167873010504,
        -0.0011001795474154565,
        -0.019217619204900543,
        0.014369619636370332,
        0.06590122703768042,
        -0.0007034840135189991,
        -0.03003273403723014,
        -0.03988606756767731,
        0.009248217233899961,
        0.0035406325232946205,
        -0.08329142074557944,
        0.01132462960528222,
        -0.05157371322572565,
        -0.02962340076880892,
        -0.029207068483849352,
        0.0724646918780675,
        0.02808170779969959,
        0.035256891157859384
    ],