{
    "ParameterSet": [
        0.0,
        0.0,
        0.0,
        0.0,
        0.0,
        0.0,
        0.0,
        0.0,
        0.0,
        0.0,
        0.0,
        0.0,
        0.0,
        0.0,
        0.0,
        0.0,
        0.0,
        0.0,
        0.0,
        0.0,
        0.5044372080402942,
        0.11179573179088269,
        0.22336131133168322,
        0.5238323908959595,
        0.4897837537401469,
        0.23336879209210276,
        0.156900132397411,
        0.2705401047539295,
        0.5045759819857375,
        0.4904423579823461,
        0.2409376907772342,
        0.1710147855545038,
        0.2840915832472842,
        0.5079500341720962,
        0.4593346845127408,
        0.21835216964225468,
        0.1690032511888188,
        0.3258838945822318,
        0.5074750373643965,
        0.2620683981985637,
        -0.04,
        -0.04,
        -0.04,
        -0.04,
        -0.04,
        -0.04,
        -0.04,
        -0.04,
        -0.04,
        -0.04,
        -0.04,
        -0.04,
        -0.04,
        -0.04,
        -0.04,
        -0.04,
        -0.04,
        -0.04,
        -0.04,
        -0.04
    ],
    "SensorParameterSet": [
        -0.060238908280591856,
        -0.09010836477863846,
        -0.015353056271789544,
        -0.056216690902986685,
        -0.08328999931055518,
        0.24391001228541775,
        0.01417593385578168,
        -0.0746943699892294,
        -0.17792810661350936,
        0.03199180092733174,
        0.02342566818196874,
        0.20258098363368454,
        -0.02316412835872323,
        0.25267246736533144,
        0.09520103437075766,
        0.1476283671804791,
        -0.08932711779791509,
        -0.019731470713026986,
        0.02645729122084976,
        -0.12708088952413354,
        0.19196604993929148,
        -0.012496697746997293,
        -0.04258180558067817,
        -0.267868650149459,
        0.07658836753627642,
        -0.18761583149350167,
        0.09169811928429827,
        -0.17736485235417374,
        -0.048301800921725056,
        -0.059524834436568246,
        0.017074734477476178,
        -0.06707682785386906,
        -0.04474822213593162,
        -0.06094398718133418,
        0.004225321557472791,
        0.10969934479005328,
        -0.039255155619438875,
        -0.04200174459302425,
        -0.3384063546377023,
        -0.07836607464470718,
        0.050050448938679,
        0.01062260384482025,
        -0.24844949083936174,
        -0.03057335863642962,
        0.14153362270920733,
        0.09889422707171089,
        -0.09031678083810177,
        -0.0300287405977552,
        -0.007232501942018771,
        0.24849073710433867,
        -0.06536166642185143,
        0.09659098740740091,
        -0.028171803889946972,
        0.1642065985940702,
        0.13648031495841945,
        0.03648265972103022,
        0.05547228578738296,
        -0.2079318383995153,
        0.12130246447923451,
        0.17698370640700006
    ],
    "checked": "indirect",
    "iteration": 7,
    "noise_sensor_0": [
        -0.049828583100791614,
        0.09075918935884318,
        -0.031101813926383608,
        0.11658814502281988,
        0.019461407625454317,
        0.008590996710128978,
        -0.02709948100484684,
        0.1365003076179427,
        0.005035677502630362,
        0.024192841881615922,
        -0.00639433411165309,
        0.004982780951568208,
        0.042264918736219494,
        0.012438517865537502,
        -0.07012467491176202,
        0.026454913592335136,
        0.07295934504321674,
        -0.06861964463174858,
        -0.02303093635661957,
        0.05848858179319704,
        0.01840459274676671,
        0.017345972046644172,
        -0.025251732315537897,
        0.016823156795923402,
        -0.020882235225669822,
        -0.0025935035481888056,
        0.08090473330777512,
        -0.07899647824303782,
        0.09298795120601681,
        0.09131382991757471,
        -0.019174046813660448,
        -0.002925157205239787,
        0.0362251944694032,
        -0.04110086563697746,
        -0.012237926157904672,
        0.20511760774412865,
        -0.011181240293982455,
        -0.025221146931981055,
        0.10026434793469265,
        -0.03685686476547512,
        0.005111334934467672,
        0.01406060446701639,
        -0.006163801683807612,
        0.030284900398704972,
        -0.02304633076424102,
        0.008441871364607108,
        -0.11250454484903576,
        0.028181718030907264,
        -0.027447556849833278,
        -0.12096232201961171,
        -0.029511578919246367,
        0.008780313022020668,
        -0.050179275776155344,
        -0.0379743514002983,
        0.02652167488119392,
        0.1295926749307139,
        -0.031783331055761435,
        0.0531694120028889,
        -0.09506198849065166,
        0.08453783517102986
    ],
    "noise_sensor_1": [
        -0.06573597361168458,
        -0.08295234384639093,
        -0.01848471288324168,
        0.014305854831341929,
        -0.05597568166175708,
        0.013025255434757627,
        0.020863794498332137,
        -0.07727984451171283,
        0.051599944896491036,
        0.13132599923358562,
        -0.034928284671143194,
        -0.03753771190556262,
        0.019558121114805038,
        -0.024640766641340184,
        0.04659440449669574,
        0.027670010578223634,
        0.03392092474661131,
        -0.03821919941229478,
        -0.061457036350823294,
        0.05811976956215163,
        -0.024949717211859797,
        0.08871671262730506,
        -0.06779632110324565,
        -0.011635048799464195,
        -0.10635043804919261,
        -0.009178410766822041,
        0.08526532779001951,
        0.07414042404392644,
        -0.005912097639392006,
        0.011617154294912183,
        0.039939130888087725,
        -0.12731936279279366,
        0.04905095806186995,
        0.08389792037985916,
        0.00931287976299548,
        -0.07555999742256549,
        0.015742199732222906,
        -0.1496456700071497,
        0.03778149789272805,
        -0.04589207124299799,
        0.060691260160023165,
        0.038343645361987456,
        0.04821794461866689,
        0.07878361861897622,
        0.12210150818293514,
        0.09735562634380765,
        -0.038835129931708304,
        -0.044076652309892266,
        -0.009327747550229462,
        -0.09904566027416786,
        0.06292069544510992,
        0.03579944236586155,
        -0.03838566464732158,
        0.003995987081770978,
        0.061407664119951584,
        -0.10950270919154045,
        0.08534384119159374,
        -0.042063222743322186,
        -0.03615394996438587,
        -0.0011144830047508099
    ],