{
    "ParameterSet": [
        0.0,
        0.0,
        0.0,
        0.0,
        0.0,
        0.0,
        0.0,
        0.0,
        0.0,
        0.0,
        0.0,
        0.0,
        0.0,
        0.0,
        0.0,
        0.0,
        0.0,
        0.0,
        0.0,
        0.0,
        0.5044372080402942,
        0.11179573179088269,
        0.22336131133168322,
        0.5238323908959595,
        0.4897837537401469,
        0.23336879209210276,
        0.156900132397411,
        0.2705401047539295,
        0.5045759819857375,
        0.4904423579823461,
        0.2409376907772342,
        0.1710147855545038,
        0.2840915832472842,
        0.5079500341720962,
        0.4593346845127408,
        0.21835216964225468,
        0.1690032511888188,
        0.3258838945822318,
        0.5074750373643965,
        0.2620683981985637,
        -0.04,
        -0.04,
        -0.04,
        -0.04,
        -0.04,
        -0.04,
        -0.04,
        -0.04,
        -0.04,
        -0.04,
        -0.04,
        -0.04,
        -0.04,
        -0.04,
        -0.04,
        -0.04,
        -0.04,
        -0.04,
        -0.04,
        -0.04
    ],
    "SensorParameterSet": [
        -0.13406084206488675,
        -0.0777094786822454,
        0.014930383927448504,
        -0.06705625629817928,
        -0.1263193481160774,
        0.1593194999553552,
        0.05784770360326292,
        -0.05350302346572784,
        -0.277615090406672,
        -0.013318520086938995,
        0.04255776274963,
        0.0967312619139073,
        0.050280756620054635,
        0.4437241461446196,
        0.09364711321995023,
        0.19672839965733419,
        0.1319135727582702,
        -0.020736573593291063,
        -0.14222200334346163,
        -0.05111409583198078,
        0.28323931538713243,
        -0.03929013502064439,
        0.01761342045401713,
        -0.2551846704072113,
        0.12449968403382418,
        -0.21205320912110603,
        0.06438308836443024,
        -0.2724705528561478,
        -0.007794914880347684,
        -0.15673791300445258,
        -0.048136793844465946,
        -0.0654996692014974,
        -0.02153596414070903,
        -0.10966336935042804,
        -0.1711732864647169,
        0.10996181461309802,
        -0.048432332588878545,
        0.036847089051353865,
        -0.4114393404950973,
        -0.14779925529079904,
        -0.02464854617873877,
        -0.007540699746322523,
        -0.19746051699227174,
        0.028921627307544284,
        0.09117569103629745,
        -0.19412200522408254,
        -0.03893224487956298,
        -0.06552224735273542,
        -0.11309600668958672,
        0.2844093547546366,
        -0.1531064268952901,
        0.23262219513830878,
        -0.1490122815122197,
        0.1351505212079891,
        0.17203713917923424,
        -0.014537309677742354,
        0.08225001806995802,
        -0.2194167787578809,
        0.10412322183390416,
        0.09031712949603533
    ],
    "checked": "indirect",
    "iteration": 13,
    "noise_sensor_0": [
        0.004737312777560215,
        0.011161878782644788,
        -0.06622637200618998,
        -0.13017598691744584,
        0.029075868466704183,
        0.06605266061692278,
        0.011741862481155163,
        0.016252748901951167,
        -0.05849840537481485,
        0.029963461394142785,
        -0.08724893601306627,
        -0.13641519280400924,
        0.03337112993736,
        0.06589703013361091,
        0.03245136380843457,
        -0.01630508813662374,
        0.011960394041495038,
        0.05770337792140345,
        0.04754722667533632,
        -0.036588169301687186,
        -0.033982515186655654,
        -0.007704537466458744,
        0.08616844112128626,
        0.016370416620813132,
        0.03431793587522115,
        -0.009743502675044048,
        -0.06251236505581542,
        0.09656277014396071,
        0.08531827505988535,
        -0.0028991806563713122,
        -0.04372663313613877,
        0.05021865849266693,
        -0.008330784815355678,
        -0.048437121632077994,
        0.013996071585806206,
        0.00289583907518946,
        -0.06174310448467163,
        0.004153595279534902,
        0.12149206892691691,
        -0.03775381207123579,
        0.07383094278589687,
        0.02634941627537606,
        0.02547034732715625,
        -0.05543849524217085,
        -0.03891505992683356,
        0.04295161519314472,
        -0.025245401789145555,
        0.03267239515431795,
        0.02367114340817189,
        -0.01519952130292854,
        0.030144428711471008,
        -0.033302006465155534,
        -0.057698647468785356,
        0.027758294200642596,
        0.02847349043623252,
        -0.04992525776469429,
        -0.010487453938385603,
        -0.0004288025637500643,
        0.05382521841525236,
        0.06694404899129892
    ],
    "noise_sensor_1": [
        0.015578420396262152,
        0.0075356971239414145,
        -0.0007393876815589874,
        -0.02788005101400555,
        0.10910791560843519,
        -0.03248832705099961,
        0.022085642920466258,
        -0.15051973273813843,
        -0.159561686763612,
        -0.026371022154595327,
        0.03288097711818664,
        -0.09065565969435362,
        0.03772233329430281,
        -0.07342181537348488,
        0.13031584116207687,
        -0.029890907275140256,
        0.01930169318896787,
        -0.025267010629062676,
        -0.03808007879581658,
        0.04504699419978459,
        -0.021490970117283875,
        0.00736996018378263,
        0.07859696529088091,
        0.050741475862199514,
        0.15692988206236858,
        0.023298934948446565,
        0.12189473852495486,
        0.10283202586715354,
        0.00890880166581594,
        -0.03174535304420058,
        0.050338950682895324,
        0.054735028582132805,
        -0.04981865116380041,
        0.08720290157553098,
        0.04274740684556483,
        -0.07643485139337597,
        0.03164757315620042,
        -0.0014745207305449338,
        -0.023084274495429706,
        -0.10216852627683952,
        -0.08129410809586379,
        -0.0793665515483614,
        -0.021947633922240486,
        -0.07583263620503852,
        0.05242337462544064,
        0.09097617180429443,
        -0.06375165707574391,
        0.01504930086513914,
        -0.05143846946558088,
        0.04052528003415365,
        -0.041305383153137865,
        0.0614339368174879,
        -0.009227826876798335,
        0.15924460958925252,
        -0.008708468708517894,
        0.051547466492882,
        0.035683371934301475,
        -0.037138651507657564,
        0.09539745940812273,
        -0.04352508263134985
    ],