{
    "ParameterSet": [
        0.0,
        0.0,
        0.0,
        0.0,
        0.0,
        0.0,
        0.0,
        0.0,
        0.0,
        0.0,
        0.0,
        0.0,
        0.0,
        0.0,
        0.0,
        0.0,
        0.0,
        0.0,
        0.0,
        0.0,
        0.5044372080402942,
        0.11179573179088269,
        0.22336131133168322,
        0.5238323908959595,
        0.4897837537401469,
        0.23336879209210276,
        0.156900132397411,
        0.2705401047539295,
        0.5045759819857375,
        0.4904423579823461,
        0.2409376907772342,
        0.1710147855545038,
        0.2840915832472842,
        0.5079500341720962,
        0.4593346845127408,
        0.21835216964225468,
        0.1690032511888188,
        0.3258838945822318,
        0.5074750373643965,
        0.2620683981985637,
        -0.04,
        -0.04,
        -0.04,
        -0.04,
        -0.04,
        -0.04,
        -0.04,
        -0.04,
        -0.04,
        -0.04,
        -0.04,
        -0.04,
        -0.04,
        -0.04,
        -0.04,
        -0.04,
        -0.04,
        -0.04,
        -0.04,
        -0.04
    ],
    "SensorParameterSet": [
        -0.05691073698587374,
        -0.06818499951485964,
        0.007639184623497735,
        -0.05695804729840725,
        -0.14842453958460383,
        0.27131931255992214,
        0.12363277255750586,
        -0.06369730615987805,
        -0.37790270400542675,
        0.11411047720147156,
        -0.019429385566036104,
        0.050330731186925444,
        0.01744252824331148,
        0.5334619805615044,
        0.09773661868669149,
        0.2842814093775523,
        0.24420807967108482,
        -0.10505302931884357,
        -0.11745640680025703,
        -0.05565169586724925,
        0.1738405307049203,
        -0.01049325876511053,
        0.11855252340850839,
        -0.2243507551288936,
        0.24412458702935894,
        -0.14681046874877918,
        -0.02605004976226195,
        -0.25644039529106677,
        0.12833611014567387,
        -0.18998243564877798,
        -0.04667088175784483,
        -0.0787941248156358,
        -0.11536015387850404,
        -0.15012277699238186,
        -0.32333822484395464,
        0.23056390353142023,
        -0.13596584406030607,
        -0.012135643809785218,
        -0.24014993057581063,
        -0.1571485955521354,
        0.1472719362347742,
        0.00028689177760075316,
        -0.25426940853213964,
        0.17317962666342274,
        0.0926322228239854,
        -0.27799194350230066,
        -0.05578205589995965,
        -0.0734770252649868,
        0.0655062814842031,
        0.5351671970403744,
        -0.3555253688593003,
        0.14742398438779716,
        -0.015951954299311105,
        -0.05608856708582773,
        -0.01821809746994773,
        -0.09013393785563992,
        -0.057100993889415266,
        -0.2983993375710618,
        -0.024324932424529835,
        0.1185120402691762
    ],
    "checked": "indirect",
    "iteration": 22,
    "noise_sensor_0": [
        0.003347661869254108,
        0.03923976121961928,
        0.026194464308346176,
        0.029645052013108283,
        -0.05817348382565141,
        0.042405714968576494,
        0.030992457020825297,
        -0.059286162208245355,
        0.054868616796402654,
        -0.01715228532184946,
        0.019859934776964135,
        -0.010990907984671984,
        -0.025785113392500506,
        0.02699102766696726,
        0.04403710005309859,
        0.005272494844592467,
        -0.01342342092947389,
        -0.022961076655146958,
        0.06266633194180687,
        0.07993811552461273,
        0.014157335432976348,
        -0.012976153163144342,
        -0.04841611508039773,
        -0.07656641182179803,
        -0.0391799771025926,
        -0.02426057095030353,
        -0.07736496169140487,
        -0.03553937793983738,
        -0.030453054812787247,
        0.07492666758915614,
        0.04822854897277678,
        0.002773637478085086,
        0.038921875395641736,
        0.04656042326479218,
        -0.044170450385444766,
        0.1341051785123198,
        -0.0011240288206672091,
        0.10268580263612134,
        -0.01517578215163508,
        -0.09935282507685425,
        -0.02289127447417475,
        -0.003937112188474603,
        -0.0011915454338649058,
        -0.017772371740683322,
        -0.12231297623724967,
        0.03902986962899355,
        -0.03344205914074864,
        -0.04468420899198006,
        0.10649050462006994,
        0.035928212608135196,
        0.008149181617301628,
        -0.043945923881123866,
        -0.009586867138193405,
        0.07624858341161565,
        -0.057325208340041504,
        -0.03399642044007174,
        0.046107616460285564,
        0.04753802306590225,
        0.028393222724199068,
        0.06815626513602635
    ],
    "noise_sensor_1": [
        -0.014560064242406476,
        -0.06655489135744411,
        -0.025301351888800498,
        0.04376057217230908,
        -0.05417667887976927,
        -0.030651173386747475,
        -0.0742154476825389,
        -0.02319571259694026,
        -0.000322227349678591,
        -0.08816000676718577,
        0.11722251811776811,
        0.11243090682283115,
        0.02858833189099718,
        0.015228604748598615,
        -0.050418823797361456,
        0.008256052439619965,
        -0.03443770819771058,
        -0.0365629207730166,
        0.0674973800734589,
        0.04914059048374462,
        0.06331212521145362,
        0.054807955371935335,
        -0.0896377986467862,
        -0.04361101922562369,
        -0.0057697522777588744,
        0.02820832992622575,
        0.08640851873921511,
        -0.03338826298875878,
        0.07706046204202768,
        -0.04264063290772984,
        -0.009621582058653868,
        -0.15746686320347764,
        -0.019661829360189176,
        -0.08517518216600532,
        -0.01771483405891609,
        0.04793958996505667,
        0.09706448519405206,
        -0.08714769500983323,
        0.09469271730471002,
        0.0015817583188371949,
        -0.0715277221019646,
        0.0007628255761175495,
        0.008457538589601785,
        0.0017684140248863459,
        -0.040103853998199386,
        -0.06991083886929948,
        -0.030063863556794294,
        0.07248266002840732,
        0.06049004750409623,
        0.0028669764502337355,
        -0.04929746748329159,
        -0.005089760515879318,
        -0.03308564129586847,
        -0.03975019097807412,
        -0.0460717950731419,
        0.047723972872685066,
        -0.0018203340874393173,
        -0.05682533086104635,
        -0.05729786015954493,
        -0.04439677791245451
    ],