{
    "ParameterSet": [
        0.0,
        0.0,
        0.0,
        0.0,
        0.0,
        0.0,
        0.0,
        0.0,
        0.0,
        0.0,
        0.0,
        0.0,
        0.0,
        0.0,
        0.0,
        0.0,
        0.0,
        0.0,
        0.0,
        0.0,
        0.5044372080402942,
        0.11179573179088269,
        0.22336131133168322,
        0.5238323908959595,
        0.4897837537401469,
        0.23336879209210276,
        0.156900132397411,
        0.2705401047539295,
        0.5045759819857375,
        0.4904423579823461,
        0.2409376907772342,
        0.1710147855545038,
        0.2840915832472842,
        0.5079500341720962,
        0.4593346845127408,
        0.21835216964225468,
        0.1690032511888188,
        0.3258838945822318,
        0.5074750373643965,
        0.2620683981985637,
        -0.04,
        -0.04,
        -0.04,
        -0.04,
        -0.04,
        -0.04,
        -0.04,
        -0.04,
        -0.04,
        -0.04,
        -0.04,
        -0.04,
        -0.04,
        -0.04,
        -0.04,
        -0.04,
        -0.04,
        -0.04,
        -0.04,
        -0.04
    ],
    "SensorParameterSet": [
        0.5885340836394923,
        0.42591061549434006,
        -0.31116326516368875,
        -0.6729237858276546,
        -0.46684186955272794,
        -0.009508756994063693,
        0.6398348151376893,
        -0.18546103199711453,
        -0.4785873114373641,
        0.477480603305742,
        0.3455342969972731,
        -0.22342928816647525,
        -0.3133501914125541,
        -0.3623135382380506,
        0.18727034169534434,
        0.08213065066118695,
        0.6642892359715623,
        0.34878800233676155,
        0.3545611045060124,
        0.5125233371532376,
        -0.047882102623430484,
        -0.970548277764819,
        0.36149908817620535,
        -0.3973104810719886,
        0.5855858731768594,
        0.44106512868363407,
        -1.1357007083713873,
        -0.21456098250152678,
        -0.09459097751477122,
        -0.7025314810920358,
        -1.0899742847671203,
        -1.5650909665055932,
        -0.30027818527237504,
        -0.2308147923732098,
        -1.3491826660224122,
        -0.8204501337539036,
        -0.8782433253969155,
        -0.03567791185543049,
        0.05639934957825549,
        0.5382664949423578,
        -0.8720289823399725,
        0.2795515965660749,
        0.6218295092830285,
        -0.23093236283380172,
        0.07465440802157272,
        0.039445368529254655,
        0.373236635944855,
        -0.33510791964209263,
        0.048438450351449655,
        -0.06101896264678878,
        0.3334157089430127,
        -0.08637041173888645,
        0.026885788503862085,
        0.3406836052534174,
        -0.5782669935847858,
        -0.2119599773741586,
        -0.3124385124393888,
        -0.44125922578137833,
        -0.27902561732540854,
        -0.23877466387593627
    ],
    "checked": "indirect",
    "iteration": 66,
    "noise_sensor_0": [
        -0.029163395727169097,
        -0.08066637199901885,
        0.029903754552855634,
        -0.017003201125572263,
        0.0628207241979822,
        -0.14864854935936572,
        0.08902005201950897,
        0.12205918618705558,
        0.029754553055374704,
        -0.04990381235640556,
        -0.06119224532502516,
        -0.10033055877212023,
        0.06326787198960278,
        -0.04966548066571445,
        -0.061504481525299755,
        0.013768848539551543,
        -0.066220516199511,
        0.053346505108638816,
        0.02865641803791876,
        0.11371175118739077,
        -0.004898217109850661,
        -0.055039161311449376,
        -0.02679675560310453,
        0.11106476316464368,
        -0.01496034031228341,
        0.09092634452918895,
        0.01202192052537331,
        -0.11485191567732553,
        -0.03829810983018483,
        0.009756441761820412,
        0.042753713093496,
        -0.047163491470048106,
        0.07745749639858059,
        0.0057723932833117515,
        -0.051768385319110426,
        0.05917674987180123,
        0.09959022518725527,
        0.045409364953502236,
        0.043011893093271816,
        -0.03537855253226265,
        0.0318523592663651,
        0.09490694202702363,
        -0.05255213045191135,
        -0.027485972690428604,
        0.12351431097465383,
        -0.0363777716519222,
        -0.03794146561764318,
        0.07810541867497117,
        0.04050769693202398,
        -0.058940832294601876,
        -0.004506677889517813,
        -0.06144533919715308,
        -0.01888071309597585,
        0.03231273937774407,
        0.11523475264403057,
        -0.010284018171436213,
        -0.044616369700966246,
        -0.0007954865130233127,
        0.0035835193920813867,
        -0.002346125712644231
    ],
    "noise_sensor_1": [
        -0.022466932018009263,
        0.10019946921899647,
        0.12262284636449752,
        0.0799869141759037,
        0.01997524568467623,
        0.004884420896144561,
        -0.03373355410952378,
        -0.04870135535924894,
        0.04652387603996395,
        -0.005359363112512324,
        0.027855354675676982,
        -0.1480918719969989,
        -0.09416687461543607,
        -0.08683541142898252,
        -0.1620015373117432,
        0.07234229371317068,
        0.03902237006842715,
        -0.044339508061103754,
        -0.1253300982406021,
        0.018833746275927436,
        0.08126688473964222,
        -0.11940552620633445,
        -0.021451249250243498,
        0.01611932976282286,
        -0.013975483759481015,
        -0.02563903180642088,
        -0.006959303750692544,
        -0.12409816007793435,
        -0.0328903678720499,
        -0.0436843590791612,
        0.106270620353075,
        -0.11531684310555419,
        0.040236178241827486,
        0.09501662062897137,
        0.02152863569208169,
        0.06995267861821225,
        -0.0358489428043404,
        0.10290424462669069,
        -0.025758120523767705,
        -0.027991681852238732,
        0.08664039838808721,
        0.07724963054643219,
        0.011802656763338637,
        0.02548484961734095,
        -0.016823039705269043,
        -0.013245027227480497,
        -0.06697482406333163,
        0.03520283228968889,
        0.02987027819986138,
        0.05152965536039968,
        -0.05784833968833555,
        -0.07454737902194866,
        -0.061602708773152215,
        -0.09368518788212254,
        0.0511891389314563,
        0.04519811121360543,
        0.0475749731683055,
        -0.007747287998483909,
        -0.0038073500450874036,
        0.02157247318158489
    ],