{
    "ParameterSet": [
        0.0,
        0.0,
        0.0,
        0.0,
        0.0,
        0.0,
        0.0,
        0.0,
        0.0,
        0.0,
        0.0,
        0.0,
        0.0,
        0.0,
        0.0,
        0.0,
        0.0,
        0.0,
        0.0,
        0.0,
        0.5044372080402942,
        0.11179573179088269,
        0.22336131133168322,
        0.5238323908959595,
        0.4897837537401469,
        0.23336879209210276,
        0.156900132397411,
        0.2705401047539295,
        0.5045759819857375,
        0.4904423579823461,
        0.2409376907772342,
        0.1710147855545038,
        0.2840915832472842,
        0.5079500341720962,
        0.4593346845127408,
        0.21835216964225468,
        0.1690032511888188,
        0.3258838945822318,
        0.5074750373643965,
        0.2620683981985637,
        -0.04,
        -0.04,
        -0.04,
        -0.04,
        -0.04,
        -0.04,
        -0.04,
        -0.04,
        -0.04,
        -0.04,
        -0.04,
        -0.04,
        -0.04,
        -0.04,
        -0.04,
        -0.04,
        -0.04,
        -0.04,
        -0.04,
        -0.04
    ],
    "SensorParameterSet": [
        0.6232027917348161,
        0.5890208992456912,
        -0.677549179422062,
        -0.5875296596573976,
        -0.3706155137194533,
        -0.03047155413911457,
        0.8869764496439551,
        -0.01880327469431823,
        -0.3027099346494766,
        0.44151927242316813,
        -0.017244884190868514,
        0.11544777095293807,
        -0.12298590690005756,
        -0.5067868296179262,
        -0.12478216447439064,
        0.10314197194946287,
        0.5817175745254044,
        0.5516859301257836,
        0.25757607986301057,
        0.22026586606695436,
        -0.08428465074036177,
        -0.7764328067870047,
        0.38186378189705134,
        -0.5835700219451266,
        0.46141100250649736,
        0.35474465636690455,
        -1.172611849785277,
        -0.21899004460650104,
        0.011894886822946647,
        -0.5439157030078253,
        -1.1430259587092622,
        -1.2931495905957342,
        -0.21492083433396528,
        -0.013671954720992103,
        -1.1277858561726155,
        -0.6785618002256103,
        -0.6455276817998927,
        -0.2988325634342043,
        0.1196611397367717,
        0.417948750168411,
        -0.7863557021740395,
        0.004115514924409367,
        0.7211935348885792,
        -0.10964336798851902,
        0.2217900562489325,
        -0.04580104226621047,
        0.23033389594676845,
        -0.726643387071057,
        0.29587936852419167,
        -0.12778233126606503,
        0.21072099804738656,
        0.04004947172472161,
        -0.19370020403088659,
        0.40419761337692267,
        -0.4667253119103874,
        -0.24186268852120307,
        -0.2444119844027544,
        -0.39256027400568394,
        -0.29148704956641364,
        -0.19622670396255884
    ],
    "checked": "indirect",
    "iteration": 56,
    "noise_sensor_0": [
        -0.036847544468569006,
        0.04251986787401099,
        0.05916492448404175,
        -0.08308622543366456,
        0.05290887312378785,
        0.051900745949727066,
        -0.061874724307574736,
        0.0812593166242359,
        0.02175002095019514,
        -0.12261047657108921,
        0.0015591452376747057,
        -0.00722370675981159,
        0.04406533763861705,
        -0.05338008574963404,
        0.129238268296512,
        -0.024767256594321236,
        -0.06578644499593521,
        0.06443148969336593,
        -0.030009102834121698,
        0.06303937085005712,
        0.02005100636407068,
        -0.05965899092580325,
        -0.08603751756875382,
        -0.0008891348694385326,
        0.06716116820008797,
        -0.0011347094525316957,
        -0.09427685033682169,
        -0.11280094583153691,
        -0.02337936798156125,
        -0.0556884215538865,
        0.014993245859264474,
        -0.1096956513986937,
        0.04990451053753168,
        -0.12052345476912558,
        -0.06972598432375177,
        -0.11368871220005437,
        -0.013546132213290134,
        -0.07782425049602272,
        0.013677978046797011,
        -0.06657752469286543,
        -0.047530529596652986,
        0.018176503839593156,
        -0.02661862002839227,
        0.0367720938491573,
        0.0477490375530239,
        0.07544687492671433,
        -0.07038718071331349,
        0.00807704772842311,
        -0.031041049109001607,
        -0.027736895143972526,
        0.08685212176716461,
        0.0452866986772596,
        0.012999988191924664,
        0.06809263976314504,
        0.11624523377546325,
        0.009049550383856715,
        -0.023730270669858007,
        -0.1287169296783539,
        0.08991433344847824,
        -0.07093700619109844
    ],
    "noise_sensor_1": [
        0.017939319857102662,
        -0.17064328100617662,
        -0.016273411036879487,
        -0.003926295371875746,
        -0.08397610589887314,
        0.10633174301026346,
        -0.0333585397043535,
        0.08937326118805083,
        -0.020693303766884608,
        0.12170349473472511,
        -0.11332425973811819,
        0.0746288126739453,
        0.03153493427677699,
        0.047775739777074964,
        0.13828657511130726,
        0.09006022477262611,
        0.0002240732447677977,
        -0.043103564136604856,
        0.06428035998142567,
        0.08357946888478325,
        -0.16021810959389599,
        -0.15202673441237544,
        -0.06492403224379491,
        0.0029136583631379645,
        0.009771284424127535,
        0.04452173890113585,
        -0.03324516096517225,
        0.06579731407419409,
        -0.02155857727029411,
        -0.03241515585666545,
        0.07744949841247138,
        0.05310588485794009,
        0.09444488552623516,
        -0.12640663922163398,
        0.08770507760782008,
        -0.01302328614419766,
        -0.06858453187180807,
        0.17742754986565426,
        -0.05415000580774214,
        0.09152343464460708,
        0.0742815215420746,
        0.03393834574476113,
        -0.04418756207889885,
        -0.09164495362756289,
        -0.03833937358809487,
        -0.07517591147481999,
        -0.17471378675801633,
        -0.07183289127033025,
        -0.021334491330009024,
        -0.0009058690097476181,
        0.0970424506909598,
        0.13747600125933876,
        0.08742995299996431,
        -0.06572020863115946,
        -0.08988984267687661,
        0.026133521481251826,
        0.04376566278168207,
        -0.05905815012054592,
        0.10378986626129733,
        -0.049432254914458504
    ],