{
    "ParameterSet": [
        0.0,
        0.0,
        0.0,
        0.0,
        0.0,
        0.0,
        0.0,
        0.0,
        0.0,
        0.0,
        0.0,
        0.0,
        0.0,
        0.0,
        0.0,
        0.0,
        0.0,
        0.0,
        0.0,
        0.0,
        0.5044372080402942,
        0.11179573179088269,
        0.22336131133168322,
        0.5238323908959595,
        0.4897837537401469,
        0.23336879209210276,
        0.156900132397411,
        0.2705401047539295,
        0.5045759819857375,
        0.4904423579823461,
        0.2409376907772342,
        0.1710147855545038,
        0.2840915832472842,
        0.5079500341720962,
        0.4593346845127408,
        0.21835216964225468,
        0.1690032511888188,
        0.3258838945822318,
        0.5074750373643965,
        0.2620683981985637,
        -0.04,
        -0.04,
        -0.04,
        -0.04,
        -0.04,
        -0.04,
        -0.04,
        -0.04,
        -0.04,
        -0.04,
        -0.04,
        -0.04,
        -0.04,
        -0.04,
        -0.04,
        -0.04,
        -0.04,
        -0.04,
        -0.04,
        -0.04
    ],
    "SensorParameterSet": [
        0.3968929934075871,
        0.5570920692876602,
        0.06702142754096761,
        -0.19297032000230616,
        -0.24116067454222437,
        0.03994506440083021,
        0.47514544711488926,
        -0.23962209128565912,
        -0.49536549246017797,
        0.38017372598799354,
        0.20285430901773935,
        -0.150065626941448,
        -0.30208497499619835,
        -0.33274446580091394,
        -0.14695919488390485,
        0.20492848770324917,
        0.5655398570771751,
        0.1936226457978993,
        0.25079597847477075,
        -0.22079882371623363,
        0.14720756568417176,
        -0.34577870047540105,
        0.09193260852128238,
        -0.17355356629514263,
        0.0701934093729881,
        0.12261240525358313,
        -0.7495036765253437,
        -0.3881816746087153,
        0.017564366583966342,
        -0.7609526955553558,
        -0.20584927533011219,
        -0.5917857089693914,
        -0.10715287071606747,
        -0.3875866839681368,
        -0.11235281817162854,
        -0.6749156491525711,
        -0.21574802067833448,
        -0.20290087767102355,
        -0.18347173646451823,
        0.30702196770999884,
        -0.5104913613263555,
        0.027541869815016082,
        0.13041967658075082,
        0.3254459142358254,
        0.4563369848984214,
        0.17210725109052377,
        -0.046667076049777594,
        -0.46531146656457373,
        0.15437964798510506,
        0.17915899647015252,
        0.39041673234605007,
        0.17632022633607125,
        0.029158647156364497,
        0.2650734233410004,
        -0.4449849025420718,
        0.13789877705251422,
        -0.40501831459674553,
        -0.6413338669534181,
        -0.32271581979613545,
        0.13005213937874557
    ],
    "checked": "indirect",
    "iteration": 23,
    "noise_sensor_0": [
        0.1129783234978939,
        -0.026479664489034504,
        -0.14484202199205143,
        -0.16160254588237996,
        -0.17554409162477083,
        -0.02722910900761093,
        -0.06003234734510995,
        0.17469289927014042,
        -0.017292189346039186,
        -0.10717356496982962,
        0.06217130105636372,
        -0.05287952085372507,
        -0.2091988597465099,
        -0.03513803898984231,
        -0.08989935104300029,
        0.028703882764421068,
        -0.024058837834176946,
        0.018659577580940143,
        0.0845950513436378,
        -0.158693466208738,
        0.02806406204018913,
        0.009022652918802075,
        -0.11590508919527345,
        -0.0977812479730306,
        -0.008011749504760945,
        0.08596393116890844,
        -0.06413470487465416,
        0.09274016240018226,
        -0.08730765321120142,
        -0.0190670283987913,
        0.0006252314299319759,
        0.06371572977037836,
        -0.0031841295849010147,
        -0.012874090911098902,
        -0.03780105885719111,
        -0.019295874196955595,
        -0.10598012729901558,
        0.16774770871848665,
        -0.03228323952923072,
        -0.029682739239754563,
        -0.15902833284250797,
        0.07870801815458241,
        -0.06306673056830185,
        -0.22684772350837915,
        0.08928250895927,
        0.10172785614345488,
        0.2007826369531851,
        0.10068104003552664,
        0.20477226108903493,
        -0.17294738191109382,
        -0.10758579233111751,
        0.12182154255609064,
        -0.004462116674634858,
        0.021981565518813802,
        -0.08751689190031356,
        -0.06713464245718974,
        0.23624053888508334,
        -0.026333172307286278,
        -0.17128218834145745,
        -0.006113326228371529
    ],
    "noise_sensor_1": [
        -0.03528090755786387,
        -0.049926942697551394,
        -0.05267469965443228,
        0.0026493668957140288,
        -0.08957695749962212,
        0.06069242952429654,
        0.020256261436853957,
        0.22033799538573187,
        -0.014626972908131307,
        -0.1289645867781498,
        0.18439678641531962,
        0.04135706826407461,
        -0.002465909039124574,
        0.021337243196797678,
        -0.09700496365977003,
        -0.2772674719701157,
        -0.12416582067748382,
        0.008274077395105842,
        0.12138700061145133,
        -0.07504985415375137,
        0.06850334304813822,
        0.05414173952076454,
        -0.18033247556148074,
        0.0025819305530299947,
        0.09393047788617591,
        -0.17521006387374197,
        -0.11033401927666797,
        0.010016387249279213,
        0.03548303201915401,
        0.20069260088702748,
        -0.019100217678721394,
        0.1539338923401743,
        0.03275978954567566,
        0.15739702304265332,
        0.044174528376545424,
        0.1012453782056621,
        0.08514768359036302,
        -0.11339460311151177,
        -0.06234759439359879,
        -0.10314845342481249,
        0.06891322728763394,
        -0.018856002650987167,
        -0.056179493365118134,
        0.06202349200838041,
        0.08938050481208741,
        0.010699740288537237,
        0.02241102940673631,
        0.004735953191002458,
        -0.033449694993840894,
        0.1292073267335862,
        0.006794901583849364,
        0.12655180166681157,
        0.01926422142764498,
        0.13467768510310213,
        0.07802053648643066,
        0.04443200352816882,
        -0.18579188584070733,
        -0.13012670110518923,
        0.11173840684247963,
        -0.049535550442656937
    ],