{
    "ParameterSet": [
        0.0,
        0.0,
        0.0,
        0.0,
        0.0,
        0.0,
        0.0,
        0.0,
        0.0,
        0.0,
        0.0,
        0.0,
        0.0,
        0.0,
        0.0,
        0.0,
        0.0,
        0.0,
        0.0,
        0.0,
        0.5044372080402942,
        0.11179573179088269,
        0.22336131133168322,
        0.5238323908959595,
        0.4897837537401469,
        0.23336879209210276,
        0.156900132397411,
        0.2705401047539295,
        0.5045759819857375,
        0.4904423579823461,
        0.2409376907772342,
        0.1710147855545038,
        0.2840915832472842,
        0.5079500341720962,
        0.4593346845127408,
        0.21835216964225468,
        0.1690032511888188,
        0.3258838945822318,
        0.5074750373643965,
        0.2620683981985637,
        -0.04,
        -0.04,
        -0.04,
        -0.04,
        -0.04,
        -0.04,
        -0.04,
        -0.04,
        -0.04,
        -0.04,
        -0.04,
        -0.04,
        -0.04,
        -0.04,
        -0.04,
        -0.04,
        -0.04,
        -0.04,
        -0.04,
        -0.04
    ],
    "SensorParameterSet": [
        0.3198088784955927,
        0.42696798420570253,
        -0.025078138979140074,
        -0.09594995178929015,
        -0.23364376331312944,
        0.01124746804071807,
        0.3974968965670244,
        -0.30292732192224214,
        -0.330171824053676,
        0.3757727088421711,
        0.18164557394433956,
        -0.14706259037848135,
        -0.3677927542896413,
        -0.39310488570959234,
        0.011684314467173629,
        0.14695456746719096,
        0.5579262381681964,
        0.1444638583034959,
        0.17751883494694276,
        -0.21477035809768472,
        0.0034513182500173364,
        -0.45276418528599277,
        0.058503322467862134,
        -0.2840343944005019,
        0.04365615279899937,
        0.166206583971729,
        -0.7559807553177521,
        -0.4861931513244194,
        0.06171987598311829,
        -0.7356766371696564,
        -0.16349656710215507,
        -0.6814201481892855,
        -0.09344701841114053,
        -0.34452656597119763,
        -0.24029168679711976,
        -0.7488742313231347,
        -0.26006786329486825,
        -0.108474473501478,
        -0.1483134212755895,
        0.20965601178841559,
        -0.5576798174592894,
        -0.020032878679691245,
        0.022951435547726228,
        0.37934258420113737,
        0.4224863518663782,
        0.10432713595994929,
        -0.1287693875177584,
        -0.4456176700133575,
        0.2503196810802394,
        0.2248090877441363,
        0.43652608602152787,
        0.10025088048567235,
        0.0501836767345873,
        0.3033650855707347,
        -0.32042246787995465,
        0.18191026481965222,
        -0.33788063824349895,
        -0.5869580778734913,
        -0.2760771812852829,
        -0.0036055105501438174
    ],
    "checked": "indirect",
    "iteration": 21,
    "noise_sensor_0": [
        0.016247120670610772,
        0.18039410672263828,
        0.15606220744627333,
        0.07796645047689484,
        -0.07877114032618918,
        0.08252920496211268,
        -0.025398647551712988,
        -0.0675029203414737,
        -0.09259633421972042,
        0.010503410021311674,
        -0.09139833341923048,
        0.07937605689171044,
        0.037796945003629095,
        0.03917795374677299,
        0.008084428562894716,
        0.07835603038652704,
        0.1904274670343949,
        0.14012426038075249,
        -0.0011242938756483723,
        -0.11924074397379807,
        0.15266234883607255,
        0.05802029699140926,
        -0.02932097192182988,
        -0.0009636290323479725,
        -0.06071671818771595,
        0.005852549299388908,
        0.0882147624564148,
        0.05168449340196412,
        0.002248593455310764,
        -0.06531332763532362,
        -0.07071408693432671,
        0.06167376676367398,
        0.0021048983503393114,
        -0.11014498155343522,
        0.16750828920683122,
        0.08454271459831383,
        0.006185090267754083,
        -0.12081265050302517,
        -0.07273886594713425,
        0.0767003795220474,
        0.12428960350954048,
        0.02078814829143614,
        0.12152876943355026,
        -0.05912987060233516,
        0.05188781453234595,
        -0.03265570924660714,
        0.08640088365549906,
        0.12239534682790813,
        -0.1259964618597778,
        0.10329372526420276,
        0.0780806124338329,
        0.16487996615607137,
        -0.010183181437743636,
        0.016187064465224568,
        -0.09295955018308283,
        -0.040815453872683975,
        -0.11677297605372812,
        -0.08870330056021981,
        -0.06796343297166854,
        0.0668814786411885
    ],
    "noise_sensor_1": [
        0.003269160648392934,
        0.12289802386534573,
        -0.03523977099471188,
        -0.1523533058161507,
        0.08596853756633474,
        -0.006499181134574217,
        0.16148828008304514,
        0.04055337357799225,
        -0.11439837991541428,
        0.15310549926705153,
        0.12957426854965426,
        -0.053592176866182666,
        0.0020560215584732844,
        0.006342387175126495,
        -0.19116081506444738,
        0.08892531305654552,
        -0.04034543617908496,
        -0.0076506892561539535,
        0.0064467905299727445,
        -0.0013296703489504027,
        0.05037897328848439,
        0.05998060863515421,
        0.021505400834284396,
        0.0050128603933810995,
        0.0010109311153044197,
        -0.06351687737150642,
        -0.09823213240595123,
        0.039231158966630805,
        0.03685584124302325,
        0.07143449041270325,
        0.08517790509067447,
        0.13820259426100545,
        0.03314825766935423,
        -0.022353811075233154,
        0.038471015965229886,
        0.0699400484529724,
        0.05712290835106175,
        -0.055897795577109485,
        0.14229260280307443,
        -0.0174813339727979,
        0.04559451051912091,
        0.09638161259265027,
        0.0414810322097836,
        0.01469208245318875,
        0.05055170065370794,
        0.05428963385246221,
        0.14767099486617688,
        -0.10533741416278142,
        -0.05704045937061976,
        -0.01982466237613821,
        -0.03110190927560857,
        -0.020533999307892594,
        0.010824130513291333,
        -0.03486642572086446,
        -0.05427556297655404,
        -0.10772908951472923,
        0.043970736065381155,
        -0.10603474146340625,
        0.045503716763721246,
        0.19277763725760683
    ],