{
    "ParameterSet": [
        0.0,
        0.0,
        0.0,
        0.0,
        0.0,
        0.0,
        0.0,
        0.0,
        0.0,
        0.0,
        0.0,
        0.0,
        0.0,
        0.0,
        0.0,
        0.0,
        0.0,
        0.0,
        0.0,
        0.0,
        0.5044372080402942,
        0.11179573179088269,
        0.22336131133168322,
        0.5238323908959595,
        0.4897837537401469,
        0.23336879209210276,
        0.156900132397411,
        0.2705401047539295,
        0.5045759819857375,
        0.4904423579823461,
        0.2409376907772342,
        0.1710147855545038,
        0.2840915832472842,
        0.5079500341720962,
        0.4593346845127408,
        0.21835216964225468,
        0.1690032511888188,
        0.3258838945822318,
        0.5074750373643965,
        0.2620683981985637,
        -0.04,
        -0.04,
        -0.04,
        -0.04,
        -0.04,
        -0.04,
        -0.04,
        -0.04,
        -0.04,
        -0.04,
        -0.04,
        -0.04,
        -0.04,
        -0.04,
        -0.04,
        -0.04,
        -0.04,
        -0.04,
        -0.04,
        -0.04
    ],
    "SensorParameterSet": [
        -0.20568953112188887,
        0.22159584224135057,
        0.1655161920074442,
        0.13130579840573411,
        -0.11046715415577964,
        0.0663801473235497,
        0.15232765046604008,
        -0.31667524496252775,
        0.09083252641321875,
        -0.10341427511465637,
        0.2525279540010763,
        0.07427218299855785,
        -0.08035023060347665,
        0.2727583357297774,
        0.08320811252550613,
        0.031178107567978595,
        0.3056253996969624,
        -0.03271290764083305,
        0.04466891138900793,
        -0.33844568196816605,
        0.13574334660169682,
        -0.12036638497136187,
        -0.023535800789196308,
        -0.09197320695432745,
        0.19151300910056238,
        -0.20490299515885968,
        -0.17687121360305522,
        -0.21790812962139203,
        0.13168995231491396,
        -0.11249423574516623,
        -0.11321834189818862,
        -0.08480974180140971,
        -0.2434604192723702,
        -0.2671214486872979,
        -0.07227974345522914,
        -0.12791149901551563,
        -0.14129628936491823,
        -0.007490244337676379,
        0.0027496191735830434,
        0.10194465164960537,
        -0.16110325276042342,
        0.1311416373653506,
        -0.07636839364738206,
        0.34799762787109667,
        0.3106330159502558,
        0.0675155338233292,
        0.01045970305357532,
        -0.22766383326018552,
        0.13962312589966736,
        -0.1396234702796549,
        0.10450349722976486,
        -0.17423663838412587,
        0.10800300682267133,
        0.0979181103234756,
        0.0924816070641863,
        0.01912886165224874,
        0.12129287327256301,
        0.054211071090573965,
        0.0380556601006141,
        -0.06082516147993716
    ],
    "checked": "indirect",
    "iteration": 3,
    "noise_sensor_0": [
        -0.014565401392065302,
        -0.09437971203155533,
        0.04822043635850279,
        0.024808014001316173,
        0.1153773887286414,
        0.006398763247569514,
        -0.15101489706178456,
        0.017511967344702298,
        -0.012204145718596232,
        0.1467439119278209,
        -0.042604559685060564,
        -0.02740179559535927,
        -0.2738587751112417,
        -0.0753024390654655,
        0.09686574033430853,
        -0.1172723322539657,
        0.01481664483004242,
        -0.04734951614225078,
        -0.03201092801310979,
        -0.1043374068054604,
        -0.039768604125932645,
        -0.14487284353230062,
        -0.16850023585434182,
        -0.11937885607145175,
        -0.0034850555703174117,
        0.08438503485501739,
        0.12192639716512187,
        -0.009289352259564645,
        0.06714859259377232,
        -0.08307416061414491,
        -0.013935169106430386,
        -0.060726116084392476,
        -0.014131894734345177,
        0.00020793491913831806,
        0.09789647285543897,
        -0.06461886392816693,
        0.003482564958660861,
        -0.008495834591711122,
        0.027875851865004592,
        -0.013147185176369772,
        0.01834614822734276,
        0.09262999948062267,
        -0.04516869033097169,
        -0.006168602517525319,
        -0.01119405534873027,
        -0.13467287388504764,
        0.010103751843474451,
        -0.18661878320846925,
        -0.10818252657956172,
        0.09996161782659226,
        0.00014766357162255265,
        0.05017204066917224,
        0.0959580978428105,
        -0.03908781116928927,
        -0.08494069052678015,
        -0.09048801588100544,
        -0.07560878888439944,
        0.0016711752451779064,
        -0.11364759905966872,
        0.05185634276616599
    ],
    "noise_sensor_1": [
        -0.006296409307721615,
        -0.09197956719347292,
        0.017872619404160572,
        -0.1028083036800472,
        -0.0062570069702924105,
        -0.10263744924231417,
        0.021546242810698214,
        0.09637589342239225,
        0.027092688703520863,
        0.025749386400429276,
        -0.15366255303717158,
        -0.11838930544368184,
        0.07567119706369566,
        0.06586996072426424,
        0.05148764554805899,
        -0.278841764667709,
        -0.02566586042113951,
        -0.03448928496198403,
        -0.05404907184518524,
        -0.2335866339071562,
        0.14718155391407092,
        -0.1450681626457608,
        -0.0673300351300476,
        0.07102316796385849,
        -0.07413810309431616,
        0.13903253429383752,
        -0.050794760808340916,
        -0.2758384582093706,
        0.09838984318464632,
        -0.015573363942152632,
        -0.006041159861268451,
        0.10872356519873062,
        -0.20710896803295284,
        0.01695989446314081,
        0.10588118586746538,
        -0.10523588643179267,
        0.007017456777308194,
        0.0012002714248047918,
        -0.022994330949086192,
        -0.04667982849723615,
        -0.004209082691272563,
        0.035902882655932104,
        0.2877279762850454,
        0.1117104044684893,
        -0.012113983908391144,
        -0.05519282185036129,
        0.12324486042587868,
        -0.03750394202063745,
        0.20439597545106317,
        -0.030279860984377592,
        -0.0702679822410717,
        0.06217314827760627,
        0.0757146183774824,
        0.015505075506503933,
        0.008433550078461836,
        -0.0656229344683697,
        0.17861581565244156,
        -0.10614700743527195,
        0.04368450561698266,
        -0.1745937474029124
    ],