{
    "ParameterSet": [
        0.0,
        0.0,
        0.0,
        0.0,
        0.0,
        0.0,
        0.0,
        0.0,
        0.0,
        0.0,
        0.0,
        0.0,
        0.0,
        0.0,
        0.0,
        0.0,
        0.0,
        0.0,
        0.0,
        0.0,
        0.5044372080402942,
        0.11179573179088269,
        0.22336131133168322,
        0.5238323908959595,
        0.4897837537401469,
        0.23336879209210276,
        0.156900132397411,
        0.2705401047539295,
        0.5045759819857375,
        0.4904423579823461,
        0.2409376907772342,
        0.1710147855545038,
        0.2840915832472842,
        0.5079500341720962,
        0.4593346845127408,
        0.21835216964225468,
        0.1690032511888188,
        0.3258838945822318,
        0.5074750373643965,
        0.2620683981985637,
        -0.04,
        -0.04,
        -0.04,
        -0.04,
        -0.04,
        -0.04,
        -0.04,
        -0.04,
        -0.04,
        -0.04,
        -0.04,
        -0.04,
        -0.04,
        -0.04,
        -0.04,
        -0.04,
        -0.04,
        -0.04,
        -0.04,
        -0.04
    ],
    "SensorParameterSet": [
        0.6160616799377946,
        0.531740296246557,
        -0.5221664912606504,
        -0.6962745559417336,
        -0.37247251589233477,
        -0.11558089243163557,
        0.7708505069418399,
        0.033246030983011335,
        -0.3348043005024143,
        0.5227377058880441,
        0.14464831606277412,
        -0.059288973397220376,
        -0.24997456861276193,
        -0.32473304950095633,
        0.008510673066924032,
        0.18502053764604667,
        0.8027170034688937,
        0.4658093214503561,
        0.3415429676482976,
        0.41398993331964523,
        -0.09056888840574229,
        -0.8497431956707512,
        0.17627774461537268,
        -0.44597133477889855,
        0.48834844968148056,
        0.3790420116852083,
        -1.2038219695269161,
        -0.11282224432072156,
        -0.01059830526466813,
        -0.6660867767437693,
        -1.067172098327292,
        -1.3112230272582508,
        -0.14479635574354702,
        -0.05146207205773185,
        -1.2725787703602498,
        -0.8684225456202856,
        -0.6578702289815631,
        -0.07494247088995604,
        0.0994260592563685,
        0.3639663228267066,
        -0.763222435813035,
        0.06648134754065643,
        0.47207419339541845,
        -0.14076431983997167,
        0.2118678142371502,
        -0.09382248040726152,
        0.21804097881269086,
        -0.5616183048430912,
        0.3988213473705745,
        -0.07487563357107022,
        0.27644029297325917,
        -0.06670684745569377,
        -0.12078913534221328,
        0.37253342548988616,
        -0.6148840521252384,
        -0.19095247367765633,
        -0.27710561108000764,
        -0.4770436959368866,
        -0.39091257328531587,
        -0.23548205603915656
    ],
    "checked": "indirect",
    "iteration": 61,
    "noise_sensor_0": [
        -0.08416519828353897,
        -0.060201053891633736,
        -0.07553355683670153,
        -0.015796737720978605,
        -0.019110438437624385,
        -0.004641049251168256,
        -0.03453235299582092,
        0.04320709234639514,
        -0.07079247781156679,
        -0.06995745053398211,
        -0.08991716732805284,
        -0.0018466017312441414,
        0.009336360779323143,
        -0.14052710289610146,
        -0.014967395858688259,
        -0.15977180023555354,
        0.04004061563896576,
        -0.07337447403174108,
        0.04414801271514136,
        0.10890056465344156,
        -0.06534451570154949,
        -0.13301838166571398,
        -0.06994807372033555,
        -0.007603878652771649,
        0.05933729073376289,
        -0.0554756797608951,
        -0.10928128949439744,
        -0.05962718377319121,
        -0.02232095657049756,
        0.060070623195189535,
        -0.004282164422891063,
        -0.04290688987375964,
        0.02234559829557864,
        -0.033391225633558244,
        -0.08904726341307391,
        0.14280217277619853,
        -0.04050862917470873,
        0.09163148407246041,
        0.0937707544071386,
        0.017855929979690894,
        0.03629194875771063,
        0.19058865660128596,
        -0.10214795406359166,
        -0.07067009679706258,
        -0.062396639029351345,
        0.04428919374124278,
        0.05403934856154191,
        0.026765451917084546,
        0.021319058849999666,
        0.08837096738125903,
        0.015002524087088541,
        -0.08207723678903382,
        -0.021857824797181936,
        0.018092651422001997,
        -0.067996948372575,
        -0.18750830594770376,
        -0.20375667977030573,
        -0.019823688756467936,
        -0.05066020166394019,
        0.0639035886264551
    ],
    "noise_sensor_1": [
        0.011469021999741268,
        0.07281759052013714,
        0.04281000676328631,
        -0.04074233619291636,
        -0.00861711754569068,
        -0.03608507775422761,
        -0.036354689237575455,
        -0.059408194278521384,
        -0.0717945536205636,
        0.0032819402961407683,
        0.17308473761644066,
        -0.14168516641300027,
        0.1365405005214477,
        -0.010263688827311122,
        0.11573174953677662,
        0.06298373376884484,
        -0.03394448594308509,
        0.030417590688416422,
        0.015668931727632316,
        -0.06423175208365899,
        -0.06813252740114523,
        -0.08887885899043375,
        0.03627161860447893,
        -0.017817188608329797,
        0.06374059933099992,
        -0.05410648180660156,
        -0.10526945464291275,
        -0.010526759725665852,
        -0.1377227769341058,
        0.06293488249788876,
        -0.04402123901916385,
        0.04268105098409848,
        -0.07798006635651253,
        -0.0667117957522008,
        0.011489878718050635,
        -0.022351032856202255,
        0.0291840118990276,
        0.034425717883915664,
        -0.07374505850494717,
        0.11623534729658389,
        0.01880042835339696,
        0.002038218237691869,
        -0.05615865555419676,
        -0.03505890363869159,
        0.06761507773972661,
        0.06536286491556786,
        0.029247014622450624,
        0.054493961068466254,
        -0.12277279247986465,
        0.026753119531064292,
        0.0527061086703711,
        -0.05531487877376503,
        -0.006939000981277784,
        -0.11170423758462326,
        0.026850837506613216,
        0.058790283182688904,
        -0.072001341826952,
        0.018171122996914965,
        0.0459539441970162,
        -0.03370811342621628
    ],