{
    "ParameterSet": [
        0.0,
        0.0,
        0.0,
        0.0,
        0.0,
        0.0,
        0.0,
        0.0,
        0.0,
        0.0,
        0.0,
        0.0,
        0.0,
        0.0,
        0.0,
        0.0,
        0.0,
        0.0,
        0.0,
        0.0,
        0.5044372080402942,
        0.11179573179088269,
        0.22336131133168322,
        0.5238323908959595,
        0.4897837537401469,
        0.23336879209210276,
        0.156900132397411,
        0.2705401047539295,
        0.5045759819857375,
        0.4904423579823461,
        0.2409376907772342,
        0.1710147855545038,
        0.2840915832472842,
        0.5079500341720962,
        0.4593346845127408,
        0.21835216964225468,
        0.1690032511888188,
        0.3258838945822318,
        0.5074750373643965,
        0.2620683981985637,
        -0.04,
        -0.04,
        -0.04,
        -0.04,
        -0.04,
        -0.04,
        -0.04,
        -0.04,
        -0.04,
        -0.04,
        -0.04,
        -0.04,
        -0.04,
        -0.04,
        -0.04,
        -0.04,
        -0.04,
        -0.04,
        -0.04,
        -0.04
    ],
    "SensorParameterSet": [
        0.5038169716691551,
        0.5131007980499079,
        -0.6177018361327364,
        -0.6344439818519054,
        -0.15797212619064016,
        0.09272806793844385,
        0.8887416332657461,
        -0.003371307627904598,
        -0.4902700520257823,
        0.6573403209537816,
        -0.053049597416508075,
        0.04653186627790417,
        -0.17368620633330545,
        -0.5687477311375789,
        -0.22974681848655365,
        0.030724467063644564,
        0.667496282720201,
        0.7606321609014912,
        0.3255369015897645,
        0.21256057732485212,
        0.03748000318941045,
        -0.7987406730759969,
        0.5150318776211077,
        -0.6530332559552362,
        0.38805989343567343,
        0.23294366096925292,
        -1.1338157249151877,
        -0.19196606240683772,
        -0.03884119174254855,
        -0.44241508908168486,
        -0.9775675285620335,
        -1.2357881603046634,
        -0.14885955666231854,
        0.01112425462730193,
        -1.0844408555311214,
        -0.7101792305656791,
        -0.708775059880557,
        -0.23875181887021218,
        0.19351111041272598,
        0.6431409882795972,
        -0.8851817876643011,
        0.03441536059343535,
        0.4875986333230804,
        -0.09273402007440756,
        0.151548964129468,
        -0.17705174601853294,
        0.2390856801080978,
        -0.617908534123087,
        0.4803657475366032,
        0.15807520058693136,
        0.352283108439643,
        0.1686144547873073,
        -0.18638553718675735,
        0.5271762571183501,
        -0.5364161442464215,
        -0.39065007512053795,
        -0.2765493780230682,
        -0.6387699790407314,
        -0.1525666111944822,
        0.002228566355097521
    ],
    "checked": "indirect",
    "iteration": 52,
    "noise_sensor_0": [
        -0.007583986969419549,
        -0.08869120610725666,
        0.027524668346393708,
        0.10869693098779637,
        -0.01177720880016071,
        0.055337134763727924,
        -0.14406697800542442,
        0.0028633037820063713,
        -0.06512694820541784,
        -0.004329127560353266,
        -0.09584452402632053,
        0.05073808239858535,
        0.00803624735017503,
        0.09544882153039934,
        -0.01715762954716316,
        -0.08715989310790902,
        -0.03782292024461559,
        -0.08623638026064076,
        0.08171507737157153,
        0.04360639568231835,
        0.08013535836510174,
        -0.0437514731032204,
        0.020640041050124867,
        0.019210000791428043,
        -0.012398813740837884,
        0.15292739311436657,
        0.0005372397117605895,
        0.1025216858012834,
        0.03316050121359284,
        0.04746504189138327,
        0.06432732374676481,
        0.06333595413216642,
        -0.04737958767826689,
        -0.03896784047928465,
        -0.011332229118412737,
        -0.12784047778190996,
        0.12263667123487629,
        0.0725513815652173,
        -0.04375802085434661,
        0.04938516312569248,
        -0.0012481017074576506,
        0.1092934506696997,
        0.07786623499016322,
        0.05628584591618723,
        0.14321868737864626,
        0.027568064693659012,
        -0.013932479626951724,
        -0.2158428904321253,
        -0.07459574371230572,
        0.03960634295884781,
        0.0005740490376872422,
        0.044071955221452984,
        -0.016544453871637013,
        -0.04877096463132626,
        0.030266136128798617,
        -0.08189101242143323,
        -0.052725203248083906,
        -0.04816856518969165,
        0.09049452363619986,
        0.022216496169084086
    ],
    "noise_sensor_1": [
        0.04460292385888197,
        0.017161319514726475,
        -0.02087672675039838,
        -0.010560101989686948,
        -0.09238560231763437,
        0.07898416333555626,
        -0.00775563385976236,
        -0.12121595059288151,
        0.040311097374008745,
        -0.14026669918906426,
        0.11277961801425264,
        -0.06057119315351547,
        -0.04901102751040971,
        0.11041475977824015,
        0.01850734200716747,
        -0.02919858245289955,
        0.04518901766046363,
        -0.03199596206000564,
        0.05189862367927035,
        0.05965935324491825,
        0.02316129839939004,
        -0.07201596188826681,
        -0.054154440540901856,
        -0.06739397585701004,
        -0.03169075356114751,
        0.02059102366220018,
        -0.00694898332137416,
        0.005334411312971159,
        0.03072994417520943,
        -0.06558310741599067,
        0.03331408271004608,
        0.07209999748632037,
        0.1523630714877281,
        -0.12148901710708974,
        -0.08123866672025234,
        -0.08438776575401595,
        -0.07525270916002151,
        0.19923139966433467,
        -0.03789733165980129,
        0.012312009346598145,
        -0.1057863724493994,
        -0.07775705969221523,
        -0.05096593896179813,
        0.1439130058034724,
        0.1783250806693304,
        0.02041016433236946,
        0.10593598099945417,
        -0.07782851590918684,
        0.06590443948503932,
        0.018686209507150865,
        0.04015872729096492,
        0.07541553241772553,
        -0.06907816426446153,
        -0.08735645619561706,
        0.040974438890243194,
        -0.10004354290391469,
        0.00019393116306642863,
        0.05411591435224908,
        -0.12311993948681428,
        -0.13578143250625233
    ],