{
    "ParameterSet": [
        0.0,
        0.0,
        0.0,
        0.0,
        0.0,
        0.0,
        0.0,
        0.0,
        0.0,
        0.0,
        0.0,
        0.0,
        0.0,
        0.0,
        0.0,
        0.0,
        0.0,
        0.0,
        0.0,
        0.0,
        0.5044372080402942,
        0.11179573179088269,
        0.22336131133168322,
        0.5238323908959595,
        0.4897837537401469,
        0.23336879209210276,
        0.156900132397411,
        0.2705401047539295,
        0.5045759819857375,
        0.4904423579823461,
        0.2409376907772342,
        0.1710147855545038,
        0.2840915832472842,
        0.5079500341720962,
        0.4593346845127408,
        0.21835216964225468,
        0.1690032511888188,
        0.3258838945822318,
        0.5074750373643965,
        0.2620683981985637,
        -0.04,
        -0.04,
        -0.04,
        -0.04,
        -0.04,
        -0.04,
        -0.04,
        -0.04,
        -0.04,
        -0.04,
        -0.04,
        -0.04,
        -0.04,
        -0.04,
        -0.04,
        -0.04,
        -0.04,
        -0.04,
        -0.04,
        -0.04
    ],
    "SensorParameterSet": [
        0.24308422448747233,
        0.551517925331532,
        -0.2970437453983462,
        -0.4762407302453062,
        -0.6026987484297092,
        -0.061926675758609495,
        0.6475322542650542,
        -0.025963392559203505,
        -0.8190780368991109,
        0.5186395806253673,
        0.2306711786685353,
        -0.6839591586510072,
        -0.3070441587553103,
        -0.44844436728204284,
        0.05534624724100632,
        0.6073497946230971,
        0.28684409311917874,
        0.3269271775111658,
        0.32642346393805194,
        0.39494616573056446,
        0.31284920239573066,
        -0.7528543491672227,
        0.8625931064689261,
        -0.3910628460796589,
        0.39584372087548725,
        1.0097499109745869,
        -0.9562630256548421,
        -0.49410684774854446,
        -0.2850880505100975,
        -0.7429940324167809,
        -1.1321629253876653,
        -2.076147606652029,
        -0.10634307393974082,
        -0.37536459915181153,
        -1.0652311934471357,
        -1.16032400856768,
        -1.1063615547727124,
        0.12081248802773244,
        -0.105583987047103,
        0.12609698571746858,
        -1.1169046432935996,
        0.3171685904542782,
        0.7315042908355406,
        -0.5381905285735248,
        0.488268476360496,
        0.21334911038395687,
        0.6300700795385274,
        -0.6274926560045765,
        -0.501949955731154,
        0.11023228072716418,
        0.07312747970164415,
        -0.08699499626141902,
        -0.1204292883171797,
        0.058861428371850835,
        -0.3543972127037872,
        -0.5836092718483554,
        -0.4117650944011134,
        -0.19525450462641913,
        -0.3981007170994788,
        -0.698267879008948
    ],
    "checked": "indirect",
    "iteration": 91,
    "noise_sensor_0": [
        0.016042336611062698,
        0.02565564747855089,
        -0.13335924973880744,
        -0.0480497098335292,
        -0.018670042542230206,
        0.021788534423893263,
        0.04187552109386998,
        0.02164038586841362,
        0.052788907505867795,
        0.04749364029619865,
        -0.023156006321340315,
        -0.04201475813136472,
        0.01641753213526542,
        -0.05126754885032268,
        -0.007821362508304145,
        0.11918670459956547,
        0.06187398544935742,
        0.03283092756955,
        0.040786292333322455,
        0.012104352259571233,
        -0.038176861633710535,
        -0.02628819402377982,
        -0.016038375463826374,
        -0.06523102859907404,
        0.07329472091265986,
        0.0012818683206783628,
        -0.045005844267005525,
        0.020839320118804034,
        0.14165759412410386,
        0.002032361081665322,
        0.12672074364328578,
        0.08341618902146763,
        -0.09043735831455113,
        -0.010393834719635417,
        -0.053861895730621695,
        0.024721196920016526,
        0.009719316373139478,
        0.03249019511515568,
        -0.07445707213067883,
        0.02096834387977456,
        0.009011455607938342,
        0.04478608864139143,
        0.006301646061408941,
        -0.012471845125760736,
        -0.06182208461270831,
        0.056654324136745114,
        0.037219099075178584,
        0.06724094919566462,
        -0.02329404864530333,
        0.04017248891450475,
        0.03198886619564661,
        0.0734705777051241,
        -0.038809682396997676,
        -0.09527405825968578,
        0.06278575369765836,
        0.06467085501210955,
        0.02849343933828625,
        0.0382007023539114,
        0.01912566124056213,
        0.03879834750428981
    ],
    "noise_sensor_1": [
        -0.01312428950663046,
        -0.06914234309861282,
        0.016630768609018857,
        -0.02924720668635719,
        0.03493859180611824,
        0.09840957197643932,
        0.06494127480477935,
        -0.0438864353782374,
        -0.08514944713114352,
        -0.04479428124027068,
        -0.05605143343898586,
        0.013868528942852258,
        -0.014126208723692371,
        -0.06953219947232517,
        -0.012572727712263563,
        -0.023871910725626815,
        0.012171341287276429,
        -0.04837328865906828,
        0.07117930265548578,
        0.13214349490856397,
        -0.027970162670187076,
        0.017891339082220716,
        -0.08193683750658627,
        -0.0789644524498073,
        -0.1337587528135141,
        -0.011165092763710244,
        -0.020902215639542403,
        -0.14083975041398522,
        0.00634405981084843,
        0.06395729781555577,
        -0.10618183720202372,
        -0.08936930971270143,
        -0.04840305078445065,
        -0.05972168771784182,
        -0.03389488335104312,
        -0.04848206899503395,
        0.1150106395056985,
        0.012433550273729098,
        -0.11989367378856251,
        -0.06031852335973414,
        -0.08197333073376041,
        0.07598798324858083,
        0.027733676442298547,
        0.07564003254539846,
        -0.0014367359186012519,
        0.024208720805391576,
        0.044051624750541175,
        -0.05686425398808413,
        -0.11870266241109047,
        0.036012271388846204,
        0.10111240229149722,
        -0.009781303595166747,
        0.058126564998465816,
        0.03660189212709858,
        0.01116644225696961,
        -0.08737610030166273,
        -0.039485781477262324,
        -0.019301394802952655,
        0.06761376059271491,
        0.049648645002180754
    ],