{
    "ParameterSet": [
        0.0,
        0.0,
        0.0,
        0.0,
        0.0,
        0.0,
        0.0,
        0.0,
        0.0,
        0.0,
        0.0,
        0.0,
        0.0,
        0.0,
        0.0,
        0.0,
        0.0,
        0.0,
        0.0,
        0.0,
        0.5044372080402942,
        0.11179573179088269,
        0.22336131133168322,
        0.5238323908959595,
        0.4897837537401469,
        0.23336879209210276,
        0.156900132397411,
        0.2705401047539295,
        0.5045759819857375,
        0.4904423579823461,
        0.2409376907772342,
        0.1710147855545038,
        0.2840915832472842,
        0.5079500341720962,
        0.4593346845127408,
        0.21835216964225468,
        0.1690032511888188,
        0.3258838945822318,
        0.5074750373643965,
        0.2620683981985637,
        -0.04,
        -0.04,
        -0.04,
        -0.04,
        -0.04,
        -0.04,
        -0.04,
        -0.04,
        -0.04,
        -0.04,
        -0.04,
        -0.04,
        -0.04,
        -0.04,
        -0.04,
        -0.04,
        -0.04,
        -0.04,
        -0.04,
        -0.04
    ],
    "SensorParameterSet": [
        0.0919010161846159,
        0.07601689176344924,
        -0.04657108515288545,
        0.07591415622871985,
        0.11555666757929837,
        -0.05171112618020302,
        0.18567972413687361,
        0.17742757514013136,
        0.11429184568047562,
        -0.2185095139637813,
        0.1387349592139395,
        0.07555282374743848,
        -0.10434812103044734,
        0.05381272969322914,
        -0.04960411020396342,
        -0.10965785566759241,
        -0.2371258222488183,
        0.01937921018878624,
        -0.003759127088011767,
        -0.05092791275562202,
        -0.14958698494580835,
        -0.038839058061128556,
        -0.15727999907208842,
        -0.13836461817604417,
        -0.1741874778061663,
        -0.08440057701989254,
        -0.14519950594554282,
        0.16164542475366944,
        -0.10109298854589546,
        0.07208827989473504,
        0.15682858241675426,
        -0.0964747586093957,
        -0.019594719393461413,
        0.1631217554240162,
        -0.033161406835124856,
        -0.1247449158746174,
        0.24163180261625417,
        -0.006080376671830259,
        0.031822765975986995,
        0.07280066286919422,
        0.18075131287162893,
        0.09418699820097697,
        0.01737527126458814,
        0.14923873452405298,
        0.1386298489790271,
        0.17352087759923382,
        0.05231780975785579,
        0.1789823502640009,
        -0.02648929761838484,
        -0.0672750841326205,
        0.04775522826010926,
        -0.0007987998506211246,
        -0.2127726490544631,
        -0.0035682727712624367,
        0.009308314777395929,
        0.1021626300143804,
        0.028196579505857307,
        0.2068381609300111,
        0.16900870565661338,
        -0.04629370349873519
    ],
    "checked": "indirect",
    "iteration": 78,
    "noise_sensor_0": [
        0.019375385438186093,
        0.004001929087633407,
        -0.0018543655139597337,
        -0.004731359658951872,
        0.015901569505092705,
        0.008768456869118322,
        -0.0177937212966439,
        0.0017211410711230495,
        -0.015299972854440643,
        0.001678121199547665,
        0.007565372810965618,
        -0.0026690116005398733,
        0.012596438008606202,
        -0.006841450747893021,
        -0.00094756788912883,
        -0.012497226953594278,
        0.020004310880617333,
        0.024097071043535416,
        -0.024157075026587534,
        -0.005858222890987309,
        -0.030151632057314588,
        0.007756488069718356,
        -0.015428050582056705,
        0.013764968898475788,
        0.014084478440232183,
        0.00789911102921548,
        0.028313214148331493,
        0.004350847294383759,
        0.005169097922676654,
        -0.0006068717153689831,
        -0.015096088083509054,
        -0.016800034795969504,
        0.002641405472440606,
        -0.010446060907345012,
        -0.01466637168776194,
        -0.004238222742844747,
        0.01873834306688748,
        -0.006927810279534598,
        -0.018151953037790186,
        0.00912180761882506,
        0.0008244598820914954,
        -0.016005671222844575,
        -0.00032449437519018284,
        -0.017362519246961045,
        0.026902166781400977,
        0.014534963272869489,
        0.029367249862424883,
        0.005301282943848557,
        0.010888486745893699,
        -0.0030949923176308894,
        -0.016416757819024196,
        -0.010809597730176495,
        -0.0009291960304465133,
        0.012963970683504052,
        -0.018985624216059396,
        -0.019923692718897816,
        -0.00769845849675996,
        0.00987392300127968,
        0.003376504648542275,
        0.0013469700567162427
    ],
    "noise_sensor_1": [
        -0.006299300818722738,
        0.011932036688551336,
        -0.01745389343779204,
        0.009096336339901596,
        -0.008681724083979103,
        0.0023416239118788226,
        0.023794791726881707,
        0.0010273245017730888,
        0.03653156974753584,
        -0.012857409258485601,
        0.0008904597300461078,
        0.01173050645229328,
        0.0005479578025765651,
        -0.0010912349660667032,
        0.00809407215589209,
        0.003934296025699045,
        0.006878077137019983,
        0.014123282255755569,
        0.0007656412807700056,
        -0.008807741534256222,
        -0.012332702876505593,
        0.021072169762301394,
        -0.00200912808468606,
        0.004020749202628325,
        -0.01631181026200953,
        -0.004109308045185261,
        -0.02439875731884181,
        0.0005297058473043976,
        0.03584693456833116,
        0.028418705818050602,
        0.0032058273354945844,
        -0.02278155687818948,
        0.0076932681665063075,
        -0.02395222338509059,
        -0.0071514660303424165,
        -0.013536599686879288,
        -0.015819079976869405,
        -0.0010497960504595,
        0.002208879702092688,
        0.01451067765218027,
        0.012495118872521957,
        -0.01988541314854186,
        0.0055835483577064875,
        0.020291246344798442,
        -0.020412303188797113,
        -0.002800337423871472,
        0.004216995032814464,
        -0.006911056809435983,
        0.0077462248495617095,
        -0.027293180587223853,
        -0.009630961992113721,
        -0.001849105974386894,
        -0.001315225818133522,
        -0.03328823135017443,
        -0.015008597017991792,
        -0.001101523402238785,
        -0.01376012820255341,
        0.023741481249254934,
        -0.01907904566565773,
        -0.010717071291123745
    ],