{
    "ParameterSet": [
        0.0,
        0.0,
        0.0,
        0.0,
        0.0,
        0.0,
        0.0,
        0.0,
        0.0,
        0.0,
        0.0,
        0.0,
        0.0,
        0.0,
        0.0,
        0.0,
        0.0,
        0.0,
        0.0,
        0.0,
        0.5044372080402942,
        0.11179573179088269,
        0.22336131133168322,
        0.5238323908959595,
        0.4897837537401469,
        0.23336879209210276,
        0.156900132397411,
        0.2705401047539295,
        0.5045759819857375,
        0.4904423579823461,
        0.2409376907772342,
        0.1710147855545038,
        0.2840915832472842,
        0.5079500341720962,
        0.4593346845127408,
        0.21835216964225468,
        0.1690032511888188,
        0.3258838945822318,
        0.5074750373643965,
        0.2620683981985637,
        -0.04,
        -0.04,
        -0.04,
        -0.04,
        -0.04,
        -0.04,
        -0.04,
        -0.04,
        -0.04,
        -0.04,
        -0.04,
        -0.04,
        -0.04,
        -0.04,
        -0.04,
        -0.04,
        -0.04,
        -0.04,
        -0.04,
        -0.04
    ],
    "SensorParameterSet": [
        0.0896034514996213,
        0.14405389960398451,
        -0.05558501388910746,
        0.07551425362720765,
        0.15450370466946728,
        -0.07006473889489405,
        0.07927089816899952,
        0.21675056357363626,
        0.12065798767922507,
        -0.20471929019690993,
        0.11962908439279343,
        0.06181323165039054,
        -0.0899623760737618,
        -0.09564690729279876,
        0.027631645030165613,
        -0.02623366846829408,
        -0.23939907055960538,
        -0.035421222682840856,
        0.030694053619680504,
        -0.058506627850320375,
        -0.09102557699388138,
        0.006773608377205279,
        -0.18149756577912937,
        -0.1704595199612533,
        -0.1567570006512495,
        -0.09825698859252381,
        -0.16790920627587008,
        0.12075832988237598,
        -0.049318179769256745,
        -0.008986585390090807,
        0.1694991747393771,
        -0.018048213041771774,
        -0.005132664003589543,
        0.21683040689600475,
        0.02960613819036565,
        -0.142914527562338,
        0.19232406651611503,
        0.05056661391157906,
        0.06293824385539537,
        0.04375369865788701,
        0.11692658291597466,
        0.0676359528831617,
        0.01476927764989392,
        0.14551458258753508,
        0.15782923709039895,
        0.0767344542800548,
        -0.014973131359199051,
        0.22769945475145034,
        0.03653978145145816,
        -0.1443478392551116,
        0.04377702447639486,
        -0.010812736625285712,
        -0.16118484447976425,
        -0.0429321143524153,
        -0.0173233617951916,
        0.04871006008221828,
        0.10599879467448442,
        0.13571782688985073,
        0.14080152218568312,
        -0.01058428879927002
    ],
    "checked": "indirect",
    "iteration": 60,
    "noise_sensor_0": [
        -0.018040373558193254,
        0.00968186277431492,
        -0.004058400882136836,
        0.024065159624181626,
        0.017518753844525822,
        0.013665542493199777,
        -0.0046855200927413375,
        -0.015041284115442153,
        -0.009435702414701852,
        -0.021706158762901162,
        0.015759164595629146,
        0.0043839193434851344,
        0.004622507346767589,
        0.010801277369923508,
        -0.00345716619375355,
        0.017885319926747932,
        0.005029692897361956,
        0.026426803720160683,
        0.004989604754484385,
        -0.002943125919405486,
        -0.0013071568565865698,
        -0.028548317085301384,
        0.0034452900431174477,
        -0.005520317750643887,
        0.0008370416275703051,
        -0.02214844424850175,
        -0.015551173817522029,
        -0.0002710903707241952,
        -0.007276709615782457,
        0.006719838787020919,
        0.02741920012701534,
        0.027450307657815063,
        -0.009444300322385961,
        0.007173576955442144,
        -0.004523170027532534,
        -0.010310241708302687,
        -0.003047901602892704,
        0.012121984083956117,
        0.012897662985417996,
        0.010235639361388958,
        -0.00036262160493120624,
        -0.019692141511850603,
        0.01116898246944377,
        -0.0059921811482229696,
        -0.008331418798785298,
        -0.031803936761531974,
        0.005224153519762067,
        -0.015890806529471436,
        0.020823094939133917,
        -0.011975711804501032,
        0.0016720034426111064,
        0.013150236174801823,
        -0.01794868744050238,
        0.00524624262707176,
        -0.016839616732585425,
        -0.00044019979239436405,
        -0.013868517667259366,
        0.004136352422345316,
        0.02646059805223916,
        0.025910735798159026
    ],
    "noise_sensor_1": [
        -0.010105224608208908,
        0.0006177198007972564,
        0.040895363307625554,
        -0.0018085144296128791,
        0.02780581099962519,
        0.023802638972109488,
        -0.0011714142830390269,
        0.0013244580666411355,
        0.006294345466312287,
        -0.009302883972048943,
        -0.009444341221220504,
        -0.012791295245446237,
        0.009562960837574862,
        -0.028370362795965474,
        0.0025303259504916758,
        -0.02027125185245868,
        0.02826340892781045,
        -0.022829160237247986,
        -0.010511796541096347,
        -0.020778118524660712,
        -0.0008358854855907147,
        -0.005567191246183185,
        0.00016804277045881887,
        0.011389319974684857,
        0.04457929144804369,
        -0.015136063068413325,
        0.008885888015324112,
        -0.020742630501915618,
        0.001566895102979438,
        0.0014115010905993372,
        0.00040734911919423325,
        0.011149413060910685,
        -0.016042738274408812,
        0.02342948880733664,
        -0.012556736027448383,
        0.006490117136445508,
        0.026208679030455123,
        0.003816014850012443,
        -0.028604955258247067,
        -0.010910673833092474,
        -0.014645681871327799,
        0.016980140405703236,
        -0.006867444062431068,
        -0.026288794788807905,
        -0.00596377995503331,
        -0.0029843785093042617,
        -0.0016599183315250234,
        -0.014876014019086626,
        0.015463770182573972,
        0.01450389432697944,
        0.007996030073350313,
        -0.019575282871393672,
        0.010881894386310554,
        0.0056692970976941716,
        -0.0071033940210512014,
        -0.004625406951334804,
        0.010557272419914264,
        0.005329595349386843,
        -0.007213613945033839,
        0.015770426439842982
    ],