{
    "ParameterSet": [
        0.0,
        0.0,
        0.0,
        0.0,
        0.0,
        0.0,
        0.0,
        0.0,
        0.0,
        0.0,
        0.0,
        0.0,
        0.0,
        0.0,
        0.0,
        0.0,
        0.0,
        0.0,
        0.0,
        0.0,
        0.5044372080402942,
        0.11179573179088269,
        0.22336131133168322,
        0.5238323908959595,
        0.4897837537401469,
        0.23336879209210276,
        0.156900132397411,
        0.2705401047539295,
        0.5045759819857375,
        0.4904423579823461,
        0.2409376907772342,
        0.1710147855545038,
        0.2840915832472842,
        0.5079500341720962,
        0.4593346845127408,
        0.21835216964225468,
        0.1690032511888188,
        0.3258838945822318,
        0.5074750373643965,
        0.2620683981985637,
        -0.04,
        -0.04,
        -0.04,
        -0.04,
        -0.04,
        -0.04,
        -0.04,
        -0.04,
        -0.04,
        -0.04,
        -0.04,
        -0.04,
        -0.04,
        -0.04,
        -0.04,
        -0.04,
        -0.04,
        -0.04,
        -0.04,
        -0.04
    ],
    "SensorParameterSet": [
        -0.03969035182354672,
        -0.08656625344991728,
        -0.2467332842560227,
        0.02429263825637794,
        -0.06843253556353512,
        -0.19666640390845627,
        0.21713010583820877,
        -0.03251090718173737,
        -0.09834834805974381,
        0.23965339046992418,
        0.13570778049569823,
        -0.06994576352469288,
        0.31858895150068123,
        0.005260360882119084,
        0.06099500449521843,
        0.042185007849062685,
        -0.07314084540854504,
        -0.07207125133115715,
        0.14777210683554357,
        0.06762430883219134,
        -0.3535315641389229,
        -0.11263959589699721,
        0.021135198258682788,
        -0.2533434780748382,
        0.09562718601612125,
        -0.10849513118965003,
        -0.1023719248923324,
        0.008155919310583936,
        -0.07510332800641875,
        0.1655694799454597,
        0.032535200141880403,
        -0.1565167959790794,
        0.1116279105312955,
        0.07440518377415142,
        -0.04888986451137701,
        -0.1595947176320076,
        -0.07300042919409763,
        0.004788162224133124,
        0.3377845962522757,
        0.16821565666054505,
        -0.3299392966365566,
        -0.1966009028771231,
        -0.09430505530039317,
        0.2123814594191753,
        -0.283356234812525,
        -0.1646371233195927,
        0.12954463169721311,
        -0.12503037256693197,
        0.26832936535486557,
        -0.18259059443398964,
        0.12958577395726217,
        0.06384261722250821,
        0.07172732405626515,
        -0.02835842806098399,
        0.19513502384622528,
        0.015252975939930729,
        -0.11604389034455705,
        -0.0775606490746688,
        0.08488748512664777,
        0.1233680021364014
    ],
    "checked": "indirect",
    "iteration": 17,
    "noise_sensor_0": [
        0.09703037556260122,
        0.13682236968339156,
        0.005627309513796199,
        0.019873967779072736,
        -0.001614957406206004,
        0.04756103758271156,
        -0.07053072321808407,
        -0.032364167687872994,
        -0.017586739812733513,
        -0.04262710611027083,
        -0.09914719842053779,
        -0.03479047415512851,
        0.054376030152375784,
        -0.12941119852470143,
        0.05561196230169889,
        -0.026911577395753332,
        0.018900643903371588,
        0.0030269583889610593,
        0.03328423542890365,
        0.0289149517595538,
        -0.12009587591556005,
        0.04194685967400471,
        0.03397873132312362,
        -0.0133994411721427,
        0.062420877393978655,
        -0.006722086286610296,
        -0.10820302330897602,
        -0.06437561206003048,
        0.09366124571113424,
        -0.01072758704705141,
        0.026066358882139415,
        -0.08057814480236836,
        -0.11200524111107327,
        -0.010455792996332541,
        0.016626664791721073,
        0.017236114789501166,
        -0.04545462649824947,
        -0.05414538062283546,
        -0.08559183928061603,
        -0.011800819109796844,
        0.013582010534281581,
        -0.11419591709716745,
        0.012671975344764046,
        -0.019775231479067994,
        0.03352875932334005,
        -0.030977634331197195,
        -0.009233767283304278,
        -0.061872904812023184,
        0.035336591957058044,
        0.04061424378329538,
        -0.05972143689597517,
        -0.015634507412273922,
        -0.006765834549291572,
        0.026187568749394145,
        0.003407775342365707,
        -0.13761247903004792,
        -0.01782891120180873,
        -0.01512420039659589,
        -0.0038111712839056784,
        -0.04950834444168127
    ],
    "noise_sensor_1": [
        -0.04596098139865718,
        -0.03460820096306844,
        0.055525730047528234,
        0.03857439942679335,
        0.13138337483297452,
        0.009886449078719863,
        0.002017492802641237,
        0.01604670906214514,
        0.0903590699924215,
        -0.017355492264680625,
        -0.06496126461915024,
        -0.05452027188407047,
        -0.06042106892210282,
        -0.07783101859518662,
        0.06493404553711388,
        0.011451839785154991,
        0.02622818560365463,
        0.03922762558175007,
        0.023435948852812034,
        0.005911553706346944,
        0.008042281331011689,
        -0.024520837859189203,
        -0.04210297535827163,
        -0.023181681690761288,
        0.00010802486820438163,
        -0.006803274415906669,
        0.04542851321479752,
        -0.01049237914331968,
        -0.053917052680668445,
        0.02027565106330595,
        -0.008729230181480424,
        0.023695820822245278,
        -0.06875447159499003,
        0.07585302103608627,
        -0.04448510655928937,
        0.029569213014715993,
        0.023972190670051546,
        0.005187779640275133,
        -0.019347069175447644,
        0.04917234594626642,
        -0.02398937115038494,
        -0.017125301302618415,
        -0.04772292174540001,
        -0.011123820803426823,
        0.03345487018802611,
        -0.07066528081123831,
        0.014656657778313131,
        0.09341564349332629,
        -0.10679126095027329,
        -0.03008421283930738,
        -0.04355181403148711,
        0.011586208768821767,
        -0.04945072806993342,
        -0.07443255598840297,
        0.10323764294843753,
        -0.025981359964222867,
        0.0808505503174738,
        -0.004587393733929472,
        -0.03892666624625261,
        -0.025710670786321155
    ],