{
    "ParameterSet": [
        0.0,
        0.0,
        0.0,
        0.0,
        0.0,
        0.0,
        0.0,
        0.0,
        0.0,
        0.0,
        0.0,
        0.0,
        0.0,
        0.0,
        0.0,
        0.0,
        0.0,
        0.0,
        0.0,
        0.0,
        0.5044372080402942,
        0.11179573179088269,
        0.22336131133168322,
        0.5238323908959595,
        0.4897837537401469,
        0.23336879209210276,
        0.156900132397411,
        0.2705401047539295,
        0.5045759819857375,
        0.4904423579823461,
        0.2409376907772342,
        0.1710147855545038,
        0.2840915832472842,
        0.5079500341720962,
        0.4593346845127408,
        0.21835216964225468,
        0.1690032511888188,
        0.3258838945822318,
        0.5074750373643965,
        0.2620683981985637,
        -0.04,
        -0.04,
        -0.04,
        -0.04,
        -0.04,
        -0.04,
        -0.04,
        -0.04,
        -0.04,
        -0.04,
        -0.04,
        -0.04,
        -0.04,
        -0.04,
        -0.04,
        -0.04,
        -0.04,
        -0.04,
        -0.04,
        -0.04
    ],
    "SensorParameterSet": [
        -0.18298940458727736,
        -0.2900413385324791,
        -0.309629703214257,
        0.11719936174717475,
        -0.08833715411785682,
        -0.16495166172162956,
        0.6393398155026905,
        -0.19599929624482373,
        0.03778738251965066,
        0.38143874354479557,
        -0.22348940275727552,
        0.2084311707984872,
        0.08110100884355854,
        -0.3245019791833234,
        0.11739782913678863,
        0.11265289646262207,
        0.16935763536576565,
        -0.13490815958444707,
        -0.05295416258342047,
        -0.09722691732715523,
        -0.021495475657345983,
        -0.0823066120364114,
        -0.1584519319746373,
        -0.32664833894857903,
        0.09318656177922652,
        0.11646102276367448,
        -0.11088651328055382,
        -0.030443695037952672,
        -0.39635676467847114,
        0.5091279269873257,
        -0.015094404412807003,
        -0.17912369649820314,
        -0.16022034750259412,
        -0.03465094195913838,
        0.08018020757130305,
        0.039481260009106296,
        0.017868773192442323,
        0.011914273031150705,
        0.49189130824184657,
        0.30132509275890024,
        -0.2822537214899595,
        -0.37294818051331335,
        0.02007987018995963,
        0.156776401289219,
        -0.04509835657489142,
        -0.05686908624771894,
        0.4486906614976759,
        -0.3872293995886937,
        -0.0656307670128431,
        0.13465333238753355,
        0.5563839524791068,
        0.3489208937756463,
        0.12774132297112462,
        -0.08465140879184731,
        0.08148453691591706,
        -0.004387195264266503,
        -0.47462699562412686,
        -0.16345113406940653,
        -0.10720106981643185,
        0.16291751645384409
    ],
    "checked": "indirect",
    "iteration": 45,
    "noise_sensor_0": [
        0.009138307117052073,
        -0.0035981358506100938,
        -0.1022346850267524,
        -0.014273622214694031,
        0.09863488733681308,
        0.011659246916321413,
        -0.06534998730108112,
        -0.009287956714206924,
        0.06679967543177992,
        -0.036201421317870575,
        -0.011190385671455885,
        0.021852149969797095,
        -0.04972568509391652,
        -0.019914884623283672,
        0.029137989626983392,
        0.05365814795883553,
        0.01484734504599138,
        0.05897954370422455,
        -0.07857179539736259,
        0.1060450834942614,
        -0.014222809536529303,
        -0.03775422927355778,
        0.006859520116604742,
        0.05482905102706864,
        -0.025955867779249277,
        -0.005664497517397437,
        -0.014961044405337357,
        -0.029974742522241606,
        -0.06554066976392206,
        -0.057332954351933516,
        -0.014294106792959956,
        0.04452866373428215,
        0.014229175103118566,
        0.07067610126363194,
        0.06568193168771463,
        -0.0033389831222068182,
        0.06418409437066853,
        0.02987117581221884,
        -0.010377378660273127,
        0.031868559367005896,
        -0.017478989573276427,
        -0.05279270538050304,
        -0.005600746579581047,
        0.08322415165238817,
        -0.12230549115139126,
        -0.042941623599301315,
        -0.11055963453983188,
        -0.030207474959187873,
        0.052545770496909054,
        0.10838719594442116,
        0.06874871151845979,
        -0.07860839070827091,
        -0.08403547903089459,
        -0.003620745463270826,
        -0.03577751991093528,
        -0.040987632691456756,
        0.05402394626037038,
        0.040677226637214715,
        -0.02236622444295054,
        0.000265567956476216
    ],
    "noise_sensor_1": [
        0.031909073462694365,
        0.0538856408350431,
        -0.03412310666441666,
        -0.05234939930423759,
        -0.02704959012499879,
        -0.017507188817187172,
        0.013463491737057768,
        -0.07182030616505758,
        0.022619991784834242,
        -0.0028067523377388326,
        0.028810159489459565,
        0.00214010301749643,
        0.0032380917217511344,
        0.005288621626068088,
        -0.01509374198019483,
        0.06217856878312752,
        -0.03009156454829121,
        -0.00820540236454033,
        0.08305596511104625,
        -0.008565401626390204,
        -0.02645483744439422,
        0.019897279753432858,
        -0.01607344448633229,
        -0.12263187897010855,
        -0.0031142744997529758,
        -0.09561789092527213,
        0.07833331744294009,
        0.04794566100816255,
        -0.07417566759219,
        -0.03807525284577997,
        -0.058356915470511854,
        0.04175381597014448,
        0.1117568884399385,
        0.04655180446783334,
        -0.031172725255847078,
        -0.04705574795884706,
        -0.014773610825883018,
        -0.014120814673985462,
        0.0033589064459381467,
        -0.09006461553172941,
        0.058678108145959335,
        0.08242362005160787,
        0.02704964607258818,
        -0.02591597892904219,
        0.028578520783828457,
        -0.03656822914258409,
        -0.0038426820146607475,
        -0.031798962013962505,
        0.03267596027974471,
        0.0699022496346388,
        -0.016264692172565126,
        0.002729533822433162,
        -0.009935877841109655,
        -0.020949223585400988,
        -0.021145579061587216,
        -0.0018521069766027137,
        -0.03059501360051061,
        0.04519057545550763,
        -0.0004343553745794089,
        -0.026869242007471122
    ],