{
    "ParameterSet": [
        0.0,
        0.0,
        0.0,
        0.0,
        0.0,
        0.0,
        0.0,
        0.0,
        0.0,
        0.0,
        0.0,
        0.0,
        0.0,
        0.0,
        0.0,
        0.0,
        0.0,
        0.0,
        0.0,
        0.0,
        0.5044372080402942,
        0.11179573179088269,
        0.22336131133168322,
        0.5238323908959595,
        0.4897837537401469,
        0.23336879209210276,
        0.156900132397411,
        0.2705401047539295,
        0.5045759819857375,
        0.4904423579823461,
        0.2409376907772342,
        0.1710147855545038,
        0.2840915832472842,
        0.5079500341720962,
        0.4593346845127408,
        0.21835216964225468,
        0.1690032511888188,
        0.3258838945822318,
        0.5074750373643965,
        0.2620683981985637,
        -0.04,
        -0.04,
        -0.04,
        -0.04,
        -0.04,
        -0.04,
        -0.04,
        -0.04,
        -0.04,
        -0.04,
        -0.04,
        -0.04,
        -0.04,
        -0.04,
        -0.04,
        -0.04,
        -0.04,
        -0.04,
        -0.04,
        -0.04
    ],
    "SensorParameterSet": [
        0.04539890976231979,
        0.012329280240944913,
        -0.15540519798957536,
        0.11983307783348761,
        -0.05209507748365251,
        0.049734070237804615,
        0.04901194226019513,
        0.009901231526394796,
        -0.22024314016181146,
        0.10712496601552417,
        0.04044440208797334,
        -0.11280330374928567,
        -0.0240257679222354,
        0.07111965844085345,
        0.06520248666373453,
        -0.025166579159873123,
        -0.12997651150479156,
        0.11887743631967783,
        -0.11242627188826343,
        0.09445941089316132,
        -0.19341061484838298,
        -0.07169303495578237,
        0.011613292261151684,
        -0.0942991433032702,
        0.044583413732896295,
        -0.09958718696720427,
        -0.0010685042091612858,
        -0.016815049037334964,
        0.06350953943924163,
        -0.06264077208166702,
        -0.021294767755986526,
        -0.045333034397335506,
        0.05861745713775551,
        -0.12108959822799444,
        0.047801647910380225,
        -0.1714739427736405,
        0.006177737515449656,
        -0.003240626713769782,
        0.05030399121657721,
        0.004018446504519682,
        -0.2198175214347061,
        -0.0390917381433524,
        -0.08015432257302617,
        0.14600373344457898,
        -0.1115674993464871,
        0.1001358465403269,
        0.16712633845246472,
        -0.012527387697773886,
        0.30408885722651924,
        -0.15575735784218742,
        -0.032800011089163285,
        0.11558815228234627,
        0.01310509798296053,
        0.014407626833067781,
        0.03809040093986356,
        0.07541663432701462,
        0.006013198736018116,
        -0.03136165017813237,
        0.05445418927028042,
        -0.17512046998589906
    ],
    "checked": "indirect",
    "iteration": 6,
    "noise_sensor_0": [
        0.03966576022214932,
        0.07043847412526243,
        0.060622309150233374,
        -0.013409722607525603,
        -0.019217742456225494,
        -0.08387279932657232,
        -0.007963807315873851,
        0.029111468554683027,
        0.06133897392969579,
        0.08008949433716271,
        0.028646422306871453,
        -0.03413134693535478,
        -0.00477816658417781,
        0.09485113970387658,
        -0.006122119890550121,
        -0.052329855674827674,
        0.0217097440922778,
        -0.0247672158366531,
        -0.08570587178903752,
        0.04137884031478987,
        -0.05671991636857447,
        0.09130068440755627,
        0.03769650841460145,
        -0.0661778245411116,
        0.09816952079789727,
        -0.03637498530351152,
        -0.047658239217387696,
        -0.01901585152796805,
        0.023729848943087696,
        0.15663077402705625,
        0.08123062415382688,
        -0.04394379288886783,
        0.062935778898917,
        0.036567759796469035,
        -0.013094828037966551,
        0.04640166781189818,
        0.077821743565892,
        0.029339957753222595,
        0.06390893955971093,
        0.10709669830441856,
        0.10244732770559652,
        -0.015900600050069373,
        -0.0026710081424893106,
        0.0682499650201357,
        0.007916717844014648,
        0.08085351849524562,
        -0.030930350168349902,
        0.0758260901348035,
        -0.05751991939881043,
        0.05759327542466257,
        0.0009698191256839775,
        -0.0026359328049889233,
        -0.034853635496774844,
        0.0034185277255950925,
        -0.03865910528631173,
        0.027131178642889248,
        0.04270299519932645,
        -0.0007455352707424939,
        0.09663897976702823,
        0.05015287988094836
    ],
    "noise_sensor_1": [
        -0.02816574486506673,
        0.01970070029403206,
        0.005430854707333559,
        0.03177484708387989,
        -0.023648772170123816,
        -0.027159658110950162,
        -0.05726392933237042,
        -0.023425544589966565,
        -0.0483818142612851,
        -0.00881747199343554,
        0.03108415186589064,
        0.1649046489228622,
        -0.012665397846382662,
        0.011607354491536602,
        -0.012436423400364743,
        0.012374682358350382,
        0.09661330923825084,
        -0.021263688475790816,
        -0.04320892202284888,
        -0.014372485954495605,
        0.0218927597945894,
        -0.029284420851599477,
        -0.01947853478513733,
        -0.04860825073481218,
        0.08074398825857099,
        -0.03596955447459581,
        0.0007785973693878235,
        0.048278707531534626,
        0.013954274456326316,
        -0.06928931684140105,
        -0.03735373650121297,
        -0.0389541804692602,
        -0.014872935960658184,
        -0.029743033477568914,
        0.06100080492783096,
        0.14628614230494819,
        -0.0195675481264628,
        -0.003786541376816061,
        -0.03552424808540111,
        0.05237400216551531,
        -0.04701844420636516,
        -0.11927698571411033,
        0.04649400360690074,
        0.05950481821211374,
        0.06552894288952743,
        -0.03447210807687107,
        -0.044026098900106295,
        0.07961293546825556,
        -0.0005467899484462587,
        0.08627178718275778,
        0.018373265084035268,
        0.024386623584006766,
        -0.009557379903280361,
        -0.09831503595620628,
        0.039591111074505254,
        -0.05231143856967994,
        -0.05820956038477642,
        0.004543698503267007,
        -0.06084223247987059,
        -0.024013961550659234
    ],