{
    "ParameterSet": [
        0.0,
        0.0,
        0.0,
        0.0,
        0.0,
        0.0,
        0.0,
        0.0,
        0.0,
        0.0,
        0.0,
        0.0,
        0.0,
        0.0,
        0.0,
        0.0,
        0.0,
        0.0,
        0.0,
        0.0,
        0.5044372080402942,
        0.11179573179088269,
        0.22336131133168322,
        0.5238323908959595,
        0.4897837537401469,
        0.23336879209210276,
        0.156900132397411,
        0.2705401047539295,
        0.5045759819857375,
        0.4904423579823461,
        0.2409376907772342,
        0.1710147855545038,
        0.2840915832472842,
        0.5079500341720962,
        0.4593346845127408,
        0.21835216964225468,
        0.1690032511888188,
        0.3258838945822318,
        0.5074750373643965,
        0.2620683981985637,
        -0.04,
        -0.04,
        -0.04,
        -0.04,
        -0.04,
        -0.04,
        -0.04,
        -0.04,
        -0.04,
        -0.04,
        -0.04,
        -0.04,
        -0.04,
        -0.04,
        -0.04,
        -0.04,
        -0.04,
        -0.04,
        -0.04,
        -0.04
    ],
    "SensorParameterSet": [
        -0.16905773960529866,
        -0.4288255185133237,
        -0.4222297874489175,
        0.2834680496605972,
        0.21330878882741605,
        0.15382350623965008,
        0.4133843314426953,
        -0.2749708361798158,
        -0.1132410426108212,
        0.28214572863105175,
        -0.08391786424235095,
        0.2027639458445782,
        0.14202247206065755,
        -0.20240325171944445,
        -0.05653163576223391,
        0.13566352130902334,
        0.0057674638005762,
        0.4187088195593418,
        -0.09071143581274818,
        -0.09161911319827559,
        -0.14457154540186604,
        -0.11442022750883432,
        -0.32570628243641064,
        -0.3940056108905942,
        0.16790920379968577,
        0.15071624126603297,
        -0.07573620906690781,
        0.06568339085848197,
        -0.3260054455719971,
        0.20467841499583236,
        0.09042081393705999,
        -0.2686997851553269,
        -0.1468042730508443,
        0.11823249446528986,
        -0.1608369141315429,
        0.11990329666142456,
        0.2944895578318605,
        0.14122519292229505,
        0.6596404418193131,
        0.16950951034184897,
        -0.48584226106185224,
        -0.0002000152001909291,
        0.3405212021703038,
        0.38454170033049,
        0.391875933630233,
        -0.2032385663839492,
        0.6565187485637244,
        -0.28047435363554024,
        0.046732016980546257,
        0.3094399971933221,
        0.5610522117042939,
        0.06940070906980583,
        0.3971561353368011,
        -0.2917513242123851,
        0.08696492136638498,
        -0.08676390597761187,
        -0.20705163207647684,
        -0.1541415510277294,
        -0.001863954740913172,
        0.2551119297843181
    ],
    "checked": "indirect",
    "iteration": 92,
    "noise_sensor_0": [
        -0.003173697988296495,
        -0.02095009966952379,
        0.03534299018824467,
        0.0033517367258665215,
        0.051202779981209166,
        -0.005189981714073171,
        0.06675430851963042,
        -0.006221971974016886,
        -0.042536634109542615,
        0.06969443755906461,
        -0.01725044895447513,
        -0.024185249550567715,
        0.018883561870266075,
        -0.001956578088628898,
        0.021239492634522326,
        0.03178696590367276,
        0.019377535873654914,
        0.038845182920385815,
        -0.08887781605165165,
        0.05285314125815447,
        -0.007401818314028316,
        -0.005451119319634021,
        -0.031510188749129135,
        0.04671066172532522,
        -0.05773424473618077,
        -0.01570262478567378,
        0.012251659532530419,
        0.008817375322842831,
        -0.022633126710838954,
        0.05502703498795537,
        -0.030200979179898422,
        -0.050257237196111394,
        -0.05031309617578363,
        -0.01414684879256327,
        0.04779574641226005,
        -0.0241755168774325,
        -0.0002591912652988729,
        0.11497183666536746,
        -0.020420755389795615,
        -0.000363074238495252,
        -0.0010662326165126281,
        0.03499356632608529,
        -0.03909092624400877,
        -0.014025486335712174,
        0.002994812301499501,
        0.005973045251491579,
        -0.014587501423634642,
        -0.041683615224284536,
        0.052894821573211244,
        -0.00048707407576135703,
        -0.04923376558249807,
        -0.061377929990577174,
        -0.04337584297566807,
        0.00928979923818686,
        -0.04366188214702432,
        0.04660703003200848,
        0.046959709350925645,
        0.02037044223929872,
        -0.07870126757666741,
        -0.08637445642970179
    ],
    "noise_sensor_1": [
        0.0019965337048610233,
        0.023789975099886514,
        -0.016718293595857754,
        -0.005598301242334392,
        0.0744438966928148,
        -0.008437860416274392,
        -0.0006378053879579295,
        0.008091916971632364,
        0.06880113354391554,
        -0.0039743260578414,
        0.05183439347574093,
        -0.0003327934181851979,
        0.03286152219578014,
        0.02816618262441266,
        0.004758830283591626,
        0.028486049492049668,
        0.017974034795924774,
        0.007019003239825773,
        0.0006017314512883646,
        0.010764463726038388,
        0.0239418869402374,
        -0.015689935239596792,
        0.0629621334485119,
        0.004056783930868421,
        0.02888393578750041,
        0.013863241273221825,
        -0.03868922486011461,
        0.02664546417370443,
        -0.02684603703932818,
        -0.000362253660351882,
        -0.0032116193478956335,
        0.04687336106625455,
        0.01321693602161154,
        0.033671725832433025,
        0.04416032508490101,
        0.02964803900687276,
        0.007802590327926537,
        -0.013337436026577417,
        0.016367908219101442,
        -0.018526057511904476,
        -0.04834881969726331,
        -0.04174122041377132,
        -0.02463101264685357,
        -0.08218100938391416,
        0.003531519507104206,
        -0.08254810890450538,
        -0.031172816146370342,
        -0.002505425773466934,
        -0.022428469125309942,
        -0.029801364052992968,
        0.03969324052397472,
        0.018235167652030378,
        0.08338082983875161,
        0.03139167805262245,
        0.02037558355548743,
        -0.017966331889119995,
        -0.026239061349682742,
        -0.025404883059755214,
        0.028819222810974068,
        -0.07525608272453543
    ],