{
    "ParameterSet": [
        0.0,
        0.0,
        0.0,
        0.0,
        0.0,
        0.0,
        0.0,
        0.0,
        0.0,
        0.0,
        0.0,
        0.0,
        0.0,
        0.0,
        0.0,
        0.0,
        0.0,
        0.0,
        0.0,
        0.0,
        0.5044372080402942,
        0.11179573179088269,
        0.22336131133168322,
        0.5238323908959595,
        0.4897837537401469,
        0.23336879209210276,
        0.156900132397411,
        0.2705401047539295,
        0.5045759819857375,
        0.4904423579823461,
        0.2409376907772342,
        0.1710147855545038,
        0.2840915832472842,
        0.5079500341720962,
        0.4593346845127408,
        0.21835216964225468,
        0.1690032511888188,
        0.3258838945822318,
        0.5074750373643965,
        0.2620683981985637,
        -0.04,
        -0.04,
        -0.04,
        -0.04,
        -0.04,
        -0.04,
        -0.04,
        -0.04,
        -0.04,
        -0.04,
        -0.04,
        -0.04,
        -0.04,
        -0.04,
        -0.04,
        -0.04,
        -0.04,
        -0.04,
        -0.04,
        -0.04
    ],
    "SensorParameterSet": [
        0.020491193729724872,
        -0.049214432218134124,
        -0.035172177821478384,
        0.04955517442309906,
        -0.06526049564277611,
        0.03703599645179299,
        0.02163350561736728,
        -0.02158989720842357,
        -0.011497488069397675,
        0.022799035248892555,
        -0.017565692832276075,
        -0.0017179876506330126,
        -0.06880284524878916,
        -0.009788041817538557,
        -0.06556557197962534,
        -8.061181501206366e-05,
        0.07720072586606704,
        0.13648204418951843,
        0.09916902691806911,
        0.061712229975089516,
        -0.10672687342323849,
        -0.004102518632347002,
        0.020308389611607337,
        -0.004177179447050653,
        -0.05716177106564306,
        -0.04680628174816946,
        0.03320918607421601,
        0.029805400908272103,
        0.02751889657948598,
        0.02366584083634302,
        -0.12441085721306942,
        -0.003831777089860997,
        -0.037479392770382036,
        0.060513706117486674,
        0.034238237472397584,
        -0.002022930359660143,
        -0.020839266284523122,
        0.06416896911870738,
        0.05081215789109314,
        0.0016423545352402522,
        -0.030275916146951153,
        0.020281564101547328,
        0.03228184458013562,
        -0.06829465458679983,
        -0.03353127996301067,
        0.02117817325410781,
        -0.08077575504388104,
        -0.023579280020304415,
        0.007877665734121334,
        -0.027337601172833712,
        0.047267694339861645,
        -0.15586563639763953,
        0.09803449209246282,
        0.05005833420804433,
        -0.06483305762391942,
        0.0008042139023638067,
        0.046943026793000275,
        -0.06355919836342944,
        0.03903317608474684,
        0.04130258072263878
    ],
    "checked": "indirect",
    "iteration": 2,
    "noise_sensor_0": [
        0.02664913757031241,
        0.039014607142028736,
        0.044228590874448734,
        -0.03229205598284311,
        0.10213321556010196,
        -0.09770768009092708,
        0.14444801855168057,
        -0.0024938201234178743,
        -0.05623497383584057,
        0.057429809466888894,
        0.06107166676186552,
        0.060377460065530096,
        0.024528157857153912,
        0.027692226812998013,
        -0.09659714216578451,
        -0.05987540828021912,
        -0.04462654240300974,
        0.019995739599445186,
        -0.030408586863790454,
        0.05807608070651294,
        -0.014157718257158941,
        0.03802905472402657,
        -0.032418963156442604,
        -0.007825387326535517,
        0.12464341008839458,
        -0.005326047376467488,
        -0.06233245959041735,
        -0.013368337215403921,
        -0.011982781408256583,
        0.036057803756732155,
        0.004101757001917885,
        -0.07399135235140342,
        -0.039365694996161646,
        0.05477883950682963,
        -0.011482119349420991,
        0.031559006586189535,
        0.010375887597151598,
        0.061552827541041494,
        -0.016960832317715724,
        -0.04222174713080987,
        -0.009194707942181813,
        -0.04625505236756765,
        0.0734421662188471,
        0.021274059838394196,
        -0.008384608722155708,
        0.00823623004293627,
        -0.01682231051651928,
        0.06093238595965124,
        0.029199476749957015,
        0.027111096401998786,
        -0.11603436261292976,
        0.009448378632369145,
        0.07073911579474328,
        -0.06176820537032645,
        0.018688925876024304,
        0.03555353531294276,
        0.04381517508717518,
        -0.03669860499404168,
        -0.008916671899153303,
        -0.054548526413591564
    ],
    "noise_sensor_1": [
        0.07188428719426612,
        0.02410148010077516,
        0.0449555362187296,
        0.028376672099992672,
        -0.06905386256252533,
        -0.008167335759090658,
        -0.032268346916796774,
        0.0703197921719714,
        0.03353231596444486,
        0.03811297045979059,
        0.12367738667548955,
        0.03640830435542704,
        0.027497918540161738,
        0.03502542719258104,
        0.006982640694104927,
        0.06938774720451305,
        0.044136454682794354,
        0.025273288276241895,
        0.00044800892716886595,
        -0.1339744178670695,
        0.010990186928857103,
        -0.03243821619220679,
        -0.07311203684709665,
        -0.08807335160077455,
        0.06612604484777891,
        -0.0010373500847260908,
        -0.04642689879101139,
        -0.15683671270619526,
        0.06352573577850276,
        -0.05367712453449894,
        0.008456950524962982,
        -0.11153861999424372,
        0.047388840594573975,
        -0.11206639902078208,
        -0.002134608335942872,
        -0.030611645931859503,
        -0.05291797939373979,
        0.06178552449909084,
        0.002535660794329115,
        -0.03537976234558213,
        -0.006389666058945213,
        0.08703202065549251,
        0.035400794023869406,
        -0.024222472348888156,
        0.017382273280048873,
        -0.06108016940147514,
        -7.518437521681137e-05,
        -0.06407558627002158,
        -0.025022785465648425,
        0.0386452671425189,
        0.05370384005596353,
        0.1017163251175958,
        -0.0027673559206093834,
        -0.0738916946178387,
        -0.005474396309609337,
        -0.010054005442742408,
        0.07407041300830915,
        0.057675721550071134,
        0.04566445033826506,
        0.024588318129358782
    ],