{
    "ParameterSet": [
        0.0,
        0.0,
        0.0,
        0.0,
        0.0,
        0.0,
        0.0,
        0.0,
        0.0,
        0.0,
        0.0,
        0.0,
        0.0,
        0.0,
        0.0,
        0.0,
        0.0,
        0.0,
        0.0,
        0.0,
        0.5044372080402942,
        0.11179573179088269,
        0.22336131133168322,
        0.5238323908959595,
        0.4897837537401469,
        0.23336879209210276,
        0.156900132397411,
        0.2705401047539295,
        0.5045759819857375,
        0.4904423579823461,
        0.2409376907772342,
        0.1710147855545038,
        0.2840915832472842,
        0.5079500341720962,
        0.4593346845127408,
        0.21835216964225468,
        0.1690032511888188,
        0.3258838945822318,
        0.5074750373643965,
        0.2620683981985637,
        -0.04,
        -0.04,
        -0.04,
        -0.04,
        -0.04,
        -0.04,
        -0.04,
        -0.04,
        -0.04,
        -0.04,
        -0.04,
        -0.04,
        -0.04,
        -0.04,
        -0.04,
        -0.04,
        -0.04,
        -0.04,
        -0.04,
        -0.04
    ],
    "SensorParameterSet": [
        0.15232010767710216,
        -0.5716963501831676,
        -0.05336701954067217,
        0.1491535853599926,
        0.40611075523805445,
        -0.2893580288344552,
        0.0198469495928307,
        0.06375500907801264,
        -0.1635621945437011,
        0.11270472031291683,
        -0.23159764782031006,
        -0.12624701279339318,
        0.28863432459790617,
        0.27627765355550354,
        -0.0690646290621985,
        0.21786440787148237,
        0.1102266203083977,
        0.25130682747276817,
        0.10244568277404524,
        -0.10105695036773092,
        -0.5776699062187689,
        0.14067908328253442,
        0.39737333433898114,
        -0.3406146930042902,
        -0.07652450289646433,
        -0.296683179863868,
        0.17540905190934672,
        0.02497648854284263,
        -0.6440639272206488,
        -0.2843753131852939,
        -0.03040810162540135,
        -0.2961160982332624,
        -0.0775203339569435,
        0.08899828544428653,
        -0.6733599048540602,
        -0.33100655554323694,
        0.006697663919819829,
        0.36868670264547526,
        -0.2753818659781575,
        0.4540454960739063,
        0.10828836572605839,
        0.2995596461203888,
        -0.10438478481692373,
        -0.07444943631133592,
        -0.07185740614761527,
        -0.2549932357294101,
        0.04858292472137165,
        -0.38424075733191076,
        -0.11150540793469485,
        -0.26689161235373976,
        0.41872547669814797,
        -0.7641141753123084,
        -0.10967885396067784,
        -0.03177175831999339,
        -0.5236844021472441,
        0.25952612682438464,
        -0.3473209856630432,
        -0.38172470779862805,
        -0.09067086573488428,
        0.1659217134586332
    ],
    "checked": "indirect",
    "iteration": 96,
    "noise_sensor_0": [
        -0.03918064947739198,
        0.003887181890110737,
        0.007653307096506402,
        0.03778741410274427,
        0.03582129469377661,
        0.015875991517607338,
        0.01691956842459753,
        0.01956776618366564,
        -0.02065891514998278,
        0.03046754261271317,
        -0.025657318585692698,
        -0.039678673649650324,
        0.01584734319209785,
        -0.0011511099799452118,
        -0.08653014840668406,
        -0.01986461143602279,
        0.030605046127265625,
        -0.009991709742081412,
        0.07682704451077156,
        -0.019186499982946775,
        -0.02902222212287092,
        0.03815827659566959,
        0.011750735690720954,
        0.026232211036422648,
        -0.020622807627641133,
        0.026351430736670314,
        0.04338524389288772,
        -0.03313455437408609,
        0.0012861937901683513,
        -0.014619088058378579,
        -0.01766302837892307,
        -0.01973437230728871,
        -0.016423257103636305,
        -0.005153878304320116,
        0.005871023629155595,
        0.016858229727827346,
        -0.011233494694803784,
        -0.022674253163406398,
        0.021995158243402292,
        0.019902973418024748,
        -0.012439462655216192,
        0.06686140474000912,
        0.04492027382880164,
        -0.0010172965354429222,
        0.010194985239129567,
        -0.01540369255385506,
        0.04494175313927174,
        -0.055700467426825544,
        -0.01630848084452775,
        0.03864635331544815,
        0.015375282456601412,
        0.0005377444935553706,
        -0.02800839959442877,
        0.0025833812814988447,
        0.0037578225813511747,
        0.024728853888658683,
        -0.06575213415672763,
        0.005508783045494198,
        0.002178888710940798,
        0.013078546376648681
    ],
    "noise_sensor_1": [
        -0.041505069598349834,
        0.0067489736288603,
        0.04985515880553316,
        -0.040104983297583795,
        -0.02422576594181988,
        0.0016725982374525413,
        -0.06164809463457732,
        0.006084778945709563,
        0.012346595798334907,
        -0.07764114133743306,
        -0.05468753849713434,
        -0.04235444030455865,
        -0.020920005236706982,
        0.0020812183408308016,
        0.010438667979177307,
        0.06764339537076039,
        0.03743337781656402,
        0.02588966923767169,
        -0.03069004511724812,
        0.024730255871169844,
        0.020855878495376335,
        -0.030423323764739323,
        0.022173202090422332,
        -0.04728343460726608,
        0.0026399292880101076,
        -0.000702776055367845,
        0.0011239379876272807,
        0.009337761957786989,
        0.041083775338687456,
        0.0018008622318720826,
        0.00968015034997579,
        0.020660559655161833,
        -0.03488935039912894,
        -0.03321101694784103,
        -0.05349591112285383,
        -0.04480666786674695,
        0.026451850609874792,
        -0.005803234636571863,
        0.08524413154519041,
        -0.040418863262566156,
        -0.010056019778392737,
        0.021774010402931396,
        0.008153735427782445,
        -0.019240532695721516,
        0.03243523294341703,
        0.013943753782884089,
        -0.022975192223747862,
        0.0024814437570786886,
        -0.01780171723558612,
        0.03380182618642526,
        -0.036039426997845736,
        -0.026740498811580096,
        -0.07234064795591456,
        -0.04244315739839935,
        0.024857520529648285,
        -0.06589448341928017,
        -0.015100855542315956,
        0.012883560572964822,
        0.007179981469423698,
        0.055819723169782204
    ],