{
    "ParameterSet": [
        0.0,
        0.0,
        0.0,
        0.0,
        0.0,
        0.0,
        0.0,
        0.0,
        0.0,
        0.0,
        0.0,
        0.0,
        0.0,
        0.0,
        0.0,
        0.0,
        0.0,
        0.0,
        0.0,
        0.0,
        0.5044372080402942,
        0.11179573179088269,
        0.22336131133168322,
        0.5238323908959595,
        0.4897837537401469,
        0.23336879209210276,
        0.156900132397411,
        0.2705401047539295,
        0.5045759819857375,
        0.4904423579823461,
        0.2409376907772342,
        0.1710147855545038,
        0.2840915832472842,
        0.5079500341720962,
        0.4593346845127408,
        0.21835216964225468,
        0.1690032511888188,
        0.3258838945822318,
        0.5074750373643965,
        0.2620683981985637,
        -0.04,
        -0.04,
        -0.04,
        -0.04,
        -0.04,
        -0.04,
        -0.04,
        -0.04,
        -0.04,
        -0.04,
        -0.04,
        -0.04,
        -0.04,
        -0.04,
        -0.04,
        -0.04,
        -0.04,
        -0.04,
        -0.04,
        -0.04
    ],
    "SensorParameterSet": [
        0.07283953674679908,
        -0.25531817857496947,
        0.03605523689274759,
        -0.11332594199481409,
        0.21343778582625583,
        -0.046099438823740874,
        0.07608128928464754,
        0.027125243520831968,
        -0.2049066517574193,
        0.11375837041402163,
        -0.22319816467049414,
        -0.2840867149298981,
        0.28193997543512034,
        0.31401836094259866,
        -0.08971759786106143,
        0.32929074915256207,
        0.2156758336471552,
        0.10068440340179576,
        0.19529205816458162,
        0.05430104791614282,
        -0.2876561110033989,
        0.013573690679122216,
        0.4982884486253588,
        -0.13237439211636304,
        -0.07412186452002774,
        -0.2743153410498194,
        -0.05589521650401768,
        0.08733841288245649,
        -0.3547357811011534,
        -0.07769739566783958,
        -0.14197362053514542,
        -0.225158667609439,
        -0.19676855118619058,
        -0.03255773001755642,
        -0.6317624328488683,
        -0.17867285225805796,
        0.17191428060094371,
        0.29756784473707915,
        -0.25664723732034644,
        0.2040410666055409,
        0.12488783405577446,
        0.2188204328469917,
        -0.068066612101549,
        -0.1711933901604849,
        0.0003108627547693393,
        -0.22968483242958854,
        -0.008540110889308804,
        -0.2327967215091297,
        -0.016542648074975522,
        -0.11579513547755425,
        0.2870748631867634,
        -0.7147205465063582,
        -0.11827922789194305,
        0.19025335333672497,
        -0.2281131950861656,
        0.08188687099926262,
        -0.22687696254607956,
        -0.300205707247281,
        0.051536231462769956,
        0.23963076310192138
    ],
    "checked": "indirect",
    "iteration": 61,
    "noise_sensor_0": [
        -0.03615867781210895,
        0.04501072305303709,
        0.029591833350655586,
        -0.023451767709751933,
        -0.021829761969845138,
        -0.060754424578967674,
        -0.02308312549715705,
        0.051066500342960765,
        0.08007033726405473,
        0.0036606407038783702,
        -0.028210935321950455,
        0.024529905315954992,
        -0.016764863438737454,
        -0.048624519664834776,
        0.015136748519535715,
        0.017945886253263658,
        0.017867796024597746,
        -0.026555984738534832,
        -0.009307082325630977,
        0.010995740924126618,
        0.04920608094177929,
        -0.04761322336331342,
        -0.07178990138022508,
        0.029679158458969023,
        0.010088045563041345,
        -0.032410555419682366,
        -0.002970124970155198,
        -0.14153637632295032,
        -0.02425651951785433,
        0.014712260165825688,
        0.037998047719696545,
        0.016173334744967623,
        -0.021044022030288222,
        -0.0675255313996713,
        0.023949637916381453,
        0.07726723097252214,
        0.029468508382647623,
        0.01689587330206809,
        0.01287901424715692,
        -0.014026595064097683,
        -0.056159259582612586,
        0.02031216395651133,
        0.0003082656688462449,
        0.03363330776324549,
        -0.01001527054010391,
        -0.033887889183118254,
        0.10596078118349592,
        -0.01452107471960788,
        -0.0015979181823968626,
        0.018408624766506117,
        -0.017484937126191695,
        0.09583722136396326,
        0.009214302341221092,
        -0.04986028405094816,
        2.2583807351983618e-05,
        0.018148252559335873,
        0.08637954083477162,
        0.09663087731184179,
        -0.014732290937851538,
        -0.0017644032636225117
    ],
    "noise_sensor_1": [
        0.013940364579858908,
        0.03430904410756062,
        -0.035451207722153155,
        0.017663009092409327,
        -0.04254091429143975,
        0.08638417232306374,
        -0.10078312223623782,
        0.0387751637881618,
        -0.03622980498355816,
        -0.028978271096962237,
        0.010104569000240003,
        0.003551978109601405,
        -0.0062613867432886475,
        0.00434914216691402,
        0.012883153781290247,
        -0.03530101247608261,
        -0.10053283246527425,
        -0.06049199585885135,
        0.027167264836643563,
        -0.002536726785865172,
        -0.11069494771742928,
        -0.021151584544934716,
        0.029852036330975724,
        0.022457304420882836,
        -0.01539631633402895,
        0.04553518651249473,
        0.0511155914255512,
        0.03801375173716769,
        -0.007717616225134503,
        -0.01529402331840243,
        0.05482112860321393,
        0.023115770501540706,
        0.00013525146928041699,
        -0.08393604952129904,
        0.04357195756156329,
        0.02895894656536981,
        -0.01744358127640492,
        0.013935397509262624,
        0.024349380871568137,
        -0.01468933602325178,
        0.02679268306564481,
        -0.03617568938560226,
        -0.01121397702148823,
        -0.0012317659378714297,
        -0.0480985342003745,
        0.04500562789395896,
        -0.03471762622501816,
        -0.009300251750817182,
        -0.11521446024504282,
        -0.005831925051157184,
        -0.037548822784629565,
        0.006886863898119926,
        -0.04653097524169207,
        -0.0769514492283792,
        0.043529459539156955,
        -0.02069011540593535,
        -0.0273983714132411,
        -0.02964358200559895,
        0.0005724147549935012,
        -0.07092331225074171
    ],