{
    "ParameterSet": [
        0.0,
        0.0,
        0.0,
        0.0,
        0.0,
        0.0,
        0.0,
        0.0,
        0.0,
        0.0,
        0.0,
        0.0,
        0.0,
        0.0,
        0.0,
        0.0,
        0.0,
        0.0,
        0.0,
        0.0,
        0.5044372080402942,
        0.11179573179088269,
        0.22336131133168322,
        0.5238323908959595,
        0.4897837537401469,
        0.23336879209210276,
        0.156900132397411,
        0.2705401047539295,
        0.5045759819857375,
        0.4904423579823461,
        0.2409376907772342,
        0.1710147855545038,
        0.2840915832472842,
        0.5079500341720962,
        0.4593346845127408,
        0.21835216964225468,
        0.1690032511888188,
        0.3258838945822318,
        0.5074750373643965,
        0.2620683981985637,
        -0.04,
        -0.04,
        -0.04,
        -0.04,
        -0.04,
        -0.04,
        -0.04,
        -0.04,
        -0.04,
        -0.04,
        -0.04,
        -0.04,
        -0.04,
        -0.04,
        -0.04,
        -0.04,
        -0.04,
        -0.04,
        -0.04,
        -0.04
    ],
    "SensorParameterSet": [
        -0.09961259659550845,
        -0.09452935178780485,
        0.10041991202844862,
        -0.0957383462167452,
        0.12084552342982863,
        -0.014493747304471062,
        -0.05840044770656399,
        -0.0384890065328355,
        0.0700203954674447,
        0.08725009094848828,
        -0.45324172308267235,
        -0.23677984414880027,
        0.27380981938280113,
        0.16496413132568938,
        -0.09224700009331706,
        -0.00981416034129581,
        0.046829522591956205,
        0.06851430171676459,
        0.232792279803865,
        -0.013830467954623456,
        -0.30815373193338147,
        -0.044904531621263524,
        0.234398319741563,
        -0.06287365040303543,
        -0.08011935362493079,
        -0.04112569723899077,
        0.04740246851971715,
        0.04615579043060948,
        -0.24452015449154685,
        0.022612383615504956,
        -0.26695513471106397,
        -0.1471007666450881,
        0.05293861508746868,
        0.007987620188728884,
        -0.4432564718465003,
        -0.3272250725876413,
        0.30997318136199387,
        0.24134771159489812,
        0.07573093932626851,
        0.19895513069935772,
        0.07349603403733145,
        0.18994294925458624,
        0.08347168089339652,
        -0.028261908612094804,
        -0.04028299804786349,
        -0.07586505770066385,
        0.016441008704959913,
        -0.0825992278396591,
        0.09979154120840474,
        -0.10932657410268713,
        0.294109575725703,
        -0.37087225228339055,
        -0.03408254192735575,
        0.1523646704130765,
        -0.04016977279567413,
        0.016312638809382714,
        0.028427425753786862,
        -0.24476886805829431,
        -0.04377642446002517,
        0.30466201203364557
    ],
    "checked": "indirect",
    "iteration": 30,
    "noise_sensor_0": [
        -0.032960184871464654,
        0.011429252207823632,
        0.06225362118233585,
        -0.008678887705824137,
        -0.04557856809336135,
        -0.01920263562824759,
        0.0029886542864871564,
        -0.01512571043337895,
        0.03767643815965201,
        0.0145091311420355,
        0.039052745815120055,
        0.02577860831003063,
        -0.01097597664927246,
        0.054235093571705265,
        -0.03379388054266231,
        -0.13711606390212594,
        -0.14186405908099725,
        -0.05233679220637262,
        0.0401153294995639,
        -0.016180273482869725,
        0.044188421809192774,
        0.03927208843319067,
        0.025633369445254132,
        -0.020437830727633322,
        0.04329811967607598,
        0.08866774164155501,
        -0.08860483481923327,
        0.03980555789395186,
        -0.012203279701733216,
        0.04146382709324713,
        0.022374107067286424,
        0.042687811430340936,
        -0.039649820045292994,
        -0.10398913159802498,
        -0.023924123916786142,
        -0.051038163304569735,
        0.04433299282519401,
        0.018123638569104886,
        -0.08412475341984764,
        0.044525043181573645,
        0.0412677016224227,
        0.006852924246893882,
        0.06819804915059498,
        -0.007774470229696888,
        -0.03674030676496383,
        0.0036792557806783976,
        -0.01600727107222833,
        0.017950989988986362,
        -0.07193747166763816,
        -0.12166679671230929,
        0.0037710742086338217,
        -0.0028575566925720997,
        0.003923565100728719,
        0.08517522061688489,
        -0.08145699043118888,
        0.014652731137658088,
        0.11029063740297258,
        -0.11116879572552357,
        0.0461433982872004,
        0.009831832336119842
    ],
    "noise_sensor_1": [
        0.036797122343603286,
        -0.06565464893228094,
        -0.03266327061185412,
        0.011056635095925001,
        -0.025788225972522234,
        0.06345551920614642,
        0.02872287118418171,
        -0.0245635914641392,
        -0.06859607554311727,
        -0.0026150078093856205,
        -0.058531337906096825,
        -0.07954397543291533,
        0.005541402632843267,
        -0.08704617364565499,
        -0.019883456135423156,
        -0.011287186550966081,
        0.06658157289883232,
        -0.008153562468096192,
        -0.03496713481414325,
        -0.03923550178418435,
        -0.06460159120372211,
        0.05734393691220449,
        -0.06416416707331739,
        0.01734617822076717,
        0.005451601155072176,
        0.06750855361318789,
        0.009684992652142291,
        -0.040208053684071654,
        0.055100237902480136,
        0.09481916273054772,
        0.028824485476934194,
        -0.010482606367915813,
        -0.036022274478000174,
        -0.008904041896652594,
        0.007785219512801682,
        0.04567381842110577,
        0.009310736591522801,
        0.024674641070948373,
        -0.11015452884858266,
        0.024417812883149065,
        -0.08545308828543247,
        0.11717854125174987,
        -0.0865648160099703,
        0.05077907884318596,
        0.01635732288964942,
        -0.024916403437728902,
        -0.025742240579776497,
        0.05050944163722129,
        -0.06858518160901018,
        -0.05081240144192432,
        -0.009912472846188335,
        -0.020104352460894512,
        0.11207722081239378,
        0.043480814659049835,
        0.06450298435091165,
        0.009756931038294366,
        -0.05567762210378506,
        0.022256223664759656,
        0.06124527919343622,
        0.031578233676240526
    ],