{
    "ParameterSet": [
        0.0,
        0.0,
        0.0,
        0.0,
        0.0,
        0.0,
        0.0,
        0.0,
        0.0,
        0.0,
        0.0,
        0.0,
        0.0,
        0.0,
        0.0,
        0.0,
        0.0,
        0.0,
        0.0,
        0.0,
        0.5044372080402942,
        0.11179573179088269,
        0.22336131133168322,
        0.5238323908959595,
        0.4897837537401469,
        0.23336879209210276,
        0.156900132397411,
        0.2705401047539295,
        0.5045759819857375,
        0.4904423579823461,
        0.2409376907772342,
        0.1710147855545038,
        0.2840915832472842,
        0.5079500341720962,
        0.4593346845127408,
        0.21835216964225468,
        0.1690032511888188,
        0.3258838945822318,
        0.5074750373643965,
        0.2620683981985637,
        -0.04,
        -0.04,
        -0.04,
        -0.04,
        -0.04,
        -0.04,
        -0.04,
        -0.04,
        -0.04,
        -0.04,
        -0.04,
        -0.04,
        -0.04,
        -0.04,
        -0.04,
        -0.04,
        -0.04,
        -0.04,
        -0.04,
        -0.04
    ],
    "SensorParameterSet": [
        -0.11783528257603809,
        -0.08840854447278775,
        0.0920482369337433,
        -0.09107306489856232,
        0.087226069734398,
        0.0032361499712785444,
        -0.07498914379449777,
        -0.032008859610556745,
        0.06111541138283089,
        0.07664485487759529,
        -0.3968717821249123,
        -0.20353288408438966,
        0.2425521281681204,
        0.16773754203570276,
        -0.06339081775086877,
        -0.024370413071640465,
        0.11227283266852704,
        0.06418002647519694,
        0.23077364203778494,
        -0.002837424155678614,
        -0.30129501285541305,
        -0.06927665920102039,
        0.21951294306045122,
        -0.05645606142041168,
        -0.14565069077201936,
        -0.054088026446322754,
        0.011954230843254685,
        0.010045169118235489,
        -0.292242746729895,
        0.03358153624037341,
        -0.28000698165890947,
        -0.13135911879711804,
        0.02717736056969779,
        0.021879033877904706,
        -0.4104537673139457,
        -0.37186463297840494,
        0.31246076337206946,
        0.21750857430760376,
        0.09622674972736074,
        0.17016055557107204,
        0.022450054099187787,
        0.19268182275959883,
        0.1207275234224917,
        -0.02123115920833457,
        -0.04341347026597174,
        -0.05154068773489898,
        0.03122457244329255,
        -0.06897176606926443,
        0.05755092667077728,
        -0.1135087245158152,
        0.3081246765422716,
        -0.3234091039677018,
        -0.01984128551423779,
        0.1796384319088372,
        -0.049067953940127834,
        0.01629444476950583,
        0.06119720881618505,
        -0.2531820052504808,
        -0.008262249612827649,
        0.29212435517252383
    ],
    "checked": "indirect",
    "iteration": 29,
    "noise_sensor_0": [
        0.015679218330428808,
        -0.11417371641038954,
        -0.04642815255504683,
        0.07454212614839299,
        -0.023990612843757104,
        0.020477512125306,
        -0.0215670421883121,
        -0.040294096035633394,
        0.046248657128564866,
        0.015254037061834078,
        -0.05018888504348187,
        0.019907683813098286,
        -0.011596065964480921,
        0.011549211737861977,
        0.041769134317560026,
        0.13680253689446345,
        -0.0029851851736717315,
        0.062034909690381404,
        0.042071772294187744,
        0.06516665940283581,
        -0.05919918859609844,
        -0.05318333233823684,
        -0.008252654397427159,
        0.011919386641395512,
        0.089337009918881,
        0.02828734869278519,
        0.02169277429369717,
        0.019309625861030615,
        0.05526490489539599,
        0.022761517230958234,
        0.022998461485196135,
        0.015143125429224217,
        0.010987124616556099,
        0.08035516208969096,
        -0.028686059612328785,
        -0.009804287467646845,
        -0.05948070426440118,
        -0.037630057982627634,
        -0.006264904708344408,
        -0.05242823359167095,
        0.09452545958865743,
        -0.011456161912172018,
        0.012250646404311213,
        -0.027845513252568437,
        0.05353420053578687,
        0.103937369098581,
        -0.029113576241275852,
        0.106556725224345,
        0.0005581866842662005,
        0.05929274373756047,
        0.05133128322618047,
        0.03551210335695398,
        0.06685946390461227,
        -0.009519910691450277,
        0.09099400241289808,
        0.0801931727128182,
        0.040856561090633854,
        -0.003648490683977521,
        0.03550018079042997,
        0.08247985196860781
    ],
    "noise_sensor_1": [
        -0.020688162443598654,
        0.06429305492302625,
        0.00813211384656303,
        -0.04935468370122434,
        0.1062128702741827,
        -0.007291455281614765,
        -0.09990700958758483,
        -0.05647755298664132,
        0.03619415000075621,
        0.02885124407019871,
        -0.010074571839609345,
        0.06250913193162011,
        -0.013779685854396918,
        0.05174386276937844,
        -0.03718675572394762,
        0.027829825017502904,
        -0.07675248561397449,
        -0.02263946785389562,
        0.06849409598567226,
        -0.05258263373990945,
        -0.09091065158070218,
        -0.03940763782181746,
        0.00825784302146474,
        0.012277701859774144,
        0.059699190747264624,
        0.009126096415749976,
        0.012244581554513105,
        -0.01496656049662656,
        0.09062585196985379,
        0.00366961235802046,
        0.012195434557882736,
        -0.0622373143899446,
        0.12494387461580835,
        -0.009952360037698282,
        0.016382321939140704,
        0.06005145671001001,
        -0.06669282870478331,
        -0.01323094628025562,
        0.027031089449812272,
        0.033573148012155246,
        -0.08279019524118544,
        0.03775059841868039,
        -0.10080404433080553,
        -0.0647388648172923,
        -0.011912605090821888,
        0.061239657266699866,
        0.01764007443387568,
        0.03164163589127057,
        0.08908168626777939,
        0.05373780680893628,
        -0.012803190703834785,
        -0.009392064710825784,
        0.022300379791787096,
        -0.09655734880391469,
        0.023741404965736793,
        0.031168843585472276,
        -0.041657424229224096,
        -0.07699530464340706,
        0.014764153273490638,
        0.031138800514068515
    ],