{
    "ParameterSet": [
        0.0,
        0.0,
        0.0,
        0.0,
        0.0,
        0.0,
        0.0,
        0.0,
        0.0,
        0.0,
        0.0,
        0.0,
        0.0,
        0.0,
        0.0,
        0.0,
        0.0,
        0.0,
        0.0,
        0.0,
        0.5044372080402942,
        0.11179573179088269,
        0.22336131133168322,
        0.5238323908959595,
        0.4897837537401469,
        0.23336879209210276,
        0.156900132397411,
        0.2705401047539295,
        0.5045759819857375,
        0.4904423579823461,
        0.2409376907772342,
        0.1710147855545038,
        0.2840915832472842,
        0.5079500341720962,
        0.4593346845127408,
        0.21835216964225468,
        0.1690032511888188,
        0.3258838945822318,
        0.5074750373643965,
        0.2620683981985637,
        -0.04,
        -0.04,
        -0.04,
        -0.04,
        -0.04,
        -0.04,
        -0.04,
        -0.04,
        -0.04,
        -0.04,
        -0.04,
        -0.04,
        -0.04,
        -0.04,
        -0.04,
        -0.04,
        -0.04,
        -0.04,
        -0.04,
        -0.04
    ],
    "SensorParameterSet": [
        0.09538392627509454,
        -0.32004569630750207,
        0.039918529904246366,
        -0.07064180421135857,
        0.2442032348686915,
        -0.06203785599005962,
        0.13500382396018593,
        -0.016902610049861044,
        -0.23848653429453673,
        0.1341737372906459,
        -0.23092038070629511,
        -0.2559051781924629,
        0.2686791637892621,
        0.3316411058016447,
        -0.09234486355190796,
        0.295964976437123,
        0.28251031282521016,
        0.09485212295335964,
        0.15746431453546575,
        0.04509882358499889,
        -0.28625601715084986,
        0.00789143475644141,
        0.4675003566014239,
        -0.14268515101727197,
        -0.06912197049156753,
        -0.22695697543793328,
        -0.07439929871001895,
        0.06585527665372076,
        -0.3681835625057736,
        -0.0730123829679405,
        -0.16291092807902327,
        -0.22054841625414737,
        -0.17020940059271694,
        -0.008921764766088766,
        -0.6561431369550362,
        -0.1928380147880961,
        0.17881414657316205,
        0.33693475578093585,
        -0.2778830795933617,
        0.22817110729978707,
        0.12253225155738848,
        0.20424322329158295,
        -0.04787963832655543,
        -0.16503979271097385,
        0.01923229620949718,
        -0.19987523862925255,
        -0.024662630263173585,
        -0.23430748665578108,
        -0.06600270202187168,
        -0.16380076222150544,
        0.2678061617476447,
        -0.6800947403944139,
        -0.11411988938496485,
        0.16144795295697878,
        -0.24930921213783347,
        0.04024877793271084,
        -0.2829244766378749,
        -0.365111626264833,
        0.03998050801705491,
        0.22133656448273192
    ],
    "checked": "indirect",
    "iteration": 63,
    "noise_sensor_0": [
        0.032908182095519545,
        0.06649611098591096,
        0.013971194989920676,
        -0.06115361544987064,
        -0.021122081175677394,
        0.005592827091350743,
        0.017552305405508117,
        0.028094754357585513,
        0.048400836853506185,
        -0.006470143863980567,
        -0.020368078557738145,
        0.0038243598690452596,
        -0.019697963173791397,
        -0.08571329204376729,
        0.0009091079538711011,
        -0.015448448648615205,
        -0.012156925123902585,
        0.015099667100544624,
        0.015764939305813352,
        0.0414114527176736,
        -0.014036208981450833,
        0.009345688757391996,
        0.014126983584179156,
        -0.04942139048531747,
        0.023632422110049466,
        0.016093164250773787,
        0.014634604173203584,
        -0.014934629087623684,
        0.0882901736799475,
        -0.028619393391711732,
        -0.028394379331233628,
        0.07687474005334106,
        -0.04348731755924403,
        -0.01623442249821396,
        -0.02769071711684054,
        0.04132133253711709,
        0.02935570799875409,
        0.057446942266189564,
        -0.06684635002909937,
        -0.05721255204070638,
        -0.018163910757728354,
        -0.0509178382825396,
        -0.05292318393000614,
        0.09565362665066912,
        -0.03046744450283564,
        0.06463183186711839,
        0.042459461523298526,
        0.041113968061601204,
        0.03628713875057022,
        0.03646236014180158,
        -0.058806246738991104,
        -0.003633443060830796,
        0.023803953866002005,
        0.024337312966775194,
        0.04355738560248151,
        0.06231827339735176,
        -0.017579287163298422,
        0.009153423927690061,
        -0.03666690505590934,
        -0.025568166653300927
    ],
    "noise_sensor_1": [
        0.012179183627149705,
        -0.060402648254735354,
        -0.08278084159822217,
        -0.018677391195940564,
        0.0575833229739907,
        -0.04070397161791893,
        -0.007049532398549402,
        -0.03704321573889225,
        0.10481004717500583,
        -0.04875381863481459,
        -0.02081805319698094,
        -0.03287429037573036,
        0.04478930648249115,
        -0.017785998769652128,
        -0.019894006009463023,
        -0.02209162182737927,
        0.038096512372013634,
        0.017058221977132068,
        0.007197511469938218,
        -0.012256837010875408,
        -0.08370355760735605,
        -0.004566839770229596,
        -0.01518387829395989,
        0.002351567055591893,
        0.09175632389842354,
        -0.006908376517692261,
        -0.012945104529520912,
        0.0242317051413032,
        0.004364234046519349,
        0.049081370746991614,
        0.008517362783379407,
        0.012023803779460999,
        0.013728457944301446,
        -0.003781357064922922,
        -0.055426210337545675,
        -0.00041583445645889815,
        0.006454097435990618,
        0.010092945530745034,
        -0.09034447213595811,
        0.05441019069180236,
        0.00838626115766023,
        0.061915528041129896,
        0.10675716301795204,
        -0.004458362055619459,
        0.014272138092281957,
        -0.0369391086279498,
        -0.028397558699046175,
        0.0035159307847029797,
        -0.030135361275305923,
        0.03278034600070628,
        0.026352329505299754,
        0.0063833479958713465,
        -0.052141476058959045,
        0.059018266567303995,
        0.052537804758938274,
        0.031335809402156974,
        -0.05730096093031128,
        0.007524129946436879,
        0.026069834581265782,
        -0.0008131214934241081
    ],