{
    "ParameterSet": [
        0.0,
        0.0,
        0.0,
        0.0,
        0.0,
        0.0,
        0.0,
        0.0,
        0.0,
        0.0,
        0.0,
        0.0,
        0.0,
        0.0,
        0.0,
        0.0,
        0.0,
        0.0,
        0.0,
        0.0,
        0.5044372080402942,
        0.11179573179088269,
        0.22336131133168322,
        0.5238323908959595,
        0.4897837537401469,
        0.23336879209210276,
        0.156900132397411,
        0.2705401047539295,
        0.5045759819857375,
        0.4904423579823461,
        0.2409376907772342,
        0.1710147855545038,
        0.2840915832472842,
        0.5079500341720962,
        0.4593346845127408,
        0.21835216964225468,
        0.1690032511888188,
        0.3258838945822318,
        0.5074750373643965,
        0.2620683981985637,
        -0.04,
        -0.04,
        -0.04,
        -0.04,
        -0.04,
        -0.04,
        -0.04,
        -0.04,
        -0.04,
        -0.04,
        -0.04,
        -0.04,
        -0.04,
        -0.04,
        -0.04,
        -0.04,
        -0.04,
        -0.04,
        -0.04,
        -0.04
    ],
    "SensorParameterSet": [
        -0.04574031047513856,
        -0.1696479390331653,
        0.1509016027360885,
        -0.08532474915825387,
        0.14363167821479567,
        -0.1077844343087361,
        -0.010166041596101733,
        -0.04458636129002481,
        -0.11518253745635906,
        0.05664484784558688,
        -0.3715934683624081,
        -0.29984257778078544,
        0.2839917303327805,
        0.17885616713038274,
        0.04006506975394396,
        0.024464744243546117,
        0.1289397114999014,
        -0.004788461444065234,
        0.06670687297005867,
        -0.028803130952361908,
        -0.3451752943286388,
        -0.02027277627177733,
        0.4115445643212116,
        -0.1486533825418106,
        0.1038558179646088,
        -0.17855639299160372,
        -0.0896418107731787,
        0.04947644730449538,
        -0.24960840716965407,
        0.07274399511694556,
        -0.20330813457576108,
        -0.22638451570914866,
        -0.0009393775610277491,
        0.008536994676224926,
        -0.4459908390569267,
        -0.3182007538579071,
        0.31567944196368475,
        0.16634707687176342,
        -0.10493745949244665,
        0.179778608888747,
        0.1037945245464254,
        0.16380565370191041,
        0.012103102179916177,
        -0.12827270894694306,
        -0.08756430832453024,
        -0.14627914012381824,
        0.10813574591006335,
        -0.1638174123268591,
        0.047662756896509686,
        -0.16240284296531496,
        0.34639912657037475,
        -0.39691486968157996,
        -0.11527077944496826,
        0.129863129165973,
        -0.13056413872873202,
        0.01008331376477594,
        0.0033018748981312905,
        -0.2569442216457353,
        0.05699598657094457,
        0.2393697030045268
    ],
    "checked": "indirect",
    "iteration": 38,
    "noise_sensor_0": [
        0.0718125808610907,
        0.06329930522868352,
        0.09122637519120493,
        0.0040079077640737286,
        -0.01712379843741824,
        0.07698506589159516,
        0.0326575994355224,
        -0.01892341804869604,
        -0.060869832023726936,
        -0.03647020793912009,
        -0.01456528377320903,
        0.04227570878613134,
        -0.002632866982450614,
        0.08657330853783428,
        0.022933855274331942,
        0.04305808794505526,
        -0.07713138481589299,
        0.03893144499915649,
        0.016710552495502937,
        0.033252895173215086,
        0.0022386060012677548,
        0.0436305741806129,
        -0.0262004914123619,
        0.024899169945805426,
        -0.0288928829863023,
        -0.01443028119414644,
        -0.0006619248804060367,
        -0.02962576161998176,
        0.05021517107031634,
        0.027307741885780404,
        -0.005503128447028499,
        0.02019899660369055,
        -0.045911221543772855,
        -0.0498277051906304,
        0.018892418574484995,
        0.07877330487610293,
        -0.011301297730101245,
        -0.0003958355177041481,
        -0.04862726363325164,
        -0.0026773261775600247,
        0.06304633395873102,
        0.013934865234193721,
        0.006314580523452513,
        0.018946671581741178,
        -0.030511088865555435,
        -0.02266159015845325,
        -0.04140093652225559,
        0.04193347661431681,
        0.025627325729400987,
        0.022838575130352423,
        0.004249910335646226,
        -0.0198746689108931,
        0.12430800768570248,
        0.013713126876782866,
        -0.005959583803521675,
        0.03603321667220986,
        0.012318465267481971,
        -0.015351134456383484,
        -0.014083706531413063,
        -0.02021989193710587
    ],
    "noise_sensor_1": [
        0.012167637099577423,
        -0.02839895420783069,
        -0.002972524567955135,
        -0.08656459279283764,
        -0.047600971767206,
        0.08628283491565975,
        -0.0019642183098741617,
        0.025887292961982937,
        -0.041192116345733304,
        -0.044237774258460684,
        -0.0018996453283331642,
        -0.04446672065010598,
        -0.07672752756300444,
        -0.013079480767777586,
        -0.04666598630197817,
        0.0136883380028586,
        -0.016963619675250514,
        -0.0002781689176274454,
        -0.0690936709717738,
        0.04448643395114694,
        -0.08287013756164693,
        0.014502889570826934,
        0.014242871320492791,
        -0.04902642795488235,
        -0.07691588054655593,
        0.007158436924745452,
        0.07227550278955841,
        0.10946586560261029,
        -0.025952535237128392,
        0.005313209216173254,
        0.033646834986549565,
        -0.07956932781918714,
        -0.008204074231103115,
        -0.008651962817149831,
        -0.035356253892399755,
        -0.041584036405339954,
        0.01029691850740442,
        -0.01614428332027161,
        0.019059176255778274,
        0.08755689491337397,
        -0.1226178872119138,
        -0.10661498882901999,
        0.014238271963178254,
        -0.005293113230373635,
        -0.05840150932990397,
        -0.001559447774137395,
        -0.03761681136159837,
        -0.007095277655277513,
        0.016543891229222313,
        0.041757592706305906,
        -0.07866566323744763,
        0.061457176882376695,
        0.10695795611551837,
        0.014488307875096654,
        0.01716419981982222,
        -0.032268262270931956,
        0.02716167651261134,
        0.026486191923338717,
        -0.05423547851478173,
        0.005967651359041999
    ],