{
    "ParameterSet": [
        0.0,
        0.0,
        0.0,
        0.0,
        0.0,
        0.0,
        0.0,
        0.0,
        0.0,
        0.0,
        0.0,
        0.0,
        0.0,
        0.0,
        0.0,
        0.0,
        0.0,
        0.0,
        0.0,
        0.0,
        0.5044372080402942,
        0.11179573179088269,
        0.22336131133168322,
        0.5238323908959595,
        0.4897837537401469,
        0.23336879209210276,
        0.156900132397411,
        0.2705401047539295,
        0.5045759819857375,
        0.4904423579823461,
        0.2409376907772342,
        0.1710147855545038,
        0.2840915832472842,
        0.5079500341720962,
        0.4593346845127408,
        0.21835216964225468,
        0.1690032511888188,
        0.3258838945822318,
        0.5074750373643965,
        0.2620683981985637,
        -0.04,
        -0.04,
        -0.04,
        -0.04,
        -0.04,
        -0.04,
        -0.04,
        -0.04,
        -0.04,
        -0.04,
        -0.04,
        -0.04,
        -0.04,
        -0.04,
        -0.04,
        -0.04,
        -0.04,
        -0.04,
        -0.04,
        -0.04
    ],
    "SensorParameterSet": [
        -0.1376492719820778,
        -0.09862565125766597,
        0.12742675175782942,
        -0.13284069263863033,
        0.12380931049496388,
        -0.05135466777048481,
        -0.016428734082427985,
        -0.03184427550477392,
        0.046607833668773836,
        0.10955126023935051,
        -0.41201774142287756,
        -0.23645842832518132,
        0.27614962832264683,
        0.13023887897347525,
        -0.03781139515034267,
        -0.02952936576718892,
        0.047856620397544535,
        0.1063521960443791,
        0.2110635879363308,
        -0.018397043320757697,
        -0.3350254545265084,
        -0.04176104527316434,
        0.23995885330272082,
        -0.0908633689590607,
        -0.00893709691491831,
        -0.10909142113526786,
        0.025148637984810773,
        0.10143928730313997,
        -0.2320303253842843,
        0.030461955286573056,
        -0.24948501863329156,
        -0.15431880481729443,
        0.00913419101922667,
        0.04623335496102553,
        -0.511137625261017,
        -0.3868451596458303,
        0.25619319578160915,
        0.20455827401621407,
        0.04231471195968812,
        0.2000018725275082,
        0.09359393552649539,
        0.21308710287311639,
        0.0825764203684962,
        -0.07026748611221159,
        -0.08169628739706643,
        -0.10322883349682138,
        -0.015295787822727835,
        -0.046817768709119245,
        0.08653709936857969,
        -0.10411948459576435,
        0.32330655709117945,
        -0.3680363588377025,
        -0.04495475464023674,
        0.14175533379396826,
        -0.0994841020871485,
        0.03609494709310322,
        0.03206062410968355,
        -0.22218765768718154,
        0.054780133979192666,
        0.23981286615620293
    ],
    "checked": "indirect",
    "iteration": 32,
    "noise_sensor_0": [
        0.03324216468432331,
        0.0684455475861163,
        0.0651391673294837,
        0.058104675656281926,
        -0.04981840480984452,
        0.05445511304875687,
        0.010723616757930954,
        -0.05195198107146845,
        -0.05156668619952488,
        -0.012075736206856666,
        0.013182386099393057,
        -0.012670360384138676,
        0.01607372684205604,
        -0.05078084502947655,
        -0.035148756982040355,
        0.020245054338050825,
        0.038383122642126344,
        -0.01422587126473755,
        -0.08039882261897312,
        -0.02013252976426803,
        -0.05840030276407052,
        0.0007105666162226609,
        0.008529504212409212,
        -0.014250975875728381,
        -0.09793349064352214,
        0.0027150101323690627,
        0.05560687893181314,
        -0.011328421778236189,
        0.02443117786819432,
        0.0679988240126179,
        -0.03723364558330272,
        -0.029719518769257974,
        0.01876712416748813,
        0.11724423992981547,
        -0.05900656952511741,
        0.05623837016085256,
        -0.04554701173815499,
        -0.05331411408647049,
        -0.02138207369212869,
        -0.0008412132775871512,
        -0.06585078708397772,
        0.001167812884163739,
        -0.022653010710640333,
        -0.10219546737862999,
        -0.053173422638223604,
        -0.006003638585905043,
        -0.08008661920483297,
        0.08423024544924722,
        0.013726773559241885,
        0.03840657713759547,
        -0.02795275107273782,
        -0.06344133938261463,
        -0.02525422951954734,
        0.038700830316505654,
        -0.08054424881396419,
        0.000702169203781437,
        0.0017408052011061144,
        -0.0336015646700243,
        0.07101815068071214,
        0.02562227990999293
    ],
    "noise_sensor_1": [
        -0.030489782442823733,
        -0.003387206718912805,
        0.005046218409966066,
        0.004797542785086355,
        0.005829284116871781,
        0.015816924850458672,
        -0.06889651584564772,
        -0.01340912584390233,
        0.0012197827052951265,
        0.0034237860910839597,
        -0.03444861388205279,
        -0.013344408253354052,
        0.026140390431146587,
        0.022885936143000517,
        -0.021561665274897984,
        0.06127378081092861,
        0.024466675230449757,
        -0.02190818056432587,
        -0.13342672178000886,
        -0.012854617480616013,
        -0.011749235389413748,
        -0.02063840308654878,
        0.04202609542700323,
        -0.0016481663193848924,
        0.04366690661464689,
        -0.03857215360236017,
        -0.02869511576298364,
        -0.0061249149109024485,
        -0.06799544376570728,
        0.032120033679147335,
        0.07767499418979697,
        -0.03512662732544838,
        0.005156604763825501,
        0.0639541886674352,
        0.01015374295758126,
        0.08342681464424012,
        -0.05737954334834774,
        0.03414763443600065,
        -0.049354670234769235,
        -0.02009978063299617,
        0.022200465748006645,
        -0.01799828845892514,
        0.010555761646400864,
        -0.016241897797279452,
        -0.007875875765124858,
        0.011896556173219087,
        0.02703350226885387,
        -0.08875584318867491,
        -0.016077768202730085,
        -0.0850017657748544,
        0.02207007384966163,
        0.04957176562944523,
        -0.05858522002926328,
        -0.0616124110875811,
        0.02253666626204834,
        0.02235814489130265,
        -0.0047855557468371,
        -0.028376089294802308,
        0.040152371099482755,
        -0.007332765184627168
    ],