{
    "ParameterSet": [
        0.0,
        0.0,
        0.0,
        0.0,
        0.0,
        0.0,
        0.0,
        0.0,
        0.0,
        0.0,
        0.0,
        0.0,
        0.0,
        0.0,
        0.0,
        0.0,
        0.0,
        0.0,
        0.0,
        0.0,
        0.5044372080402942,
        0.11179573179088269,
        0.22336131133168322,
        0.5238323908959595,
        0.4897837537401469,
        0.23336879209210276,
        0.156900132397411,
        0.2705401047539295,
        0.5045759819857375,
        0.4904423579823461,
        0.2409376907772342,
        0.1710147855545038,
        0.2840915832472842,
        0.5079500341720962,
        0.4593346845127408,
        0.21835216964225468,
        0.1690032511888188,
        0.3258838945822318,
        0.5074750373643965,
        0.2620683981985637,
        -0.04,
        -0.04,
        -0.04,
        -0.04,
        -0.04,
        -0.04,
        -0.04,
        -0.04,
        -0.04,
        -0.04,
        -0.04,
        -0.04,
        -0.04,
        -0.04,
        -0.04,
        -0.04,
        -0.04,
        -0.04,
        -0.04,
        -0.04
    ],
    "SensorParameterSet": [
        0.24281070313982164,
        -0.14215702894773435,
        -0.03852350308401316,
        0.22341789870298126,
        0.07363661298895335,
        -0.29685258839968137,
        -0.24223447402444015,
        0.3522918450224479,
        0.1340578642417812,
        0.39741926678135747,
        0.10944733021917034,
        0.06582153289392603,
        -0.28387270850594143,
        0.01312360937536141,
        -0.06856109466509176,
        0.1042313785901273,
        0.10695298608516746,
        -0.15823834613463902,
        -0.03393991441249683,
        0.25646227963808177,
        -0.5837322339151656,
        -0.20654339547754097,
        -0.15704773233461225,
        -0.12302706789062441,
        0.031532314075437204,
        -0.03434029808957602,
        -0.5329156372238484,
        -0.1095283523770619,
        -0.06627395876836935,
        0.20723886608298603,
        -0.090308728711218,
        0.02065576161410601,
        0.4237585119522352,
        0.10696189865457055,
        -0.10097265290632763,
        0.29065206425878815,
        -0.09911691675791819,
        0.26437743169979006,
        -0.11383789422744295,
        -0.3861405833425837,
        0.06364787382687141,
        0.29435839376819,
        0.12178450011758117,
        -0.032286266529895864,
        0.35762375020998977,
        -0.3266872960507507,
        0.09655280966599378,
        -0.19322283326097575,
        -0.1048432864161427,
        0.010508885325871208,
        0.005257266328903982,
        -0.011086962276328672,
        -0.001185265353447422,
        -0.016600383644769262,
        -0.050496580670831216,
        0.0050282334710085325,
        -0.2755607843018152,
        0.09347449554761117,
        0.1878964985779053,
        0.2890046132233517
    ],
    "checked": "indirect",
    "iteration": 69,
    "noise_sensor_0": [
        -0.007120370221881032,
        0.040253313413230685,
        0.012107060351041251,
        0.02675482590372682,
        0.009139025778936638,
        -0.009816824357493795,
        -0.0018581831341463577,
        -0.008468444000021606,
        -0.02137166800925053,
        -0.007468162826818643,
        -0.00022337095279292921,
        -0.018682807985728002,
        0.048838260758858144,
        -0.01534141264111816,
        -0.009960638893884056,
        -0.04368288575209786,
        -0.053733006326188874,
        0.003044405915969025,
        0.02016959765865193,
        -0.03407642417795904,
        -0.01921989650382274,
        -0.027489261369430404,
        -0.024372193159691156,
        0.02652775077054505,
        -0.028868393371180297,
        -0.021629637269153283,
        0.041112936762488,
        0.05214943493542596,
        -0.005013925151517241,
        0.02903962010997787,
        -0.003280591795218662,
        -0.014630965461830245,
        0.011486233889241363,
        -0.012764925033972143,
        -0.038234589629670204,
        -0.039766985894551056,
        -0.036738704421228154,
        0.027603520559900157,
        0.0075696179731763995,
        -0.04389527887824617,
        0.004147378780345867,
        0.03159201765015674,
        0.047661944920141516,
        -0.02524384063959008,
        -0.009390823601450998,
        -0.002456309192969094,
        0.03895797716319864,
        -0.005463955283488834,
        -0.03749786089252858,
        0.0065448392692300135,
        0.026211077887225077,
        -0.0375793010627956,
        0.021503494825630146,
        -0.022501090993178045,
        -0.03477944926847449,
        -0.04867770325701704,
        -0.027620696956622944,
        0.025581007422478957,
        -0.0051228592411181485,
        -0.03010304676781821
    ],
    "noise_sensor_1": [
        0.012824759710003306,
        0.001976667038438863,
        -0.06022388884712352,
        -0.005715511057398731,
        -1.1656774841481545e-05,
        -0.019402080984956233,
        -0.009751125866135335,
        0.0025622252028832822,
        -0.013359946174750755,
        0.042637308720657345,
        0.004168062845820991,
        -0.020811290238246842,
        0.04517741676785545,
        -0.03335012313526287,
        -0.021290315724612437,
        -0.01329999134323854,
        -0.05125204190871508,
        -0.017266433576185406,
        0.027722667180429678,
        -0.04324267218244911,
        -0.0008366592109691363,
        0.03553373787995015,
        -0.0067890898370888565,
        0.0643129515976149,
        -0.0306370042327022,
        -0.05568083455382799,
        0.035209636532154615,
        0.02891045663895567,
        -0.004185916861797976,
        -0.015325799407153243,
        0.014237048050663625,
        -0.01958217512088979,
        -0.025409320898435252,
        -0.01091319462135216,
        0.03478513584089576,
        0.004734015960482674,
        -0.07352325985769698,
        -0.02156804597016261,
        0.02965643834527349,
        0.03309929402755895,
        0.03647058922746265,
        0.024361689552780376,
        0.033755771769924975,
        0.027330662721349874,
        0.006783073617422305,
        0.02412375056987761,
        0.02056286089700811,
        -0.034993062961180106,
        0.03498768766509983,
        -0.033037939462662695,
        -0.0021705204182302213,
        0.012019715408428994,
        0.0268405756714911,
        0.020324361102015825,
        0.005978844112704771,
        -0.006545020076394161,
        -0.017344976403531453,
        -0.02852376260880249,
        -0.03275839551967289,
        0.012353147639483851
    ],