{
    "ParameterSet": [
        0.0,
        0.0,
        0.0,
        0.0,
        0.0,
        0.0,
        0.0,
        0.0,
        0.0,
        0.0,
        0.0,
        0.0,
        0.0,
        0.0,
        0.0,
        0.0,
        0.0,
        0.0,
        0.0,
        0.0,
        0.5044372080402942,
        0.11179573179088269,
        0.22336131133168322,
        0.5238323908959595,
        0.4897837537401469,
        0.23336879209210276,
        0.156900132397411,
        0.2705401047539295,
        0.5045759819857375,
        0.4904423579823461,
        0.2409376907772342,
        0.1710147855545038,
        0.2840915832472842,
        0.5079500341720962,
        0.4593346845127408,
        0.21835216964225468,
        0.1690032511888188,
        0.3258838945822318,
        0.5074750373643965,
        0.2620683981985637,
        -0.04,
        -0.04,
        -0.04,
        -0.04,
        -0.04,
        -0.04,
        -0.04,
        -0.04,
        -0.04,
        -0.04,
        -0.04,
        -0.04,
        -0.04,
        -0.04,
        -0.04,
        -0.04,
        -0.04,
        -0.04,
        -0.04,
        -0.04
    ],
    "SensorParameterSet": [
        0.07960406702089204,
        -0.028042405684828516,
        -0.08411650627035043,
        0.23593958610000923,
        -0.00804230904809485,
        -0.17598435207481553,
        -0.13252531365152947,
        0.31191965664732413,
        0.027651240074179927,
        0.11163743439101698,
        0.015922216636514646,
        -0.024838734701110362,
        -0.14071116873354156,
        0.025690184139366374,
        -0.03770855134522418,
        0.023215772595439093,
        0.08503077886379394,
        -0.2744277411151174,
        -0.20970266248348574,
        0.15400186228497145,
        -0.30189904717678673,
        0.01489353193502073,
        -0.1536447325434729,
        -0.14930719556689143,
        0.042959633568699127,
        0.026684429775368553,
        -0.29649481562324165,
        -0.03176570909988704,
        -0.0488623354189595,
        0.037914552951709556,
        -0.06866130762268619,
        0.24151152495452669,
        0.18268547405095586,
        0.04519132108424339,
        -0.05339515017149822,
        0.16421543209847952,
        0.008283255110925983,
        0.24806872215661377,
        -0.05363063436830954,
        -0.025887793837393123,
        0.1572076575863697,
        0.05590657224508476,
        0.0523018851199074,
        -0.021065085851434573,
        0.2807765587061286,
        -0.188465299651516,
        0.2691503259975066,
        -0.04384669520991999,
        -0.32834508589977307,
        -0.061938169972070585,
        -0.037423792467490294,
        0.10162461475677988,
        0.04832603293600372,
        -0.09881663846995994,
        0.013660087941378051,
        0.005096150257940243,
        -0.21851377400670913,
        0.04969589769695729,
        0.04478608202674376,
        0.15036572182004915
    ],
    "checked": "indirect",
    "iteration": 32,
    "noise_sensor_0": [
        0.02149058167403553,
        -0.02508165933532968,
        0.010853377808946525,
        0.07539767931803652,
        0.03676692985575649,
        0.025276492354626427,
        0.0705006692326085,
        -0.015150941480105073,
        0.007208788136488096,
        0.01107614528615324,
        0.01317053901129139,
        0.00665438368049287,
        -0.0063203221585094735,
        0.04630336075395347,
        -0.04087529036589209,
        0.04782412614581909,
        -0.01914551593405795,
        -0.036646137424977444,
        0.024238180890397455,
        -0.08174659873117386,
        -0.013628089109074964,
        -0.026332735188517684,
        0.022791155375395934,
        0.03267641207895736,
        -0.006953597181123278,
        -0.0351997918937738,
        0.03633893462804967,
        -0.01001957717678498,
        0.00033952130273647723,
        -0.02157276294246321,
        0.022570786234908033,
        0.0471885442255897,
        0.010280157891153207,
        -0.037533645988806374,
        -0.011064516259955628,
        -0.006671119011268863,
        -0.03175979599021119,
        -0.045719732230433796,
        -0.009955527747740682,
        0.027128292355426374,
        0.016556561340909576,
        0.02908003797387335,
        0.0011577225012888881,
        -0.03557185687460221,
        0.04619769773458373,
        -0.016486419661683554,
        -0.019525740662696106,
        -0.05475822098424255,
        -0.039110725823956395,
        -0.026274413133763552,
        -0.056297408797664185,
        -0.02533947324369878,
        -0.019161412409092173,
        -0.024145007521210706,
        0.0623506858098805,
        -0.04902245698546383,
        0.019856068977315688,
        0.02640011999933823,
        -0.02623431936010036,
        -0.02082961653223161
    ],
    "noise_sensor_1": [
        0.04068691593047642,
        -0.005144298962473258,
        0.04819658509663041,
        -0.043138388178957814,
        0.020445825472954562,
        -0.00814638144595557,
        -0.022686077257350626,
        -0.019284371261991107,
        -0.07080823602985067,
        -0.003307996191644149,
        0.031822807691679104,
        -0.006791550363656917,
        0.0747368683019099,
        -0.018646708267733764,
        0.029991249264517184,
        0.05009710848941429,
        0.024486113295318884,
        0.012005409431919545,
        0.032952260314308486,
        -0.018077207608779306,
        -0.03025657446201424,
        0.01327532025205762,
        0.015520105737965527,
        0.0439483155263576,
        -0.001639297064944132,
        -0.052578712557497125,
        -0.007500785020318183,
        -0.014393284081229949,
        -0.06253098634606777,
        -0.020473691642759383,
        -0.02713064252936338,
        -0.013508282873289661,
        0.038856144798556015,
        -0.05636510495757489,
        -0.05769974597314199,
        -0.04454454012256725,
        -0.08086628118735621,
        0.0003765152151211577,
        0.01910258520563849,
        0.017913668264966202,
        -0.04131626040520332,
        0.00331022040729457,
        -0.014885927027208076,
        0.007383125159733925,
        -0.06984068955246486,
        -0.01807948715291166,
        -0.03945421735893817,
        0.06848303581743678,
        0.005514662359509542,
        0.035855368291361704,
        -0.024310021485184432,
        0.053780844309652284,
        -0.006127850362740768,
        -0.030436372981387582,
        -0.011601171080677649,
        -0.042544119049749037,
        -0.012631281649483047,
        0.016390532732790664,
        0.00018001276312859524,
        -0.06451534685696209
    ],