{
    "ParameterSet": [
        0.0,
        0.0,
        0.0,
        0.0,
        0.0,
        0.0,
        0.0,
        0.0,
        0.0,
        0.0,
        0.0,
        0.0,
        0.0,
        0.0,
        0.0,
        0.0,
        0.0,
        0.0,
        0.0,
        0.0,
        0.5044372080402942,
        0.11179573179088269,
        0.22336131133168322,
        0.5238323908959595,
        0.4897837537401469,
        0.23336879209210276,
        0.156900132397411,
        0.2705401047539295,
        0.5045759819857375,
        0.4904423579823461,
        0.2409376907772342,
        0.1710147855545038,
        0.2840915832472842,
        0.5079500341720962,
        0.4593346845127408,
        0.21835216964225468,
        0.1690032511888188,
        0.3258838945822318,
        0.5074750373643965,
        0.2620683981985637,
        -0.04,
        -0.04,
        -0.04,
        -0.04,
        -0.04,
        -0.04,
        -0.04,
        -0.04,
        -0.04,
        -0.04,
        -0.04,
        -0.04,
        -0.04,
        -0.04,
        -0.04,
        -0.04,
        -0.04,
        -0.04,
        -0.04,
        -0.04
    ],
    "SensorParameterSet": [
        0.2414463349011127,
        -0.0437386321681585,
        0.04536479952267764,
        0.2603640342968859,
        0.33986591509745645,
        -0.2677904933415283,
        -0.2526855099251452,
        0.3201486045285007,
        0.1463042192180362,
        0.4047664855828603,
        0.19416097203132024,
        0.007724948196709193,
        -0.2955229494383289,
        -0.0170391424959122,
        0.0018084583267196164,
        0.04896147398961776,
        0.07003307816017187,
        0.057650090966979185,
        -0.05389360957528291,
        0.26948126914556153,
        -0.5870684308041255,
        -0.16117199681618788,
        -0.12384483497485474,
        -0.13694020924046277,
        0.05332416174926255,
        -0.00619569160969869,
        -0.5143555779649155,
        -0.06673915235862214,
        0.1308597561982348,
        0.32017184875460764,
        -0.05999368642298588,
        0.05397887527998866,
        0.47346216787773204,
        0.14155047106895147,
        -0.15655132363240323,
        0.1818260810768221,
        -0.1703704306480975,
        0.3256700286592674,
        -0.22313479563563934,
        -0.31868566761215045,
        0.0038251427856926742,
        0.44784991770679744,
        0.20432775808125617,
        -0.019908441414401665,
        0.5541640827212232,
        -0.36633767487992874,
        0.04705571887371483,
        -0.04639397035479882,
        -0.15961166970279025,
        -0.22628529740055445,
        0.1047315185137186,
        -0.061756160472666514,
        0.027280281200636223,
        -0.035792424224371455,
        -0.11648583462104949,
        -0.008447914959296513,
        -0.36206260007253976,
        0.05939446404812796,
        0.1997092101096557,
        0.0937857404113267
    ],
    "checked": "indirect",
    "iteration": 85,
    "noise_sensor_0": [
        -0.05132546518843429,
        0.023381813382531823,
        -0.060759537233689015,
        0.00848043414177968,
        -0.024531711940880253,
        -0.019522232156815478,
        0.03964539700993789,
        -0.03142378695963497,
        0.03129882096155927,
        -0.027908720049943842,
        0.04014935411845472,
        -0.012539383710456426,
        0.010510371290162402,
        -0.005858834162601396,
        -0.00914115342583986,
        -0.04150753984546052,
        0.025506733011435634,
        0.00047602332424615895,
        -0.01052780145892192,
        0.04903364249004885,
        -0.007505128591075474,
        -0.009941263593398454,
        0.037663755721056666,
        -0.023058591881339133,
        -0.03267007388687505,
        0.02919564511295345,
        -0.02611293224815129,
        -0.035001990653086866,
        -0.002946166607390817,
        0.01611390782567639,
        -0.058739018116594176,
        -0.04717189449812223,
        -0.0009728557888857021,
        -0.004780526381596632,
        0.015622634930722015,
        0.026939169608769457,
        -0.017959760590333693,
        0.03435992576346098,
        -0.021662038239643442,
        0.015567900091942422,
        -0.01353567670093427,
        0.07791447835817455,
        -0.04868133555453074,
        0.022466794018347756,
        3.883142813310919e-05,
        -0.022080904905892176,
        0.05741380203517204,
        0.008574411552290537,
        0.0017875125565209608,
        -0.011832594784764922,
        0.033012853490195844,
        -0.02736367179378541,
        -0.01507770924532344,
        -0.010337979048053206,
        0.01915276617560685,
        -0.017796911024612307,
        0.011486915093926653,
        0.015215592133213674,
        0.05052824031308037,
        0.013672155694092728
    ],
    "noise_sensor_1": [
        -0.038672426479704584,
        -0.0015270566694628974,
        0.022133777374048893,
        -0.07285738097654929,
        0.013694480859179837,
        -0.002199952124174214,
        0.025215053842205938,
        0.012067098556036271,
        0.05487019218804901,
        -0.004826103579553677,
        0.017323072808281423,
        0.0009767023131473766,
        -0.014860783340383968,
        0.0011886379518174965,
        0.000963367749744978,
        0.008405608568260238,
        -0.015204686899277635,
        -0.015575076057075928,
        0.014540013710946188,
        -0.021476051093563476,
        -5.111360370385241e-05,
        0.013079097032021226,
        -0.0032568769832642354,
        -0.009312001577560456,
        0.002795797647878839,
        -0.02931871209598122,
        0.004384001660212481,
        -0.0031311968350884304,
        -0.016249209975613004,
        -0.0463687699774481,
        0.019971526671758888,
        -0.03577664160875312,
        0.01503016040586563,
        -0.010253673451089953,
        -0.004058697134000254,
        -0.027288921228148733,
        0.017484635277553163,
        -0.014166817438867906,
        -0.03648290638428237,
        0.009669067128806746,
        0.019384581999014248,
        -0.05350806602358379,
        0.031072372422142825,
        -0.030209654077517026,
        0.015560996231371355,
        -0.005905546848794386,
        0.016659438402632003,
        -0.0018412292863807548,
        0.02222944443951372,
        0.004551488620866106,
        -0.003962515988004392,
        0.014499469923805344,
        0.011241260613415351,
        -0.009458500590742552,
        -0.03790208742541453,
        -0.03442374099326326,
        0.01560481577637772,
        -0.032963056862591794,
        -0.04243042988462699,
        -0.005056798106057832
    ],