{
    "ParameterSet": [
        0.0,
        0.0,
        0.0,
        0.0,
        0.0,
        0.0,
        0.0,
        0.0,
        0.0,
        0.0,
        0.0,
        0.0,
        0.0,
        0.0,
        0.0,
        0.0,
        0.0,
        0.0,
        0.0,
        0.0,
        0.5044372080402942,
        0.11179573179088269,
        0.22336131133168322,
        0.5238323908959595,
        0.4897837537401469,
        0.23336879209210276,
        0.156900132397411,
        0.2705401047539295,
        0.5045759819857375,
        0.4904423579823461,
        0.2409376907772342,
        0.1710147855545038,
        0.2840915832472842,
        0.5079500341720962,
        0.4593346845127408,
        0.21835216964225468,
        0.1690032511888188,
        0.3258838945822318,
        0.5074750373643965,
        0.2620683981985637,
        -0.04,
        -0.04,
        -0.04,
        -0.04,
        -0.04,
        -0.04,
        -0.04,
        -0.04,
        -0.04,
        -0.04,
        -0.04,
        -0.04,
        -0.04,
        -0.04,
        -0.04,
        -0.04,
        -0.04,
        -0.04,
        -0.04,
        -0.04
    ],
    "SensorParameterSet": [
        0.07002717372820338,
        -0.09636048605024275,
        -0.06739521035605113,
        0.1002851386729036,
        0.1515983272191232,
        -0.18881685431868125,
        -0.20473889175569918,
        0.36818498219846263,
        0.12489596590462707,
        0.2970549759092085,
        -0.0588806557253775,
        0.042633252528405705,
        -0.30662174696012323,
        -0.0861051500932295,
        -0.00960884957981542,
        0.03920205575288062,
        0.039822131803760624,
        -0.2362549082051707,
        -0.17708375269336488,
        0.2597260563488475,
        -0.44503992109455753,
        0.05518970596286066,
        -0.09647312398091473,
        -0.1497561293977545,
        0.10171044550558817,
        0.12626142821761754,
        -0.44919500533853707,
        -0.07230980670359252,
        -0.13456599794294838,
        0.1887365556874179,
        -0.10595725919437825,
        0.12581164381873808,
        0.5116412194208738,
        0.09059902211889735,
        0.06433503966391321,
        0.27775616475411735,
        -0.08745452377676496,
        0.2769610874747915,
        -0.11138525673322978,
        -0.30529585744769855,
        0.1325947587468793,
        0.24348632383712274,
        0.14560933600708295,
        -0.12707901339122674,
        0.3012930348662584,
        -0.3661092781625037,
        0.13756616750528,
        -0.13838054146257822,
        -0.17331235306702605,
        -0.0437273824499604,
        0.059098688730196816,
        -0.11441496219468544,
        0.017768905194941002,
        0.05496015914213811,
        0.09835719412653005,
        -0.017264498539154224,
        -0.2171261409682776,
        0.11777078110462759,
        0.25781656347908743,
        0.131700956374492
    ],
    "checked": "indirect",
    "iteration": 55,
    "noise_sensor_0": [
        -0.019205796613255038,
        0.012060283204261212,
        0.033814512667896895,
        0.02269044148777252,
        -0.036047640198014395,
        -0.02018380737235489,
        -0.0059649370225248535,
        0.015871232656893344,
        0.028019928746336457,
        -0.03036750581938721,
        -0.04165795971349343,
        -0.014971310245123022,
        -0.045338112460954226,
        0.02854395575647055,
        -0.012513279872943728,
        -0.04664185307596785,
        0.006168295281328877,
        -0.007345033877229545,
        0.042544194934840115,
        -0.038824520389875695,
        0.05759973586839922,
        0.044511398271258246,
        -0.013405198161504416,
        0.04806817731239606,
        -0.04059823471723267,
        -0.03792383132232187,
        0.008592273559630544,
        0.0166201100304844,
        0.04572247898312831,
        0.044230817959332994,
        0.006252032388571799,
        -0.05300957449531208,
        0.008920960387070787,
        0.01678286709884638,
        -0.044295218473936776,
        -0.00807249340635005,
        -0.06663845371049357,
        -0.022572519674139892,
        -0.030480211941467498,
        -0.036146929887015934,
        -0.015329844283652286,
        0.005359687733225325,
        -0.023045875112621635,
        0.0035150478730944937,
        -0.007971649155625551,
        0.0142862905315163,
        -0.012115136095793504,
        0.011765959778902746,
        -0.023216077656840993,
        0.0550374824576792,
        -0.03711552968712157,
        0.014118611339935501,
        -0.05418060423143528,
        -0.007245699167928807,
        -0.019661829497958614,
        0.06554781681369003,
        0.03731382116018658,
        -0.01257684388046384,
        0.06514221252290665,
        -0.01054374491119086
    ],
    "noise_sensor_1": [
        0.035970640606780326,
        -0.0008369763809409031,
        0.0644379099714953,
        0.01121249877584189,
        -0.06169966098510646,
        -0.060656429577918405,
        -0.025847787295394643,
        -0.02482788204642528,
        -0.02179184393299908,
        0.004312700081353309,
        0.005672940644634842,
        -0.012735419809595309,
        -0.032181191217279435,
        -0.004368421421714076,
        -0.0025422100093637455,
        -0.021447938806929877,
        0.050372714464800114,
        0.022998510568955202,
        0.06516843327447878,
        -0.016466792700226128,
        -0.052998870005415144,
        -0.055672637909459706,
        -0.04477625506125198,
        -0.06150663635559711,
        0.00851784175068432,
        0.007638858479278967,
        -0.03315451709931312,
        -0.035627203326775214,
        0.04034338699081183,
        -0.001342953433325487,
        0.014278673932732158,
        -0.05655921065883305,
        -0.049983133479253775,
        -0.03317707332295495,
        -0.005802724346225256,
        -0.01891460375109384,
        -0.0038750476859065854,
        -0.048184975618851725,
        0.029490076961749465,
        -0.0008341885132537892,
        -0.03637919881921479,
        0.03952552871699652,
        0.056508493279473875,
        0.049025066270485286,
        0.0067247912222169895,
        0.008356554493090024,
        0.010721872280172693,
        0.003620679670503617,
        -0.006334856900957591,
        -0.014547821076850967,
        -0.0497003254418635,
        0.0005722943166870596,
        -0.04110944330298101,
        0.0008278163902821857,
        0.008901682095610364,
        0.006496436965916192,
        0.0018006766963723762,
        -0.03717603074463107,
        0.027376035128518515,
        0.021747962497245043
    ],