{
    "ParameterSet": [
        0.0,
        0.0,
        0.0,
        0.0,
        0.0,
        0.0,
        0.0,
        0.0,
        0.0,
        0.0,
        0.0,
        0.0,
        0.0,
        0.0,
        0.0,
        0.0,
        0.0,
        0.0,
        0.0,
        0.0,
        0.5044372080402942,
        0.11179573179088269,
        0.22336131133168322,
        0.5238323908959595,
        0.4897837537401469,
        0.23336879209210276,
        0.156900132397411,
        0.2705401047539295,
        0.5045759819857375,
        0.4904423579823461,
        0.2409376907772342,
        0.1710147855545038,
        0.2840915832472842,
        0.5079500341720962,
        0.4593346845127408,
        0.21835216964225468,
        0.1690032511888188,
        0.3258838945822318,
        0.5074750373643965,
        0.2620683981985637,
        -0.04,
        -0.04,
        -0.04,
        -0.04,
        -0.04,
        -0.04,
        -0.04,
        -0.04,
        -0.04,
        -0.04,
        -0.04,
        -0.04,
        -0.04,
        -0.04,
        -0.04,
        -0.04,
        -0.04,
        -0.04,
        -0.04,
        -0.04
    ],
    "SensorParameterSet": [
        0.15469609710801152,
        -0.11449160705972479,
        -0.05884161091446308,
        0.19807895632707895,
        0.14299671692341137,
        -0.2438879358025842,
        -0.2142569450777507,
        0.3805146871659287,
        0.14986045484019866,
        0.39790401833951733,
        0.006913006094022595,
        0.05804932807404842,
        -0.29857089186912833,
        -0.06066175658548493,
        -0.09945941347843507,
        0.05216515674697617,
        0.09070346629771622,
        -0.19241676897577306,
        -0.06574986843176733,
        0.20690364627909108,
        -0.579389146054463,
        -0.15324799130217232,
        -0.10514141462832938,
        -0.14538023310805623,
        0.08784563483626265,
        0.012214598518982331,
        -0.507545878956494,
        -0.17834942205291532,
        -0.039059561875067345,
        0.14330852587479778,
        -0.09411528450538102,
        0.06403440076577979,
        0.48860033818143467,
        0.06283856689823257,
        -0.10338712347983331,
        0.28145667243580447,
        -0.06326121699217824,
        0.23849047567413129,
        -0.0964060324856061,
        -0.30519831021612576,
        0.07173440486449015,
        0.25872187467269603,
        0.21085066345096726,
        -0.07313659853449601,
        0.31983560188520044,
        -0.3597213435248167,
        0.0653952185665645,
        -0.16762344455380243,
        -0.20898001423121232,
        0.06604070991979402,
        0.028848688173334223,
        -0.01812024815891622,
        -0.1069885187698532,
        0.025818364251655145,
        -0.0018505154862556495,
        0.019606126282225377,
        -0.32380717831157824,
        0.10893913257064113,
        0.17600768419131937,
        0.22285725158185393
    ],
    "checked": "indirect",
    "iteration": 63,
    "noise_sensor_0": [
        -0.047881336706835795,
        -0.0045113919435132285,
        -0.0148308292371312,
        0.022399984103517845,
        -0.05682334839326541,
        -0.011641317744656017,
        -0.07650523896297341,
        -0.0703704368888206,
        0.006953297708055225,
        -0.00706827271265157,
        0.015586764720276381,
        0.03861953607780978,
        -0.002470748041585212,
        -0.0017331126549044672,
        -0.03669724038587867,
        -0.06711879072162358,
        -0.022327570110935183,
        0.02090976193117234,
        -0.02853476243742556,
        -0.04543578887139199,
        0.029531263763634952,
        -0.008720549438765752,
        0.0022155778130476668,
        -0.029238521594294117,
        0.0038230121362205203,
        -0.02761748351391271,
        -0.019913883848243392,
        0.02287421188662948,
        -0.006660128867780649,
        0.0006578495039565348,
        0.010972845809055722,
        -0.01199521207051634,
        0.029522473379524166,
        0.02482126485493555,
        0.010728087687907329,
        -0.02304128134625602,
        0.022974447488277955,
        0.01760546271464412,
        -0.026397107756445423,
        -0.008694380968392881,
        -0.04634135105795093,
        0.0038697097703079414,
        0.011230582303744593,
        -0.027516261186071134,
        -0.10541337472667497,
        0.005234313032331539,
        0.006027803637371139,
        0.012662587615689802,
        -0.01163091517119121,
        0.03304933387168147,
        -0.01624326780140303,
        0.04222690039992902,
        -0.02336423407008609,
        -0.031673022065845616,
        -0.007743582509194695,
        0.046791242290607375,
        -0.0481695553211384,
        -0.0026887789978099434,
        -0.051731950182842525,
        0.01176492539917495
    ],
    "noise_sensor_1": [
        -0.008052743916740959,
        0.040796701778646305,
        -0.039317509301807954,
        0.0190680209265696,
        0.01729239765665028,
        -0.008952375435146645,
        0.05057917392440252,
        -0.01733845312074857,
        0.029613144889196797,
        -0.018770968687450568,
        0.0008382950509674817,
        0.019691696795237433,
        0.018085315236555006,
        -0.007064762351837733,
        -0.03731109935535493,
        0.010018779562625132,
        -0.0016675415356712368,
        -0.046204115106142085,
        0.02157309277373141,
        -0.013484426035646863,
        0.028811286699854513,
        0.021830536442810147,
        -0.03516834569146876,
        -0.02235156840463755,
        0.031681997168643554,
        0.007368415554282875,
        0.02268103213484528,
        -0.0461085451511691,
        0.014252059173728317,
        0.006794073888848451,
        -0.011698815590551418,
        -0.01728254196009559,
        -0.03799357180966481,
        0.021412216175780506,
        -0.006924450029336893,
        0.0011008151380965591,
        -0.04668621583894055,
        0.009229645643119051,
        0.010432888099220102,
        0.01244475482513368,
        -0.023346608613793767,
        -0.04905929102599609,
        -0.014278735019320277,
        0.029848088563508447,
        0.029704686165272262,
        0.05015264524048525,
        0.0007698875072467637,
        -0.003657945013555441,
        0.01641124004950468,
        0.028909708883273502,
        0.028049369853736135,
        0.04223582633265304,
        0.05946067558367155,
        0.027705434725437014,
        0.038454442460670604,
        0.03782205944945364,
        0.02855399681994202,
        0.028853773781649838,
        0.042388067570622974,
        -0.017698734128917502
    ],