{
    "ParameterSet": [
        0.0,
        0.0,
        0.0,
        0.0,
        0.0,
        0.0,
        0.0,
        0.0,
        0.0,
        0.0,
        0.0,
        0.0,
        0.0,
        0.0,
        0.0,
        0.0,
        0.0,
        0.0,
        0.0,
        0.0,
        0.5044372080402942,
        0.11179573179088269,
        0.22336131133168322,
        0.5238323908959595,
        0.4897837537401469,
        0.23336879209210276,
        0.156900132397411,
        0.2705401047539295,
        0.5045759819857375,
        0.4904423579823461,
        0.2409376907772342,
        0.1710147855545038,
        0.2840915832472842,
        0.5079500341720962,
        0.4593346845127408,
        0.21835216964225468,
        0.1690032511888188,
        0.3258838945822318,
        0.5074750373643965,
        0.2620683981985637,
        -0.04,
        -0.04,
        -0.04,
        -0.04,
        -0.04,
        -0.04,
        -0.04,
        -0.04,
        -0.04,
        -0.04,
        -0.04,
        -0.04,
        -0.04,
        -0.04,
        -0.04,
        -0.04,
        -0.04,
        -0.04,
        -0.04,
        -0.04
    ],
    "SensorParameterSet": [
        0.10328486884833073,
        -0.10890430610784949,
        -0.06378781165759058,
        0.2831908728582859,
        -0.009687371660731005,
        -0.06953343322454654,
        -0.17856534753883338,
        0.3087751395304531,
        0.01902624733893465,
        0.03155968528604017,
        0.03564768120989549,
        -0.039493737312573225,
        -0.008816516170364464,
        0.06650072148779233,
        -0.021440576518255164,
        0.03498903031355931,
        0.07717124554201611,
        -0.2774332052356013,
        -0.09280151907740243,
        0.128404837359634,
        -0.22550903815173523,
        0.019383445786325525,
        -0.12660454393510032,
        -0.13804335681225152,
        0.0262685866474564,
        -0.010020890013209674,
        -0.1704740602235732,
        -0.00863727972314304,
        -0.007202287813482507,
        0.034767805750685284,
        -0.021585845813844345,
        0.18328177845114738,
        0.13352282475474728,
        0.01953875167928499,
        -0.11357425917200986,
        0.1914886014899915,
        -0.06533673838167527,
        0.0991357862864278,
        -0.04508657842345041,
        0.012855138471582494,
        0.13604225874894804,
        0.0902853338309931,
        0.175575901289726,
        -0.0034761502994895984,
        0.2681417326177092,
        -0.09445377427590176,
        0.301948025907025,
        -0.06145552212552239,
        -0.24154222844498804,
        -0.05661517394950271,
        -0.07845876379372266,
        0.07014627504335033,
        0.014177345664812917,
        -0.029212628522987203,
        0.02248708270733444,
        0.04600756514677698,
        -0.15706132262137534,
        0.11122483431614734,
        -0.03374288116057291,
        0.1159657682027664
    ],
    "checked": "indirect",
    "iteration": 25,
    "noise_sensor_0": [
        0.008795981132752607,
        -0.010252180793262487,
        0.05358240870400008,
        -0.02318833876924328,
        -0.05027011087819613,
        -0.01814368627441033,
        0.02934467407468723,
        0.03643223647839576,
        -0.006650387147069069,
        -0.0028104174550925595,
        0.05147293588106775,
        -0.02350904679524549,
        -0.040595245963106846,
        -0.008320558031385853,
        0.084879771661291,
        0.012428390686659276,
        0.017794347132816166,
        -0.004151980777264261,
        -0.002315143518058522,
        -0.025985828127935606,
        0.0004892851251550277,
        0.0032650012079149617,
        -0.012716304743031084,
        -0.009172432641565455,
        0.02279704487950315,
        -0.006792229452923335,
        0.008668591305262777,
        -0.028764382772506508,
        0.005129758810407432,
        -0.0020908943582437747,
        0.025488669515190344,
        0.004328113163057815,
        0.012709535533516838,
        -0.014499167252599966,
        -0.03401426523457573,
        0.075961742450469,
        0.005180411214697917,
        -0.02168250903623578,
        -0.036160625316141774,
        -0.042100879219922255,
        -0.008222784787908149,
        -0.010397159384860126,
        0.049337118079863705,
        0.01761397603427807,
        -0.027950937111373354,
        0.011255612681165353,
        -0.006381343949944744,
        0.004369142985215314,
        0.06569186462568406,
        -0.05820169039874039,
        0.02419259537598243,
        -0.022371510905778696,
        -0.007931751095412628,
        -0.02139227499964257,
        -0.01763305777834604,
        -0.0298685738274807,
        0.009544800650496272,
        0.013881496672873165,
        0.036549553781988424,
        0.0027096208327199753
    ],
    "noise_sensor_1": [
        -0.041688262840576064,
        -0.01476641922318185,
        -0.027566168698378822,
        0.03430270725236624,
        0.01803014577176084,
        -0.008045638617650846,
        -0.0005982703489969144,
        -0.026799307527890018,
        0.02126455938829268,
        0.059302733292985105,
        0.010943059234919733,
        0.004021259334162993,
        0.03495885045431973,
        0.03132079756944131,
        -0.010896323534610732,
        -0.052231542475295184,
        0.00479032250138658,
        -0.01925177544327674,
        0.010736892457050945,
        -0.049542639896737205,
        0.006944631716006541,
        0.00917495970082466,
        0.0022634256087265612,
        0.04414035001095066,
        -0.05033501547953776,
        0.03094355364821366,
        -0.013354549906997143,
        -0.00020158323311052177,
        0.05749100484717469,
        0.03831098368580185,
        -0.00556302017884843,
        -0.029599043180190958,
        0.019006269183446424,
        0.007380892574348153,
        0.046200226610134225,
        -0.0721400368372705,
        -0.03339907914988781,
        0.03829515965615733,
        0.009131990194752053,
        0.01158325377780146,
        0.011077912954026306,
        -0.044318635426494925,
        0.03877633496169181,
        -0.01898821696219985,
        0.03235876837895832,
        0.05232075313179276,
        0.06959862738187497,
        0.03295376935784034,
        -0.0023460177209941716,
        0.0988389825447422,
        0.08705166271832468,
        -0.04853802771394517,
        0.020304860849636973,
        0.019304147617820202,
        0.035272054295889976,
        -0.03193152044060049,
        -0.026203950283388962,
        0.012461292026414805,
        0.03546713634858274,
        0.016531452844053628
    ],