{
    "ParameterSet": [
        0.0,
        0.0,
        0.0,
        0.0,
        0.0,
        0.0,
        0.0,
        0.0,
        0.0,
        0.0,
        0.0,
        0.0,
        0.0,
        0.0,
        0.0,
        0.0,
        0.0,
        0.0,
        0.0,
        0.0,
        0.5044372080402942,
        0.11179573179088269,
        0.22336131133168322,
        0.5238323908959595,
        0.4897837537401469,
        0.23336879209210276,
        0.156900132397411,
        0.2705401047539295,
        0.5045759819857375,
        0.4904423579823461,
        0.2409376907772342,
        0.1710147855545038,
        0.2840915832472842,
        0.5079500341720962,
        0.4593346845127408,
        0.21835216964225468,
        0.1690032511888188,
        0.3258838945822318,
        0.5074750373643965,
        0.2620683981985637,
        -0.04,
        -0.04,
        -0.04,
        -0.04,
        -0.04,
        -0.04,
        -0.04,
        -0.04,
        -0.04,
        -0.04,
        -0.04,
        -0.04,
        -0.04,
        -0.04,
        -0.04,
        -0.04,
        -0.04,
        -0.04,
        -0.04,
        -0.04
    ],
    "SensorParameterSet": [
        -0.21192168852695586,
        -0.21533825402583948,
        -0.052867124039358615,
        0.24221436345855477,
        -0.013467060017395824,
        0.14327454419163813,
        -0.2759889007560269,
        -0.21905427161493557,
        0.015926470561314042,
        0.8315036717989378,
        0.23720864945059633,
        -0.027137119000776484,
        -0.21247236980313036,
        -0.00818341800284659,
        0.36843146443365576,
        0.5128853123089995,
        -0.283727448217389,
        -0.2378870342560258,
        -0.5794829016314502,
        0.16445366063939235,
        -0.0411607108786682,
        -0.4610100429988018,
        0.23784396031110028,
        0.42101610947607127,
        -0.10974463696112043,
        -0.0487664366809085,
        0.1790055418964351,
        0.2764756301704855,
        0.42710723680245616,
        -0.13837897302442298,
        -0.09078047266951693,
        0.17981454611013972,
        -0.11182910830053842,
        0.37843781612563504,
        0.03945664281657021,
        0.1598886767842112,
        0.49620431749481486,
        0.1413966796026254,
        -0.13643176143551564,
        0.09178755840990283,
        -0.20307314886492975,
        0.1347520463739629,
        0.5292695466037614,
        -0.5368397802318635,
        0.45978219400241305,
        0.10955225821380382,
        0.2509257924073378,
        0.5043977328566295,
        -0.12228000646017113,
        0.3136800868262716,
        0.2347493284489885,
        0.17591237343673458,
        0.2924246126126755,
        -0.40267744465972277,
        -0.0629223136444506,
        0.23287742294327238,
        -0.25554846535663844,
        0.14102029573726801,
        0.2660381583921166,
        -0.2793306842899158
    ],
    "checked": "indirect",
    "iteration": 78,
    "noise_sensor_0": [
        0.015043895355770043,
        0.009903035554275522,
        0.05117087879471247,
        -0.01622278574628886,
        -0.018456588035041296,
        0.00755351934818705,
        0.13475398469026803,
        -0.029770474612955254,
        0.05768597091541834,
        -0.026142587266504366,
        0.026336773839899685,
        -0.012195880982951773,
        0.009733784398819055,
        0.043891806509879956,
        0.023408045305314106,
        0.05690175294440018,
        -0.0008586384507363561,
        -0.03393916990969394,
        0.017822063494743162,
        0.03461081986403911,
        0.049179751262555034,
        0.02415868900835154,
        -0.025725377368735303,
        -0.027705796224486334,
        -0.05983203892024988,
        0.004760863742977394,
        -0.023303885097452338,
        -0.03160030305883514,
        0.07900145536090526,
        -0.03925424880105141,
        -0.0002402600354167926,
        -0.024886675840703035,
        0.07744741017345746,
        0.020690884698840444,
        -0.026284043203616166,
        -0.025718239160811295,
        -0.0458266145851008,
        0.05993847085690306,
        0.03158414779579326,
        0.03095303797680225,
        0.017568940749725755,
        -0.0289018396082294,
        0.02069278693262461,
        -0.06347773724318627,
        0.055629695906583045,
        -0.015711097115351128,
        0.005019883652950334,
        0.046691637736944056,
        0.09157865607011915,
        0.07313589043646969,
        -0.03548733076295858,
        -0.0327473536012574,
        0.010232244240875672,
        -0.032367955487908724,
        -0.015386090388872386,
        -0.018868926955569458,
        -0.01820367317183127,
        -0.023668922905143663,
        -0.0038787787900827113,
        0.01790298395680965
    ],
    "noise_sensor_1": [
        -0.034661745939180456,
        -0.006042164561581295,
        -0.00030899713352238936,
        0.013196457121299136,
        -0.007949504332901319,
        0.02625143328377652,
        0.08273368974643477,
        -0.02979697404305955,
        -0.015555479460616424,
        0.08018820011562351,
        -0.015305605812108545,
        0.10179631314804631,
        0.07613228826583904,
        -0.018977702201789196,
        0.008861443010357711,
        0.04426533699595325,
        -0.05172701302463902,
        0.007099151952745163,
        0.027801297541252625,
        -0.001163194128943804,
        -0.032754768914732536,
        -0.03753740930777426,
        -0.021594016945799682,
        0.04763021588912834,
        0.01102525361390272,
        -0.10923466139018716,
        -0.01803652990515682,
        -0.042882386270491867,
        0.02627540573903238,
        -0.040383066724721195,
        0.028210062336251753,
        -0.06714667599629368,
        -0.0519056734155884,
        0.03246722746229709,
        0.043563997348149426,
        0.02218527923094799,
        0.026452243393456264,
        0.036608439658145205,
        0.030188308516598757,
        -0.07043275788471119,
        -0.00586567150345991,
        -0.02840376927722193,
        0.05176173200049734,
        -0.06854868546805476,
        0.021812501079881044,
        0.03539521465340833,
        -0.013072884403279195,
        -0.04442312277630432,
        -0.05702339615540053,
        -0.025116943858260063,
        0.03431362293537965,
        -0.02967881076297852,
        -0.015165627230851896,
        0.04252705820282291,
        0.015948452747029693,
        -0.01697693063098885,
        -0.0733964960040409,
        -0.09199318467502746,
        0.010735245269390426,
        0.020297740257363375
    ],