{
    "ParameterSet": [
        0.0,
        0.0,
        0.0,
        0.0,
        0.0,
        0.0,
        0.0,
        0.0,
        0.0,
        0.0,
        0.0,
        0.0,
        0.0,
        0.0,
        0.0,
        0.0,
        0.0,
        0.0,
        0.0,
        0.0,
        0.5044372080402942,
        0.11179573179088269,
        0.22336131133168322,
        0.5238323908959595,
        0.4897837537401469,
        0.23336879209210276,
        0.156900132397411,
        0.2705401047539295,
        0.5045759819857375,
        0.4904423579823461,
        0.2409376907772342,
        0.1710147855545038,
        0.2840915832472842,
        0.5079500341720962,
        0.4593346845127408,
        0.21835216964225468,
        0.1690032511888188,
        0.3258838945822318,
        0.5074750373643965,
        0.2620683981985637,
        -0.04,
        -0.04,
        -0.04,
        -0.04,
        -0.04,
        -0.04,
        -0.04,
        -0.04,
        -0.04,
        -0.04,
        -0.04,
        -0.04,
        -0.04,
        -0.04,
        -0.04,
        -0.04,
        -0.04,
        -0.04,
        -0.04,
        -0.04
    ],
    "SensorParameterSet": [
        -0.11254229478350802,
        -0.2827135417681168,
        -0.17412718630145768,
        -0.01831572466781474,
        0.005429268002849794,
        -0.09378709228922881,
        -0.17615116261554198,
        -0.3067311488461972,
        0.0541485335350505,
        0.17447405025318324,
        0.13082452531773514,
        -0.05928140285984603,
        -0.186421501975141,
        -0.06192566713217876,
        0.049866840579107764,
        0.04342618407197394,
        0.09752547615921153,
        -0.32702785165763854,
        -0.11847216513543776,
        0.21543548946419314,
        0.040222808212234784,
        -0.05840022620316838,
        0.09403577355651271,
        0.13532092965001638,
        -0.041878901640173674,
        -0.028146706520486408,
        0.08174686546975493,
        -0.1044556520018482,
        0.14373361446175292,
        0.08007532509741136,
        -0.016226891881149327,
        0.08272772465014698,
        -0.0033294695431549323,
        0.03071736772861346,
        0.09415362081274958,
        -0.012996084254544831,
        0.09978182787612211,
        -0.13171905809465193,
        0.15521459264656093,
        0.06580091137960419,
        0.07370471651167781,
        0.1502119426626124,
        0.11080863315753303,
        -0.2003922793750069,
        0.12090562516248328,
        0.03372981688151225,
        0.13505056745953098,
        0.1688381384207207,
        -0.10027213290742279,
        0.05394413887454869,
        -0.0012292521762432554,
        0.1678944813550616,
        0.08165803383770544,
        -0.08545619055967037,
        0.05138429610752693,
        0.022549889121842703,
        0.10905236398685565,
        0.18599508216017355,
        0.002101631979318872,
        0.23475498697976752
    ],
    "checked": "indirect",
    "iteration": 9,
    "noise_sensor_0": [
        -0.006007262700909865,
        -0.029378609872520098,
        -0.031699003794417514,
        0.01790035714461815,
        0.02608011159343587,
        0.07737731359549214,
        -0.026210208544004816,
        -0.04635380514238739,
        0.06497845958233203,
        -0.01667521566162889,
        0.00391332261608913,
        -0.06398447764409665,
        -0.04878083611550209,
        0.022968331626774217,
        0.11315595101314438,
        0.13102612763165689,
        0.031921782963317005,
        0.07689603870463772,
        -0.08239426568615797,
        -0.09858372963490354,
        -0.11116068984759725,
        0.04837736847772968,
        -0.08721736106298573,
        -0.02159107365117112,
        -0.01623144588004431,
        0.07269301475938865,
        -0.02144324978935532,
        0.046532588253232726,
        0.04120965969842434,
        -0.06772506282536411,
        -0.03558627137409781,
        4.110257265776633e-05,
        0.028401814915169445,
        -0.008989671225466442,
        -0.068176562371149,
        0.03327750683146862,
        -0.010522941128704258,
        0.029239990110094323,
        -0.06434649190157563,
        0.015691663825352923,
        0.030980352538711935,
        0.023655055169593875,
        -0.09416168810793099,
        0.06414117169520635,
        0.034405449895050316,
        0.07022058615725707,
        0.06281499329365241,
        -0.026655492349567832,
        -0.07714351718000607,
        -0.09831231507865738,
        0.09030625220949472,
        -0.098864067187025,
        0.004733416604603933,
        -0.060155659775108755,
        0.01942179909684136,
        0.02034690059299401,
        -0.0034424247652199516,
        0.0633086889599111,
        0.08553980953685429,
        -0.05340590754422089
    ],
    "noise_sensor_1": [
        0.05807479568168827,
        -0.005244999316700501,
        -0.02761191170117932,
        0.013439246857949725,
        0.0019606057851940997,
        -0.03673767805374138,
        0.003352266739862875,
        -0.025903719998733647,
        0.025946365803506025,
        0.055540225177023755,
        0.03424197286095236,
        0.032005087005509074,
        -0.026755574042117498,
        -0.06720586028612727,
        0.089735389573038,
        0.13850309254412077,
        0.003088807755185305,
        0.02943090450419676,
        -0.058148967134841585,
        -0.0012871890910756576,
        0.11260295427445582,
        -0.03088467947989461,
        0.021732363713593047,
        -0.058568019185135614,
        -0.007002459876018007,
        0.007121826272310461,
        -0.020033593900915424,
        0.008959102180909326,
        0.10674648731738473,
        0.012080944093279077,
        -0.020763554430416956,
        -0.02417388940967342,
        0.02385444677906097,
        0.02622909854576062,
        0.0472321035590559,
        0.020757703348929204,
        -0.11410985151140696,
        0.09068424846238597,
        0.03840959311946532,
        -0.04257677492935182,
        0.04726875969572279,
        -0.05098446218712932,
        0.042812978200513094,
        -0.07610372901168953,
        0.026673622897515306,
        -0.12573087864593654,
        -0.10047773828882636,
        -0.05187929409119938,
        -0.07529735211219934,
        -0.016922462617721873,
        -0.04528552522307234,
        -0.007146453673164474,
        0.04847140470662033,
        -0.009703634780223699,
        -0.013311362725742543,
        0.012967342133158203,
        -0.023125975187667906,
        -0.09358557881237958,
        0.003685186052954628,
        -0.024180220994333278
    ],