{
    "ParameterSet": [
        0.0,
        0.0,
        0.0,
        0.0,
        0.0,
        0.0,
        0.0,
        0.0,
        0.0,
        0.0,
        0.0,
        0.0,
        0.0,
        0.0,
        0.0,
        0.0,
        0.0,
        0.0,
        0.0,
        0.0,
        0.5044372080402942,
        0.11179573179088269,
        0.22336131133168322,
        0.5238323908959595,
        0.4897837537401469,
        0.23336879209210276,
        0.156900132397411,
        0.2705401047539295,
        0.5045759819857375,
        0.4904423579823461,
        0.2409376907772342,
        0.1710147855545038,
        0.2840915832472842,
        0.5079500341720962,
        0.4593346845127408,
        0.21835216964225468,
        0.1690032511888188,
        0.3258838945822318,
        0.5074750373643965,
        0.2620683981985637,
        -0.04,
        -0.04,
        -0.04,
        -0.04,
        -0.04,
        -0.04,
        -0.04,
        -0.04,
        -0.04,
        -0.04,
        -0.04,
        -0.04,
        -0.04,
        -0.04,
        -0.04,
        -0.04,
        -0.04,
        -0.04,
        -0.04,
        -0.04
    ],
    "SensorParameterSet": [
        -0.2851543750894257,
        -0.1637252177252874,
        -0.03664937274082939,
        0.25805173882389043,
        0.06891711972061985,
        0.14390668705263077,
        -0.23300141773578822,
        -0.29934063267744404,
        0.056980246092347364,
        0.8046820758990553,
        0.18989657761740777,
        -0.14750875540372016,
        -0.2027215134671683,
        0.09841623338181063,
        0.3564481668651254,
        0.45198128953353084,
        -0.2773352192496933,
        -0.2808275029467696,
        -0.5944193858322702,
        0.2565380231201447,
        -0.020102209385912943,
        -0.43126613711988687,
        0.21667701937152076,
        0.42335273597569467,
        -0.026710379423298063,
        -0.007005131945415188,
        0.16295077351995274,
        0.20245505464181388,
        0.3538794891426511,
        -0.16599193779035815,
        0.018944796324702844,
        0.11539663818553521,
        -0.10960192887862709,
        0.30978241897881426,
        -0.015588802131145774,
        0.2277781450169806,
        0.4900547238392402,
        0.10357689676534024,
        -0.16957723478137596,
        0.14249578837388677,
        -0.26067505081377323,
        0.219622931226131,
        0.49736574013710666,
        -0.533481250829267,
        0.49567691996986185,
        0.09990266286049343,
        0.2796299641517009,
        0.5610227453204317,
        -0.13347296661488933,
        0.3005138312791075,
        0.15495724351776474,
        0.07032582703753548,
        0.31679327035947985,
        -0.3141131020875403,
        -0.0464821694955709,
        0.16584506302736599,
        -0.19920633888339376,
        0.07762266248987554,
        0.3406738177802597,
        -0.24777681866173618
    ],
    "checked": "indirect",
    "iteration": 81,
    "noise_sensor_0": [
        0.04039314013334741,
        0.04276990497596015,
        0.03650394782444908,
        -0.07298968409871334,
        0.06598698082189426,
        -0.02850765126134975,
        -0.03603328482128177,
        -0.030962381252734098,
        -0.022524969942634063,
        -0.045907153626805156,
        0.04342432177089325,
        -0.018608958050094,
        0.0093470647396264,
        0.0024940680385392906,
        0.06729099042934579,
        0.01111811996451488,
        0.030942440858331942,
        0.013907109610386246,
        0.019706175449930193,
        0.029726623841486166,
        0.07194353015126195,
        0.06244182950451422,
        0.06404794421378819,
        0.04037025467502365,
        -0.05001456169572965,
        0.027847297189911784,
        0.01524274056427042,
        -0.05695809745135111,
        0.05248470137005242,
        0.05476095188849068,
        0.03142549990939667,
        0.0402139324106017,
        -0.010592186486422624,
        -0.006865766383855456,
        0.04635151737570514,
        0.03800392496307791,
        0.0075395290765213575,
        0.04051325472547346,
        -0.0361227801308244,
        0.06156016351048733,
        -0.09074778267377669,
        0.01497501128944657,
        -0.051681940148600815,
        -0.007934825952899236,
        0.009421348569783536,
        0.010614857458836446,
        0.027180545497277282,
        -0.0023516194709881882,
        -0.003611187505414804,
        0.05280368806615345,
        -0.04669689512342386,
        0.007171935946022999,
        -0.03875094477614148,
        0.014551999621068398,
        0.016455510249130275,
        -0.015777345751065465,
        -0.030724120961195575,
        -0.0019134027125596515,
        -0.027890226929018973,
        0.01686136156158385
    ],
    "noise_sensor_1": [
        0.022187802960262588,
        -0.05230955863099922,
        -0.009138863818028418,
        0.005788929894135303,
        0.06840914552457562,
        0.01744282844657788,
        0.0009117581396492496,
        0.04798914955873316,
        -0.08673108149037666,
        0.012924359560643096,
        -0.011765253523406613,
        -0.08452332263240858,
        -0.05215426519266027,
        -0.004845280574425642,
        0.0034171601872388427,
        0.04159683392291038,
        -0.05499474845943636,
        0.026118462860857183,
        -0.017060574773029816,
        0.021913146190309873,
        0.05093399675420854,
        -0.0027601019886248452,
        -0.023374853159035886,
        -0.04884840389979093,
        -0.05489361212881259,
        -0.035729291858162926,
        -0.0008271381440272309,
        -0.009588038937938602,
        -0.043914298745529025,
        -0.04270873463908083,
        -0.02106768309100136,
        -0.06137155224394702,
        0.027238168683288273,
        -0.04226276083651377,
        0.0075931441163107245,
        0.062187609491759194,
        -0.0018399109650457685,
        0.000354694679573424,
        0.0626328049034262,
        0.0427103501408813,
        0.028828212995848233,
        -0.02119159989676396,
        -0.055621484256351356,
        -0.042797067698897934,
        0.01949372444492291,
        -0.018868262118956165,
        0.0442617677884763,
        0.01887587836628629,
        0.012071528759208859,
        0.03372649587976323,
        -0.007162245561088925,
        -0.059133664797586846,
        -0.03319221019415347,
        0.02151050493754865,
        -0.019140891508977794,
        -0.05086012510390939,
        -0.016183618238734314,
        -0.029396043425488974,
        -0.05517563609478795,
        -0.034017874421313696
    ],