{
    "ParameterSet": [
        0.0,
        0.0,
        0.0,
        0.0,
        0.0,
        0.0,
        0.0,
        0.0,
        0.0,
        0.0,
        0.0,
        0.0,
        0.0,
        0.0,
        0.0,
        0.0,
        0.0,
        0.0,
        0.0,
        0.0,
        0.5044372080402942,
        0.11179573179088269,
        0.22336131133168322,
        0.5238323908959595,
        0.4897837537401469,
        0.23336879209210276,
        0.156900132397411,
        0.2705401047539295,
        0.5045759819857375,
        0.4904423579823461,
        0.2409376907772342,
        0.1710147855545038,
        0.2840915832472842,
        0.5079500341720962,
        0.4593346845127408,
        0.21835216964225468,
        0.1690032511888188,
        0.3258838945822318,
        0.5074750373643965,
        0.2620683981985637,
        -0.04,
        -0.04,
        -0.04,
        -0.04,
        -0.04,
        -0.04,
        -0.04,
        -0.04,
        -0.04,
        -0.04,
        -0.04,
        -0.04,
        -0.04,
        -0.04,
        -0.04,
        -0.04,
        -0.04,
        -0.04,
        -0.04,
        -0.04
    ],
    "SensorParameterSet": [
        -0.23297058263012815,
        -0.1635630323497513,
        -0.005320617277754089,
        0.2701089981036878,
        0.025393279317661104,
        0.23003774150749173,
        -0.17969081018044264,
        -0.231571508636311,
        0.0028857220127758813,
        0.7596756439200003,
        0.24058616859346255,
        -0.19448051668136204,
        -0.2853307569614749,
        0.11158687479683496,
        0.24518735423033872,
        0.5381006265579447,
        -0.2647153001803963,
        -0.27234696402651665,
        -0.6646345648184607,
        0.23842991932521065,
        -0.018856969514014485,
        -0.38179746352856975,
        0.27736889196617664,
        0.4886782127937997,
        -0.004361121544742801,
        0.04252268101473963,
        0.20637085249897233,
        0.2275749749448529,
        0.5480087228440336,
        -0.149453937983125,
        -0.058437338916241297,
        0.06523574944373459,
        -0.18044031914520903,
        0.3329300706722333,
        -0.026125866635502936,
        0.2741386361627213,
        0.5152724094619818,
        -0.004289247060803754,
        -0.11901792507227904,
        0.08858682806148035,
        -0.15465108693517152,
        0.25426737621892065,
        0.40797877789769077,
        -0.5594742132801604,
        0.47461330510247085,
        0.23975571309607058,
        0.286365158247366,
        0.5170816493557292,
        -0.12067983840679758,
        0.27969780150422374,
        0.14848891034501935,
        0.04786560559234124,
        0.3255653639474206,
        -0.3479815600602961,
        0.008204577445719905,
        0.22245891703171752,
        -0.2185730283040599,
        -0.07093324392165837,
        0.26958035919510603,
        -0.32222358041116417
    ],
    "checked": "indirect",
    "iteration": 87,
    "noise_sensor_0": [
        0.014100094296572495,
        0.10508062883095658,
        -0.029121555315645586,
        0.0911600185729904,
        0.0139754701396862,
        -0.01489516636851622,
        -0.043096126076671716,
        0.03515764858496154,
        -0.04178291593954665,
        0.004432144429025863,
        0.052091334169221466,
        -0.024047262281141506,
        0.01755326997209752,
        0.026546227558778425,
        -0.020467363560036384,
        0.0023466664494410827,
        -0.0483955215606477,
        0.015978276236613007,
        -0.033618404414512006,
        -0.014652041945353916,
        -0.02914240292941863,
        -0.08197192079622749,
        -0.06417134554636764,
        0.07918069824595192,
        0.01483003978854648,
        -0.014532154160831975,
        0.06275622112624056,
        0.0225962508738992,
        0.004586903503107275,
        -0.05469214980188335,
        0.012926439510148057,
        -0.034670147530956756,
        0.04613344692173577,
        0.0068289757753881115,
        0.07903131677440925,
        -0.014297666139828896,
        0.002295752441399978,
        0.028838980285543103,
        0.025403136302323905,
        0.05881916606972525,
        -0.038554328959451524,
        -0.026401135073600132,
        0.04986926636883102,
        -0.05889273484139126,
        0.017002448398640253,
        -0.023976688499455744,
        -0.007430329092250958,
        0.00218001061039771,
        0.0064754245458418505,
        -0.05374598239388901,
        -0.034066019801806846,
        0.028931367614551663,
        -0.03763780962831161,
        0.05425698024206913,
        -0.05677237541877792,
        -0.03983464814216158,
        0.010854004029843545,
        0.045350440036794185,
        0.017966071485780055,
        -0.02846908128362845
    ],
    "noise_sensor_1": [
        -0.04489547008157141,
        0.04214836958390584,
        -0.029625852592713327,
        0.044293018415792855,
        -0.009211476966794724,
        0.08944621471415883,
        0.02131788431021546,
        0.023251848213433738,
        -0.006532933646421109,
        0.003927568253109973,
        0.02898341214078927,
        0.010044220645541273,
        -0.07648124742571322,
        0.08264308565005603,
        0.0117244037045155,
        0.03571159551159504,
        -0.058552625279117324,
        -0.007174922321281969,
        0.009487140246281828,
        0.007093844157119935,
        0.03973691215656618,
        -0.020708792777485024,
        -0.05415856823782479,
        -0.015061008497838752,
        0.04608358527906289,
        0.0009537064081297874,
        -0.04376338555230415,
        0.02937399881779551,
        -0.003964865985193571,
        -0.016057689376812342,
        -0.1070913672822928,
        -0.022658123694570126,
        -0.027311214840501915,
        0.01750768713990653,
        0.03746386121104783,
        0.062272789015094164,
        0.004753096766521664,
        0.00838150237427436,
        -0.017621871205982395,
        0.006927593654707949,
        0.04341223691673117,
        -0.02213530737292221,
        -0.007380356417561408,
        -0.026099903733185898,
        -0.032130555482155855,
        0.013106186618139752,
        0.07445678265603684,
        -0.09022273855443494,
        0.0008518974494102626,
        -0.07099465514889076,
        -0.018145098823201887,
        0.006480868134937039,
        -0.046841062128367784,
        -0.02282817476498465,
        -0.00205372760484475,
        -0.05131876687549704,
        -0.03901385785215886,
        -0.008710008000769992,
        0.07921035769408737,
        0.004313375737228666
    ],