{
    "ParameterSet": [
        0.0,
        0.0,
        0.0,
        0.0,
        0.0,
        0.0,
        0.0,
        0.0,
        0.0,
        0.0,
        0.0,
        0.0,
        0.0,
        0.0,
        0.0,
        0.0,
        0.0,
        0.0,
        0.0,
        0.0,
        0.5044372080402942,
        0.11179573179088269,
        0.22336131133168322,
        0.5238323908959595,
        0.4897837537401469,
        0.23336879209210276,
        0.156900132397411,
        0.2705401047539295,
        0.5045759819857375,
        0.4904423579823461,
        0.2409376907772342,
        0.1710147855545038,
        0.2840915832472842,
        0.5079500341720962,
        0.4593346845127408,
        0.21835216964225468,
        0.1690032511888188,
        0.3258838945822318,
        0.5074750373643965,
        0.2620683981985637,
        -0.04,
        -0.04,
        -0.04,
        -0.04,
        -0.04,
        -0.04,
        -0.04,
        -0.04,
        -0.04,
        -0.04,
        -0.04,
        -0.04,
        -0.04,
        -0.04,
        -0.04,
        -0.04,
        -0.04,
        -0.04,
        -0.04,
        -0.04
    ],
    "SensorParameterSet": [
        -0.10609340798892994,
        -0.25638607067555275,
        -0.027492557882742207,
        0.331740247995154,
        -0.06542633887877207,
        0.1307876586247637,
        -0.3024298221282666,
        -0.22359681916077864,
        0.03873356290002911,
        0.7984703052021084,
        0.13627245951119812,
        -0.16800102207768514,
        -0.2898091930297625,
        0.02337208357107221,
        0.4359793759811323,
        0.5168212229628303,
        -0.3354312729222464,
        -0.3543768676812764,
        -0.6179078472563483,
        7.765283028849136e-06,
        -0.06553314978584927,
        -0.3275462741171954,
        0.19583157729531855,
        0.3673669997708052,
        -0.0595675283524375,
        0.0027432713524337482,
        0.12123746832147164,
        0.2888869729205129,
        0.32372853764645526,
        -0.1557283767371898,
        -0.22282319646836865,
        0.19128048435906744,
        -0.03782071544506375,
        0.4933058852844116,
        0.10722248929000168,
        0.30524931308724107,
        0.3929228005010686,
        0.1429321119238249,
        -0.06391584430562838,
        0.034245112993590864,
        -0.19839633702296683,
        0.07524334685100084,
        0.5604777425451863,
        -0.6160813139014247,
        0.3315179400841831,
        0.1087453286428368,
        0.1733575413194996,
        0.2713088982493002,
        -0.0664504664635472,
        0.3551620539502887,
        0.43786742391625477,
        0.18052411576649488,
        0.2574698295276628,
        -0.3175278483411661,
        -0.1578031918573738,
        0.2648509787852666,
        -0.1849015425363019,
        0.14406004581521972,
        0.25086019790256847,
        -0.2877676699769513
    ],
    "checked": "indirect",
    "iteration": 68,
    "noise_sensor_0": [
        0.04743163749675274,
        -0.019823138682792344,
        0.011827291756936191,
        -0.02658403187949578,
        0.02216059203976441,
        -0.04341612679736757,
        -0.052899553785804,
        0.04512107482400821,
        -0.060035046966770075,
        -0.03749656863753665,
        -0.057302593000173,
        -0.006299657269961789,
        0.0660917854833849,
        0.028436569121209652,
        -0.010740001429742902,
        0.07574977334288761,
        0.060813803443719956,
        -0.046382331810825385,
        0.011869351968278992,
        -0.006363351219300872,
        0.012958575502849394,
        -0.029546748356839105,
        -0.07890607794630104,
        -0.0052866100289820205,
        -0.000840702248766639,
        -0.01431144825958119,
        0.005667545260701029,
        -0.03546654394421738,
        0.01128318405158711,
        -0.007116318265993678,
        -0.0011129072603008596,
        0.001330905836289507,
        -0.0036526453610410277,
        0.030107360643272563,
        0.021140563338489987,
        0.04889710459684928,
        -0.0386694749493776,
        0.06196772903859985,
        0.027598543916702183,
        -0.032061806849816535,
        0.01673095959470387,
        0.04986456257904768,
        0.03077100966838795,
        0.046587164662963594,
        -0.012816678784608576,
        -0.003271961380813369,
        0.004197349563183063,
        0.02577665324482782,
        -0.0016937925947120651,
        -0.03456703982384348,
        -0.013920660973461544,
        0.004394894679375447,
        0.027228325278450323,
        -0.024258163185396062,
        0.06999616575770042,
        -0.02657069738837633,
        -0.042706298838341504,
        0.04274398730672593,
        0.010874740890364295,
        -0.0269607124475498
    ],
    "noise_sensor_1": [
        -0.03387903446674055,
        -0.01680683268586141,
        -0.007332047022434312,
        -0.019665713547800487,
        0.030394716219252462,
        -0.03792854011870989,
        -0.012158658092591913,
        -0.0029548241953060504,
        0.021855189673384488,
        0.016692485332838847,
        -0.06976204732429742,
        0.02147975186322597,
        -0.030406979337471482,
        0.040770415324230765,
        0.009195186605038711,
        0.028747344576354323,
        0.016976286521717742,
        -0.010720297968615641,
        0.011733716809079663,
        -0.028070123233170284,
        0.03767657963991776,
        0.014274120962757436,
        -0.08896521022789591,
        0.025416179018021325,
        -0.014404516292772796,
        -0.03868641714727276,
        -0.04422728174186453,
        -0.04457728574135182,
        0.023664818891321892,
        -0.0006735274928665918,
        0.06580712844463958,
        0.004438005180252393,
        0.016334362531908796,
        -0.02157974260464299,
        -0.03794804506832959,
        -0.025437685002981852,
        0.0005881670250497507,
        -0.04535067123221307,
        0.059154099946995053,
        -0.0062323893933815796,
        0.0699146461500326,
        0.022340830762913964,
        0.0924101853569587,
        -0.029416807480245052,
        -0.041053961260176214,
        0.05433161961119934,
        0.12086072723925503,
        0.04090249572628068,
        -0.017501249542881174,
        0.029754122789630005,
        0.011777439999096776,
        -0.017193652361967328,
        -0.028023340926997226,
        0.08266062104398897,
        -0.05883526919309761,
        0.06708508423225043,
        -0.020530655721135323,
        -0.08433396932085346,
        0.04403608866974439,
        -0.05823852698598473
    ],