{
    "ParameterSet": [
        0.0,
        0.0,
        0.0,
        0.0,
        0.0,
        0.0,
        0.0,
        0.0,
        0.0,
        0.0,
        0.0,
        0.0,
        0.0,
        0.0,
        0.0,
        0.0,
        0.0,
        0.0,
        0.0,
        0.0,
        0.5044372080402942,
        0.11179573179088269,
        0.22336131133168322,
        0.5238323908959595,
        0.4897837537401469,
        0.23336879209210276,
        0.156900132397411,
        0.2705401047539295,
        0.5045759819857375,
        0.4904423579823461,
        0.2409376907772342,
        0.1710147855545038,
        0.2840915832472842,
        0.5079500341720962,
        0.4593346845127408,
        0.21835216964225468,
        0.1690032511888188,
        0.3258838945822318,
        0.5074750373643965,
        0.2620683981985637,
        -0.04,
        -0.04,
        -0.04,
        -0.04,
        -0.04,
        -0.04,
        -0.04,
        -0.04,
        -0.04,
        -0.04,
        -0.04,
        -0.04,
        -0.04,
        -0.04,
        -0.04,
        -0.04,
        -0.04,
        -0.04,
        -0.04,
        -0.04
    ],
    "SensorParameterSet": [
        -0.2137677280580055,
        -0.08819045900275453,
        -0.268600100135835,
        0.40105075305775495,
        -0.12698225171469663,
        0.21091065204522635,
        -0.1318219445708524,
        -0.30920133110512665,
        -0.12158776793439693,
        0.6133276862404993,
        0.4522363875068964,
        -0.03073832903922891,
        -0.24965639402604264,
        0.013559324701622459,
        0.36486795521378584,
        0.3960395655116023,
        -0.10161082611447703,
        -0.36119298267628214,
        -0.4520426631659089,
        -0.10267031059912299,
        0.1691081223174554,
        -0.23305690403886534,
        0.10580242792881785,
        0.32667330894911334,
        -0.09274256716844319,
        0.06479653076208582,
        0.25584114956283677,
        0.10514800940206122,
        0.23046513871903312,
        -0.0985254261193036,
        0.01031666762354295,
        0.3091002051945341,
        0.08268001811995196,
        0.26148378964188884,
        0.21844002811039315,
        0.20238185950225906,
        0.08659080423628797,
        0.06468590086309911,
        0.12086985320616274,
        -0.1070527322551498,
        -0.08627893489732373,
        0.06963000194508323,
        0.3772328193454774,
        -0.4190318356583858,
        0.05030523868262857,
        0.1881610984566953,
        0.16239716669927728,
        0.27947076318588593,
        0.03335850049409109,
        0.3564444402814274,
        0.2744295562403049,
        0.2528376022140717,
        0.1654581887960039,
        -0.19953421033849975,
        0.1706117715218948,
        0.41297022349610524,
        -0.13778690644547065,
        0.03061661563895908,
        0.019613700350977,
        -0.1215187270665792
    ],
    "checked": "indirect",
    "iteration": 49,
    "noise_sensor_0": [
        -0.05890897857092787,
        0.0010038610994504017,
        -0.013817200386052716,
        -0.06649439571170106,
        0.049829791726575236,
        -0.01961822881950499,
        0.04861273250681357,
        0.010183172153643415,
        0.07941638194607437,
        0.017258498531041087,
        0.011527038371192006,
        -0.04820056886524557,
        -0.05301741104995752,
        0.030056017402419043,
        0.04086652619077441,
        -0.058206212811457596,
        -0.06394762500437286,
        -0.07401833990610279,
        0.01520093379106019,
        -0.016200245947117616,
        0.05997655530655181,
        0.05154467397114685,
        0.04707295873183782,
        -0.04142453413211221,
        -0.05696056202688028,
        -0.04285453070588026,
        -0.026645886561577334,
        -0.01599427069032596,
        0.06123576689405461,
        0.01615614430320966,
        0.007213171133540241,
        -0.0055745591056774015,
        0.03703179662764797,
        -0.006422949055250028,
        -0.0017109971559808106,
        -0.01763758043861832,
        -0.08260311555240121,
        -0.011098962965363755,
        -0.059381379916807815,
        0.04712019757778486,
        0.0331869181155641,
        -0.014660406548614497,
        -0.005239815882857891,
        -0.014128493391633324,
        -0.03649607794175706,
        0.04351914300659549,
        0.028124682004460024,
        -0.05680380390018525,
        0.013154618950222742,
        -0.062411115714427305,
        0.07933464917869533,
        0.029976335568616622,
        -0.024904361546808317,
        0.03155974421994793,
        -0.02977244856621277,
        0.07338062331047161,
        -0.020115121875994804,
        0.03274510284386681,
        0.032712245902657346,
        0.032094292509742314
    ],
    "noise_sensor_1": [
        -0.013335963883919595,
        -0.046049418557070516,
        -0.03496561918946301,
        -0.030921281230176265,
        -0.05598360411228634,
        0.1194171833944444,
        -0.004887445299464674,
        -0.03267998810301834,
        0.03803519344243813,
        -0.03936751727539146,
        -0.00812605436946928,
        -0.008355441001847584,
        0.014233929836149803,
        0.046386693678256305,
        -0.02302839691002793,
        0.056708422376112226,
        -0.05258386198559065,
        -0.01358752649978551,
        -0.009422366474979182,
        -0.0017905041691585347,
        -0.014425438616661691,
        0.11651371865409764,
        0.002197148055451998,
        0.04423121406465113,
        -0.01356824603565819,
        0.025909348159516038,
        0.011488666112922973,
        -0.04193036984851246,
        0.01148156139120655,
        -0.014165150903755336,
        -0.07220600372918727,
        0.02111291302165077,
        0.04786918298212321,
        -0.03027620274083761,
        0.018042207587225724,
        0.004242446610615845,
        0.0956190658960557,
        -0.047595781455427394,
        -0.02400968392469784,
        -0.010396509553500383,
        -0.0785125900295775,
        -0.009932669136700873,
        0.03320391692016251,
        -0.024036902071979935,
        -0.043180822970311936,
        -0.08630457752212012,
        -0.022166444712150905,
        0.03402399679608098,
        -0.041342955114897335,
        0.004343798990376541,
        0.060646937359803976,
        0.090405845846966,
        0.004306160775050613,
        0.05981365581566284,
        -0.05513390820701139,
        -0.07691551119307609,
        -0.01791828856336558,
        0.002046170090012186,
        -0.013873076011569634,
        0.06790306118969834
    ],