{
    "ParameterSet": [
        0.0,
        0.0,
        0.0,
        0.0,
        0.0,
        0.0,
        0.0,
        0.0,
        0.0,
        0.0,
        0.0,
        0.0,
        0.0,
        0.0,
        0.0,
        0.0,
        0.0,
        0.0,
        0.0,
        0.0,
        0.5044372080402942,
        0.11179573179088269,
        0.22336131133168322,
        0.5238323908959595,
        0.4897837537401469,
        0.23336879209210276,
        0.156900132397411,
        0.2705401047539295,
        0.5045759819857375,
        0.4904423579823461,
        0.2409376907772342,
        0.1710147855545038,
        0.2840915832472842,
        0.5079500341720962,
        0.4593346845127408,
        0.21835216964225468,
        0.1690032511888188,
        0.3258838945822318,
        0.5074750373643965,
        0.2620683981985637,
        -0.04,
        -0.04,
        -0.04,
        -0.04,
        -0.04,
        -0.04,
        -0.04,
        -0.04,
        -0.04,
        -0.04,
        -0.04,
        -0.04,
        -0.04,
        -0.04,
        -0.04,
        -0.04,
        -0.04,
        -0.04,
        -0.04,
        -0.04
    ],
    "SensorParameterSet": [
        -0.015317437093991658,
        -0.0699084968348987,
        -0.12632811481149345,
        0.2990537427446847,
        -0.13853934626704548,
        0.08263034447234589,
        -0.1834974006795527,
        -0.337149171356133,
        0.003801680359389502,
        0.6550983909813747,
        0.44598639041045296,
        0.045037699354139205,
        -0.3440273348988414,
        0.051669623735101824,
        0.32434616229009655,
        0.34747597461347673,
        -0.0122205231685389,
        -0.40941473123543576,
        -0.32327154197021957,
        -0.03613473706064979,
        -0.009227624094357746,
        -0.15057383152224343,
        0.13287268901403665,
        0.15895048247757945,
        0.05196556860361514,
        0.2045111783114217,
        0.08746971773540776,
        0.1482687366531134,
        0.13269426889729707,
        -0.12291065982395322,
        0.07112896266982421,
        0.29712659816969017,
        0.08953922801231674,
        0.3523894890614675,
        0.24810070409099144,
        0.22929828682643694,
        0.19824356049457312,
        0.10707067365406776,
        0.28773999321932386,
        -0.11174500249564183,
        -0.0527905964089328,
        -0.03888469552784878,
        0.4111496484995507,
        -0.30598373962363346,
        -0.061599867267395005,
        0.05339616212699545,
        0.14424853522544884,
        0.33067421056011104,
        0.071276933519343,
        0.19638182478826965,
        0.17340324477188707,
        0.3829252835793655,
        0.10680934534144096,
        -0.10747610895934756,
        0.22219868593801964,
        0.388416263952768,
        -0.13432821354266905,
        0.051567656028356654,
        -0.025503291341878044,
        -0.19885566874344676
    ],
    "checked": "indirect",
    "iteration": 40,
    "noise_sensor_0": [
        -0.04488111234703616,
        -0.020120842884401052,
        0.02886132473820483,
        -0.010186111111860865,
        0.09092336182912748,
        -0.07333323460407351,
        -0.033691196839256955,
        0.020761194099566536,
        -0.027004521825912252,
        0.06241693031457663,
        -0.005053421147531716,
        0.011290894180476185,
        -0.11277571301704932,
        -0.0441909618419473,
        0.04618472175848403,
        0.026941837015888676,
        -0.007040481695502257,
        0.02893587211769016,
        0.03618851128693941,
        0.05156678059693788,
        -0.016753337534261205,
        0.009551990696296373,
        0.026535164596197213,
        -0.07337244583456258,
        0.029117835455175423,
        0.04407612607479583,
        -0.01695002694078724,
        -0.0828158910430495,
        0.03798302035393497,
        0.0681443904148127,
        -0.020850498079465866,
        -0.04415647128183098,
        -0.023597817144955027,
        -0.009912254207934538,
        -0.04565204994389799,
        0.030359324707933375,
        0.08123220467022574,
        0.017234016997897495,
        0.01708652069462185,
        -0.08086023422560648,
        -0.06434789579799823,
        0.02574882260450891,
        0.0014139802634656703,
        -0.1021113276346767,
        0.09483334195114801,
        0.019394400837126766,
        0.02912738873464506,
        0.02847305054289802,
        -0.044467723022421725,
        -0.038244582464010496,
        0.09261023518552039,
        -0.031878679984453935,
        -0.03178283802713354,
        0.009629057277291311,
        0.07159845475743264,
        0.05904960931861672,
        0.06710097773550923,
        -0.03861626122786065,
        0.011891395437300575,
        0.025921467135928817
    ],
    "noise_sensor_1": [
        -0.005302800271572743,
        0.05106613026978617,
        -0.062031770535651204,
        0.023114731857014837,
        0.025789414128361703,
        3.2263350958366866e-05,
        0.03647146842664431,
        0.03386185795696745,
        -0.04599797259939793,
        -0.06645484807688931,
        -0.06548868384490004,
        -0.030036097780343385,
        0.005130706914781857,
        0.053924668270074756,
        -0.01632704767722283,
        -0.005392954306123365,
        0.01570820363169136,
        -0.00956263671766336,
        -0.014073304924833193,
        -0.07352665144345856,
        0.037953923855563204,
        -0.03670200855147384,
        0.09045078802640061,
        0.12817124868866725,
        -0.08780871891002023,
        0.012862555855891062,
        0.00956475298316251,
        -0.027310847117308176,
        0.017271267481112993,
        -0.04434242428927863,
        -0.0526092839613748,
        -0.027156029963214444,
        -0.008777579342712342,
        0.007312700245379938,
        0.062225632014905476,
        -0.0226106056524514,
        -0.16600454071938012,
        -0.03357158262543342,
        0.0226681380491968,
        -0.055838122506426884,
        -0.00022069206175197257,
        0.03345038305595133,
        -0.018668379885545105,
        -0.06394719154614006,
        -0.036590361893515756,
        -0.006492266409341367,
        0.02827403495270654,
        0.0015127443497055246,
        -0.0176211002464435,
        0.052856781897932796,
        -0.020770745664949145,
        0.010665008118069972,
        0.016145117982685354,
        -0.009122283134790523,
        -0.005992538978725844,
        -0.05231111654775989,
        -0.000560416423361627,
        0.01358358970276427,
        0.06400753072748516,
        0.06615413027835276
    ],