{
    "ParameterSet": [
        0.0,
        0.0,
        0.0,
        0.0,
        0.0,
        0.0,
        0.0,
        0.0,
        0.0,
        0.0,
        0.0,
        0.0,
        0.0,
        0.0,
        0.0,
        0.0,
        0.0,
        0.0,
        0.0,
        0.0,
        0.5044372080402942,
        0.11179573179088269,
        0.22336131133168322,
        0.5238323908959595,
        0.4897837537401469,
        0.23336879209210276,
        0.156900132397411,
        0.2705401047539295,
        0.5045759819857375,
        0.4904423579823461,
        0.2409376907772342,
        0.1710147855545038,
        0.2840915832472842,
        0.5079500341720962,
        0.4593346845127408,
        0.21835216964225468,
        0.1690032511888188,
        0.3258838945822318,
        0.5074750373643965,
        0.2620683981985637,
        -0.04,
        -0.04,
        -0.04,
        -0.04,
        -0.04,
        -0.04,
        -0.04,
        -0.04,
        -0.04,
        -0.04,
        -0.04,
        -0.04,
        -0.04,
        -0.04,
        -0.04,
        -0.04,
        -0.04,
        -0.04,
        -0.04,
        -0.04
    ],
    "SensorParameterSet": [
        -0.22560352651435434,
        -0.17481172638375828,
        -0.028289607829807762,
        0.21227087392889032,
        0.01208213799007765,
        0.1897801151372984,
        -0.21017685188647953,
        -0.24098303868373952,
        0.023235046089127583,
        0.8128432942954478,
        0.24314100102003888,
        -0.19251080284608135,
        -0.27284429797375037,
        0.16808945108463488,
        0.3109347406453619,
        0.520669633989974,
        -0.2397185236303987,
        -0.2995591098300229,
        -0.5841993891912676,
        0.22049483385466018,
        -0.0023306994131884157,
        -0.44403247988413275,
        0.28979470740558627,
        0.41497146617183317,
        -0.009715706903191571,
        0.03170727703859152,
        0.15774161496892378,
        0.2682168607386066,
        0.46970801984186766,
        -0.1367454366756585,
        -0.014215305239267206,
        0.06613610684254988,
        -0.13656667647853882,
        0.28933948598037007,
        -0.030166033211999045,
        0.27300986118893994,
        0.4706359125239212,
        0.0407269113869855,
        -0.1755181385553831,
        0.06806163858530326,
        -0.14741471266156927,
        0.27700718147972864,
        0.46232934872305853,
        -0.5797119110414413,
        0.5119253605704616,
        0.15470655039304246,
        0.24907527461534248,
        0.531801682279435,
        -0.13810162581249052,
        0.2589338569988364,
        0.09323480522680254,
        0.09977422150934198,
        0.3087695588165538,
        -0.3406763861674786,
        0.011863050431869871,
        0.15889390193497818,
        -0.20524540301473096,
        -0.01612445182046325,
        0.3167576637284032,
        -0.30911537825599966
    ],
    "checked": "indirect",
    "iteration": 85,
    "noise_sensor_0": [
        -0.005727272395643111,
        0.0041422677784530735,
        0.02401108217765801,
        -0.017006365634856205,
        -0.012007100586610567,
        0.0011684829202198794,
        -0.0005525856805076413,
        0.0022624853818963638,
        -0.05980232246889569,
        0.04690568386012871,
        -0.00515021814401874,
        -0.044226222844118535,
        0.016148515037475206,
        0.0667327829258235,
        -0.04963878866797971,
        -0.003303291428845432,
        -0.02878032746242157,
        -0.04694939305145483,
        0.03444840091087738,
        0.08422347712410054,
        0.01864709048909875,
        -0.06368320717654394,
        -0.014869434330422192,
        -0.023106715202207723,
        0.03188176622244809,
        0.024043369238853855,
        0.013726141752794121,
        0.07159305978575274,
        0.05665106327031859,
        -0.00037722972304237313,
        -0.03671810031167681,
        0.03684877521667278,
        -0.01975741545699463,
        -0.011227829528380754,
        0.06388045232081141,
        -0.04627707203335257,
        0.013584959215088807,
        0.0012226455353954854,
        0.019319436040593645,
        -0.08323400808929661,
        -0.0051316098354636614,
        -0.03162942213583592,
        0.007164680878539542,
        0.029948200870508198,
        0.004439199366904827,
        -0.04560416207535004,
        -0.04502207767439017,
        0.06789110983656808,
        0.07102611547815553,
        -0.09506095836326697,
        -0.028098909257136723,
        -0.007060225491637554,
        -0.003468634787635429,
        -0.04368804375482143,
        0.08917469190578974,
        -0.024815675551343737,
        0.03744226771129204,
        0.10148697692721578,
        0.0291174464014267,
        -0.05514651159879422
    ],
    "noise_sensor_1": [
        -0.023023149710169017,
        -0.013015227079110054,
        0.009096467202519545,
        0.060105714181169376,
        -0.0054821809379812046,
        0.04537790607656164,
        0.005783991161181712,
        -0.03235183131066363,
        -0.035408078041069234,
        -0.03894146644258023,
        0.06636483541668546,
        -0.0058090924842379935,
        -0.007335417135681853,
        -0.010440714739442738,
        0.007050097899920746,
        0.005632189970815852,
        -0.03454486087236141,
        -0.05217727676969487,
        -0.03211579045767136,
        0.05139088709552782,
        0.02713537409716714,
        0.12418468739407783,
        0.02310216029168248,
        0.038613969368414845,
        0.024728336970558977,
        -0.04682787760432892,
        0.05072091593237118,
        0.011822301827776665,
        0.03254251640226716,
        0.007560601062451176,
        0.006010931422277727,
        -0.07101288544271143,
        -0.05649235746458751,
        0.01959896425106147,
        -0.02836665776376926,
        0.03476212329893336,
        -0.007883266875981851,
        -0.045301291856063124,
        0.045236050705379595,
        0.03230472144454703,
        0.05729450492540476,
        0.022077240276135075,
        0.06671880412474292,
        -0.022096351412644665,
        0.03814877609025212,
        -0.012187458106458503,
        0.003663597830138881,
        -0.01957030135495261,
        0.0038695436641552755,
        0.0645573484791024,
        0.014634114414218996,
        -0.011762368760745755,
        0.04936854359692362,
        -0.07908735955333633,
        -0.028322191147564048,
        0.03299444372415555,
        -0.03338079490098135,
        -0.07773182366599092,
        -0.03453481741535445,
        0.00031373867326346764
    ],