{
    "ParameterSet": [
        0.0,
        0.0,
        0.0,
        0.0,
        0.0,
        0.0,
        0.0,
        0.0,
        0.0,
        0.0,
        0.0,
        0.0,
        0.0,
        0.0,
        0.0,
        0.0,
        0.0,
        0.0,
        0.0,
        0.0,
        0.5044372080402942,
        0.11179573179088269,
        0.22336131133168322,
        0.5238323908959595,
        0.4897837537401469,
        0.23336879209210276,
        0.156900132397411,
        0.2705401047539295,
        0.5045759819857375,
        0.4904423579823461,
        0.2409376907772342,
        0.1710147855545038,
        0.2840915832472842,
        0.5079500341720962,
        0.4593346845127408,
        0.21835216964225468,
        0.1690032511888188,
        0.3258838945822318,
        0.5074750373643965,
        0.2620683981985637,
        -0.04,
        -0.04,
        -0.04,
        -0.04,
        -0.04,
        -0.04,
        -0.04,
        -0.04,
        -0.04,
        -0.04,
        -0.04,
        -0.04,
        -0.04,
        -0.04,
        -0.04,
        -0.04,
        -0.04,
        -0.04,
        -0.04,
        -0.04
    ],
    "SensorParameterSet": [
        -0.055611454944127586,
        0.25975757599079957,
        0.3185506111106181,
        0.17641661070632292,
        -0.2216586570649351,
        -0.30908587840498947,
        0.3227001646571096,
        0.052414008032862405,
        0.06694952601584093,
        -0.2525110397387837,
        -0.07349515546172138,
        0.2637669493977178,
        -0.04930462479584152,
        0.3797361505381001,
        -0.1487922517468377,
        -0.4199210430639292,
        0.151357883418691,
        0.00559381836518333,
        0.12480808834090902,
        -0.21329555372307385,
        -0.02423637927116146,
        -0.3726255228405453,
        0.028618501063900223,
        0.02358035993728662,
        0.2783603009502812,
        -0.29620633987697287,
        0.13135109242308868,
        -0.04295328909830482,
        -0.006301375834067663,
        -0.053701829160042604,
        0.151110483274263,
        -0.2088798774365272,
        -0.22442175715882406,
        0.18782056902982028,
        -0.09167575165279013,
        0.30502862090091903,
        -0.0053232236997728085,
        -0.5204393463065718,
        0.38342436651198747,
        0.009727931735565432,
        -0.40777829962842194,
        0.14193767247497419,
        0.3922782702644975,
        0.1838871635368729,
        0.20042167272995365,
        0.18695419999698418,
        0.12457918270683924,
        0.18875768049415,
        0.4992765224101852,
        -0.11298200704324982,
        -0.23098765612451122,
        0.3751905834156003,
        0.17967611360363436,
        0.030754665368173974,
        0.08511214596036026,
        -0.07944690504798294,
        0.2685431395817439,
        0.15762385975832724,
        0.6887374112206258,
        0.07635224097937553
    ],
    "checked": "indirect",
    "iteration": 59,
    "noise_sensor_0": [
        -0.030616336914032625,
        0.0060205087772177745,
        -0.0392123990633535,
        -0.05631085690489627,
        -0.026501196409321432,
        -0.03230938312486942,
        0.019076591362520597,
        -0.007084777355598445,
        0.04173336670043216,
        0.031910004068996356,
        -0.05137464282322586,
        -0.015320197744798664,
        -0.009972373793194794,
        0.05787225573332132,
        -0.0653511765285958,
        0.00723606719480335,
        -0.0509247302855291,
        0.044533482272465015,
        -0.01846228777767771,
        0.017827722156395078,
        0.024702300775478525,
        -0.010622420549145691,
        -0.01160804189167941,
        -0.016314709025725245,
        0.03392025967042524,
        -0.01466386692051765,
        0.012850776693542544,
        0.03511340668496058,
        0.12582702811777913,
        -0.06658896125419064,
        0.0467609373055829,
        0.047531752049309935,
        -0.08684900820450873,
        0.031789333049239414,
        0.028763406453960593,
        -0.032399775459582926,
        -0.038933038943825805,
        -0.07928121079594032,
        0.04224386807165209,
        0.07381908124678196,
        0.00310628869473743,
        -0.025061839868462672,
        -0.026383231092332177,
        0.02274759510950827,
        0.015461699340386038,
        -0.034423246900925276,
        -0.023455480125814533,
        0.02198178755313963,
        0.022565565670556457,
        0.04857452563438958,
        -0.03693505417159965,
        -0.013241559669027105,
        0.049551575469275196,
        0.0727425328772301,
        0.02202804312778987,
        0.062462611420471534,
        -0.00695925360425055,
        -0.019273749257003685,
        0.07149102763292312,
        0.03659609393737928
    ],
    "noise_sensor_1": [
        -0.07395148522677553,
        -0.06524707862771922,
        -0.007377467907190047,
        -0.030789699865419136,
        0.018479075182513332,
        0.046157963995368714,
        0.023061345625997536,
        0.0032789799025146143,
        0.009624942180914031,
        -0.07584615446107948,
        -0.04065677579761026,
        -0.00881453419182605,
        0.013280407246340458,
        0.08598807774133653,
        0.03222697435412257,
        0.047314415847584626,
        -0.08194597536453192,
        -0.02718903958189009,
        0.07296931329535164,
        0.0302546596513483,
        -0.015953984321273814,
        -0.08218557811261458,
        -0.04495768552252836,
        -0.020300377604226167,
        0.04418223475562535,
        0.001561227609537126,
        -0.03792587304679746,
        -0.0539940771167096,
        0.03276430022704937,
        -0.04934988958046784,
        0.00160592950702534,
        -0.024411895116717364,
        -0.026194474084159924,
        0.0013692337333448812,
        -0.014070472525437248,
        -0.004685654310280044,
        0.04138651894076196,
        0.02027220981667772,
        -0.02800974537941411,
        -0.058296669450816255,
        -0.018048087706301934,
        0.01846527325817588,
        -0.04965315770192516,
        0.04290822400968314,
        -0.06673522719199985,
        -0.03547204450851558,
        -0.025948131634704913,
        -0.03492417359349985,
        -0.11545406888127982,
        0.04278792644375609,
        0.012536194090247761,
        0.013480298298553944,
        0.002180339847627582,
        -0.051431420878242186,
        -0.02313135194490161,
        0.008522729977073318,
        -0.007710128782259603,
        -0.04191464821219012,
        0.01241248484913957,
        0.02606711008552691
    ],