{
    "ParameterSet": [
        0.0,
        0.0,
        0.0,
        0.0,
        0.0,
        0.0,
        0.0,
        0.0,
        0.0,
        0.0,
        0.0,
        0.0,
        0.0,
        0.0,
        0.0,
        0.0,
        0.0,
        0.0,
        0.0,
        0.0,
        0.5044372080402942,
        0.11179573179088269,
        0.22336131133168322,
        0.5238323908959595,
        0.4897837537401469,
        0.23336879209210276,
        0.156900132397411,
        0.2705401047539295,
        0.5045759819857375,
        0.4904423579823461,
        0.2409376907772342,
        0.1710147855545038,
        0.2840915832472842,
        0.5079500341720962,
        0.4593346845127408,
        0.21835216964225468,
        0.1690032511888188,
        0.3258838945822318,
        0.5074750373643965,
        0.2620683981985637,
        -0.04,
        -0.04,
        -0.04,
        -0.04,
        -0.04,
        -0.04,
        -0.04,
        -0.04,
        -0.04,
        -0.04,
        -0.04,
        -0.04,
        -0.04,
        -0.04,
        -0.04,
        -0.04,
        -0.04,
        -0.04,
        -0.04,
        -0.04
    ],
    "SensorParameterSet": [
        0.06910500214973632,
        0.14500434352141534,
        0.2226256436161947,
        0.21708722255517804,
        0.0475611902425607,
        -0.5078984613937494,
        0.08967734364112036,
        -0.006950759129877449,
        0.2989686194365577,
        -0.27193121203547377,
        0.07930368866810648,
        -0.022363865955126027,
        -0.1980496050214473,
        0.2609664636461436,
        -0.44820184422480364,
        -0.14899308491783805,
        0.2386495588158684,
        -0.005332480695457682,
        -0.06787865084008421,
        -0.15709669796583323,
        -0.04534966862804461,
        -0.47040763579106715,
        0.3011377422619391,
        -0.16115596937544177,
        0.5340521464890718,
        -0.48632254324620694,
        0.3021819322601365,
        -0.064800940403701,
        -0.0922913051704487,
        -0.1358954886759817,
        0.28087861668347436,
        -0.28104101667458786,
        -0.135053436231471,
        0.23913200080050304,
        -0.20534801785289727,
        0.22737779619598436,
        -0.01527793961426972,
        -0.5234326524779676,
        0.2767515530679824,
        0.15733630526526818,
        -0.08710443886848132,
        -0.036510866840338066,
        0.6745606680023035,
        0.3087978017056594,
        0.009782659888649596,
        0.26654786395691626,
        0.13723083391571228,
        0.17548301797332197,
        0.23481715139205095,
        0.019018205530788774,
        -0.14331472808632836,
        0.2353507500216299,
        -0.10956965612831011,
        0.18191267594617594,
        0.1297782839534902,
        -0.11809527146623695,
        0.7096271052858247,
        0.380285457102198,
        0.5866851226698264,
        0.2461995794261029
    ],
    "checked": "indirect",
    "iteration": 100,
    "noise_sensor_0": [
        0.09443708857796221,
        0.05839064881863251,
        0.011972263284615947,
        -0.037285298348271496,
        -0.007656619243996616,
        -0.05192878050874739,
        0.041066444151026615,
        -0.042426081601126084,
        0.05060316376516725,
        0.07174928250527622,
        -0.006945629549090362,
        0.037264033525765405,
        -0.06141121665354614,
        -0.05038356304338161,
        0.037137928103210455,
        0.0030116476172078427,
        -0.03672900543504973,
        -0.0592308736505148,
        0.010534558878317848,
        0.006061709911935399,
        -0.011424291697297606,
        -0.05254278231053978,
        0.0009407529494516443,
        -0.017888192220432166,
        0.0006432689297749443,
        -0.07034210846214571,
        0.011881955103781911,
        0.016543460759351192,
        0.04473214536470534,
        0.020206962742409927,
        -0.06554070452562114,
        -0.025533300632363413,
        -0.04479933902992609,
        0.03424596236407426,
        0.031233826258646978,
        -0.016656924582300763,
        -0.004733673159164813,
        -0.06179795240317347,
        -0.0038346274528050146,
        -0.037177734509776884,
        -0.018856031439088327,
        0.020401824611664156,
        -0.003176705823818842,
        0.038911385098519505,
        0.053192801254006744,
        0.05189318057530512,
        0.02800785659615267,
        0.02099280690521133,
        -0.005006143559151542,
        -0.03896232427592949,
        0.035164790914761365,
        0.050661538492253494,
        -0.0063534663562155366,
        -0.06053789662136148,
        -0.031908764835811336,
        0.02818911756764995,
        -0.0011579418596877012,
        -0.020756512294184883,
        0.028074654628249297,
        0.04162022565412978
    ],
    "noise_sensor_1": [
        0.0062665808480187905,
        -0.002802490643331577,
        -0.01665338767742524,
        -0.07906335918623957,
        0.007294629794745907,
        -0.07285173911875384,
        -0.06402729538290723,
        -0.03411226251325553,
        -0.004492204918854396,
        0.029506528317558105,
        -0.030093451177938976,
        -0.0047857990749213385,
        0.016801505344724334,
        -0.0710468638584502,
        0.032943563969043285,
        0.0010169330003856804,
        0.05931468251730339,
        -0.005751071935112405,
        -0.010279307692789584,
        -0.0010979618620115686,
        -0.04873943805600989,
        -0.005627823542406224,
        0.05055316402126754,
        0.065669570947329,
        0.014423843872451042,
        0.0066992625135271445,
        0.02645269738356925,
        -0.019810614349994024,
        -0.022524120879418803,
        0.04938078645055071,
        0.023227026500216293,
        0.022881556145680108,
        0.05458034860602538,
        -0.017912730845073475,
        0.02482953205160396,
        0.04881794329265383,
        -0.03217900563477202,
        0.036336634120289965,
        0.010935491618209652,
        0.017104944780839595,
        0.049359739863204154,
        -0.0072835451872082044,
        -0.07617925548562905,
        0.02874993662354609,
        0.005919023033213802,
        0.004351069293542745,
        0.014403684244466251,
        0.024844887852911567,
        -0.04464973945192384,
        -0.023058694728571458,
        -0.024381013805649804,
        0.021322375152834142,
        0.06518631352867062,
        -0.04163144965653342,
        0.0035455842253952134,
        -0.07765563844568124,
        -0.051141388203200744,
        0.008731937589124805,
        0.003687471880977307,
        -0.025351688274483454
    ],