{
    "ParameterSet": [
        0.0,
        0.0,
        0.0,
        0.0,
        0.0,
        0.0,
        0.0,
        0.0,
        0.0,
        0.0,
        0.0,
        0.0,
        0.0,
        0.0,
        0.0,
        0.0,
        0.0,
        0.0,
        0.0,
        0.0,
        0.5044372080402942,
        0.11179573179088269,
        0.22336131133168322,
        0.5238323908959595,
        0.4897837537401469,
        0.23336879209210276,
        0.156900132397411,
        0.2705401047539295,
        0.5045759819857375,
        0.4904423579823461,
        0.2409376907772342,
        0.1710147855545038,
        0.2840915832472842,
        0.5079500341720962,
        0.4593346845127408,
        0.21835216964225468,
        0.1690032511888188,
        0.3258838945822318,
        0.5074750373643965,
        0.2620683981985637,
        -0.04,
        -0.04,
        -0.04,
        -0.04,
        -0.04,
        -0.04,
        -0.04,
        -0.04,
        -0.04,
        -0.04,
        -0.04,
        -0.04,
        -0.04,
        -0.04,
        -0.04,
        -0.04,
        -0.04,
        -0.04,
        -0.04,
        -0.04
    ],
    "SensorParameterSet": [
        0.009756000595445336,
        0.20730107582249824,
        0.06854115130246595,
        0.04082511248837235,
        -0.21554923579013832,
        0.0074372548480996295,
        0.08596272126598858,
        -0.11337223549567836,
        -0.29042444639232246,
        -0.16968171878236493,
        0.012609527378907193,
        0.2283797606918156,
        0.11018550549197713,
        0.3737024742473279,
        -0.22554374098206792,
        -0.047880461944819756,
        -0.056033439026612605,
        0.04185442719820178,
        -0.03232977384894595,
        -0.2610394881674138,
        -0.05451931061877134,
        -0.04680084933057439,
        0.0657302007170181,
        -0.14331726836908779,
        -0.032624115035615506,
        -0.04318278670050376,
        0.0430334775954238,
        -0.07030522532579928,
        0.24258993209634971,
        -0.22811239595910499,
        0.18200955874737273,
        -0.18273635028105625,
        -0.2077890505618569,
        0.19570020687623152,
        -0.09423963822967625,
        0.33370661929828666,
        0.09373589584643467,
        -0.49409052619661226,
        0.1271423428415404,
        0.1326285759194404,
        -0.37695110011015764,
        0.15960288841824444,
        0.29050212354973026,
        -0.005931819848252819,
        0.1719188087875429,
        0.3360836991345762,
        -0.0028678115398389015,
        0.3300387651607089,
        0.16026362613937853,
        -0.051343675857374864,
        -0.0999431462584587,
        0.16324248798858468,
        0.10008309331935109,
        0.14008782614275866,
        0.2705269841809108,
        -0.017877641169177293,
        0.022162796429112973,
        0.21791274063923208,
        0.5877525488129725,
        -0.012700093555475985
    ],
    "checked": "indirect",
    "iteration": 22,
    "noise_sensor_0": [
        -0.007257119267807645,
        -0.0593409359986027,
        0.04052423328545933,
        -0.018913525062300325,
        -0.021190250613184303,
        -0.04975146518145225,
        -0.008474549739042624,
        -0.009484085751383521,
        0.03349346180045649,
        -0.03497986694998068,
        0.03665544455258392,
        0.07326908281208769,
        -0.10085787514345523,
        -0.03554997314239001,
        0.07257040660473359,
        -0.04283563885135351,
        0.032887855768402335,
        -0.06987427834109694,
        0.012642383320759594,
        0.06348513902480461,
        -0.022835084306177127,
        0.05694292758982692,
        0.08530033274251209,
        0.06479542987339519,
        -0.0298270160088766,
        0.0004719269893510076,
        0.051990730772436544,
        -0.01049728842844521,
        0.037469763358427374,
        -0.05831118495640273,
        -0.12278995871700749,
        0.05630130144997558,
        -0.0001459480003700945,
        0.02889237733746751,
        0.052585520854099434,
        -0.021499755421267516,
        0.042585365313606856,
        -0.0500968941056889,
        0.04155436745146034,
        -0.04859688094262743,
        0.03591300495520448,
        0.018736658290642673,
        0.05124493839493941,
        -0.009007084134213517,
        -0.07280475808563606,
        -0.17695002853237682,
        0.07199679031561279,
        0.004125571012379849,
        -0.07456241716725186,
        0.014421601818923836,
        0.04216795249765451,
        0.132717399558866,
        0.016412214538567196,
        -0.08447827118545996,
        0.00500745368099798,
        -0.0007328214699630667,
        0.01012094313245495,
        -0.05215444511183079,
        -0.017649566973313456,
        0.037183579115039875
    ],
    "noise_sensor_1": [
        -0.017998963014744122,
        -0.025224056978332698,
        -0.0645795275856761,
        0.01296956291688579,
        -0.008237533831716617,
        -0.005453577704779394,
        -0.06484418993611923,
        0.025634127919373962,
        0.06779597039326699,
        0.05443495919939396,
        -0.04901631187391065,
        -0.010285614884921962,
        0.07767404568686818,
        -0.0004576580888040534,
        -0.120744524392181,
        -0.0683579601158267,
        -0.08134757570490256,
        -0.033088322803410064,
        0.016049923857663833,
        0.06583906424275063,
        0.02763627191990161,
        -0.043237605021605945,
        -0.002626953149345861,
        0.009113817465277107,
        0.02765513986538928,
        -0.006466647531576155,
        -0.03216242612132421,
        -0.0003047078621279267,
        -0.0016566715788126631,
        0.04502984580146111,
        -0.0356738141614985,
        -0.036265964556145176,
        -0.028412593342989033,
        0.0040835622034109025,
        -0.08380151580008355,
        -0.018940567257780167,
        0.06117518387050052,
        -0.026527868980694546,
        0.026471981051097455,
        -0.0344884841079631,
        -0.1604331314945575,
        -0.08242380980487736,
        0.004106331986839963,
        0.0205988024065643,
        -0.1019894728181988,
        0.0059625616518929545,
        -0.025161767832215187,
        0.08416604138361158,
        0.004322716653667197,
        0.016097502892777355,
        0.05426926431704532,
        -0.0754162344392001,
        -0.05250981106862516,
        -0.06530337439272352,
        -0.018980048005751,
        -0.024433692702158068,
        -0.03367478325069743,
        -0.029894451325537048,
        -0.05149638691799901,
        0.012667347750749465
    ],