{
    "ParameterSet": [
        0.0,
        0.0,
        0.0,
        0.0,
        0.0,
        0.0,
        0.0,
        0.0,
        0.0,
        0.0,
        0.0,
        0.0,
        0.0,
        0.0,
        0.0,
        0.0,
        0.0,
        0.0,
        0.0,
        0.0,
        0.5044372080402942,
        0.11179573179088269,
        0.22336131133168322,
        0.5238323908959595,
        0.4897837537401469,
        0.23336879209210276,
        0.156900132397411,
        0.2705401047539295,
        0.5045759819857375,
        0.4904423579823461,
        0.2409376907772342,
        0.1710147855545038,
        0.2840915832472842,
        0.5079500341720962,
        0.4593346845127408,
        0.21835216964225468,
        0.1690032511888188,
        0.3258838945822318,
        0.5074750373643965,
        0.2620683981985637,
        -0.04,
        -0.04,
        -0.04,
        -0.04,
        -0.04,
        -0.04,
        -0.04,
        -0.04,
        -0.04,
        -0.04,
        -0.04,
        -0.04,
        -0.04,
        -0.04,
        -0.04,
        -0.04,
        -0.04,
        -0.04,
        -0.04,
        -0.04
    ],
    "SensorParameterSet": [
        -0.02096689559243119,
        0.174955012399417,
        0.07840530804186222,
        0.05671628391998158,
        -0.18577076059302725,
        0.054990405652274595,
        0.19979909330030224,
        -0.1579091014357555,
        -0.24483181484182057,
        -0.1581286479252573,
        0.032460857528277674,
        0.2234349284699112,
        0.10897129328399144,
        0.3273764925454994,
        -0.2534323037369613,
        -0.06264674016028761,
        -0.06230717017656496,
        0.005587507691478126,
        -0.01552143098049947,
        -0.2999011778355067,
        0.021261716392718406,
        0.031165049113505584,
        0.03869520829257299,
        -0.16196558255224694,
        -0.024813085280012956,
        -0.08269672957247928,
        0.06738774345643923,
        -0.09329612454892983,
        0.1729629772046466,
        -0.18276659138391946,
        0.2141315668502692,
        -0.23491223388669444,
        -0.20751598331754273,
        0.12676405213554143,
        -0.030961996320124825,
        0.2528053043515368,
        0.10258323930589149,
        -0.48380986994540276,
        0.11345226805333417,
        0.08948976199266881,
        -0.3374664072899922,
        0.10609888712002306,
        0.3097478553079833,
        -0.022939329172887105,
        0.13869368912152455,
        0.34198568767689147,
        -0.04316470008872539,
        0.30350584507908845,
        0.2519462961186084,
        -0.0710399916001253,
        -0.10362119803187496,
        0.14965332354854577,
        0.1129950284534486,
        0.23347292593654653,
        0.24014209443200352,
        -0.08617682186594267,
        0.042766953864205995,
        0.2529955103327151,
        0.5230121509266569,
        0.011950044493435468
    ],
    "checked": "indirect",
    "iteration": 20,
    "noise_sensor_0": [
        0.081089018418877,
        0.05822623458492958,
        0.012330442705737424,
        0.09958831212740804,
        0.06492647332272132,
        -0.029928333628000847,
        0.10292570383796573,
        -0.1026659073879371,
        -0.018707667885324186,
        0.055661379901209444,
        -0.04022220509590005,
        0.025202535057125833,
        0.018130206658998848,
        -0.012176086193421348,
        0.056926143696453206,
        0.08935169605575025,
        0.03746141153015235,
        -0.00556580545928472,
        -0.022648639880302416,
        -0.07645132717697317,
        -0.14344913821454144,
        0.05267962172967008,
        0.030620238474159952,
        -0.0758475398763673,
        0.07769508190937836,
        0.08527152272832442,
        0.07088855713007218,
        0.03655869670041268,
        0.01206824597283536,
        0.06273286051695844,
        0.047321877327214615,
        -0.04106684277566748,
        0.05830284693945233,
        -0.06713785201744756,
        -0.03630609109276957,
        0.02123511121452789,
        -0.04028032889305963,
        -0.021527877987716146,
        -0.07273332957375836,
        0.07159724971609216,
        -0.046435327252528066,
        -0.03422076245991473,
        0.017384319943637927,
        -0.030693395102025522,
        0.019484091876979838,
        0.0878812745073724,
        0.023475073441762917,
        -0.0801671613306433,
        0.060832514909677025,
        0.014079801541189966,
        -0.07053792202751678,
        -0.06023062989716984,
        -0.0002928309541242541,
        0.06480673906092536,
        0.05492259905670513,
        -0.08405193591348406,
        -0.05854446491523131,
        -0.015225540024288385,
        0.036584224507635724,
        -0.023126509595132218
    ],
    "noise_sensor_1": [
        0.022323729290664483,
        0.008608032522381523,
        -0.010175133141240206,
        -0.04041726302436802,
        0.05376053341311662,
        -0.07232726595733759,
        -0.02572316975036619,
        -0.09802482014004678,
        0.04429015706665114,
        -0.08255156736666007,
        -0.07085182796982577,
        0.03620085454145813,
        0.08732307562517132,
        0.045062707328216864,
        -0.04021603686271548,
        0.08787992206416799,
        0.049208966223675564,
        0.0507115519752522,
        -0.044510143512099025,
        -0.05004813455006746,
        -0.0632962316535834,
        -0.07113063445685396,
        0.01167640288294787,
        0.07461179847406828,
        -0.03293875641668245,
        -0.02776242036656071,
        0.02275655530710096,
        -0.038109745976729496,
        0.0749949280374934,
        -0.05174354576319404,
        -0.08352892657477821,
        -0.006754803354719664,
        -0.018594289523658266,
        0.02254795371075572,
        -0.09572409343593352,
        0.034546763285512636,
        -0.05224438577356935,
        0.033785465558430504,
        -0.03664433269425532,
        -0.003482174602943525,
        0.02071038557460233,
        0.02729125981208706,
        -0.09048641470732806,
        0.08060760043655117,
        -0.037432100615447744,
        0.038321706283114675,
        0.08209192308526805,
        -0.027075033645458147,
        0.03505305142890771,
        0.016203132429333536,
        0.058508824180777894,
        -0.0854085027585538,
        0.00019003041874919344,
        -0.10872091168175894,
        0.0572082945026708,
        0.026847214332992093,
        -0.024671074134439232,
        -0.05714414194111659,
        0.018373180457406303,
        -0.005044339744950301
    ],