{
    "ParameterSet": [
        0.0,
        0.0,
        0.0,
        0.0,
        0.0,
        0.0,
        0.0,
        0.0,
        0.0,
        0.0,
        0.0,
        0.0,
        0.0,
        0.0,
        0.0,
        0.0,
        0.0,
        0.0,
        0.0,
        0.0,
        0.5044372080402942,
        0.11179573179088269,
        0.22336131133168322,
        0.5238323908959595,
        0.4897837537401469,
        0.23336879209210276,
        0.156900132397411,
        0.2705401047539295,
        0.5045759819857375,
        0.4904423579823461,
        0.2409376907772342,
        0.1710147855545038,
        0.2840915832472842,
        0.5079500341720962,
        0.4593346845127408,
        0.21835216964225468,
        0.1690032511888188,
        0.3258838945822318,
        0.5074750373643965,
        0.2620683981985637,
        -0.04,
        -0.04,
        -0.04,
        -0.04,
        -0.04,
        -0.04,
        -0.04,
        -0.04,
        -0.04,
        -0.04,
        -0.04,
        -0.04,
        -0.04,
        -0.04,
        -0.04,
        -0.04,
        -0.04,
        -0.04,
        -0.04,
        -0.04
    ],
    "SensorParameterSet": [
        0.05792970869424303,
        0.1036380356789472,
        -0.022855535285650215,
        0.013464030853609253,
        0.0707561302294458,
        0.02652436753932855,
        0.06513932394809101,
        -0.06792482956021756,
        -0.3972646377373957,
        -0.0889830521578351,
        0.026579149439114495,
        0.14519456556320107,
        0.08672966524539127,
        0.08490622883053998,
        -0.1357860835803307,
        -0.09303587154586444,
        -0.007796354428306529,
        0.01765629577470642,
        -0.04029819589508236,
        -0.02785968124413024,
        0.06377089233894952,
        -0.16105422471887534,
        0.2598609810643245,
        -0.12358611372664392,
        -0.16365761173025528,
        -0.02277450868436805,
        -0.030335640474059827,
        -0.17576359844902964,
        0.24882898850017038,
        -0.1998007984733496,
        0.12345228305293016,
        -0.21424268902849897,
        -0.006909930903100989,
        -0.004954457350915041,
        -0.07400822486261836,
        0.11916670817083833,
        0.11525769484217666,
        -0.1851515169588337,
        -0.0034410583913614652,
        0.27343300489807093,
        -0.057138637734252054,
        0.07560891375517766,
        0.2558477972204899,
        -0.08825199275963844,
        -0.022423174301078635,
        0.20417675364389415,
        -0.024218897557709562,
        0.15112525308347852,
        0.23153435575063144,
        0.12712280666347864,
        -0.07848032213314744,
        0.11946945017060294,
        -0.0863846364211825,
        0.13985391567062525,
        0.11149961285987894,
        -0.14638268819443936,
        0.06228669156192314,
        0.18555355942109525,
        0.36823909800638754,
        0.10775089224655555
    ],
    "checked": "indirect",
    "iteration": 10,
    "noise_sensor_0": [
        0.026063238572086058,
        0.014964845643438272,
        0.07155085154947245,
        -0.10933606518096438,
        0.09540424146205223,
        -0.06241476831777951,
        -0.11013691977714987,
        0.008516910474725747,
        0.02533376521361066,
        -0.10451497174168789,
        -0.04793433816016531,
        -0.06083662000283807,
        -0.022478052279227428,
        0.049382577828456335,
        0.0859630059732103,
        0.0774398966081685,
        0.08151434858806648,
        0.05286421857239273,
        0.0052537104216671595,
        -0.03887138779271658,
        0.005346743923352433,
        -0.044249219500979604,
        -0.024437389716148766,
        -0.056317183867276965,
        -0.04558638473030308,
        0.09919665049829635,
        -0.06676839492833937,
        0.0009266914834586365,
        0.05451742981098203,
        -0.038581266793178484,
        -0.016391668978095266,
        0.004752472762841184,
        0.07412022908990548,
        0.006120785798084158,
        0.04005429156629901,
        -0.03385879362297018,
        0.04012440633982408,
        -0.10855793065696977,
        0.08452510003082941,
        0.015100574552304106,
        -0.011311536214575629,
        0.019978803447513214,
        0.0027601891283740632,
        0.025269390582649327,
        -0.11946508557184213,
        0.032143148482042826,
        -0.01466986693323718,
        0.022234825626328343,
        -0.05727009193953706,
        -0.036455536951263426,
        -0.14100219779937517,
        0.09049033960417131,
        0.0038681055380571307,
        0.009781516933715075,
        -0.0031505545578337656,
        -0.042845612405464986,
        0.04163419682583861,
        0.07196309422003261,
        -0.04735885070795035,
        -0.11434723119894218
    ],
    "noise_sensor_1": [
        0.03008882919834883,
        0.02792435894815184,
        -0.013147205283451062,
        -0.08899871079930533,
        0.020683187031740925,
        -0.0324659413806822,
        0.08633238566465279,
        0.09114228009559591,
        -0.006005351626539671,
        -0.0019477933556287246,
        0.0711189800271303,
        -0.0629351973060933,
        0.022743131065783607,
        0.0016688275682155982,
        -0.05066165271922375,
        0.050924900628929716,
        0.00010991593054945553,
        -0.07229705860600957,
        0.10346867633129808,
        -0.01750842317255264,
        -0.056506576514257265,
        0.015148230618627736,
        0.02468433254098842,
        0.027094257655324146,
        -0.07566251214707805,
        -0.00850036867170864,
        -0.055833481699637894,
        -0.06686409167160817,
        -0.012544746084045287,
        -0.04238528216443531,
        0.16082825526102498,
        -0.042338941064396396,
        0.06188329548133928,
        0.05382147864994321,
        -0.06336280650269584,
        0.024534873924565652,
        0.06079123902957205,
        -0.09975871184522836,
        0.10001103999464521,
        -0.06735201771901599,
        0.03433549643629331,
        -0.0005101047032105683,
        -0.03083293284608036,
        -0.060852648300405716,
        0.05095323417014777,
        -0.0254637759744363,
        -0.053360722098911406,
        -0.06447845695776255,
        0.02318175939014377,
        -0.008097102806181155,
        -0.02464268886428149,
        -0.031877569169605977,
        -0.04129791019978099,
        0.04383912625611966,
        0.07159107487723235,
        0.04173297561445709,
        0.022354207185200814,
        0.029489611480045048,
        0.02050491716565092,
        -0.05853613274197541
    ],