{
    "ParameterSet": [
        0.0,
        0.0,
        0.0,
        0.0,
        0.0,
        0.0,
        0.0,
        0.0,
        0.0,
        0.0,
        0.0,
        0.0,
        0.0,
        0.0,
        0.0,
        0.0,
        0.0,
        0.0,
        0.0,
        0.0,
        0.5044372080402942,
        0.11179573179088269,
        0.22336131133168322,
        0.5238323908959595,
        0.4897837537401469,
        0.23336879209210276,
        0.156900132397411,
        0.2705401047539295,
        0.5045759819857375,
        0.4904423579823461,
        0.2409376907772342,
        0.1710147855545038,
        0.2840915832472842,
        0.5079500341720962,
        0.4593346845127408,
        0.21835216964225468,
        0.1690032511888188,
        0.3258838945822318,
        0.5074750373643965,
        0.2620683981985637,
        -0.04,
        -0.04,
        -0.04,
        -0.04,
        -0.04,
        -0.04,
        -0.04,
        -0.04,
        -0.04,
        -0.04,
        -0.04,
        -0.04,
        -0.04,
        -0.04,
        -0.04,
        -0.04,
        -0.04,
        -0.04,
        -0.04,
        -0.04
    ],
    "SensorParameterSet": [
        -0.030174538795575044,
        0.09238328611132031,
        0.08691864664139203,
        0.07521718862938609,
        -0.012209144412888662,
        0.03300186880459212,
        0.11031912008486863,
        -0.13502725235878646,
        -0.30703266395564605,
        -0.09213104562109939,
        0.015292921617249933,
        0.2054861656284392,
        0.1892133332286145,
        0.15199490142323488,
        -0.1353225727382031,
        -0.05357790720247007,
        0.00571699769765746,
        0.08471005071203815,
        -0.11259292460465338,
        -0.1667759933854101,
        0.05348587736116566,
        0.024738657613761726,
        0.2378616869335851,
        -0.13137102644292162,
        -0.11320636336394913,
        -0.030916214535741806,
        0.02120034124653273,
        -0.18186655365552323,
        0.3495446913007949,
        -0.23588488533009322,
        0.15220146681227834,
        -0.2361588149104763,
        -0.07289568590801293,
        0.09725566091436402,
        -0.022495964230877342,
        0.08301821591536478,
        0.1307654249416438,
        -0.3165040397863259,
        -0.04268478982568802,
        0.17530015166298754,
        -0.2374392159164722,
        0.10469294059220681,
        0.2895401014934651,
        -0.08060070496022902,
        0.15267935315547115,
        0.25468162100501396,
        0.08144081704412694,
        0.15812052703155316,
        0.22666988781986167,
        0.07756887162595046,
        -0.09041075301168942,
        0.12820315125581777,
        -0.019161443330531353,
        0.17767520219971591,
        0.08307625423766704,
        -0.08379860423503378,
        0.07960877509619659,
        0.25209699376798833,
        0.45332115468123607,
        0.12860756439589363
    ],
    "checked": "indirect",
    "iteration": 14,
    "noise_sensor_0": [
        -0.05864201113782877,
        -0.057401957800925614,
        -0.07273667400244901,
        -0.06800053978411044,
        0.017210364371269375,
        -0.033593083244247535,
        0.041441676548341556,
        0.028447162860710026,
        -0.012650036202784756,
        -0.003475686526623932,
        -0.016122837416491204,
        -0.04478907460578161,
        0.046320053913729634,
        -0.01999582570360389,
        0.05330541962436769,
        0.13011165142394573,
        0.01944383796941108,
        0.0375707727082458,
        -0.004682838703756765,
        -0.03205636754277458,
        0.008933542516259555,
        0.03688753337699787,
        -0.007830194957633272,
        -0.0749541422164457,
        -0.09191845634597487,
        0.007343379789982112,
        0.10569084655417241,
        -0.013112769382423941,
        -0.033679235674975265,
        0.024079753832180466,
        0.04504791642725508,
        -0.008426542254338365,
        -0.03734847804853545,
        0.00823670999839981,
        0.09854880826092896,
        0.08950912075662248,
        0.06628393013660883,
        0.10705832935886596,
        0.08761290945642718,
        -0.07774816153729654,
        0.023454181605846624,
        0.045962723931689736,
        -0.03408959396145741,
        0.07590532126943866,
        0.10886207424990642,
        -0.043642398878218525,
        -0.03180347171846896,
        -0.0027605232733561524,
        0.003079488823538969,
        0.0667045509875394,
        0.031213901206194133,
        0.055640657651156576,
        -0.04248492742484409,
        0.0575137992519049,
        0.0651631979071266,
        -0.027365125874269165,
        0.001180407275342181,
        -0.04476420709577991,
        0.0241913987348832,
        0.01639416928401227
    ],
    "noise_sensor_1": [
        0.04053339801375485,
        -0.004585807026143676,
        -0.02953313701041464,
        -0.019798823412068296,
        0.045884784900470946,
        0.049854253641485824,
        -0.03464405323368357,
        0.03260357433849158,
        -0.0010486938152734061,
        -0.08497439778652181,
        -0.008087710426972941,
        -0.12191657859229212,
        0.08134527405164592,
        -0.06163869620920246,
        -0.03701884796033814,
        -0.02123162693439281,
        0.03367224616343924,
        -0.04658252038582115,
        -0.048029201646789456,
        -0.05020218631376932,
        0.11230610662142898,
        0.008917484933946994,
        0.044488465614455054,
        -0.14474114782038833,
        -0.012734795672906307,
        0.005526366485316946,
        0.07675051074509757,
        0.12318726991200293,
        -0.054468026557215034,
        -0.0022377332401290594,
        -0.02221388532883582,
        -0.07154535511446522,
        0.0036285978008259575,
        -0.004149542769397551,
        -0.0326443320502135,
        -0.020941054278496973,
        -0.013324327889805327,
        -0.05734093749834711,
        0.06187638780002248,
        -0.03166203985834493,
        -0.054543398401794306,
        -0.011669176379545902,
        -0.014185073272009522,
        -0.008930312167144516,
        0.044563673125857226,
        -0.04678341299930754,
        -0.08801974947632675,
        -0.03506826703946165,
        0.03432645690197815,
        -0.09666386095234543,
        0.039704626846100426,
        0.11090639817659521,
        -0.15958547828813238,
        0.008419745683525942,
        0.0453975152508728,
        -0.05722469623989376,
        -0.05752023029706556,
        -0.11728668056936865,
        -0.009298305523320153,
        -0.029150790316476584
    ],