{
    "ParameterSet": [
        0.0,
        0.0,
        0.0,
        0.0,
        0.0,
        0.0,
        0.0,
        0.0,
        0.0,
        0.0,
        0.0,
        0.0,
        0.0,
        0.0,
        0.0,
        0.0,
        0.0,
        0.0,
        0.0,
        0.0,
        0.5044372080402942,
        0.11179573179088269,
        0.22336131133168322,
        0.5238323908959595,
        0.4897837537401469,
        0.23336879209210276,
        0.156900132397411,
        0.2705401047539295,
        0.5045759819857375,
        0.4904423579823461,
        0.2409376907772342,
        0.1710147855545038,
        0.2840915832472842,
        0.5079500341720962,
        0.4593346845127408,
        0.21835216964225468,
        0.1690032511888188,
        0.3258838945822318,
        0.5074750373643965,
        0.2620683981985637,
        -0.04,
        -0.04,
        -0.04,
        -0.04,
        -0.04,
        -0.04,
        -0.04,
        -0.04,
        -0.04,
        -0.04,
        -0.04,
        -0.04,
        -0.04,
        -0.04,
        -0.04,
        -0.04,
        -0.04,
        -0.04,
        -0.04,
        -0.04
    ],
    "SensorParameterSet": [
        0.07819752586741945,
        0.2925784844448421,
        0.12662785355072398,
        0.05002742958276453,
        -0.39122094205338576,
        0.05773498888124718,
        0.2466930311397229,
        -0.11346934072767097,
        -0.022481430470693873,
        -0.3043584184979221,
        -0.16080119023423206,
        0.391392806319712,
        -0.0779227558164639,
        0.41892033404811424,
        -0.2505923821741591,
        -0.03348073311237732,
        -0.09994599080659901,
        0.0074845256961591075,
        0.08185358475933727,
        -0.17563343842112797,
        -0.06147276529802933,
        -0.13451497579767294,
        0.21145335889642106,
        -0.31963748624109756,
        0.16185190118555226,
        -0.07645855710769296,
        -0.057822424862909165,
        -0.00020798686536508998,
        0.09307796728254512,
        -0.18106380165351027,
        0.12210638970296103,
        -0.20839800203894598,
        -0.1816348648696952,
        0.11337943392934524,
        -0.07924022057018415,
        0.28885860771825145,
        -0.07678115901596698,
        -0.44861467118035986,
        0.07421712383477884,
        0.1364002232680315,
        -0.28974907926775945,
        0.14103955217969055,
        0.23092246886274395,
        -0.02464445028971888,
        0.22710230433506653,
        0.18880715480179677,
        0.1151011942778344,
        0.3217013808474185,
        0.44591085801718333,
        -0.06329405672907021,
        -0.09589737267420365,
        0.1453510224991584,
        -0.012104528884842753,
        0.10846625718162092,
        0.36909358864594366,
        -0.06927458686386517,
        0.17083414138059283,
        0.11920690710987895,
        0.7118504976970026,
        0.02063156692472295
    ],
    "checked": "indirect",
    "iteration": 29,
    "noise_sensor_0": [
        -0.044255446820489784,
        0.006406418142689823,
        0.044415924484184556,
        0.008521270095863582,
        -0.0057170419947431125,
        -0.06526753621205425,
        0.011178153716961584,
        0.005909502276363566,
        0.021995170221934236,
        0.0748591248929097,
        0.07032653432579684,
        0.005718160881803541,
        -0.039828065702794936,
        0.0634887992797753,
        -0.010526909902873501,
        0.10200838450952106,
        0.03313974905600826,
        0.015094598281019734,
        0.05287268587864049,
        -0.004278807293403409,
        0.014258093094975312,
        -0.02122212743418111,
        0.043752514897046284,
        0.08890760610703086,
        0.01945016736883521,
        0.03108864035182998,
        0.018875213330301316,
        0.012649179043146828,
        0.019648647276227203,
        0.01127619927614079,
        -0.01610608650929693,
        0.022177014476755894,
        0.035497526497190575,
        0.07504649993715427,
        0.05149992711149634,
        0.035187281858563194,
        -0.05440260794372222,
        -0.028954547119396202,
        0.012455263386344024,
        -0.07361146258076155,
        -0.02893395432136526,
        -0.0859726926848174,
        0.003472042322970125,
        -0.032153685516676384,
        0.07091717332264755,
        -0.020468182581169444,
        0.04290576173746105,
        -0.018942889465004747,
        -0.04584384923756791,
        -0.045789098626974785,
        -0.10862545293517488,
        -0.008795106223200445,
        0.05523399992128251,
        -0.01961417529355732,
        -0.021325965284824423,
        -0.06843195640673896,
        0.08722409860515536,
        0.04251415996342073,
        0.1057542748916421,
        0.1131537367390549
    ],
    "noise_sensor_1": [
        0.00803911138897814,
        -0.006465828502024136,
        -0.07133112797536555,
        -0.008377686692259955,
        0.004112140257002388,
        -0.05422673967805489,
        0.03178155639573134,
        0.06832385315298059,
        0.038761180661253544,
        -0.029051727043506732,
        0.03726137920612358,
        0.07641415243432716,
        -0.07639562118396873,
        0.01574249735610507,
        0.025264145199672152,
        -0.024346484813486155,
        0.03288582446982531,
        0.03177444736669427,
        -0.05533685002539022,
        0.05369960267843969,
        0.12591188996815067,
        -0.01897921114049592,
        0.054093646876900686,
        0.0015450215564234869,
        0.05335719781826929,
        0.06903206616387492,
        0.09297086178229128,
        0.08596618677497028,
        0.15628346465984558,
        -0.09460641685467468,
        -0.02114668139365977,
        -0.031823956730346686,
        -0.04479174173476664,
        -0.06514196546944193,
        0.024102458401910856,
        0.10154899739123056,
        -0.11504788786241232,
        -0.04740450802709014,
        0.03971347244631395,
        -0.003963748085360942,
        -0.06802240371365069,
        0.01227897881577836,
        -0.05282592685728925,
        -0.014124426452691527,
        0.023416828753559438,
        0.09442661208877132,
        -0.010517252336428532,
        0.008338517857816363,
        0.013550639186980093,
        -0.002879940221003851,
        -0.048135295865955136,
        -0.016088818067542837,
        0.0681470275350259,
        0.0036232489883369335,
        0.07515902832078235,
        0.000683595287082272,
        0.01541562188266057,
        -0.04188290103660661,
        -0.001821651707336922,
        0.03172415203892854
    ],