{
    "ParameterSet": [
        0.0,
        0.0,
        0.0,
        0.0,
        0.0,
        0.0,
        0.0,
        0.0,
        0.0,
        0.0,
        0.0,
        0.0,
        0.0,
        0.0,
        0.0,
        0.0,
        0.0,
        0.0,
        0.0,
        0.0,
        0.5044372080402942,
        0.11179573179088269,
        0.22336131133168322,
        0.5238323908959595,
        0.4897837537401469,
        0.23336879209210276,
        0.156900132397411,
        0.2705401047539295,
        0.5045759819857375,
        0.4904423579823461,
        0.2409376907772342,
        0.1710147855545038,
        0.2840915832472842,
        0.5079500341720962,
        0.4593346845127408,
        0.21835216964225468,
        0.1690032511888188,
        0.3258838945822318,
        0.5074750373643965,
        0.2620683981985637,
        -0.04,
        -0.04,
        -0.04,
        -0.04,
        -0.04,
        -0.04,
        -0.04,
        -0.04,
        -0.04,
        -0.04,
        -0.04,
        -0.04,
        -0.04,
        -0.04,
        -0.04,
        -0.04,
        -0.04,
        -0.04,
        -0.04,
        -0.04
    ],
    "SensorParameterSet": [
        -0.14191011570328116,
        0.2898235285294638,
        0.2998313090853581,
        0.20374107408799697,
        -0.3590423371815383,
        -0.08977690751223551,
        0.36742851797874254,
        -0.1666970591607042,
        0.07676341397411629,
        -0.08759199379029296,
        -0.04583465970860108,
        0.40188991368957977,
        -0.1723490378416308,
        0.3649620994908,
        -0.23536213942425313,
        -0.10280989744720496,
        -0.05521194274560383,
        0.046819248810780194,
        0.2107784781404786,
        -0.21572943812545686,
        0.009780467776696146,
        -0.22348519289987576,
        0.20777750769986186,
        -0.05344497943117842,
        0.22767064956406874,
        -0.23388242416507168,
        -0.01051534967802694,
        0.0039825754969897535,
        0.12162400609272847,
        -0.1512307787203366,
        0.126924182284718,
        -0.20478749005288216,
        -0.29661083323813664,
        0.26808475657873115,
        0.010844223764249705,
        0.3456779386995253,
        -0.14356973961508707,
        -0.5807103843798218,
        0.21170535089119444,
        0.09395104858843559,
        -0.2304172033903357,
        0.16513796870637082,
        0.2601421009246311,
        0.04639636105168679,
        0.12601308797897515,
        0.32523032786164036,
        0.1978374457057529,
        0.21165076169488886,
        0.45680558124890347,
        -0.13247059934099614,
        -0.2447286294780126,
        0.21079779964995923,
        0.03412172132972905,
        0.14841784896426966,
        0.26282825958332473,
        -0.031785067379186314,
        0.19347421232583115,
        0.188737881706389,
        0.8207641920714374,
        0.19890830596839634
    ],
    "checked": "indirect",
    "iteration": 42,
    "noise_sensor_0": [
        -0.04264880818746049,
        0.09421401849884294,
        0.005257346846113876,
        0.055026361699930325,
        -0.05514367074415243,
        -0.019848935528975785,
        0.020256659492050435,
        0.045513739438468044,
        -0.10222603544141334,
        -0.05017343711377707,
        -0.05945999489097228,
        -0.008948833703481793,
        -0.07591687077180301,
        -0.10113478757683664,
        0.011976102403386998,
        -0.07461546521793133,
        0.04767576545072153,
        0.025952484177141938,
        -0.1088337763900899,
        0.07123070179811794,
        0.009591266964491455,
        -0.043179853942180046,
        -0.029033107503402312,
        -0.01953451470450457,
        -0.025686540209297216,
        -0.035081577950999095,
        -0.009932802365959734,
        0.12359370104469504,
        -0.10513102807627393,
        -0.03982835156578372,
        -0.01443047436509276,
        0.0026409171585962594,
        0.0462171898824435,
        -0.009379412399132318,
        -0.01032635486601474,
        -0.07944153400619663,
        0.030502853131587793,
        -0.021048387742044098,
        -0.04669194193391141,
        0.013125110001951759,
        -0.016548677427410816,
        -0.006230404421909757,
        -0.06579414651377011,
        0.01795823839170615,
        0.05267408998446788,
        0.0812810593374671,
        -0.008297038685283155,
        0.018051428575207744,
        -0.018168612643382463,
        0.05462635230751593,
        -0.026309828411733214,
        -0.013277087247923843,
        0.005025804038344805,
        -0.021729913762020076,
        -0.07615755933043981,
        0.008712222399041916,
        -0.01600473885733864,
        -0.09335048199258965,
        -0.03935027898622758,
        0.06585304963154198
    ],
    "noise_sensor_1": [
        -0.019671102973984063,
        0.04580186717906084,
        -0.03220451524190969,
        0.016170966372049313,
        0.09934764940638283,
        0.06774956273951051,
        0.00148735326005514,
        -0.0326133159132058,
        0.0522194581178176,
        0.10354808958123791,
        0.04864262141785068,
        0.06902520258313112,
        -0.07785512874276916,
        -0.06383484826379382,
        -0.11391495366763188,
        -0.05139659859579652,
        -0.023061567337578647,
        0.053481467714842024,
        -0.0598542072293871,
        -0.03672997211068518,
        0.06515215450203685,
        0.017188330077671204,
        0.07564984334410083,
        -0.07301307312245214,
        -0.05279411884608787,
        0.11585869442603275,
        -0.0015519553450995035,
        -0.017101119720544043,
        -0.027619425313416268,
        0.03711095002709217,
        -0.02035680941090621,
        0.05938862354499842,
        0.004113673753429378,
        -0.06334390057532371,
        0.014134594484342561,
        0.009210770367848776,
        -0.009794975664654615,
        0.037317732745446745,
        0.12935297128602108,
        -0.013965399061872037,
        -0.07716803208965672,
        0.03514150951890962,
        -0.06358839342265646,
        -0.01259416768358983,
        -0.04850374335062687,
        0.008701200026485298,
        -0.04566705625942476,
        -0.07796896396025944,
        -0.06605521648761682,
        0.05442749627962766,
        0.0681859291953459,
        0.010794535319285228,
        -0.0037784780774466503,
        0.056172478147709565,
        -0.07107743761761406,
        0.03425138190230972,
        -0.04117246290913498,
        0.04889129889516435,
        0.04638927089344024,
        0.06087025337308329
    ],