{
    "ParameterSet": [
        0.0,
        0.0,
        0.0,
        0.0,
        0.0,
        0.0,
        0.0,
        0.0,
        0.0,
        0.0,
        0.0,
        0.0,
        0.0,
        0.0,
        0.0,
        0.0,
        0.0,
        0.0,
        0.0,
        0.0,
        0.5044372080402942,
        0.11179573179088269,
        0.22336131133168322,
        0.5238323908959595,
        0.4897837537401469,
        0.23336879209210276,
        0.156900132397411,
        0.2705401047539295,
        0.5045759819857375,
        0.4904423579823461,
        0.2409376907772342,
        0.1710147855545038,
        0.2840915832472842,
        0.5079500341720962,
        0.4593346845127408,
        0.21835216964225468,
        0.1690032511888188,
        0.3258838945822318,
        0.5074750373643965,
        0.2620683981985637,
        -0.04,
        -0.04,
        -0.04,
        -0.04,
        -0.04,
        -0.04,
        -0.04,
        -0.04,
        -0.04,
        -0.04,
        -0.04,
        -0.04,
        -0.04,
        -0.04,
        -0.04,
        -0.04,
        -0.04,
        -0.04,
        -0.04,
        -0.04
    ],
    "SensorParameterSet": [
        0.15891302800516413,
        0.039799889131179024,
        -0.20447535325528335,
        -0.1476070698554799,
        -0.140241232416389,
        -0.013854783400896877,
        0.013854207673665403,
        0.0035688519922312733,
        -0.01077958125183027,
        -0.1384469898724495,
        -0.04052625456047919,
        -0.029248984593143196,
        0.07590707548196254,
        -0.04261946684883641,
        0.052794903083589334,
        0.1854277335894362,
        -0.04349197471291913,
        -0.005088230719807167,
        0.0826254172080711,
        -0.09190981335423638,
        0.12817899044138759,
        0.09567959482439997,
        -0.10629029054194977,
        0.13607458054479973,
        0.016861251695083613,
        0.06893377745385133,
        -0.013132852707396886,
        -0.20065384864197633,
        -0.010538065417419269,
        -0.05056520719397294,
        0.017320209243745634,
        -0.016810761872568893,
        0.05435577383536695,
        -0.27275127884211625,
        0.06046867035017152,
        -0.059254056335420614,
        0.2257988088212289,
        -0.1613500667025286,
        -0.01528113276201189,
        0.19760942667926604,
        0.08629743458067478,
        0.09566559285161656,
        0.032346761624550385,
        0.038213300061149584,
        0.11620216866425037,
        -0.15591974818521118,
        0.025470002610491854,
        -0.08131598484306769,
        -0.07640089565386217,
        -0.1233396887037651,
        -0.04880407235937607,
        -0.07382300959607217,
        0.09724235907792175,
        0.06505167869635298,
        -0.08864496201040678,
        -0.16495175298569636,
        0.28700797539855544,
        -0.2748233651738117,
        -0.05367031634322495,
        -0.040186660635529926
    ],
    "checked": "indirect",
    "iteration": 4,
    "noise_sensor_0": [
        -0.0389625470164232,
        0.10191280907751768,
        0.012609688244111215,
        0.0040183654151643355,
        0.018488242593351644,
        0.10564295053764447,
        -0.07684655473981014,
        -0.10880899740983974,
        -0.015290240262792,
        -0.00873510520377784,
        -0.017659551134985883,
        0.04542245806591554,
        -0.06597711122573437,
        -0.05461485224149334,
        0.03813359552285077,
        0.06830532143478538,
        0.04222054038669301,
        -0.07262453253087146,
        0.039669905677633704,
        -0.03550593671656792,
        -0.06792254852067506,
        -0.012521561555970324,
        -0.01740173287172873,
        0.07769447941585013,
        0.08249270473888186,
        0.048539877902546276,
        0.03286893198019366,
        -0.07979973416479993,
        0.04280493271827537,
        0.028458365559293312,
        -0.05062286067453807,
        0.049444728652653216,
        0.09334723478294356,
        0.07300658210603767,
        0.049879447151007034,
        -0.12774640840716012,
        0.06547594620020243,
        0.045108696039804524,
        -0.005098167863690913,
        0.15434081898963875,
        -0.06080802179957727,
        -0.033145895534278116,
        0.004988638887154787,
        -0.05414406930029415,
        -0.0045070671235951125,
        0.007353210513260577,
        -0.027640894933260954,
        -0.12556034736163266,
        -0.05555052184457756,
        0.05397951689161704,
        0.008012499287318387,
        0.030863692787793866,
        -0.11075631419750935,
        -0.044194200187294995,
        0.027225505617285685,
        -0.10043594350468403,
        -0.06133481105721141,
        -0.0017197787061500767,
        0.018138141079990518,
        -0.07276910774824419
    ],
    "noise_sensor_1": [
        0.04282109956654701,
        0.03850058408927059,
        -0.0410966706194937,
        -0.016921809771267417,
        0.05521775446590716,
        0.051116301238315245,
        -0.029981331122207546,
        0.06451350843758906,
        -0.007975265081915293,
        -0.08380024870668722,
        -0.0017613852803911824,
        -0.0006373934690445057,
        -0.01911252759687678,
        -0.008548559074255122,
        -0.05787432766799567,
        0.003680532786538821,
        -0.08322053893101973,
        -0.06681001879701313,
        -0.0483160170725971,
        -0.04690488819042495,
        0.023643982711789184,
        0.03575165065591909,
        0.055229752401958036,
        0.04979496543258918,
        -0.03661623104618543,
        0.014767173542863379,
        0.02704821487983623,
        -0.1522700907899482,
        0.03254694861341786,
        -0.08758643080502476,
        -0.17730797640728785,
        0.03545316335054222,
        0.022022492820764517,
        -0.016649004660863977,
        0.05820977390859881,
        -0.013095726177115694,
        -0.01477759271787226,
        -0.08302789000136486,
        -0.03614501059479668,
        -0.069324617247144,
        0.06425834761794738,
        -0.03192516152373021,
        -0.06656414349621513,
        -0.014615370409133304,
        0.07268145410292698,
        -0.045271944851921694,
        0.05628272337487334,
        -0.09119481028138368,
        0.07373437134081326,
        -0.01856015433170248,
        0.07196200376747418,
        0.07985549061530721,
        -0.07244355685965517,
        0.08095771431652732,
        -0.009452482033972958,
        0.003977597781216398,
        -0.12230122212208044,
        -0.00963559392910786,
        0.09390506612126914,
        -0.08275642087780022
    ],