{
    "ParameterSet": [
        0.0,
        0.0,
        0.0,
        0.0,
        0.0,
        0.0,
        0.0,
        0.0,
        0.0,
        0.0,
        0.0,
        0.0,
        0.0,
        0.0,
        0.0,
        0.0,
        0.0,
        0.0,
        0.0,
        0.0,
        0.5044372080402942,
        0.11179573179088269,
        0.22336131133168322,
        0.5238323908959595,
        0.4897837537401469,
        0.23336879209210276,
        0.156900132397411,
        0.2705401047539295,
        0.5045759819857375,
        0.4904423579823461,
        0.2409376907772342,
        0.1710147855545038,
        0.2840915832472842,
        0.5079500341720962,
        0.4593346845127408,
        0.21835216964225468,
        0.1690032511888188,
        0.3258838945822318,
        0.5074750373643965,
        0.2620683981985637,
        -0.04,
        -0.04,
        -0.04,
        -0.04,
        -0.04,
        -0.04,
        -0.04,
        -0.04,
        -0.04,
        -0.04,
        -0.04,
        -0.04,
        -0.04,
        -0.04,
        -0.04,
        -0.04,
        -0.04,
        -0.04,
        -0.04,
        -0.04
    ],
    "SensorParameterSet": [
        -0.008283750235570668,
        0.11448961668873905,
        -0.2822772412765858,
        -0.09670611558831779,
        -0.12136136514247023,
        -0.24547910599223824,
        0.23374483477858157,
        -0.2662495882723461,
        0.13562012600654408,
        -0.20780785306193908,
        0.017178661791246167,
        -0.1431081600044801,
        -0.6025812059838301,
        -0.058835104485658644,
        0.6212173802202163,
        0.6464299360035357,
        -0.2536181749397372,
        0.10457146936652947,
        -0.20660955424415625,
        0.005010339192984053,
        -0.12869964942939757,
        -0.20096161370969337,
        -0.17095056827609328,
        0.8703495620839617,
        0.2731817385647383,
        0.20368579911897522,
        0.13187460188194544,
        -0.6143928618455079,
        0.8564169202477225,
        -0.46470732163445916,
        -0.30912973868336946,
        0.10153104542881472,
        0.35806287378440094,
        -0.2550158771050928,
        0.6872008617805078,
        -0.014153623250154975,
        0.17104540028592136,
        0.24918067338588037,
        -0.15981719186679133,
        0.3854488059032423,
        -0.046192440914647886,
        -0.19712360520760625,
        -0.04627397130780821,
        0.0568792938830667,
        0.07857804699562328,
        -0.20509482306770022,
        0.034279831817962604,
        -0.03590704963595469,
        -0.1462458303033177,
        -0.18236275602862853,
        0.23337876709917402,
        -0.38112459081774586,
        -0.22162076619140972,
        1.0021333941673274,
        -0.13201451100415432,
        -0.19706592794457836,
        0.25349437268372865,
        -0.4083327152268573,
        0.0035696782513436453,
        -0.20659885799181407
    ],
    "checked": "indirect",
    "iteration": 76,
    "noise_sensor_0": [
        -0.028173231667333563,
        0.026241023027317702,
        0.0037644473022191006,
        0.11334476498814487,
        -0.07582989144930628,
        0.044589598562035745,
        -0.01779248060097202,
        -0.08453470841788326,
        -0.04584245357367349,
        -0.04816215985776864,
        0.00016782292585480253,
        -0.009676633256448628,
        -0.07531187673553887,
        0.03757570980894384,
        0.013796272193705602,
        -0.009606739899518687,
        -0.03963676940733514,
        -0.048423144525301456,
        -0.03147254379560449,
        0.0488308077215938,
        -0.07174207924205701,
        0.010574771229313606,
        0.04407007055107518,
        -0.07362832132920735,
        0.01342766966675308,
        -0.03226970697420344,
        0.07765993969074968,
        -0.018471242423300827,
        -0.01940708514005569,
        -0.04989864702901464,
        -0.05346351678580974,
        -0.007962250712704493,
        0.009564866526887067,
        -0.0879970848320112,
        -0.03757766445608565,
        -0.01633097231866804,
        -0.09849951699415996,
        0.051316863289953954,
        -0.0076793582723763965,
        -0.025073450438685266,
        -0.05275478733716009,
        0.01513970501464766,
        0.04248879015233613,
        0.01350479081769428,
        -0.013596589283909227,
        -0.04347086522860702,
        -0.012068544527300646,
        -0.006848852026667001,
        -0.014766025784054861,
        0.00010007382668774562,
        0.024228499406964685,
        0.009319505156766196,
        -0.041736120932143246,
        -0.016000285548507347,
        -0.02471397034312693,
        0.01560009140550812,
        -0.012185244911038432,
        0.00597954427563776,
        0.056831254361215625,
        -0.04649552952344319
    ],
    "noise_sensor_1": [
        -0.03754806396835713,
        -0.004113940027691252,
        -0.017241685278608566,
        -0.05434350864310664,
        0.061810977791964365,
        0.0001049311192574945,
        -0.0021386640087101903,
        -0.019825074668269157,
        0.0015005829630884546,
        -0.05700403332481893,
        -0.01146692556177617,
        4.175812317294678e-05,
        -0.04712224461800593,
        -0.00448050290986172,
        -0.036714716186440594,
        0.011852132004202341,
        0.019033713900926896,
        0.06920528236895275,
        0.033988207261428593,
        0.017377451322190603,
        0.025742700397707086,
        0.0073664116264995,
        -0.019595191066527004,
        -0.04069316079564598,
        -0.03356549435580181,
        -0.010969777915051247,
        0.0038268922743197485,
        0.019438765426014644,
        0.06512209169642441,
        0.007751748778463101,
        0.031751947389523395,
        -0.03760911772637726,
        0.051907898658742034,
        -0.015157211574900886,
        0.04724483809523003,
        0.05293074849481254,
        -0.006523243162424035,
        -0.015054023602642104,
        -0.027877163933339333,
        0.0037468841068848905,
        0.07336483983146691,
        -0.07237467543317819,
        0.02305781310146376,
        0.0028650774389151774,
        0.03897261771083129,
        0.003993987054192063,
        0.034567591758207505,
        0.01489189213906612,
        0.006863672780831158,
        -0.029473317003453275,
        0.031942926282232116,
        -0.009899543164287865,
        -0.021304923595590462,
        0.08694254102885926,
        0.009750915938670527,
        -0.0009288507047623825,
        0.02854193891001734,
        0.02851218922175991,
        0.00025789705161637094,
        0.005040752571657666
    ],