{
    "ParameterSet": [
        0.0,
        0.0,
        0.0,
        0.0,
        0.0,
        0.0,
        0.0,
        0.0,
        0.0,
        0.0,
        0.0,
        0.0,
        0.0,
        0.0,
        0.0,
        0.0,
        0.0,
        0.0,
        0.0,
        0.0,
        0.5044372080402942,
        0.11179573179088269,
        0.22336131133168322,
        0.5238323908959595,
        0.4897837537401469,
        0.23336879209210276,
        0.156900132397411,
        0.2705401047539295,
        0.5045759819857375,
        0.4904423579823461,
        0.2409376907772342,
        0.1710147855545038,
        0.2840915832472842,
        0.5079500341720962,
        0.4593346845127408,
        0.21835216964225468,
        0.1690032511888188,
        0.3258838945822318,
        0.5074750373643965,
        0.2620683981985637,
        -0.04,
        -0.04,
        -0.04,
        -0.04,
        -0.04,
        -0.04,
        -0.04,
        -0.04,
        -0.04,
        -0.04,
        -0.04,
        -0.04,
        -0.04,
        -0.04,
        -0.04,
        -0.04,
        -0.04,
        -0.04,
        -0.04,
        -0.04
    ],
    "SensorParameterSet": [
        -0.027993532165449756,
        0.04200370532885412,
        -0.4627303811753514,
        -0.17180577501374877,
        -0.1927594520069786,
        -0.06475099164806403,
        0.31235944127137133,
        -0.06336057856443186,
        0.07887978319745471,
        -0.18247200775342257,
        0.1061245765900678,
        -0.04863930072586467,
        -0.49059081563833135,
        -0.01986983304080853,
        0.6684678564607851,
        0.5069732024374295,
        -0.13686550803632153,
        -0.07308168284205484,
        -0.183885956425282,
        -0.048171749752268345,
        -0.0890864701892295,
        -0.16466681620373783,
        -0.026087757125799884,
        0.7770425857558944,
        0.21244308964319453,
        0.12938447814190676,
        0.06653938152323859,
        -0.5688231022479769,
        0.7606726245918678,
        -0.4710323180326881,
        -0.15221680333751522,
        0.09970237504616392,
        0.38930453527325587,
        -0.2862339665828465,
        0.5751743652159644,
        0.024018412054192237,
        0.15506202304981784,
        0.17390563824876987,
        -0.18991379675744746,
        0.5430322291832902,
        -0.18182323371366438,
        -0.24716475577740682,
        -0.045588180916927755,
        0.08507100617677434,
        0.15471092322158353,
        -0.19762331946404682,
        0.039466021003906684,
        -0.0875945710631749,
        -0.14914960758278975,
        -0.16637398010278936,
        0.3039886706653701,
        -0.28337821708319894,
        -0.2866178546388118,
        0.9627355588190558,
        -0.24468894870594968,
        -0.1347462813652746,
        0.2190590862513337,
        -0.4970060308305015,
        -0.05451378929059205,
        -0.15749804309812865
    ],
    "checked": "indirect",
    "iteration": 67,
    "noise_sensor_0": [
        0.008148770060998066,
        -0.00664886084080621,
        0.005848017023001839,
        0.07161781510350226,
        -0.04072616351287198,
        -0.06841699991756026,
        -0.021245744493343287,
        -0.0002847387517572448,
        0.00570216995927807,
        -0.0507581770553703,
        0.00454765599099204,
        -0.13462030622377866,
        0.06788708107603511,
        0.052447349102567896,
        -0.016370641916188356,
        0.06652948991565352,
        0.01627774360223634,
        0.027132875825210675,
        0.018157842869534885,
        -0.0074291358512045096,
        0.032477439226568094,
        0.06080203445460824,
        -0.02848537696088568,
        0.03377769223633812,
        0.040633189217310794,
        0.07764659995829196,
        0.0743064180901724,
        0.10493694722182163,
        -0.06143018443233614,
        -0.06474406188554391,
        0.04932677150380433,
        -0.00719911531306748,
        0.030238005320448534,
        0.08385955971309177,
        0.03383160259313379,
        0.005832385210094894,
        -0.005964400055580097,
        -0.05022522210882506,
        0.02496877176430973,
        -0.03312456654286082,
        0.07756753063706671,
        -0.018468931987587273,
        0.03908927337403152,
        -0.037903552129423076,
        -0.022890022443683492,
        -0.035503416961963165,
        0.0665432321029947,
        0.03730551100529379,
        0.053849781112573956,
        0.038377661350525324,
        0.014246652407056951,
        0.006202430653973213,
        -0.02254255008999788,
        0.023169985942701418,
        -0.018096684067237846,
        -0.027897025186195277,
        0.04292117830922657,
        0.0533730739544399,
        -0.005990491754102274,
        -0.006063382344984628
    ],
    "noise_sensor_1": [
        -0.048255900800800215,
        0.03875526985430279,
        0.036228799081478254,
        0.02112719892242601,
        0.0023664450972191086,
        -0.013714950285849872,
        -0.02571943516045745,
        -0.04971055130271704,
        -0.08078337666010457,
        -0.0037496972982687237,
        -0.04430615538850297,
        0.02764902233944135,
        -0.014354247950816185,
        -0.01785633494673638,
        0.09432755598015319,
        0.06175013843851481,
        -0.029250753031452387,
        0.004494386777829528,
        0.027407371933201582,
        -0.016717445019005312,
        -0.0008374850581794027,
        -0.01581734951912066,
        -0.008024428468603339,
        0.0077378235047991075,
        -0.011484460691219318,
        -0.006624508007036955,
        -0.04252954713378505,
        0.0423655359618367,
        -0.04163925601660796,
        0.10065956900402552,
        -0.005587297091432834,
        -0.02052406909485061,
        -0.04995587912940868,
        -0.049027275476912324,
        -0.05446675628211442,
        0.015648818468526955,
        -0.017290368124848313,
        0.0152295008302463,
        -0.007999865035004742,
        0.008556139438626657,
        0.02590529449312483,
        0.009492203706474661,
        -0.053307998774045164,
        -0.005737836316758974,
        -0.038895701597207226,
        0.033578549301208856,
        0.03380131012592295,
        0.02639313162971625,
        0.0026663032201667295,
        0.039483735129231416,
        -0.05751754336273365,
        -0.024528220494940144,
        -0.027826613824158682,
        0.08030744428702058,
        0.03251579259899046,
        -0.006231554268153568,
        0.07487749459942335,
        0.05234730267414675,
        -0.057099886137747115,
        0.02312222931942654
    ],