{
    "ParameterSet": [
        0.0,
        0.0,
        0.0,
        0.0,
        0.0,
        0.0,
        0.0,
        0.0,
        0.0,
        0.0,
        0.0,
        0.0,
        0.0,
        0.0,
        0.0,
        0.0,
        0.0,
        0.0,
        0.0,
        0.0,
        0.5044372080402942,
        0.11179573179088269,
        0.22336131133168322,
        0.5238323908959595,
        0.4897837537401469,
        0.23336879209210276,
        0.156900132397411,
        0.2705401047539295,
        0.5045759819857375,
        0.4904423579823461,
        0.2409376907772342,
        0.1710147855545038,
        0.2840915832472842,
        0.5079500341720962,
        0.4593346845127408,
        0.21835216964225468,
        0.1690032511888188,
        0.3258838945822318,
        0.5074750373643965,
        0.2620683981985637,
        -0.04,
        -0.04,
        -0.04,
        -0.04,
        -0.04,
        -0.04,
        -0.04,
        -0.04,
        -0.04,
        -0.04,
        -0.04,
        -0.04,
        -0.04,
        -0.04,
        -0.04,
        -0.04,
        -0.04,
        -0.04,
        -0.04,
        -0.04
    ],
    "SensorParameterSet": [
        -0.14617415586338772,
        0.03027006183262587,
        -0.47980643325960703,
        -0.07872306683394661,
        -0.24368547217392936,
        -0.07041234593762152,
        0.37675843884716614,
        -0.02763646200402658,
        0.04927898312597475,
        -0.20535091248994747,
        0.02990162583610357,
        -0.03194979973643819,
        -0.36745259359690746,
        -0.059839768732836154,
        0.5386037795240941,
        0.608826238151519,
        -0.16364938790939104,
        -0.003286559613644907,
        -0.06943960087680254,
        0.009364300136373094,
        0.05542957730802961,
        -0.2572403207096455,
        -0.09683606748623327,
        0.6650221958807545,
        0.24380608092034575,
        0.036202496493450156,
        -0.08961965664079201,
        -0.6126978390228882,
        0.9173334866785524,
        -0.44333983384262654,
        -0.18369440206352422,
        0.12903493594129778,
        0.35639036259677853,
        -0.2758492915412068,
        0.47380128826487033,
        -0.04059608272963305,
        0.15522192161440912,
        0.14111882826600494,
        -0.2602354591297735,
        0.49418089731843784,
        -0.24534822025589798,
        -0.14726394831654893,
        -0.00014134731179749538,
        0.11569563694471757,
        0.06387737413964772,
        -0.12088782487434141,
        -0.017617390279353835,
        -0.09881989320285149,
        -0.11270938114169188,
        -0.17616191200533876,
        0.25584125986175515,
        -0.3117929073045433,
        -0.22131984417419004,
        0.9773849592336395,
        -0.28504549091452963,
        -0.19970765269936255,
        0.1795043567607178,
        -0.37880974588405864,
        -0.05076909564458004,
        -0.08132983342979669
    ],
    "checked": "indirect",
    "iteration": 61,
    "noise_sensor_0": [
        -0.04327985446818034,
        -0.046966004536660194,
        0.015322863310102615,
        -0.003408414798030559,
        0.05113208737698388,
        -0.002196469625999972,
        -0.015348566356908757,
        0.0640375489945762,
        -0.019898125253584326,
        0.11746622748604305,
        -0.08521681456585707,
        -0.005607034929228873,
        -0.0016439749255724306,
        -0.03420981838456053,
        0.007433055255681979,
        -0.018854086186994443,
        0.004636394347654757,
        -0.010591276028888211,
        -0.01311050626118842,
        0.054264210677556365,
        0.0449382958523936,
        -0.03253955088143468,
        -0.0538946414363111,
        -0.07296112751771493,
        0.02063810888645284,
        0.02665874863735375,
        -0.012710020617136466,
        0.017774465735533124,
        0.056511858352470794,
        -0.038733574520323284,
        0.036609617340500555,
        -0.01615162091769734,
        -0.0707735605056027,
        0.05300194895358379,
        -0.03419441232429734,
        -0.03208294758376752,
        0.0011767377600833359,
        -0.02748384275947595,
        0.026088498964683012,
        -0.02950896375586386,
        -0.04569464613506013,
        -0.03490934296891852,
        -0.04310453330204733,
        -0.027672322022743376,
        -0.07915742845918249,
        -0.01769443193768699,
        0.04040492680421848,
        0.0006685750576776399,
        0.08484161125490498,
        0.01563622146854521,
        0.02257383127889639,
        -0.025011254586586658,
        0.06697212485055173,
        0.04284909892403185,
        -0.015700119934923238,
        -0.03353393175815748,
        -0.03483474707052613,
        0.06971043307791994,
        0.039109837580113826,
        0.0778014193693143
    ],
    "noise_sensor_1": [
        0.00810283837072262,
        0.003380333378853605,
        0.04570019290990981,
        0.05283878758909807,
        0.021722248291377054,
        -0.02315261512406547,
        0.03988326294532429,
        0.026469961563819866,
        0.12465722862245193,
        0.10055920202223378,
        -0.015575740781176899,
        0.05532502027995548,
        -0.0400221952302521,
        -0.04324491198251263,
        -0.0065399081144748555,
        -0.03530658185891766,
        -0.00769972171021191,
        0.08667222341791513,
        -0.02385541191604881,
        -0.05564062017520489,
        -0.043132021068085766,
        -0.007509157143464059,
        -0.03435399432979809,
        0.02403592659141152,
        -0.005993893143810639,
        -0.028631540044574636,
        -0.015715188465419527,
        -0.05843710628759846,
        -0.01650075642433622,
        -0.008189596794527606,
        0.04835584121619037,
        0.009247196445203654,
        -0.05864824930481827,
        0.06076596364547728,
        -0.07237771784692966,
        -0.032829770514275804,
        -0.04744615639923026,
        -0.018869480109954602,
        0.048023767369009714,
        0.035926434510312716,
        0.020801398767853706,
        0.018226529459849514,
        0.00713389377338667,
        0.0266427103446603,
        -0.06673922789566655,
        0.1056063887362299,
        -0.050356199501964086,
        -0.06548130768182576,
        0.04331061505813272,
        0.1009789894550537,
        0.011880803710299096,
        0.001840317056373351,
        0.0009447883425119223,
        -0.04225273542833968,
        0.04309877776784599,
        0.036268322926905155,
        -0.047378227843780304,
        -0.0040424538335521835,
        0.07377581962141151,
        0.01150619993726437
    ],