{
    "ParameterSet": [
        0.0,
        0.0,
        0.0,
        0.0,
        0.0,
        0.0,
        0.0,
        0.0,
        0.0,
        0.0,
        0.0,
        0.0,
        0.0,
        0.0,
        0.0,
        0.0,
        0.0,
        0.0,
        0.0,
        0.0,
        0.5044372080402942,
        0.11179573179088269,
        0.22336131133168322,
        0.5238323908959595,
        0.4897837537401469,
        0.23336879209210276,
        0.156900132397411,
        0.2705401047539295,
        0.5045759819857375,
        0.4904423579823461,
        0.2409376907772342,
        0.1710147855545038,
        0.2840915832472842,
        0.5079500341720962,
        0.4593346845127408,
        0.21835216964225468,
        0.1690032511888188,
        0.3258838945822318,
        0.5074750373643965,
        0.2620683981985637,
        -0.04,
        -0.04,
        -0.04,
        -0.04,
        -0.04,
        -0.04,
        -0.04,
        -0.04,
        -0.04,
        -0.04,
        -0.04,
        -0.04,
        -0.04,
        -0.04,
        -0.04,
        -0.04,
        -0.04,
        -0.04,
        -0.04,
        -0.04
    ],
    "SensorParameterSet": [
        0.24654766591212665,
        0.09360847727679401,
        -0.2664885029472947,
        -0.1569383092808281,
        -0.09711566673473651,
        -0.04649900995825354,
        0.21178226381884854,
        -0.22116432830216254,
        -0.039195834795571045,
        -0.2849374037623692,
        -0.18797538150722018,
        0.10450154291374478,
        -0.15595343858665897,
        -0.3964109849037863,
        0.29243694721039365,
        0.236812771110722,
        0.09269414362291666,
        0.0740709458372666,
        -0.2670113002517619,
        -0.12094794012441686,
        0.018781403449312544,
        -0.0072231984093530524,
        -0.39296872014982626,
        0.39979019059749465,
        0.3301777067193988,
        0.03413729809896394,
        -0.13445682444015447,
        -0.24676990504722543,
        0.5396502744364619,
        -0.13614910267288008,
        -0.1792998872636003,
        0.1079262986301576,
        0.2789152746818346,
        -0.45948163708885537,
        0.17215376434542765,
        -0.012610233249973981,
        0.21767309482809538,
        0.19108985097735146,
        -0.31447392715160477,
        0.4143503190587216,
        -0.21818599222739843,
        0.0500028183823028,
        -0.14848410139521276,
        0.30259649992420035,
        -0.021576958236876685,
        -0.15200850223969578,
        -0.13890802577973926,
        0.13676767515068286,
        0.14741609077241963,
        -0.12129679676837446,
        0.008570773587952402,
        -0.09215067531702757,
        -0.48560152097650183,
        0.6001871369588149,
        -0.07449647518087961,
        -0.10700193711563653,
        0.30411503899509973,
        -0.30469756223547906,
        -0.07650869785197685,
        0.004963489466711201
    ],
    "checked": "indirect",
    "iteration": 38,
    "noise_sensor_0": [
        0.017899839536614205,
        0.0026434530649096636,
        0.05274341157596123,
        0.010936185500023194,
        0.001566877798058471,
        0.012690308258975278,
        0.04296740512680772,
        0.022790353082060604,
        0.032425960321633425,
        -0.003274951325149432,
        0.05852355096279913,
        -0.045665819824100985,
        0.06627440535269057,
        0.020598589060193316,
        -0.013740149896464214,
        -0.02858245228298562,
        -0.004940443524053595,
        -0.06027868681192245,
        -0.008437837224094845,
        -0.005506380724887872,
        -0.009004353141866704,
        -0.06798687257421691,
        -0.01858628027135002,
        -0.033980404777752715,
        0.024832625027234156,
        -0.02931525725286963,
        0.03148196499597284,
        0.08072294206561567,
        0.034886436547181605,
        0.007682698886575562,
        -0.011805353217786908,
        0.00660910355420784,
        0.12360002804215818,
        -0.024673199227152495,
        0.042971660296996686,
        -0.017442749126103652,
        0.030380375274504132,
        0.008314703539464462,
        0.09613554874371527,
        -0.0129646748375572,
        0.004969646821818507,
        -0.02504238523059375,
        0.0010313946102399078,
        0.01682721532186792,
        0.08230216257165175,
        0.08219845436596719,
        0.016920064484278585,
        0.04242624865596065,
        -0.1145027287277885,
        0.04846711389310278,
        -0.03731974802925984,
        -0.009399408685971,
        0.01370054806098296,
        0.047567897413678305,
        -0.036579236600105716,
        0.008352469105872569,
        0.08682220697946245,
        -0.06341726941330983,
        -0.04816510660105236,
        -0.04638217734240365
    ],
    "noise_sensor_1": [
        0.027866742767104262,
        -0.008885506180892936,
        0.14036527663409706,
        -0.030464890619889898,
        0.011995955208748193,
        -0.08851942816367334,
        -0.009199101442931052,
        0.01723362386247534,
        -0.012084899178295081,
        -0.044928403828903514,
        -0.010178930001431526,
        -0.06116507528385757,
        -0.017801260930000118,
        0.020112721581936818,
        -0.007573707028265626,
        0.10448239984668664,
        0.044838143562562736,
        0.05314912437932004,
        0.04163127091827397,
        -0.0381126116591602,
        0.0816579483132096,
        0.0030804273542367703,
        -0.03150826987649921,
        0.05848875693972093,
        0.03925482796742159,
        -0.053395850583398824,
        -0.004811095849743831,
        -0.035014124386545865,
        -0.005604780522063856,
        -0.031283113336278055,
        -0.021812493386815988,
        -0.024891172410426553,
        0.027444089052881183,
        0.038912334045503254,
        0.03691305469841517,
        0.02234879095635401,
        0.04862472419296937,
        -0.022413684892236618,
        0.02969814371958499,
        -0.020522932614770516,
        -0.04033623957362884,
        0.041392120958898715,
        0.022505172505580085,
        -0.02223429234223278,
        -0.011554659238514592,
        -0.00015511968779815798,
        0.03157577789884055,
        0.028985402902111077,
        0.018113200465557474,
        -0.0063522150696553245,
        -0.06436426184425613,
        0.07493188426215784,
        0.044112731027998064,
        0.007069421700281077,
        -0.010545638466841468,
        -0.07947151287130984,
        -0.09479719168893971,
        -0.004713142019617314,
        -0.003410569883957065,
        -0.14608991488505063
    ],