{
    "ParameterSet": [
        0.0,
        0.0,
        0.0,
        0.0,
        0.0,
        0.0,
        0.0,
        0.0,
        0.0,
        0.0,
        0.0,
        0.0,
        0.0,
        0.0,
        0.0,
        0.0,
        0.0,
        0.0,
        0.0,
        0.0,
        0.5044372080402942,
        0.11179573179088269,
        0.22336131133168322,
        0.5238323908959595,
        0.4897837537401469,
        0.23336879209210276,
        0.156900132397411,
        0.2705401047539295,
        0.5045759819857375,
        0.4904423579823461,
        0.2409376907772342,
        0.1710147855545038,
        0.2840915832472842,
        0.5079500341720962,
        0.4593346845127408,
        0.21835216964225468,
        0.1690032511888188,
        0.3258838945822318,
        0.5074750373643965,
        0.2620683981985637,
        -0.04,
        -0.04,
        -0.04,
        -0.04,
        -0.04,
        -0.04,
        -0.04,
        -0.04,
        -0.04,
        -0.04,
        -0.04,
        -0.04,
        -0.04,
        -0.04,
        -0.04,
        -0.04,
        -0.04,
        -0.04,
        -0.04,
        -0.04
    ],
    "SensorParameterSet": [
        -0.018670542255341874,
        0.16048412915884422,
        -0.07595810579576226,
        -0.20137223382528513,
        -0.09066703962272336,
        -0.22770357448516515,
        0.18283790997708174,
        -0.12813159207111252,
        0.3126193610827585,
        -0.26878086396440104,
        -0.08310825324798651,
        -0.01826412071731169,
        -0.8685861608634292,
        0.06105145908592884,
        0.7634582839996559,
        0.798279796412055,
        -0.14872848080707815,
        0.1463123907043585,
        -0.34055296031508714,
        -0.08425027000010248,
        -0.18484038291505395,
        -0.3338840315632412,
        -0.16862169527035561,
        0.9346455518939354,
        0.5618646637565512,
        0.09324740745878551,
        0.03742904452618937,
        -0.3086140947240592,
        0.6791737205208895,
        -0.4329092834189414,
        -0.09816990279928532,
        0.3060107120925028,
        0.6303423988295533,
        -0.1341226834345719,
        0.6744896315166752,
        -0.015545137543476488,
        0.30042485055387536,
        0.3279146100503286,
        -0.2808793398322985,
        0.44925868941659586,
        -0.09664174593867958,
        -0.2635274458431492,
        0.010627154117263294,
        -0.033815319873012034,
        0.015866792072081543,
        -0.2547840615084789,
        0.2511949442843692,
        -0.17934585486449586,
        -0.13424917223572527,
        -0.13805806588955333,
        0.19679589458016966,
        -0.5287126316582617,
        -0.08549443221334176,
        1.1000116874011259,
        -0.3555506271446453,
        -0.030488719445174554,
        0.1583058953416863,
        -0.5128664273781505,
        -0.034023230548077106,
        -0.16605762735313695
    ],
    "checked": "indirect",
    "iteration": 95,
    "noise_sensor_0": [
        -0.04151895424903607,
        0.031589594980479016,
        0.010268280398431525,
        0.034329007385663454,
        0.049248234207291804,
        0.05865751351440004,
        -0.024349319977107944,
        0.0021418684391974717,
        -0.011530403903503166,
        -0.0024529144802377693,
        0.09345441669615409,
        -0.020208072058594068,
        -0.019106093161242746,
        0.00626284935260777,
        0.016884170790141293,
        -0.030446491153188447,
        -0.08114092495319188,
        -0.04701463451555281,
        -0.01894990668783847,
        -0.037222155032946555,
        0.062381748937375754,
        -0.010362298992180002,
        -0.023632907055547797,
        -0.08306474393103092,
        -0.02967110099046625,
        0.051559946033968705,
        -0.0008770080546896022,
        -0.004928008871957685,
        0.028914739334866744,
        0.009927597502873699,
        0.008247116429399862,
        -0.03279164865195914,
        0.0010236007675406085,
        0.0028007980247525413,
        -0.03715843368354428,
        0.01578852759065388,
        0.03004565854647434,
        -0.059250399430897806,
        -0.06497112006106397,
        -0.058187665317848206,
        -0.009818640833484394,
        0.015172568132746382,
        -0.0026609192214727658,
        0.0020108276735616238,
        0.0003391385450942855,
        -0.011243791349991285,
        -0.015863413067386995,
        0.011553898863223186,
        0.043436647129782624,
        -0.005854294807833921,
        -0.013869678639817393,
        -0.07082806349667023,
        -0.13875821951689396,
        -0.018474144807718078,
        0.005738162003796778,
        -0.03338920650634827,
        -0.023788161926444663,
        0.04964119053582126,
        -0.062060547922498745,
        0.015212222207152144
    ],
    "noise_sensor_1": [
        0.007183874248014491,
        0.04060858692616402,
        0.005275431053946418,
        -0.0057274841286843875,
        -0.07792940753593856,
        0.07696351706972783,
        -0.006431548021385055,
        -0.041550305091326005,
        0.04646107395840968,
        0.014262404083940526,
        -0.02338640931376409,
        0.11309371204782823,
        -0.010027205708605418,
        0.05554580244788747,
        0.019779963097737312,
        -0.025295853423313076,
        0.002607937045974538,
        -0.010277801817214808,
        0.017182459733419867,
        0.021620393803904334,
        -0.02412713972904274,
        -0.01686898551908254,
        -0.006997876350938878,
        0.027009860524596963,
        -0.00846339259180943,
        0.04877446962347705,
        -0.05568755416307778,
        0.022465048154107704,
        -0.05268870804927858,
        -0.06688864979043714,
        0.08586821746051336,
        0.032385050580275195,
        -0.07749664766592325,
        0.004389518401164907,
        -0.022736345363573246,
        -0.002936725570906306,
        -0.041567730252658364,
        0.0192041766964267,
        -0.07337008735774704,
        0.004725886251382438,
        0.017250892808254703,
        0.05969285022472699,
        -0.06573324773011997,
        -0.031934670263624045,
        -0.026885735016066028,
        0.05074193106422421,
        -0.023864275638296344,
        0.026042978541145397,
        0.07555375997077861,
        0.05144214430730948,
        0.034814219093128825,
        0.09681302015065915,
        -0.012775680017671874,
        -0.022995618983160156,
        0.04353677766517451,
        0.0036304708403226455,
        -0.0063007926598599604,
        -0.08439966330806295,
        0.0229920128974583,
        -0.048592738603825014
    ],