{
    "ParameterSet": [
        0.0,
        0.0,
        0.0,
        0.0,
        0.0,
        0.0,
        0.0,
        0.0,
        0.0,
        0.0,
        0.0,
        0.0,
        0.0,
        0.0,
        0.0,
        0.0,
        0.0,
        0.0,
        0.0,
        0.0,
        0.5044372080402942,
        0.11179573179088269,
        0.22336131133168322,
        0.5238323908959595,
        0.4897837537401469,
        0.23336879209210276,
        0.156900132397411,
        0.2705401047539295,
        0.5045759819857375,
        0.4904423579823461,
        0.2409376907772342,
        0.1710147855545038,
        0.2840915832472842,
        0.5079500341720962,
        0.4593346845127408,
        0.21835216964225468,
        0.1690032511888188,
        0.3258838945822318,
        0.5074750373643965,
        0.2620683981985637,
        -0.04,
        -0.04,
        -0.04,
        -0.04,
        -0.04,
        -0.04,
        -0.04,
        -0.04,
        -0.04,
        -0.04,
        -0.04,
        -0.04,
        -0.04,
        -0.04,
        -0.04,
        -0.04,
        -0.04,
        -0.04,
        -0.04,
        -0.04
    ],
    "SensorParameterSet": [
        0.04654350279490867,
        0.05565156539279448,
        -0.21242191103239716,
        -0.05990002193012239,
        -0.11450763913872523,
        -0.17519142105734575,
        0.19845472682984366,
        -0.16326934639040663,
        0.274706983947472,
        -0.22365670995974693,
        0.09686142360994299,
        -0.18522394859028468,
        -0.7140361350633911,
        -0.04110095798631543,
        0.7139962093121618,
        0.8015789230696304,
        -0.3023621840093473,
        0.27566995102057174,
        -0.27882591261347844,
        0.09969972409113936,
        -0.1820651469194539,
        -0.29493634955882486,
        -0.23532555277616515,
        0.9351086391998641,
        0.3383078970745335,
        0.13897936217269774,
        0.13260992518611125,
        -0.48332213478651775,
        0.6760910019017945,
        -0.5327837935402318,
        -0.1953932914528207,
        0.18343528530944433,
        0.5041702463514633,
        -0.24669332826465634,
        0.5995873041213851,
        -0.03622471432595377,
        0.2710214098735092,
        0.346401759237927,
        -0.33596575540108864,
        0.32452021415171317,
        -0.12631054272647738,
        -0.19926051012548146,
        -0.08101330547641718,
        -0.04769070255949158,
        0.012736779990049341,
        -0.29754965747843587,
        0.0919009180254278,
        -0.11321390668205047,
        -0.12979002995176442,
        -0.2581641461852493,
        0.10160930417206146,
        -0.5952760359341447,
        -0.07633355194713282,
        1.1342825896836848,
        -0.29495305855455545,
        -0.13567110917781106,
        0.22973292527213257,
        -0.47839128022925675,
        -0.04685446746063994,
        -0.11495802855672733
    ],
    "checked": "indirect",
    "iteration": 86,
    "noise_sensor_0": [
        -0.018734751137963187,
        0.024723035799675056,
        -0.01863074963687819,
        0.028473468901146187,
        0.011555298364822976,
        -0.02078367039425263,
        -0.0384844177833008,
        0.05714955291085675,
        -0.028389599144921205,
        -0.023568609388576432,
        -0.0061727977163452494,
        -0.0634896367373939,
        -0.03167397165022289,
        -0.06866556671386113,
        0.0372468667828732,
        0.021320221794343983,
        -0.07488619274717304,
        -0.030999919015041826,
        0.05401101004514949,
        0.025753160445556127,
        -0.011513664647522383,
        -0.03833171650385455,
        -0.025184581491044876,
        0.007222403820948026,
        0.0731213783067193,
        0.013560087750039486,
        0.014126258314660778,
        0.048924627732583645,
        -0.014263745209733685,
        -0.04805195274555949,
        0.026812000827340685,
        -0.04271446678818878,
        0.07967296179597072,
        -0.015705245110957732,
        0.017101390944930833,
        0.04815569523386113,
        -0.026215773545263225,
        -0.0009663656463839211,
        -0.03715634430967986,
        0.025802192601887836,
        0.02682983212633873,
        0.04191735088517722,
        0.04288868637956157,
        -0.0012600216698620116,
        -0.04697834381004843,
        -0.01841195770126834,
        -0.05112188384955821,
        -0.07071477829730662,
        -0.010420918956366576,
        -0.01791236489796302,
        0.0441208113551107,
        0.01879259635415237,
        0.028053908676480742,
        -0.0036257210632731195,
        -0.02429516447336751,
        -0.08416471993630563,
        -0.07489627795434795,
        -0.02135494325599358,
        0.013370635748632283,
        -0.005377454069611723
    ],
    "noise_sensor_1": [
        0.0026936840569703963,
        -0.023544756872088,
        -0.025932223286004606,
        0.019987707367331534,
        0.003718732468064475,
        0.09773124557976871,
        -0.046575192457328156,
        0.017557781465108023,
        0.011102511486168642,
        -0.035265292968509956,
        0.013090343599772028,
        0.016332804123847453,
        -0.09670484163017913,
        -0.03456653888793155,
        0.022220461283135536,
        -0.012890412955742326,
        -0.03665142918918461,
        0.0007424654937620545,
        0.012512675792766688,
        0.00618718413892183,
        0.012316780577701634,
        0.06389780601894095,
        0.044443188003028065,
        0.008917074187000175,
        0.030690951870904717,
        0.045000972502323294,
        0.052499830341016164,
        0.01954058014677162,
        0.031402998440165454,
        0.04413867698177476,
        0.006718900043698111,
        0.01525966461353958,
        -0.0480996075829443,
        0.004012010903482093,
        -0.006565118639795719,
        -0.0051263707380931845,
        0.010900134152281964,
        0.03243011428000037,
        -0.020207350246845987,
        0.017781659936867426,
        0.03620399514872063,
        -0.011576629580042708,
        -0.03607154891313694,
        0.03863605748034436,
        0.055522223855798976,
        0.013335353961979296,
        -0.020584667464213797,
        -0.023540144832597195,
        0.00824087773438544,
        -0.022731361923666923,
        0.014321649486825488,
        -0.0026050025552615103,
        -0.01427971170270845,
        0.02764682473077529,
        0.020691535440759294,
        0.07285294958456347,
        0.011548515013577839,
        0.02736152571841554,
        0.053170596325188973,
        0.041380407739821795
    ],