{
    "ParameterSet": [
        0.0,
        0.0,
        0.0,
        0.0,
        0.0,
        0.0,
        0.0,
        0.0,
        0.0,
        0.0,
        0.0,
        0.0,
        0.0,
        0.0,
        0.0,
        0.0,
        0.0,
        0.0,
        0.0,
        0.0,
        0.5044372080402942,
        0.11179573179088269,
        0.22336131133168322,
        0.5238323908959595,
        0.4897837537401469,
        0.23336879209210276,
        0.156900132397411,
        0.2705401047539295,
        0.5045759819857375,
        0.4904423579823461,
        0.2409376907772342,
        0.1710147855545038,
        0.2840915832472842,
        0.5079500341720962,
        0.4593346845127408,
        0.21835216964225468,
        0.1690032511888188,
        0.3258838945822318,
        0.5074750373643965,
        0.2620683981985637,
        -0.04,
        -0.04,
        -0.04,
        -0.04,
        -0.04,
        -0.04,
        -0.04,
        -0.04,
        -0.04,
        -0.04,
        -0.04,
        -0.04,
        -0.04,
        -0.04,
        -0.04,
        -0.04,
        -0.04,
        -0.04,
        -0.04,
        -0.04
    ],
    "SensorParameterSet": [
        -0.007488501370615295,
        0.032002059381711974,
        -0.15696648588154527,
        -0.08120321288542923,
        -0.053562361308679224,
        -0.18753659354912788,
        0.2652700685215976,
        -0.13244300367854403,
        0.2594377493332557,
        -0.2540556950179397,
        0.051667686418065274,
        -0.12516852033420944,
        -0.8031341169108149,
        -0.0022341079683785925,
        0.7748540093291014,
        0.7451612564109446,
        -0.24691192258453748,
        0.22510585002670808,
        -0.2918953674656599,
        -0.044882961415184115,
        -0.19749578885891705,
        -0.30315709748924585,
        -0.15367098349446176,
        0.9127737521251759,
        0.46985202393663195,
        0.13173401237227925,
        0.13428019491618484,
        -0.3286776834223587,
        0.6438243364786087,
        -0.42270730238811594,
        -0.10972047811554889,
        0.20082373893926947,
        0.5997610113466955,
        -0.1819830612990685,
        0.5962873591597254,
        -0.022427035313860758,
        0.29476076931280226,
        0.35926545915527575,
        -0.3034305523853374,
        0.38196230810877224,
        -0.16797215370616525,
        -0.2179825824692922,
        -0.01393499273746369,
        0.008986950708092937,
        0.011292930537810017,
        -0.2527740239512508,
        0.12393671602204358,
        -0.16226149854651228,
        -0.24206485072639397,
        -0.25442673448614733,
        0.20824519446276304,
        -0.5445205118861492,
        0.006241822904341578,
        1.0712063851694464,
        -0.33165676881412104,
        -0.09574096096706819,
        0.1759516022400226,
        -0.48448497866617124,
        -0.018045305766613565,
        -0.1591081793483114
    ],
    "checked": "indirect",
    "iteration": 90,
    "noise_sensor_0": [
        -0.021096852971887754,
        -0.031079368072033153,
        -0.012716873134974778,
        -0.04722633020214849,
        -0.0341543376578845,
        0.007298457305024285,
        -0.02242391041526743,
        0.008985803237736529,
        -0.040301423787976506,
        -0.007140675025422654,
        0.025965079196767177,
        -0.02521272916085436,
        -0.02233479150690522,
        0.07794668389992329,
        0.05154126637704708,
        -0.011409125991925943,
        0.026145272537595746,
        -0.009538432980424007,
        0.013087168928875037,
        0.07777481915801625,
        0.04241616143670692,
        0.04468346868155907,
        -0.05912639222706031,
        0.005460876754843804,
        0.006633834778816025,
        0.048557550567162495,
        -0.06508251225528766,
        -0.032208876587405094,
        0.01302719488892086,
        -0.055000017065669364,
        0.02687071934698885,
        -0.004535625263149451,
        -0.05693419252704536,
        0.02628261306032036,
        -0.039532371270894574,
        0.044713682250485914,
        -0.04010691197630949,
        -0.030068364491304907,
        -0.030929228018416265,
        -0.00812740317605109,
        0.03697573600912742,
        0.06004122562720956,
        -0.05573752139656633,
        -0.03180005743175809,
        0.04620880572859379,
        0.010326974993510851,
        0.03341944640627998,
        -0.021739388303092196,
        0.01405378121471753,
        0.009980786798284246,
        -0.06383412907868852,
        -0.1132940314851883,
        0.03009159046302134,
        -0.007180214687657683,
        -0.04676962408742293,
        0.07413171595978461,
        -0.013858325604695116,
        -0.06690633374725387,
        -0.029215054528220385,
        -0.03970517239134319
    ],
    "noise_sensor_1": [
        -0.026705502889854002,
        -0.015389436565868988,
        0.02355680807864064,
        -0.013428607450072776,
        0.009598010148898158,
        -0.012483154936885794,
        0.0037421263100387175,
        -0.03895164422791217,
        0.05724348642116584,
        0.03615274245173094,
        -0.041479493775047095,
        -0.035552758986518516,
        0.024949067522724373,
        0.028111496187929654,
        -0.03484552150991742,
        0.08411106381161158,
        0.007005013928738538,
        0.05917788783520793,
        0.055354762709805286,
        0.06830879662455293,
        0.021613800519939757,
        -0.03697994656197074,
        0.0017872842386281252,
        -0.07172484701760244,
        0.004060579658398692,
        0.04619942337845282,
        0.007477977523883742,
        0.010871492514039393,
        -0.020188381721326858,
        0.0005560505456402712,
        -0.02781360063253768,
        0.08749517709555482,
        0.0015461537730085172,
        0.035784934502826084,
        0.034325029845644645,
        -0.009714093420493095,
        0.005521909614148369,
        0.012947205446198633,
        0.023715106693914047,
        0.008463127417473048,
        -0.024537807227272806,
        0.020610185780042953,
        0.01626341443347168,
        -0.025290735142022364,
        0.039412273954254465,
        0.010138846504197259,
        -0.08610539404353584,
        0.052766772661639906,
        -0.014060778592123714,
        0.016429725095472063,
        0.01591079545276239,
        0.021712978970599563,
        0.016033348891715146,
        0.01329494782175313,
        -0.04603231033886794,
        -0.023838510369077588,
        0.01848504207112891,
        -0.05230280824867725,
        -0.012225831127342345,
        0.03264332138947171
    ],