{
    "ParameterSet": [
        0.0,
        0.0,
        0.0,
        0.0,
        0.0,
        0.0,
        0.0,
        0.0,
        0.0,
        0.0,
        0.0,
        0.0,
        0.0,
        0.0,
        0.0,
        0.0,
        0.0,
        0.0,
        0.0,
        0.0,
        0.5044372080402942,
        0.11179573179088269,
        0.22336131133168322,
        0.5238323908959595,
        0.4897837537401469,
        0.23336879209210276,
        0.156900132397411,
        0.2705401047539295,
        0.5045759819857375,
        0.4904423579823461,
        0.2409376907772342,
        0.1710147855545038,
        0.2840915832472842,
        0.5079500341720962,
        0.4593346845127408,
        0.21835216964225468,
        0.1690032511888188,
        0.3258838945822318,
        0.5074750373643965,
        0.2620683981985637,
        -0.04,
        -0.04,
        -0.04,
        -0.04,
        -0.04,
        -0.04,
        -0.04,
        -0.04,
        -0.04,
        -0.04,
        -0.04,
        -0.04,
        -0.04,
        -0.04,
        -0.04,
        -0.04,
        -0.04,
        -0.04,
        -0.04,
        -0.04
    ],
    "SensorParameterSet": [
        -0.0019282351738114326,
        0.11946588740638794,
        -0.11413152924326095,
        -0.13889924480310362,
        -0.07547901297090098,
        -0.24993456850939086,
        0.24368082388850448,
        -0.10258792268969248,
        0.24080610746865802,
        -0.24994540360241313,
        -0.04242768392195116,
        0.00475291564475401,
        -0.8712016310668198,
        -0.02063193038072861,
        0.7635609979301654,
        0.763076728879241,
        -0.19949580122500973,
        0.1808161156426813,
        -0.30444764718301826,
        -0.04322027595491459,
        -0.17302236960310446,
        -0.30636406611047806,
        -0.12709859480255747,
        0.9087394900966951,
        0.5597667613748565,
        0.09414403234954155,
        0.08415399948191339,
        -0.33379199629701817,
        0.673989921611912,
        -0.4207944145650288,
        -0.12779833882922698,
        0.2454870713348076,
        0.6381610001893864,
        -0.11376822731098751,
        0.6674947509843061,
        -0.041932979105170375,
        0.33108915498206354,
        0.3097527771917067,
        -0.31573402822204766,
        0.46856332483553426,
        -0.13094777714887815,
        -0.24157887803141997,
        -0.029695720082467354,
        -0.005273380696086417,
        0.028433705727323896,
        -0.2316849972013209,
        0.22119582370086868,
        -0.1764126737057325,
        -0.1849836173290164,
        -0.14390090947022924,
        0.15946311665028362,
        -0.5093273201947529,
        -0.08638329486417376,
        1.0846983859890327,
        -0.3855431265715911,
        -0.036708572643600855,
        0.16543969051101778,
        -0.49475662338679854,
        -0.06714009857644894,
        -0.20501342866071698
    ],
    "checked": "indirect",
    "iteration": 93,
    "noise_sensor_0": [
        -0.014756195616517755,
        0.07603329436837143,
        -0.06450050161035939,
        -0.06696555231763186,
        -0.025452894029978423,
        0.018889074200571652,
        -0.014025417660450516,
        -0.010970742543157969,
        -0.032347597089783735,
        -0.04202634202026822,
        0.02698924573593096,
        -0.049868473662545924,
        0.005249062634779534,
        -0.0016873883591176767,
        0.05563304205973658,
        0.04104388937324305,
        -0.02247430316995923,
        0.024507116675756373,
        0.022180036136180248,
        0.02524601431221483,
        -0.08159119026721763,
        -0.008064259681117769,
        -0.011223107606405117,
        -0.014725927651352387,
        -0.07016788545404862,
        -0.021914089911713786,
        -0.02959926469326218,
        0.014917039762873343,
        0.02736530297834493,
        -0.008004415802302484,
        0.01495534321144889,
        -0.00013821967250283993,
        0.07826931343597417,
        0.0001335745723283376,
        0.00947476810867423,
        0.004935170290251539,
        0.009858470434034993,
        0.001456082754289843,
        -0.007108199321719509,
        -0.01438043545830142,
        -0.00853715240351974,
        -0.015565181208977477,
        -0.02712168186388198,
        0.01123291998879746,
        0.03162086042574412,
        -0.03869195488586369,
        0.06415008069030384,
        -0.01794729503809279,
        -0.03550609640606765,
        0.03937539566692241,
        -0.047704896417056136,
        0.03816096987719169,
        0.026224781738585824,
        0.014916286286161252,
        0.03799620201827071,
        0.01844992799924865,
        -0.013103471872151759,
        0.0073375443679316345,
        -0.01181760038102547,
        0.06150428057823427
    ],
    "noise_sensor_1": [
        0.0017341812336566773,
        0.004450601284478851,
        0.041406233207296556,
        -0.023222718158814572,
        0.007620766901056432,
        -0.02407429842258531,
        -0.06677504655301905,
        -0.008003327562308087,
        0.063863254254026,
        0.031407042596327234,
        -0.019515774116825854,
        0.022578189106621578,
        -0.031896401797872086,
        0.018082002708367524,
        0.013544813186199583,
        0.027444041208166587,
        0.08617676021390927,
        -0.03819841248100106,
        0.07515752738745506,
        -0.030109535972997505,
        -0.002378221323468364,
        -0.022172674744361562,
        0.02731725514527548,
        -0.055682589739910936,
        -0.012413634386549395,
        0.0007410133826527764,
        -0.04216127201261462,
        -0.02587647312788606,
        0.02497703807340704,
        0.05138450419767459,
        0.0034934156088445444,
        0.027518892595332124,
        -0.01574084255086343,
        0.005133070297848302,
        -0.050043061991606894,
        0.006424852239384677,
        -0.04250373253605504,
        -0.008291332186124961,
        0.03575066915011665,
        -0.05891362747622403,
        -0.049452288732109745,
        0.011300858232981338,
        0.004927234602400964,
        -0.008853382753441268,
        -0.0014296885776041675,
        0.04665097217204843,
        -0.06666504032235639,
        0.02043553593443895,
        0.14235543656886734,
        -0.03252163389270203,
        0.03380085007977485,
        -0.008947903863333858,
        -0.043152981772464113,
        0.060653077892915755,
        -0.004014631194089497,
        -0.03950754066947749,
        -0.03033607184968847,
        0.06250895218626826,
        0.048266746213485576,
        0.018883275373533612
    ],