{
    "ParameterSet": [
        0.0,
        0.0,
        0.0,
        0.0,
        0.0,
        0.0,
        0.0,
        0.0,
        0.0,
        0.0,
        0.0,
        0.0,
        0.0,
        0.0,
        0.0,
        0.0,
        0.0,
        0.0,
        0.0,
        0.0,
        0.5044372080402942,
        0.11179573179088269,
        0.22336131133168322,
        0.5238323908959595,
        0.4897837537401469,
        0.23336879209210276,
        0.156900132397411,
        0.2705401047539295,
        0.5045759819857375,
        0.4904423579823461,
        0.2409376907772342,
        0.1710147855545038,
        0.2840915832472842,
        0.5079500341720962,
        0.4593346845127408,
        0.21835216964225468,
        0.1690032511888188,
        0.3258838945822318,
        0.5074750373643965,
        0.2620683981985637,
        -0.04,
        -0.04,
        -0.04,
        -0.04,
        -0.04,
        -0.04,
        -0.04,
        -0.04,
        -0.04,
        -0.04,
        -0.04,
        -0.04,
        -0.04,
        -0.04,
        -0.04,
        -0.04,
        -0.04,
        -0.04,
        -0.04,
        -0.04
    ],
    "SensorParameterSet": [
        0.2234691626252121,
        0.19891299684591993,
        0.1746985130720841,
        0.0486492515060316,
        -0.47703748674919894,
        0.3866328619416908,
        -0.19030008062295384,
        0.3666802820385048,
        -0.09858044031949191,
        -0.35060874351440974,
        0.9842446935932729,
        0.24779403212024942,
        -1.1042392544252395,
        1.5467226522584616,
        1.1092818353448077,
        0.1783630572641981,
        -0.49956932422665434,
        0.7234726541415792,
        -0.2716725488855026,
        0.11100605356084979,
        -0.8512060954432965,
        0.08952477634645804,
        0.02933244168147192,
        0.5661302662989869,
        -0.33364699076431154,
        1.8050810656616258,
        -0.34766408287619743,
        -0.7014666244815579,
        -0.78611139304726,
        -1.5721217578959716,
        -0.42819155858745556,
        -1.1847004820076836,
        0.7067674310525104,
        -1.0481049464776,
        -0.9147058770699493,
        -1.0978693713597643,
        -1.6963439564056806,
        -0.34521040428356486,
        -1.2789791824894972,
        -0.03816715762075898,
        -0.9805390474592495,
        0.0969690048028343,
        -0.4922028876111718,
        -1.044241845785122,
        0.952236785718398,
        0.3393457439738154,
        0.7908911186756122,
        -0.41106712986686406,
        0.6944342940549069,
        -0.17393636530667267,
        0.9786083840543839,
        -0.26523130579049875,
        0.3043677491350398,
        0.30844553836008765,
        -0.290988365361983,
        -1.1034045757254178,
        -0.6489412012075715,
        -1.215468778875506,
        -0.21659719035500974,
        0.3257974397022604
    ],
    "checked": "indirect",
    "iteration": 57,
    "noise_sensor_0": [
        -0.09090892440258468,
        0.2495986688454749,
        0.011130679880114746,
        0.07145305145382959,
        -0.3062051154376268,
        0.05107454177095178,
        0.004852476709404697,
        0.08483851654756376,
        -0.1059295121102879,
        0.07293662821252891,
        0.015957509100233996,
        0.15479646008880696,
        -0.00496002208235851,
        0.06320102748392036,
        -0.013306888655086765,
        -0.030980927121265826,
        -0.20021907703387093,
        0.10016986051295058,
        0.10938426934470982,
        0.06506483837361018,
        -0.045085512344269545,
        -0.021450969596357866,
        0.12942428124470054,
        0.14572604113222845,
        -0.004686926156325646,
        0.02341938247000505,
        0.021724710852589372,
        -0.07513142771241918,
        0.13201345191285918,
        0.17458973606630016,
        0.14821540052667934,
        -0.06617030326848926,
        0.06593598178449213,
        -0.17090483849940755,
        -0.035958876502608664,
        0.13330053648966747,
        -0.07945131110870411,
        0.0013830862717441994,
        -0.019959530683021507,
        0.07885447526210171,
        -0.04874879357103775,
        0.08236648148529745,
        -0.06543404836752349,
        0.17724430725527454,
        0.12403097369930366,
        0.16130423293232676,
        0.22337672911974393,
        0.0671372210162941,
        -0.20692134015619992,
        -0.022960547056735118,
        0.05644289266303193,
        0.12286951004673606,
        0.028646529582654595,
        -0.051122846586859214,
        0.14715846154948858,
        0.13234198321735613,
        -0.012683786867675163,
        0.03416590213922506,
        0.1644645593409725,
        -0.03885119951103987
    ],
    "noise_sensor_1": [
        0.011075670429345487,
        -0.14645597847263414,
        0.10770134964738103,
        -0.038685599295966516,
        -0.13458205758488384,
        0.05098776333072708,
        -0.14572009135857356,
        0.046382991524581293,
        0.16588659568058423,
        0.08782107090352863,
        -0.13294877313046452,
        0.07641721327391067,
        0.002069524100722529,
        0.10526547233221871,
        0.016999546769126357,
        -0.042287155939726484,
        0.07117548892775086,
        -0.04906775753834665,
        0.05826758338748051,
        0.00044660298938667273,
        0.008870712091613024,
        0.2443000220325429,
        0.2173594647521824,
        0.12198115495086342,
        0.010496893196674831,
        -0.06666338023009012,
        -0.00014679074522320663,
        0.0341148358216183,
        0.04990236469315601,
        0.0043530960070392866,
        0.14234602181100303,
        -0.06460382814045354,
        -0.20609434477136698,
        -0.018896712072437066,
        0.03138143978801642,
        -0.07882163125307777,
        -0.14553580919784387,
        0.005150147967449581,
        -0.11351590623105534,
        0.11835302936015554,
        -0.03083165687971358,
        0.048283833008857226,
        0.02326364525626761,
        0.06020855707632443,
        -0.10456277235806377,
        0.12881797732083944,
        0.03458467465476922,
        -0.01581516601941116,
        0.28915988738449505,
        0.014052322874578478,
        -0.037579476627502835,
        0.08961492881938869,
        -0.09162032568256018,
        -0.08187322935901212,
        -0.13816276834039382,
        0.08457854698896976,
        -0.0929263908201993,
        0.1592364787418263,
        -0.12731162623066522,
        0.07755367600708515
    ],