{
    "ParameterSet": [
        0.0,
        0.0,
        0.0,
        0.0,
        0.0,
        0.0,
        0.0,
        0.0,
        0.0,
        0.0,
        0.0,
        0.0,
        0.0,
        0.0,
        0.0,
        0.0,
        0.0,
        0.0,
        0.0,
        0.0,
        0.5044372080402942,
        0.11179573179088269,
        0.22336131133168322,
        0.5238323908959595,
        0.4897837537401469,
        0.23336879209210276,
        0.156900132397411,
        0.2705401047539295,
        0.5045759819857375,
        0.4904423579823461,
        0.2409376907772342,
        0.1710147855545038,
        0.2840915832472842,
        0.5079500341720962,
        0.4593346845127408,
        0.21835216964225468,
        0.1690032511888188,
        0.3258838945822318,
        0.5074750373643965,
        0.2620683981985637,
        -0.04,
        -0.04,
        -0.04,
        -0.04,
        -0.04,
        -0.04,
        -0.04,
        -0.04,
        -0.04,
        -0.04,
        -0.04,
        -0.04,
        -0.04,
        -0.04,
        -0.04,
        -0.04,
        -0.04,
        -0.04,
        -0.04,
        -0.04
    ],
    "SensorParameterSet": [
        -0.4245873535115431,
        0.1473592370205918,
        1.0030512537951146,
        0.24960216962940956,
        -0.893530025442668,
        0.6408064737249106,
        0.3831458062800027,
        -0.8472479425051371,
        -0.06955697909844066,
        0.6590956360941345,
        0.6240428520063152,
        -0.4631876054746044,
        -1.3015759995001537,
        1.0432629115030119,
        1.183675953436719,
        -0.012300836348851691,
        -0.12241291338862716,
        0.734156846151367,
        -0.26772754761003675,
        -0.3122170706018433,
        -0.8226238882426006,
        0.5992137275717404,
        -0.2150130512334861,
        0.9251870170768007,
        -0.29179547935953876,
        1.2420709788175237,
        -1.1825909152633443,
        -0.15576839347225965,
        -0.3404545506882715,
        -1.239288117113222,
        -0.03277119482939426,
        -1.2931745292388335,
        0.30125492676858906,
        -0.6487069259775576,
        -2.1140510984960312,
        -1.494073815047264,
        -1.9577098910650046,
        -0.598448407317598,
        -1.1180186292844094,
        -0.43588569037945396,
        -1.0786327441491959,
        -0.1985976681847159,
        -0.7106610082981087,
        -1.060490334900904,
        0.6337827529411698,
        0.4361348894941429,
        0.6975595348024501,
        -0.7733279234196822,
        0.08383769340087259,
        -0.8711379636425649,
        0.37783290032048866,
        0.0402414612336605,
        -0.0714921090300416,
        0.06456246952362095,
        -0.3223106771046209,
        -1.1500106836951556,
        -0.9382255420080673,
        -0.8114820375680324,
        -0.6224797546749705,
        0.6922456268673685
    ],
    "checked": "indirect",
    "iteration": 89,
    "noise_sensor_0": [
        0.009689511100479414,
        0.023632504695441512,
        -0.042928319878330894,
        -0.006014374908128227,
        -0.1536439195016244,
        -0.0003616554291633603,
        0.11850829813463827,
        -0.09599360007566968,
        0.16887391609702293,
        -0.09392955158511,
        -0.018878017228369928,
        -0.04884561423312731,
        -0.02220110911359439,
        0.11267707883711826,
        0.05486024374889598,
        -0.0714443603710848,
        -0.05975058212110826,
        0.0866484546416692,
        -0.0028722223355446656,
        -0.04791774490054072,
        -0.061438978569625664,
        -0.05733960023003359,
        -0.02411240306715425,
        0.01140359858775055,
        -0.10425027219617745,
        0.14391136266971583,
        -0.07048985523031744,
        0.010150782439236975,
        0.02089557750215422,
        -0.03801864062497289,
        -0.14103247980856085,
        0.13335758013189108,
        0.10605245084292815,
        -0.00886554652889528,
        -0.0662464214037213,
        0.0099526698558386,
        -0.09616335758746523,
        -0.08406895421833248,
        0.07252664907657512,
        0.0002963119033326648,
        0.035632352282349886,
        0.011319255337809189,
        0.04248427058024478,
        0.1298458179908466,
        -0.00951456940986112,
        0.00091426713466421,
        -0.13271417287529425,
        0.17072185665311443,
        0.010558409863338267,
        0.016945048107110137,
        0.19168886885442238,
        -0.028265473595821777,
        0.06147554029396688,
        -0.09765881112164931,
        -0.0762784676576156,
        -0.01101778745073316,
        -0.08430049701009139,
        0.07278829213686638,
        0.07794237973688128,
        0.0075164537930378535
    ],
    "noise_sensor_1": [
        -0.13100352891525432,
        0.08201705275392224,
        -0.017700702976569022,
        -0.05788887619499671,
        0.11877245041668773,
        0.0666372829090388,
        -0.03701347936301836,
        0.05652371191651648,
        0.04430733136119023,
        0.11637321076421032,
        0.025034258660376243,
        0.07430386761849561,
        0.336848326222424,
        -0.07193903421340805,
        -0.1354805503060206,
        0.13066834884172854,
        -0.03819269055110072,
        -0.05257665921471616,
        0.018741411526314967,
        -0.06464965202233937,
        0.0012915687089254727,
        -0.10609754195936895,
        -0.08235133726938049,
        0.0061832257730899875,
        -0.00039361950074361877,
        0.020564917000093955,
        0.16552158886654625,
        -0.1224502155391464,
        0.1224701403662039,
        -0.027303523652550808,
        -0.10526396500813442,
        -0.10005217869338338,
        -0.09905243913088604,
        0.03604323175599328,
        0.050700224045667194,
        0.12802695829595703,
        -0.11106217758857823,
        -0.12803115826554576,
        0.0865939455695544,
        0.1065092388691732,
        -0.13364098537907448,
        -0.0009283011031985643,
        0.08561842347652322,
        -0.07346186316004419,
        -0.025498283915759232,
        0.06549045365613995,
        0.017546212657498426,
        0.0677750089373578,
        -0.008583836952934989,
        0.03349098599889652,
        0.10134991527786352,
        0.1518319970064625,
        -0.018247591404093527,
        -0.08904602473126975,
        -0.12128888969839854,
        0.03431086216967965,
        -0.04607377962025541,
        -0.06677560143967524,
        0.04403993298137791,
        0.1894710817183758
    ],