{
    "ParameterSet": [
        0.0,
        0.0,
        0.0,
        0.0,
        0.0,
        0.0,
        0.0,
        0.0,
        0.0,
        0.0,
        0.0,
        0.0,
        0.0,
        0.0,
        0.0,
        0.0,
        0.0,
        0.0,
        0.0,
        0.0,
        0.5044372080402942,
        0.11179573179088269,
        0.22336131133168322,
        0.5238323908959595,
        0.4897837537401469,
        0.23336879209210276,
        0.156900132397411,
        0.2705401047539295,
        0.5045759819857375,
        0.4904423579823461,
        0.2409376907772342,
        0.1710147855545038,
        0.2840915832472842,
        0.5079500341720962,
        0.4593346845127408,
        0.21835216964225468,
        0.1690032511888188,
        0.3258838945822318,
        0.5074750373643965,
        0.2620683981985637,
        -0.04,
        -0.04,
        -0.04,
        -0.04,
        -0.04,
        -0.04,
        -0.04,
        -0.04,
        -0.04,
        -0.04,
        -0.04,
        -0.04,
        -0.04,
        -0.04,
        -0.04,
        -0.04,
        -0.04,
        -0.04,
        -0.04,
        -0.04
    ],
    "SensorParameterSet": [
        0.0892543855931559,
        0.1436863661707257,
        0.2753829508233884,
        -0.696428960773724,
        0.4448688306197306,
        0.24794962907244464,
        -0.19786879542756686,
        -0.07036452648267397,
        -0.16221939966105317,
        0.07829522528952447,
        0.04870469255792853,
        -0.016456314732673047,
        -0.11321778835215564,
        0.21794060812948243,
        -0.027571034958992185,
        0.052966167994690116,
        0.16282276080339098,
        0.3431920978879987,
        0.06249510759387013,
        0.21688691230346005,
        0.1960455667006032,
        0.13693605451246668,
        0.041022784088795804,
        0.03662241348315965,
        0.0415809610924006,
        0.2526684564705199,
        -0.1414572307230777,
        0.02366503575090319,
        -0.2652481230361459,
        -0.37465794332732505,
        0.15658496045807263,
        -0.1645441026614892,
        0.42096053919959775,
        0.09128543956326785,
        -0.5406668665611792,
        -0.25460560124420933,
        -0.5648860150255806,
        -0.12241533206754202,
        -0.14494935216151178,
        -0.2128180567269698,
        -0.6550091720946345,
        0.4777445641237743,
        0.20630648181372518,
        0.24620482982147607,
        0.03764186845805575,
        -0.06396985503632202,
        0.07364825527877139,
        -0.27542629718350425,
        -0.06113668806974908,
        -0.15198178517183766,
        0.21442889003345028,
        0.13099201256789345,
        0.6712267522182558,
        0.4199149815484727,
        0.08011104457868169,
        -0.14312124887006286,
        0.1411103993741105,
        -0.01830594054351563,
        0.09015901526295311,
        0.2967530961223678
    ],
    "checked": "indirect",
    "iteration": 6,
    "noise_sensor_0": [
        -0.19081592494948868,
        -0.1472476673494027,
        -0.14506066073747834,
        0.01846286706585443,
        -0.32612734331740467,
        -0.17958185117642128,
        -0.15663927109101689,
        -0.05266113071710841,
        -0.11008288761876177,
        -0.043642058738652435,
        0.008599883392397341,
        -0.08069095101385086,
        -0.035342889589656916,
        0.03147568072506695,
        0.1462308865724325,
        0.13956352948171255,
        0.06180317194594527,
        -0.1878106650518559,
        0.08286470140505922,
        -0.01702013402547922,
        -0.18415290679888088,
        -0.05500408701049655,
        0.36197603773470133,
        -0.009608685666612318,
        0.23805746707200146,
        0.36198502737384325,
        0.23138907756478555,
        0.018563391864656612,
        0.00853604556995577,
        -0.13933242129523613,
        -0.13650795055344322,
        0.19076617149868963,
        -0.05720560134736681,
        -0.0541557053763675,
        -0.08358288732541114,
        0.08985151964911946,
        -0.07054251421405085,
        0.08289289894018899,
        0.019461690632749946,
        0.002568489612128981,
        0.0702537084490198,
        0.23402662250896958,
        0.07908904685234265,
        0.07449696094183135,
        0.19084815565428243,
        0.008681866590611938,
        -0.07896912631910488,
        -0.0085584170825994,
        -0.027602551938705103,
        -0.045910172350155744,
        0.3511545779171849,
        -0.09514747574192874,
        -0.013041918785420966,
        -0.11656711115347536,
        -0.14110110697722425,
        0.06075744304160589,
        0.05309740866904222,
        -0.03263042671461811,
        0.11497797930563958,
        0.11150942878544431
    ],
    "noise_sensor_1": [
        0.023681536982791677,
        -0.05151909125948096,
        -0.32863025680873553,
        -0.10593373371754446,
        0.0765739846162765,
        0.07363483999011729,
        0.1468034502242196,
        0.32489931450299575,
        0.06998484534977574,
        0.1716048215393054,
        -0.06740773889385401,
        -0.30288519218159765,
        -0.03366978299336413,
        -0.021695436511132746,
        0.0010339278512361372,
        -0.06833767834025821,
        0.13128486334270473,
        0.03326994868748051,
        0.28642564290098227,
        -0.039986695594643636,
        -0.1426769673860182,
        -0.22834498863254007,
        0.07741143888376985,
        0.10413679391942517,
        0.09941483720707482,
        -0.12928435808000974,
        -0.033645930533019515,
        -0.03709245916580054,
        0.15195176617363626,
        -0.19952137003531156,
        0.0972150952812814,
        -0.1461637368801249,
        -0.009636506637377713,
        0.04889704893001521,
        -0.043520564100806625,
        -0.16048859098648985,
        -0.06687831366892788,
        0.2339416924582364,
        -0.1230020458743121,
        -0.11691217972417084,
        -0.05646703588605517,
        0.13041905034595036,
        -0.1364622271612312,
        -0.18795955972903092,
        -0.034738249074086125,
        0.07543652294252025,
        0.21206512827403937,
        0.0075160565982871535,
        0.07395515246559296,
        -0.1696248631031421,
        -0.13850103868598931,
        0.21373628541149942,
        -0.055231427154599944,
        -0.006855766907948799,
        0.1650139420541254,
        -0.08135782009957182,
        0.02840490805167375,
        -0.09665804916465369,
        0.2950393410229072,
        0.044935682713483915
    ],