{
    "ParameterSet": [
        0.0,
        0.0,
        0.0,
        0.0,
        0.0,
        0.0,
        0.0,
        0.0,
        0.0,
        0.0,
        0.0,
        0.0,
        0.0,
        0.0,
        0.0,
        0.0,
        0.0,
        0.0,
        0.0,
        0.0,
        0.5044372080402942,
        0.11179573179088269,
        0.22336131133168322,
        0.5238323908959595,
        0.4897837537401469,
        0.23336879209210276,
        0.156900132397411,
        0.2705401047539295,
        0.5045759819857375,
        0.4904423579823461,
        0.2409376907772342,
        0.1710147855545038,
        0.2840915832472842,
        0.5079500341720962,
        0.4593346845127408,
        0.21835216964225468,
        0.1690032511888188,
        0.3258838945822318,
        0.5074750373643965,
        0.2620683981985637,
        -0.04,
        -0.04,
        -0.04,
        -0.04,
        -0.04,
        -0.04,
        -0.04,
        -0.04,
        -0.04,
        -0.04,
        -0.04,
        -0.04,
        -0.04,
        -0.04,
        -0.04,
        -0.04,
        -0.04,
        -0.04,
        -0.04,
        -0.04
    ],
    "SensorParameterSet": [
        0.49291378448738815,
        0.15374547145646442,
        0.4052815562502719,
        -0.5137422604136214,
        0.6375451609151228,
        0.3379923007773627,
        0.05961773012206247,
        0.5679318748332353,
        -0.6043623314530423,
        -0.3497455607369648,
        0.5413848560720498,
        -0.07246626702107771,
        -0.5768071201197458,
        0.7148984987489635,
        0.6930943199721589,
        0.31986643703709194,
        -0.36753603319008965,
        0.6886001600323424,
        0.12194776923334005,
        0.05601818777350842,
        0.06793678750160029,
        -0.27801573939696406,
        0.12961145769931634,
        0.50069680143225,
        0.09691503986677906,
        1.023676527524004,
        0.09926057480516969,
        0.3319421499554381,
        -0.42963470927109454,
        -1.3127549676442725,
        0.22659850051207445,
        -0.8968288375615798,
        0.4391379452618266,
        -1.156025769180891,
        -0.8336760197404397,
        -0.9571307150389188,
        -1.3274557798966322,
        -0.28911570971512285,
        -0.051536529097390996,
        -0.09690790889749404,
        -1.0210799133196844,
        0.4890353321099851,
        -0.20701040733255321,
        0.29664364670240023,
        0.7577902894791018,
        0.011032148649147042,
        0.970931898098486,
        -0.7094044653716758,
        0.27540709666688595,
        -0.6282759321127728,
        0.6140618174758808,
        -0.14239550066717266,
        0.7168368196127759,
        0.317623918442626,
        -0.03842152464411781,
        -0.374914388930175,
        -0.2651753677665996,
        -0.2197862878204579,
        0.36398486629727583,
        0.5053695596591218
    ],
    "checked": "indirect",
    "iteration": 23,
    "noise_sensor_0": [
        0.2299781841756349,
        0.1569971480344622,
        -0.12625528967576924,
        0.03599295944656181,
        0.05007018974210184,
        0.19879784683086044,
        0.0028175877133133956,
        0.05722572206096365,
        -0.1558455050564665,
        -0.03960725148800572,
        -0.032499422116774215,
        -0.10060242426997296,
        0.19193164123306775,
        -0.19450724950305753,
        0.12159925167472055,
        -0.11817131636317195,
        0.13675233302930567,
        -0.19834992851067368,
        -0.04474976062368578,
        -0.013057977393349728,
        -0.15603981004038975,
        0.06958020723641474,
        -0.12406361956299178,
        0.12361559145449877,
        0.026751577693505467,
        0.14601404779736285,
        0.21347310624512672,
        -0.09228378722739208,
        0.20621432336055456,
        0.21314912167973887,
        0.23586398399320802,
        0.0657391998256493,
        0.1468033526213527,
        0.07666567565116623,
        0.023369435775453317,
        -0.15256487501231789,
        -0.14581655278110248,
        -0.06063538599118994,
        -0.24404984772533408,
        -0.2102351567022258,
        -0.15561065038275793,
        0.016357438031789417,
        -0.033760238315513426,
        0.12279473050845569,
        0.04687200801214712,
        -0.055512476929539346,
        0.008407082640693035,
        0.06547789305413976,
        0.09515677782300938,
        -0.41726168348975534,
        0.057564967423563734,
        0.32922545402048625,
        -0.2406374252545975,
        0.033194849829664065,
        -0.276965761822776,
        0.031098553136420664,
        0.08393781054698733,
        0.04494292517446003,
        0.18233369847423278,
        -0.08346999357215479
    ],
    "noise_sensor_1": [
        0.14181142189880352,
        0.11916487367416032,
        0.08383324629070243,
        0.21817386530814356,
        -0.035507455672934944,
        0.05688747241769335,
        0.04845399924459911,
        0.2333685894128431,
        -0.27196370490407856,
        -0.17185688812916333,
        -0.11178319735462494,
        0.08116484132860737,
        0.21519919028189027,
        -0.010384175035025789,
        -0.014625564988849659,
        -0.2880638075842523,
        -0.17435426846943872,
        -0.027352141015214687,
        0.1765953164722571,
        -0.04342990111368918,
        0.017503907281764812,
        0.19307203518270782,
        -0.08272742055691736,
        -0.022642057801239655,
        0.21703237246824653,
        -0.1431783298586502,
        -0.26638704354214043,
        0.42245594399653097,
        -0.19492361265419347,
        0.05639109099359692,
        -0.04828699516699707,
        -0.12188361835551674,
        -0.04442505518885979,
        0.04047119411986406,
        0.046519946940328225,
        0.0574500974934556,
        0.0056270766283660414,
        -0.049990167691537864,
        0.1488596114064877,
        -0.014945088019109551,
        0.24789144009187242,
        0.08548986548266745,
        -0.1257229308419647,
        0.1279859139433218,
        0.04492339276638912,
        -0.12386789424214938,
        -0.10337339104718268,
        -0.0021594374714944634,
        -0.13414991839767204,
        -0.0340414365124164,
        0.07074055174255595,
        0.0207489097343681,
        0.27417829827297885,
        0.01115041342636891,
        0.07386324306658923,
        -0.04750602665898285,
        0.1328568682572685,
        0.12828728879644266,
        -0.12324985488173076,
        0.14069952661186536
    ],