{
    "ParameterSet": [
        0.0,
        0.0,
        0.0,
        0.0,
        0.0,
        0.0,
        0.0,
        0.0,
        0.0,
        0.0,
        0.0,
        0.0,
        0.0,
        0.0,
        0.0,
        0.0,
        0.0,
        0.0,
        0.0,
        0.0,
        0.5044372080402942,
        0.11179573179088269,
        0.22336131133168322,
        0.5238323908959595,
        0.4897837537401469,
        0.23336879209210276,
        0.156900132397411,
        0.2705401047539295,
        0.5045759819857375,
        0.4904423579823461,
        0.2409376907772342,
        0.1710147855545038,
        0.2840915832472842,
        0.5079500341720962,
        0.4593346845127408,
        0.21835216964225468,
        0.1690032511888188,
        0.3258838945822318,
        0.5074750373643965,
        0.2620683981985637,
        -0.04,
        -0.04,
        -0.04,
        -0.04,
        -0.04,
        -0.04,
        -0.04,
        -0.04,
        -0.04,
        -0.04,
        -0.04,
        -0.04,
        -0.04,
        -0.04,
        -0.04,
        -0.04,
        -0.04,
        -0.04,
        -0.04,
        -0.04
    ],
    "SensorParameterSet": [
        -0.3294738227963502,
        -0.05383186451065492,
        0.21982628446842012,
        -0.1802924695480875,
        0.006233905453108569,
        -0.4018575757564977,
        0.137449199943815,
        -0.4097997080569527,
        -0.22305952148306105,
        0.2517527119589609,
        0.28854499540001305,
        -0.05168913550966019,
        -0.033796637411475,
        0.7753746047682231,
        0.44503504649931097,
        0.8694010654311429,
        -0.13725626385173686,
        0.04160200555439224,
        -0.08312971505628984,
        0.03135293459155139,
        0.34710831264623043,
        -0.22130048901338922,
        0.08264077628549163,
        0.4828602244983568,
        0.02920498899480308,
        0.23884863497785458,
        -0.14834449053606563,
        0.16038751510629398,
        -0.258893196164486,
        -0.05036781234750527,
        0.0749167718765117,
        -0.1444798547393154,
        -0.03186045594243021,
        0.3131393493711888,
        0.08940631711829468,
        -0.12503888775554997,
        -0.2144552740318138,
        0.4219860951369136,
        -0.23130775473380746,
        -0.038354627876570686,
        0.6423195420831243,
        -0.023871537703397942,
        -0.15986849908971218,
        -0.4137562848206013,
        0.044630340710093336,
        -0.05518798935234364,
        -0.26837459061602137,
        0.5957691479181507,
        0.06773404423568313,
        -0.060307563343698925,
        0.2072209076726786,
        -0.16457373366359532,
        0.29253595086015344,
        0.30664632113359847,
        -0.39000505088449733,
        0.21001529237701536,
        0.1309278727157605,
        0.3974598227813543,
        -0.17375572527027175,
        0.02544807540936064
    ],
    "checked": "indirect",
    "iteration": 51,
    "noise_sensor_0": [
        -0.03774555741133603,
        -0.007698771350787633,
        0.08443159989070219,
        -0.05221947204481928,
        0.07070128841445615,
        0.0316606991079005,
        0.010666740487301552,
        0.05314463205000537,
        -0.08563986475468854,
        0.0688449760441852,
        -0.005790517237833372,
        -0.053391107616837616,
        0.004795562471310971,
        -0.06123974908611959,
        0.12514668676378024,
        -0.0031756744938593626,
        -0.0678833824892587,
        -0.018188065298485247,
        -0.02097848185169625,
        0.05251081281925248,
        0.019762110905189683,
        0.0439306774147989,
        -0.01931994571710662,
        0.0744738921913791,
        0.0001866694017952545,
        -0.01442293288633102,
        -0.028140166063692854,
        -0.015195330465170466,
        0.057556577598908164,
        0.012568366183520262,
        -0.0013245390008875693,
        0.05833872002564765,
        -0.033380399378397534,
        -0.013319565785112491,
        -0.0158301492311297,
        0.009409674304237971,
        0.021354893566335038,
        -0.020768132242809597,
        0.0035431818547040023,
        -0.059432282526214505,
        -0.05188714779883461,
        0.017763729702495568,
        -0.013028507682705585,
        -0.023264862938863283,
        -0.03933576665301698,
        0.0042953950498318275,
        -0.00372739790871449,
        0.001982441349451364,
        -0.07499899760920443,
        -0.040927897230506334,
        -0.007384732192511078,
        -0.0005381068090453753,
        -0.002567921670802401,
        -0.017929696628574493,
        -0.022470195270568562,
        -0.010659399530002733,
        0.03340970640129396,
        -0.000554880681939864,
        -0.07271300333018488,
        0.011135903319594385
    ],
    "noise_sensor_1": [
        -0.026704625153835267,
        0.036534577563677194,
        0.01757811688695349,
        0.02951905902935818,
        0.08329238397501984,
        -0.0366163211914652,
        -0.004397603313608265,
        -0.046493794928843556,
        -0.037557831259854416,
        -0.012373931193375036,
        0.07708843579413782,
        -0.014798794989535752,
        0.023723452775682812,
        0.005697659810269188,
        -0.042571724098158,
        0.08361007367318445,
        0.016588242345348066,
        -0.03435686866326281,
        -0.043544679496613684,
        0.016483664548163534,
        -0.029326289135756762,
        -0.0067712691493340355,
        0.020731622373901873,
        -0.012646262144898857,
        -0.010704248206786811,
        0.06868852147655062,
        0.05710570462382171,
        -0.044177931358194734,
        -0.12402308367161628,
        0.08518216399967656,
        -0.0059190857909091135,
        -0.12543147348567052,
        -0.04458318154617229,
        -0.01682715592869741,
        0.0656361821716288,
        0.09688322031042088,
        0.0045308854566105455,
        -0.05036885501262135,
        -0.04806745193193693,
        -0.007161520300626268,
        0.09416697467263106,
        -0.0043608455347974515,
        0.016104959195530136,
        0.045105168329502725,
        -0.03607054769705309,
        0.02095951979210843,
        -0.025644169298171756,
        -0.002234933870213016,
        -0.053420556112132964,
        -0.12021770162663833,
        -0.018891906800599708,
        0.0003216918950139417,
        0.0770892461965587,
        0.00789119162912331,
        0.017712210449113464,
        0.013591337737433744,
        -0.0457984945701251,
        0.022992451461841232,
        -0.0458672761003976,
        0.048467505266505236
    ],