{
    "ParameterSet": [
        0.0,
        0.0,
        0.0,
        0.0,
        0.0,
        0.0,
        0.0,
        0.0,
        0.0,
        0.0,
        0.0,
        0.0,
        0.0,
        0.0,
        0.0,
        0.0,
        0.0,
        0.0,
        0.0,
        0.0,
        0.5044372080402942,
        0.11179573179088269,
        0.22336131133168322,
        0.5238323908959595,
        0.4897837537401469,
        0.23336879209210276,
        0.156900132397411,
        0.2705401047539295,
        0.5045759819857375,
        0.4904423579823461,
        0.2409376907772342,
        0.1710147855545038,
        0.2840915832472842,
        0.5079500341720962,
        0.4593346845127408,
        0.21835216964225468,
        0.1690032511888188,
        0.3258838945822318,
        0.5074750373643965,
        0.2620683981985637,
        -0.04,
        -0.04,
        -0.04,
        -0.04,
        -0.04,
        -0.04,
        -0.04,
        -0.04,
        -0.04,
        -0.04,
        -0.04,
        -0.04,
        -0.04,
        -0.04,
        -0.04,
        -0.04,
        -0.04,
        -0.04,
        -0.04,
        -0.04
    ],
    "SensorParameterSet": [
        -0.1974899348449753,
        -0.07643621080310596,
        0.22219950650070308,
        -0.24780663765284283,
        0.18809039936381908,
        -0.46193469329140663,
        0.18261103773837878,
        -0.5488497362249036,
        -0.23564393549510573,
        0.1859232408775076,
        0.1323159896853171,
        -0.09177540086466036,
        -0.017418498801743808,
        0.70306538076069,
        0.29838361080433495,
        0.9478869013554807,
        -0.07508474522614042,
        0.16711643652275782,
        -0.02436466582255263,
        0.12545168825269773,
        0.3850666164608712,
        -0.2839062123970819,
        0.37040477825817697,
        0.5063453303656597,
        -0.04806932516592107,
        0.1895634395941191,
        -0.2693770077788193,
        0.2737522468728827,
        -0.1945683532378531,
        0.055325739331531246,
        0.01666418202681571,
        -0.19936899730033505,
        -0.070497492966539,
        0.2661500143297883,
        0.024808716246149828,
        -0.1964092114675765,
        -0.11109870372689638,
        0.41794045617655534,
        -0.30973334940440767,
        -0.024454643293752684,
        0.7118574386620973,
        0.08082602801950697,
        -0.08697312059886281,
        -0.45815231779611865,
        0.12147751404236128,
        0.06130560908083426,
        -0.34646855534963905,
        0.5496143967911825,
        0.11703896201020517,
        -0.22991132936062605,
        0.2414145026981251,
        -0.2223012917583152,
        0.24646979737693853,
        0.3373828594764755,
        -0.394879367017073,
        0.29068916204988765,
        0.33521149387952504,
        0.47053580955166846,
        -0.2000927520050624,
        0.2373256915343833
    ],
    "checked": "indirect",
    "iteration": 69,
    "noise_sensor_0": [
        -0.031135718256203482,
        0.03716758310455299,
        0.06063562032393733,
        0.03514635607789546,
        -0.0791518669101163,
        -0.014825233756745828,
        -0.032923606178506495,
        -0.0173289133430507,
        -0.017683312044595317,
        -0.0022702104095017024,
        -0.01658224821502493,
        -0.031246347671660474,
        0.008986757086031019,
        -0.0028720954230724684,
        0.012087637531123402,
        -0.028342275323199804,
        -0.0012721268407142302,
        -0.003763861391668347,
        -0.0020868312630543543,
        -0.007061940618643717,
        0.07370238061520827,
        -0.09464587734806129,
        0.03590920391934838,
        0.04242990507095695,
        0.054516521811913514,
        0.00683627820623271,
        -0.028893161894475806,
        0.022559307086315844,
        0.035845710638165364,
        -0.006989961149708914,
        0.07283290493693034,
        0.06909624777457433,
        0.02464666585233152,
        0.006579946264587591,
        0.037426299711023896,
        0.034615827546376335,
        -0.01290608117396822,
        -0.04706785592292666,
        -0.015086365074598557,
        0.0015764859668370363,
        -0.03786516888184033,
        0.04362231062941828,
        -0.004733423787019101,
        -0.005025687960770515,
        0.018118713916536695,
        0.03153251703085949,
        0.03348999410966608,
        -0.052408036021483015,
        -0.015686289367152793,
        -0.032943232114895006,
        0.06845298585069509,
        -0.02377188147974613,
        -0.026848649343480944,
        0.004970132191703111,
        0.04407539397875606,
        0.04331003324325926,
        -0.012013918505262693,
        0.04014515982198499,
        -0.03099376446260102,
        0.08106282928202281
    ],
    "noise_sensor_1": [
        0.07609633246165716,
        0.055971307266902644,
        -0.040018318597439095,
        0.029607161874593543,
        -0.016122699877819877,
        -0.045134987231573574,
        0.029031501731116398,
        -0.06148418767225216,
        0.026618003766495514,
        -0.004896901914697764,
        0.014918716897128374,
        -0.02020292230852742,
        0.0046688986347436226,
        -0.006093153284177947,
        -0.048543267266203505,
        0.052463769933680814,
        -0.0795900470658303,
        -0.05181056277046511,
        -0.0012160664398477912,
        -0.027751213497689494,
        -0.007992868064656022,
        -0.008924954171620043,
        -0.03874927653512774,
        -0.10711422347897094,
        0.04827495442365963,
        0.002240563545280615,
        0.017806454869617835,
        0.020804066280365324,
        0.011045488886939034,
        -0.029875289210182697,
        0.0068292911407091626,
        0.0500242827414054,
        0.005053782199967533,
        0.009980263341585558,
        0.04826571262582877,
        -0.005347007960908466,
        0.046898225210765275,
        -0.00914409401491512,
        -0.06472201431195872,
        -0.012502016122862825,
        0.013722263349061839,
        -0.02134231673526768,
        0.008419532908769792,
        -0.07314398324068941,
        0.06682385775338205,
        -0.014182284396011375,
        0.038117870442286816,
        0.046775087918899505,
        0.06609888909792502,
        -0.06779169432473355,
        0.05689009285904643,
        0.02963290562536299,
        0.022751183660297724,
        0.04850207185297172,
        -0.0522551060267831,
        0.019126494862637324,
        0.008524804705715223,
        -0.043542963196826455,
        -0.06882848242945315,
        0.08906211016831767
    ],