{
    "ParameterSet": [
        0.0,
        0.0,
        0.0,
        0.0,
        0.0,
        0.0,
        0.0,
        0.0,
        0.0,
        0.0,
        0.0,
        0.0,
        0.0,
        0.0,
        0.0,
        0.0,
        0.0,
        0.0,
        0.0,
        0.0,
        0.5044372080402942,
        0.11179573179088269,
        0.22336131133168322,
        0.5238323908959595,
        0.4897837537401469,
        0.23336879209210276,
        0.156900132397411,
        0.2705401047539295,
        0.5045759819857375,
        0.4904423579823461,
        0.2409376907772342,
        0.1710147855545038,
        0.2840915832472842,
        0.5079500341720962,
        0.4593346845127408,
        0.21835216964225468,
        0.1690032511888188,
        0.3258838945822318,
        0.5074750373643965,
        0.2620683981985637,
        -0.04,
        -0.04,
        -0.04,
        -0.04,
        -0.04,
        -0.04,
        -0.04,
        -0.04,
        -0.04,
        -0.04,
        -0.04,
        -0.04,
        -0.04,
        -0.04,
        -0.04,
        -0.04,
        -0.04,
        -0.04,
        -0.04,
        -0.04
    ],
    "SensorParameterSet": [
        -0.23342328054237949,
        0.04174330536150056,
        0.18873587223028457,
        -0.1176036268167769,
        0.1755174178625536,
        -0.4735970619202904,
        0.05126132534250469,
        -0.3616689400518046,
        -0.06805070550720091,
        0.29012676429847917,
        0.16826363057987376,
        -0.016036224471296795,
        -0.06838031982230544,
        0.6616043663633419,
        0.32202449297826896,
        0.7991674600183672,
        -0.08057901989153485,
        0.05582584679045471,
        0.10573578198402989,
        0.017942255937384174,
        0.5630636116880812,
        -0.14716005535179633,
        0.257907409300159,
        0.38417149839558645,
        -0.06203012761596393,
        0.37635304688680304,
        -0.37964693653279213,
        0.22384469981312,
        -0.2412972423267775,
        0.07454027980977307,
        -0.04800740268495726,
        -0.15243430710945371,
        -0.16593702741135447,
        0.315178361396637,
        0.24541205056055398,
        -0.1446355719711764,
        -0.16984103083089855,
        0.35331426290738177,
        -0.3747145325793383,
        -0.09474048200107663,
        0.61573751800043,
        0.07945162356469046,
        0.04000792751946611,
        -0.4413514775758289,
        -0.033889575757683255,
        0.007354000699180772,
        -0.4364778190572193,
        0.756421161379845,
        0.13083204807190643,
        -0.1896593653492631,
        0.16470381099933568,
        -0.3227991824889057,
        0.2472541160562334,
        0.34166962626313796,
        -0.4224780944705116,
        0.32462709327559836,
        0.2656062424309824,
        0.450205703478631,
        -0.036820328418942797,
        0.42058128755285595
    ],
    "checked": "indirect",
    "iteration": 89,
    "noise_sensor_0": [
        0.08877989487239465,
        0.01644132897624954,
        0.007436691387436983,
        0.025474453056628762,
        0.03245647977035388,
        0.019100318114442287,
        -0.08509663709609781,
        -0.005149836468359086,
        -0.001185739345085171,
        -0.0022383031971533003,
        0.011861026364126339,
        0.010270706239469596,
        0.006843408209737387,
        -0.015033705532248783,
        0.06281394642548081,
        -0.06305517992873123,
        0.0021540380768763526,
        0.014124991165234618,
        0.057385999544278005,
        0.038133508396176144,
        -0.06256380421341946,
        -0.06647834293090736,
        0.03977189622885011,
        -0.01649683407882094,
        -0.01014311710864688,
        0.005709940233610826,
        0.002150119080520406,
        0.019256908697395093,
        0.09063503237917458,
        -0.018886411861062245,
        -0.009650301610697479,
        -0.03484142439473445,
        0.009951543060692986,
        0.014863700990839591,
        -0.009961313158867864,
        -0.002132793976998146,
        0.037869096558093604,
        -0.012094671696635568,
        -0.05346403377106349,
        0.0438979804221621,
        0.034509845207417816,
        0.05714833671674701,
        0.02650550293529959,
        0.06920775295049998,
        -0.031528019305035966,
        -0.01296809050831719,
        0.050911592925088546,
        -0.05112631571127969,
        0.007125101733336949,
        0.018245635233585494,
        0.010370749426878413,
        -0.020030254940578893,
        0.07901856152028225,
        0.014645817300289856,
        0.08613047243151843,
        0.007056968223456028,
        0.053151109322968355,
        -0.07393934867106702,
        0.0035903638953283567,
        -0.00331928586664667
    ],
    "noise_sensor_1": [
        0.011637780403574507,
        0.02136008262718545,
        -0.03971407508025294,
        -0.026319555255489725,
        -0.0030483177299542755,
        -0.016078350117971662,
        -0.0068951355764932335,
        0.03593326759432908,
        0.02851535498512446,
        0.009676246111018966,
        0.0679634792010689,
        -0.03612083475553647,
        0.02502376567195906,
        -0.00042579294277107126,
        0.04821664546471376,
        -0.003705557101468714,
        0.06802313685786547,
        0.009417736432366288,
        -0.06349679517753742,
        -0.024265970961263175,
        -0.08381825891696512,
        -0.08744753170888925,
        0.017522760827659425,
        -0.09208764124081992,
        -0.010122832743050971,
        -0.004451624200065562,
        0.008426928940954788,
        -0.012337065334436959,
        -0.020875463664794196,
        -0.02632367769558542,
        -0.004459083540413215,
        0.04444188659266582,
        -0.029623032260314836,
        0.03636940628615505,
        0.02319127578017699,
        0.01897235817708497,
        0.05177825814319726,
        -0.04503803600679426,
        0.049635050406459616,
        0.04665998939519866,
        -0.015646882771479454,
        -0.0038679771013361915,
        -0.030979341441002253,
        0.004579986157903467,
        0.009764784308960751,
        0.04390205162904623,
        -0.01664468200155456,
        -0.034562856230469036,
        -0.059277109677483494,
        -0.017900957342955392,
        0.009514456330049373,
        -0.05619301022496076,
        -0.06733913611819659,
        -0.0785567764246153,
        0.014559125706590249,
        0.025235659264471265,
        -0.03970185791455513,
        0.06834368298261512,
        0.01012296134072854,
        0.05909184063073392
    ],