{
    "ParameterSet": [
        0.0,
        0.0,
        0.0,
        0.0,
        0.0,
        0.0,
        0.0,
        0.0,
        0.0,
        0.0,
        0.0,
        0.0,
        0.0,
        0.0,
        0.0,
        0.0,
        0.0,
        0.0,
        0.0,
        0.0,
        0.5044372080402942,
        0.11179573179088269,
        0.22336131133168322,
        0.5238323908959595,
        0.4897837537401469,
        0.23336879209210276,
        0.156900132397411,
        0.2705401047539295,
        0.5045759819857375,
        0.4904423579823461,
        0.2409376907772342,
        0.1710147855545038,
        0.2840915832472842,
        0.5079500341720962,
        0.4593346845127408,
        0.21835216964225468,
        0.1690032511888188,
        0.3258838945822318,
        0.5074750373643965,
        0.2620683981985637,
        -0.04,
        -0.04,
        -0.04,
        -0.04,
        -0.04,
        -0.04,
        -0.04,
        -0.04,
        -0.04,
        -0.04,
        -0.04,
        -0.04,
        -0.04,
        -0.04,
        -0.04,
        -0.04,
        -0.04,
        -0.04,
        -0.04,
        -0.04
    ],
    "SensorParameterSet": [
        -0.19672097554381382,
        0.05184623819311174,
        0.16783131240728477,
        -0.12624054784405178,
        0.1750836944823642,
        -0.48472105814930205,
        0.048950553253166065,
        -0.3558573037695145,
        -0.07243343743971006,
        0.2875302819087783,
        0.13850892265291917,
        -0.07748570422483189,
        -0.06436107487420982,
        0.664841283237063,
        0.34523654627750905,
        0.8029272820700268,
        -0.04985717309273933,
        0.04908455370108974,
        0.14661940858655292,
        0.02762915211312173,
        0.5231047340463636,
        -0.21613511831532795,
        0.24222250225178327,
        0.31181774995196015,
        -0.06627357995994443,
        0.4302330944946905,
        -0.3955162897306768,
        0.2180571090457981,
        -0.2662348751108529,
        0.0630203657415784,
        -0.0963880255583281,
        -0.15291286666435244,
        -0.09644668504172842,
        0.2704901296753499,
        0.25970286624548417,
        -0.15432344010237917,
        -0.19957271547800565,
        0.3567274964253125,
        -0.3530650576108744,
        -0.07693241841718543,
        0.6607289945809454,
        0.18901319422824225,
        0.023738291458932526,
        -0.42680315854971795,
        -0.10798724867426295,
        -0.06862461674887561,
        -0.377347332060571,
        0.7674582144125767,
        0.13970854820173242,
        -0.21462631903454737,
        0.1822458614303684,
        -0.3304147993301664,
        0.2325028893416931,
        0.3400890033031984,
        -0.40444768241070533,
        0.29991072147267656,
        0.2641604956750893,
        0.40657987662189876,
        0.037295455783266436,
        0.41066710155291875
    ],
    "checked": "indirect",
    "iteration": 95,
    "noise_sensor_0": [
        -0.06431805492086481,
        -0.014247113616394256,
        -0.027088001530249265,
        0.0335221095587715,
        0.010790336325405936,
        -0.006401754294112862,
        -0.02060632138205227,
        -0.01869494140347984,
        0.005212943041064308,
        0.018789059005256556,
        -0.06629375228778706,
        0.03740535079571797,
        -0.0115504572044,
        -0.020663208192593933,
        0.023102128988893487,
        -0.024093066705061075,
        -0.009523004952292594,
        -0.016857689219191046,
        0.03813948978912444,
        -0.04902025299394843,
        0.03538374071173837,
        -0.05371336582945658,
        0.007471356398451337,
        -0.04272919669947582,
        -0.06046006134241716,
        -0.08279848417672273,
        0.05806186073664873,
        0.06381856876482443,
        -0.003541209002858519,
        0.015846471273714028,
        0.004194165805307214,
        0.0524053464502831,
        0.05942416219978835,
        0.10861356512627338,
        -0.03754074296817638,
        -0.07955088635379315,
        -0.0486336434276336,
        -0.027117448769959033,
        0.010727245819032845,
        0.028571820484514298,
        0.029075078831019095,
        -0.00827804031020287,
        -0.02555322264646402,
        -0.021680623754273893,
        0.006810777550973139,
        0.03145082771816784,
        -0.0026412334231732553,
        0.01667349507933146,
        -0.02480488310546327,
        -0.014779632650602132,
        0.03925044145185428,
        0.002908229389994791,
        0.012840380386263409,
        -0.011532729492892418,
        -0.02757770527054466,
        0.032900804174056615,
        -0.03872225074370156,
        -0.00459447841488627,
        -0.010254711629486468,
        -0.015287554265456551
    ],
    "noise_sensor_1": [
        -0.019109009797587135,
        -0.018783375533326426,
        0.00468422245744084,
        -0.03832580184602365,
        -0.038855450914783145,
        -0.02012996438501703,
        0.003341800810265451,
        -0.07281769057084633,
        -0.019133702714996526,
        -0.000651563975501335,
        0.021858451304608086,
        0.030837184457430104,
        -0.021735446849120762,
        -0.022948040039316497,
        0.03609983094418235,
        0.004345851654518367,
        -0.05626958831782178,
        -0.023345895987344337,
        0.02354357259337231,
        0.020456188933655303,
        -0.03275868405876841,
        0.06937720364840448,
        -0.037160270712375564,
        0.008520114228540668,
        -0.027237764637023664,
        -0.06502542344033196,
        0.09683531226597085,
        -0.03259387893236061,
        -0.0486956114234962,
        -0.024907977115970533,
        -0.002764987144572348,
        0.009748221997196278,
        -0.019181908268948066,
        -0.02639187422840403,
        0.01811495929097924,
        -0.022177807247415495,
        -0.008753551842564586,
        -0.03077995696120583,
        0.03354662562675313,
        -0.0035738140266388563,
        0.02290899652417457,
        -0.05133637127316475,
        0.02766952834871053,
        -0.0572384207345022,
        -0.014525255662733999,
        0.019633311562374908,
        0.07953806531766011,
        0.06803681419060736,
        0.021219992943835187,
        0.0587401432705092,
        0.036439420524531196,
        0.008448092629102578,
        0.031459985275620495,
        -0.002184273457380206,
        -0.033954828294365656,
        -0.02643184044634198,
        0.03749449385836239,
        -0.004151663976610368,
        0.04996080036775482,
        -0.008094926020364662
    ],