{
    "ParameterSet": [
        0.0,
        0.0,
        0.0,
        0.0,
        0.0,
        0.0,
        0.0,
        0.0,
        0.0,
        0.0,
        0.0,
        0.0,
        0.0,
        0.0,
        0.0,
        0.0,
        0.0,
        0.0,
        0.0,
        0.0,
        0.5044372080402942,
        0.11179573179088269,
        0.22336131133168322,
        0.5238323908959595,
        0.4897837537401469,
        0.23336879209210276,
        0.156900132397411,
        0.2705401047539295,
        0.5045759819857375,
        0.4904423579823461,
        0.2409376907772342,
        0.1710147855545038,
        0.2840915832472842,
        0.5079500341720962,
        0.4593346845127408,
        0.21835216964225468,
        0.1690032511888188,
        0.3258838945822318,
        0.5074750373643965,
        0.2620683981985637,
        -0.04,
        -0.04,
        -0.04,
        -0.04,
        -0.04,
        -0.04,
        -0.04,
        -0.04,
        -0.04,
        -0.04,
        -0.04,
        -0.04,
        -0.04,
        -0.04,
        -0.04,
        -0.04,
        -0.04,
        -0.04,
        -0.04,
        -0.04
    ],
    "SensorParameterSet": [
        -0.2372801839335319,
        -0.026678112010802904,
        0.25480230692273326,
        -0.1762257302814032,
        0.15795417029524667,
        -0.4917585939359971,
        0.10089001045165437,
        -0.5055461189295317,
        -0.2647930275002613,
        0.2503837162569756,
        0.161131243402047,
        0.007194350493171885,
        -0.049340250131268415,
        0.7670268420055376,
        0.42271951662195706,
        0.9540990056936048,
        -0.12050153892244052,
        0.17043123635049356,
        -0.10511788036851755,
        0.11816025226539018,
        0.3453628555437446,
        -0.2526493039050942,
        0.3228742760806229,
        0.5419129261400771,
        -0.007762862242923598,
        0.2604923017370136,
        -0.2147728803836733,
        0.1763672006326104,
        -0.2371671331965468,
        0.12641451518415142,
        -0.04997687487742511,
        -0.1826425344944499,
        -0.09993208808844097,
        0.27821153572549645,
        0.09636941392342532,
        -0.1942175340943915,
        -0.15230417788582679,
        0.43965142522398704,
        -0.2890850681330563,
        0.004422507785624843,
        0.653330303436679,
        0.07565982966185435,
        -0.11081061909881838,
        -0.45792657777991413,
        0.12578349618674797,
        0.091830041150216,
        -0.329827972534838,
        0.5150922573952382,
        0.08558055158230377,
        -0.1308972228768844,
        0.2275724072361947,
        -0.17496745830671914,
        0.2441982804825416,
        0.3733120436952282,
        -0.32755405789214853,
        0.21802591857618633,
        0.275693738514011,
        0.3910869411523358,
        -0.1723360863936845,
        0.10436843806319071
    ],
    "checked": "indirect",
    "iteration": 65,
    "noise_sensor_0": [
        0.02294113968052086,
        -0.04465244580584228,
        -0.01992605806376515,
        -0.00249021717736721,
        0.033916559855634236,
        -0.034092861270581365,
        -0.09182482385078587,
        0.012073597849286454,
        -0.01409476038008577,
        -0.047521119182631015,
        0.028395436652339418,
        -0.03800510049812167,
        -0.04048080734336334,
        -0.046758725631299104,
        0.008604957422271185,
        -0.08895039910503488,
        0.0530688802608452,
        -0.07169313334129407,
        -0.016298777340766003,
        0.07316283676418961,
        0.030098915260385516,
        -0.046766462755293385,
        -0.00018707007519553552,
        -0.025788568780995266,
        -0.07571452121697254,
        -0.03255496999339938,
        0.006798617525526874,
        0.07668035756508539,
        -0.01730735460544928,
        -0.056142274346422945,
        0.002231942938338159,
        -0.01490680755312031,
        0.01569195985032478,
        -0.025728882361865178,
        -0.024714198322098015,
        0.008425508677118313,
        0.06373286671245955,
        -0.024595988274739664,
        0.05276174116568843,
        0.024043437130705333,
        -0.025378957836032032,
        0.02934582719202273,
        0.06881010723258392,
        0.041200815588905294,
        -0.028031514457327926,
        0.015096990256578227,
        0.005711515232015639,
        0.0651137193884862,
        0.04240176996040635,
        0.05404440412336142,
        -0.00655666435651371,
        0.0681243474838392,
        0.008901189474311975,
        0.011449340865530845,
        -0.024754905074245426,
        0.00875928956652243,
        -0.009738603461266737,
        0.006625532245145993,
        0.029863728244162408,
        -0.042508910470617105
    ],
    "noise_sensor_1": [
        -0.011433047642916819,
        -0.012796950271992234,
        -0.08211281968623546,
        0.01685008352226165,
        -0.018545450103273495,
        0.019980734717311027,
        0.05288059251513846,
        -0.0591307559513366,
        -0.007308513946028884,
        -0.031646008217612626,
        0.00604931644417687,
        -0.01290112192811841,
        -0.006425262005636994,
        0.07001802258365948,
        -0.09251995070761844,
        0.00221936055362171,
        0.0003062168507857767,
        0.0723127098407032,
        0.020472113612547797,
        0.030639227754023533,
        0.05607968556071004,
        0.05210222733984911,
        0.05803163190437777,
        -0.06735993054840976,
        0.002226670855926878,
        -0.05225230293541841,
        -0.016531303082923665,
        0.03204483988966051,
        -0.030251397481969502,
        0.008497175181458545,
        0.0019572641348181686,
        -0.09630187643517896,
        0.04624279468996504,
        -0.09254548177088692,
        -0.00047953833906205204,
        0.02151167744494563,
        -0.05634345915567682,
        -0.03221474636970914,
        -0.06673342038951954,
        0.01624669018469078,
        0.026875361826360994,
        0.029198099714408492,
        0.008303579350401035,
        -0.02887501784152847,
        -0.0188437774683164,
        -0.053009715582645646,
        0.018918888027070504,
        -0.09703465832028539,
        0.010668914926384915,
        -0.0542894071867281,
        -0.022431396074091326,
        -0.028032722062722993,
        -0.020321618907512506,
        0.019355447023046084,
        0.038485368311850336,
        -0.027829274586334978,
        0.02175738620455082,
        -0.0669901910151433,
        -0.013966552842445482,
        0.0647820803087526
    ],