{
    "ParameterSet": [
        0.0,
        0.0,
        0.0,
        0.0,
        0.0,
        0.0,
        0.0,
        0.0,
        0.0,
        0.0,
        0.0,
        0.0,
        0.0,
        0.0,
        0.0,
        0.0,
        0.0,
        0.0,
        0.0,
        0.0,
        0.5044372080402942,
        0.11179573179088269,
        0.22336131133168322,
        0.5238323908959595,
        0.4897837537401469,
        0.23336879209210276,
        0.156900132397411,
        0.2705401047539295,
        0.5045759819857375,
        0.4904423579823461,
        0.2409376907772342,
        0.1710147855545038,
        0.2840915832472842,
        0.5079500341720962,
        0.4593346845127408,
        0.21835216964225468,
        0.1690032511888188,
        0.3258838945822318,
        0.5074750373643965,
        0.2620683981985637,
        -0.04,
        -0.04,
        -0.04,
        -0.04,
        -0.04,
        -0.04,
        -0.04,
        -0.04,
        -0.04,
        -0.04,
        -0.04,
        -0.04,
        -0.04,
        -0.04,
        -0.04,
        -0.04,
        -0.04,
        -0.04,
        -0.04,
        -0.04
    ],
    "SensorParameterSet": [
        -0.2713263430790988,
        -0.13142950362398023,
        0.3262751456667887,
        -0.2391493806688963,
        0.07176997278042876,
        -0.43510904125327665,
        0.1536668342876321,
        -0.38377265657837745,
        -0.14273352606364365,
        0.27292513104700755,
        0.3176725457900817,
        -0.13175823583489563,
        0.017788563863463076,
        0.6622781104725837,
        0.47603441687568315,
        0.7734022337044189,
        -0.12262268622531489,
        0.14405609017982363,
        -0.14950754143257666,
        -0.02438465588242803,
        0.33437514321885653,
        -0.20997693794018465,
        0.16995138955273076,
        0.46887634583472615,
        0.009252808281519151,
        0.25583021162328545,
        -0.21742774767352338,
        0.1715420042208078,
        -0.24513189623347625,
        0.016594889279058063,
        -0.09036057405752133,
        -0.09396373324028123,
        0.08870592865610896,
        0.07767198143609556,
        0.15840029367080832,
        -0.15665213402212796,
        -0.34906680969434584,
        0.5146584623261523,
        -0.057832397966764926,
        0.02529594979426856,
        0.48811698025236755,
        -0.10731318118099836,
        -0.17778636617004506,
        -0.2947375522025925,
        0.07249151132358249,
        0.021331956033913545,
        -0.3058863031773451,
        0.5717156707099682,
        -0.0063195136878008784,
        -0.03194016267558533,
        0.35280205959663274,
        -0.13745947289320914,
        0.2636295739376823,
        0.28725507214334156,
        -0.38146010027241894,
        0.23606236909674985,
        0.16073735483707338,
        0.39381358612228545,
        -0.12802260130115145,
        0.09933794814048486
    ],
    "checked": "indirect",
    "iteration": 43,
    "noise_sensor_0": [
        0.034086424333923546,
        0.019317340110067346,
        -0.04462976666098748,
        0.005715687496778024,
        -0.059724713868834475,
        -0.020696939433593263,
        -0.08418837461002703,
        -0.05487918130309584,
        0.04741338779552854,
        0.0175944876168004,
        0.02551102586245983,
        0.03576383741198943,
        -0.049752402673041804,
        -0.026383145022866084,
        0.0804269800994382,
        0.014130632021451008,
        0.07870165883873209,
        -0.023253217613596545,
        -0.0029495548877376656,
        0.02806265518665809,
        0.08927353552148638,
        0.031308278215984094,
        -0.05460073159621038,
        0.05240654533179233,
        -0.03790198118426774,
        0.03219474223257632,
        0.004102315861332045,
        -0.03207538530949754,
        -0.017648132279806068,
        -0.030325253683296482,
        0.031204885983905754,
        0.01617827044194895,
        0.021073185625792995,
        -0.03222347337226171,
        0.02309748680623116,
        0.05306291224052541,
        -0.06254143966040514,
        0.04062531950355797,
        0.023149122174811677,
        -0.08605840431532019,
        0.07658794368017745,
        0.05035992817630637,
        0.0008084792554078665,
        -0.08462830689697425,
        -0.10568107264241158,
        0.0011447851034311648,
        -0.017785782795984556,
        0.013277967366355604,
        -0.004710889763603032,
        -0.06304420691732233,
        -0.026551989101954533,
        -0.037582749559998664,
        0.006744059148927778,
        0.02934319018748335,
        0.016261579332352005,
        -0.006477132404899404,
        0.04461282102449929,
        -0.029601941702725235,
        0.04195250977912016,
        -0.019094245300295246
    ],
    "noise_sensor_1": [
        -0.07843323025967282,
        -0.04047054544345546,
        0.01608355871070248,
        0.060574849169864574,
        0.000501742376702051,
        -0.049976674521020864,
        -0.005909451609642374,
        -0.02113382786017638,
        -0.088708299534157,
        -0.026486409802479592,
        0.019376026225115656,
        0.11717568196638437,
        -0.04814865811541288,
        -0.021609791001055253,
        0.07864831480084782,
        0.11169083355448488,
        -0.019781647941929454,
        0.007917719293524847,
        0.045105028046412386,
        -0.002363087395723329,
        0.056945881880623016,
        -0.0937986995839947,
        -0.03478969443245956,
        0.06722979852847331,
        -0.030010229510521697,
        -0.04494058136839831,
        0.02547422975307852,
        -0.03634196691658222,
        -0.08148312663522202,
        -0.00796435416324994,
        0.057974693199624006,
        -0.01791020333423279,
        -0.07336415476970606,
        0.0029262809624432647,
        0.03819584511592115,
        0.02475380658854394,
        0.024213016044909243,
        -0.029612088770486197,
        -0.05222861934934183,
        -0.020785843735432366,
        0.006949802924687591,
        0.11885181013898538,
        -0.07613341616377826,
        -0.08491840330164634,
        -0.021044666457658977,
        0.012900547686092272,
        0.014884031451305303,
        -0.03398946008067531,
        0.08736797870243895,
        -0.06227533478047062,
        -0.013023982305419778,
        -0.07427099235569182,
        -0.0284360164600644,
        -0.08893802906070153,
        -0.024074169866027353,
        0.05913639850485446,
        -0.10479681985485191,
        0.06550285073391866,
        -0.019724357669802378,
        -0.04175116475439872
    ],