{
    "ParameterSet": [
        0.0,
        0.0,
        0.0,
        0.0,
        0.0,
        0.0,
        0.0,
        0.0,
        0.0,
        0.0,
        0.0,
        0.0,
        0.0,
        0.0,
        0.0,
        0.0,
        0.0,
        0.0,
        0.0,
        0.0,
        0.5044372080402942,
        0.11179573179088269,
        0.22336131133168322,
        0.5238323908959595,
        0.4897837537401469,
        0.23336879209210276,
        0.156900132397411,
        0.2705401047539295,
        0.5045759819857375,
        0.4904423579823461,
        0.2409376907772342,
        0.1710147855545038,
        0.2840915832472842,
        0.5079500341720962,
        0.4593346845127408,
        0.21835216964225468,
        0.1690032511888188,
        0.3258838945822318,
        0.5074750373643965,
        0.2620683981985637,
        -0.04,
        -0.04,
        -0.04,
        -0.04,
        -0.04,
        -0.04,
        -0.04,
        -0.04,
        -0.04,
        -0.04,
        -0.04,
        -0.04,
        -0.04,
        -0.04,
        -0.04,
        -0.04,
        -0.04,
        -0.04,
        -0.04,
        -0.04
    ],
    "SensorParameterSet": [
        -0.24323259034726494,
        -0.05389961556536097,
        0.27096142794565814,
        -0.2670964815308135,
        0.17109571458446823,
        -0.2577628153256418,
        0.12739878730425433,
        -0.36199424494352117,
        -0.20628739868479537,
        0.30441844366801224,
        0.3479117292565694,
        -0.008924211747764758,
        0.003953550123545653,
        0.5584694356526163,
        0.3007237928929752,
        0.7383710280852305,
        -0.05754462337232867,
        0.0957920901106148,
        -0.20151870929699578,
        -0.14536942266180608,
        0.3312012405878008,
        -0.2767468741032548,
        0.13300553326917824,
        0.4369636364290604,
        -0.0605257409112196,
        0.3416757335299338,
        -0.22375931368677,
        0.043334600842436066,
        -0.2503774429250514,
        0.13849769862171613,
        -0.1500772795848013,
        -0.03840229633775543,
        0.0605870473756404,
        -0.0033680916327717644,
        0.1367396458619967,
        -0.10886501198472882,
        -0.19422677905162566,
        0.38305897241462117,
        -0.012449518911722598,
        -0.09178486381642545,
        0.4442108000042129,
        -0.06748420058249086,
        -0.14022464439399082,
        -0.17141109000119029,
        0.015234098983774327,
        0.09084207691459506,
        -0.22452318313394087,
        0.5130200928254255,
        -0.17172681846233154,
        -0.03344448884914192,
        0.3946606618297422,
        -0.14710598874344813,
        0.22610637972726375,
        0.2645139899567212,
        -0.26358432611355026,
        0.024164556336822057,
        0.2593285557623303,
        0.35826751762602976,
        -0.04590860097063901,
        -0.05289765944474843
    ],
    "checked": "indirect",
    "iteration": 35,
    "noise_sensor_0": [
        0.024519784434361883,
        0.058196440288682955,
        -0.029978281601169107,
        0.062384878764241584,
        -0.03676851138499064,
        0.03192802264023331,
        -0.02056972048974802,
        0.03839245809781979,
        -0.0009371873013705242,
        -0.01634073653598027,
        0.04413075145770247,
        0.08399942436328259,
        0.03434172907859089,
        0.03317700642399696,
        -0.11506577640510772,
        -0.09148225963716188,
        0.013841357581353589,
        0.01935698925737927,
        -0.025922144785058145,
        0.021502635240053206,
        -0.011148758774075526,
        0.12707823047449424,
        0.04803003392483616,
        -0.0022443703141175075,
        0.03936461492163091,
        -0.010879672860033671,
        -0.0038597300360270525,
        0.08445709756813531,
        -0.07622984553915929,
        0.028908313892703118,
        0.04239609351673523,
        -0.03479173006280859,
        -0.04482844426711479,
        0.04119068866350632,
        -0.0021609613051096544,
        0.003252986987327425,
        0.011751587683669953,
        -0.0035980779028604287,
        -0.019561874038122817,
        -0.026818487610023374,
        -0.012370086722721631,
        -0.03152587331695096,
        -0.00018510863060045864,
        0.04158766876946686,
        0.001099131666752527,
        0.004710982401187814,
        0.062151634671163115,
        0.00598105439263808,
        -0.06076888088004757,
        0.004829366199640669,
        0.026130680286298,
        0.048853921891647556,
        0.0530522804305141,
        0.028059016230458523,
        0.007644982728729953,
        0.03154397081295999,
        -0.06110772904329472,
        -0.06151792778325375,
        -0.01905281413202516,
        0.1162407992021335
    ],
    "noise_sensor_1": [
        -0.016734323126726222,
        -0.014451316987496741,
        -0.050538644205436335,
        -0.034753715417274435,
        0.019718946827902175,
        -0.03647867588202557,
        0.005245020960215406,
        0.00970649734191771,
        0.021725070808598923,
        0.08746889992800695,
        -0.059979913916310655,
        0.013537339631561505,
        0.007340544385549402,
        -0.018766901488431697,
        0.008081823103093005,
        0.010981712327631636,
        -0.015751422298409774,
        -0.05123061923885209,
        0.04487228669175474,
        -0.02716660809270215,
        -0.01831215901644342,
        0.05030153958672333,
        -0.03456143799847851,
        -0.05709323348845699,
        0.005249882732689744,
        0.07569513081612186,
        -0.004902848108338578,
        0.010809544756523562,
        0.014004674915028562,
        0.029422953508611585,
        0.12177750702323799,
        0.047801687587939734,
        0.022173334438385085,
        -0.0030051326795020447,
        0.02580106281007779,
        -0.038153095553344125,
        -0.11514549267787165,
        0.11723136968662298,
        -0.032040766572510725,
        0.010963283536335423,
        -0.08282651193804864,
        -0.07493582921986591,
        -0.06452700314699776,
        0.03789019378184461,
        -0.026137172846217343,
        0.0510973757505294,
        -0.014273595700745902,
        -0.03383459732881905,
        -0.009519470627241716,
        -0.006945473198148041,
        -0.0011921432229479252,
        -0.08908602716007057,
        0.006871670635769534,
        -0.03635908989738457,
        0.03777958839485236,
        -0.0006207408846802082,
        -0.03441252697206836,
        -0.11154512354744699,
        -0.031071948454868343,
        0.046258061184034305
    ],