{
    "ParameterSet": [
        0.0,
        0.0,
        0.0,
        0.0,
        0.0,
        0.0,
        0.0,
        0.0,
        0.0,
        0.0,
        0.0,
        0.0,
        0.0,
        0.0,
        0.0,
        0.0,
        0.0,
        0.0,
        0.0,
        0.0,
        0.5044372080402942,
        0.11179573179088269,
        0.22336131133168322,
        0.5238323908959595,
        0.4897837537401469,
        0.23336879209210276,
        0.156900132397411,
        0.2705401047539295,
        0.5045759819857375,
        0.4904423579823461,
        0.2409376907772342,
        0.1710147855545038,
        0.2840915832472842,
        0.5079500341720962,
        0.4593346845127408,
        0.21835216964225468,
        0.1690032511888188,
        0.3258838945822318,
        0.5074750373643965,
        0.2620683981985637,
        -0.04,
        -0.04,
        -0.04,
        -0.04,
        -0.04,
        -0.04,
        -0.04,
        -0.04,
        -0.04,
        -0.04,
        -0.04,
        -0.04,
        -0.04,
        -0.04,
        -0.04,
        -0.04,
        -0.04,
        -0.04,
        -0.04,
        -0.04
    ],
    "SensorParameterSet": [
        -0.3903512648595678,
        -0.12801283573548006,
        0.24874583562088548,
        -0.1822061795121594,
        0.0059107078297438425,
        -0.3925805791635439,
        0.1781002752362528,
        -0.39870406962288746,
        -0.21979416898316112,
        0.2668985575885452,
        0.30445431754590785,
        -0.0666634684810047,
        -0.003797747303521487,
        0.7803532069948454,
        0.5153886125627862,
        0.8391919390420904,
        -0.11549239478396155,
        0.0031505482678589303,
        -0.07006247653481097,
        0.006081130890773896,
        0.35965978425404055,
        -0.18211471675942453,
        0.10931840588521871,
        0.5358990002214765,
        0.013426688259015489,
        0.23765030435896117,
        -0.1409715167891597,
        0.18199588205530703,
        -0.29116679827837466,
        -0.004450845898345931,
        0.055122764897515296,
        -0.15277936477773785,
        -0.003817949385703543,
        0.2561394808340398,
        0.13208927725681208,
        -0.13332205681527043,
        -0.2684647279781652,
        0.4293428511398646,
        -0.17016158970177298,
        0.010828765112109959,
        0.6410595390180694,
        -0.030413302535346215,
        -0.16854733896254287,
        -0.37825692043445414,
        0.07247536875062231,
        -0.09143915219718574,
        -0.2745555994612946,
        0.6107680270089884,
        0.04743708803692006,
        -0.04928290922403703,
        0.21377796732595666,
        -0.1681189648173244,
        0.2352483183501023,
        0.31899326271548833,
        -0.3568678071078068,
        0.23535147949974652,
        0.16838594583230607,
        0.44001395264907933,
        -0.15853194722794628,
        0.030641324577157396
    ],
    "checked": "indirect",
    "iteration": 50,
    "noise_sensor_0": [
        0.03747826450232643,
        0.10348124734074814,
        -0.08455490726980558,
        0.061173122513095174,
        -0.06178517908487124,
        -0.046359509488525304,
        -0.07583291441263487,
        0.01898535396311423,
        0.014997752080932455,
        -0.004849113014968763,
        0.0011350879510311726,
        -0.0295069522658191,
        -0.05247886164920901,
        -0.0033390236514099446,
        0.03608079601450769,
        -0.020189581465794977,
        -0.09830735280925451,
        0.0035716648671285612,
        -0.07069073875025347,
        -0.014624076548450939,
        -0.002940885128734469,
        -0.047633554386706564,
        -0.08039277577923071,
        -0.05273957705729725,
        -0.01385606181896797,
        0.0159602460314607,
        0.046478629812192696,
        0.05994259699109933,
        0.0150281394277827,
        -0.04375576813073545,
        -0.10869900689848914,
        0.07500614915365307,
        -0.004665189473370654,
        -0.04878068490083223,
        -0.0539898314217577,
        0.022234707065244323,
        0.03491350031593532,
        0.006896929270576813,
        0.061045963712614566,
        -0.0438672615227227,
        0.006024449686332645,
        0.024966228088396665,
        -0.01650848638592751,
        -0.005360894025219657,
        -0.07140668508495154,
        -0.023335033403819306,
        0.03653587602055853,
        -0.054983250376509134,
        -0.007111204870394184,
        0.02676949216187467,
        -0.023160616666668524,
        0.022676564674339823,
        0.03274367896604168,
        -0.08907029397882289,
        0.06223474023995365,
        0.020920672579156925,
        0.06470090476921289,
        -0.03471452300033548,
        0.009200987244027941,
        -0.10486122252880711
    ],
    "noise_sensor_1": [
        -0.046940033399557206,
        0.05531348700380241,
        -0.15723931029306443,
        0.07033370873697235,
        0.06263385871117319,
        0.02085116502588112,
        0.0025201288914053687,
        -0.01213747266694266,
        0.029731571278354463,
        -0.011526178784510852,
        -0.028372719426020848,
        -0.0024181459506991314,
        0.051592743390726184,
        -0.07027176676044232,
        -0.05456863022795622,
        0.007175402625745095,
        0.02174032355321054,
        -0.00035309361428936576,
        -0.021361368963301628,
        -0.026649160555553497,
        -0.03730319568757063,
        0.03762211446575014,
        -0.029616297673474713,
        -0.07768540797750247,
        -0.013043260837473186,
        -0.027507583405561933,
        -0.0011611842167511004,
        -0.050727652242538904,
        0.0007661755628392896,
        0.014211941377527319,
        0.04338892455596995,
        -0.03364820208264253,
        -0.03358652122067765,
        -0.015282786606921242,
        -0.029293218112842058,
        0.026720537866325108,
        0.03968673415615049,
        0.08049874559202737,
        0.01626587380158475,
        -0.04763259949860985,
        -0.022712466185844014,
        -0.022645280491359138,
        -0.10178339691111142,
        0.011718420399085614,
        -0.0006716279690808604,
        -0.0019345653111550979,
        0.016500983263045357,
        -0.10674827803258975,
        -0.000340966832201595,
        0.06914374499104706,
        0.00830601377010742,
        -0.08502991413914701,
        0.015302100759726834,
        -0.037962683398832284,
        0.027500306874698687,
        0.029883216455376456,
        -0.01188261874997786,
        0.05939384482473303,
        -0.03873764010261796,
        -0.009538791222952444
    ],