{
    "ParameterSet": [
        0.0,
        0.0,
        0.0,
        0.0,
        0.0,
        0.0,
        0.0,
        0.0,
        0.0,
        0.0,
        0.0,
        0.0,
        0.0,
        0.0,
        0.0,
        0.0,
        0.0,
        0.0,
        0.0,
        0.0,
        0.5044372080402942,
        0.11179573179088269,
        0.22336131133168322,
        0.5238323908959595,
        0.4897837537401469,
        0.23336879209210276,
        0.156900132397411,
        0.2705401047539295,
        0.5045759819857375,
        0.4904423579823461,
        0.2409376907772342,
        0.1710147855545038,
        0.2840915832472842,
        0.5079500341720962,
        0.4593346845127408,
        0.21835216964225468,
        0.1690032511888188,
        0.3258838945822318,
        0.5074750373643965,
        0.2620683981985637,
        -0.04,
        -0.04,
        -0.04,
        -0.04,
        -0.04,
        -0.04,
        -0.04,
        -0.04,
        -0.04,
        -0.04,
        -0.04,
        -0.04,
        -0.04,
        -0.04,
        -0.04,
        -0.04,
        -0.04,
        -0.04,
        -0.04,
        -0.04
    ],
    "SensorParameterSet": [
        -0.18444900390557475,
        0.00819147379355686,
        -0.06567732866723063,
        -0.06343629867966674,
        0.0877191346760502,
        -0.05430716272036918,
        0.17653696856397136,
        -0.08835492034471071,
        0.03427574735408914,
        0.0062237667804505336,
        0.03264593167653292,
        0.095111535194095,
        0.033346520676801945,
        0.11090941114291686,
        -0.012221404820654582,
        0.0078022323531794155,
        -0.12802726642736037,
        -0.015221180293508964,
        -0.10745360550809122,
        0.03493429536627224,
        -0.19293871593219067,
        -0.020452712362795958,
        0.15913276760413636,
        0.02220278446992553,
        -0.006002172824695767,
        0.08988616571312427,
        0.0265611808719054,
        -0.15110299284970793,
        -0.037485728694122464,
        0.0568490159333315,
        -0.10888820031006552,
        -0.17280955865159478,
        0.016849837609484438,
        0.0009610810560928143,
        -0.0473717502354263,
        0.05912613645020841,
        -0.016687547880793897,
        0.12805445821834305,
        -0.025954744954291366,
        -0.01679252999318428,
        0.22442192007548495,
        0.01659180744153994,
        0.08649526141375939,
        0.06147046205126837,
        -0.08538625412280172,
        -0.12389756372424154,
        -0.08368851562552039,
        0.31524608925692654,
        -0.007946881457108911,
        0.038199310386233754,
        0.21906240344059244,
        0.14931664481445983,
        0.10541364170424516,
        0.07883564827073897,
        -0.2356791770504557,
        -0.005499367708417492,
        0.183123927328556,
        0.06677415017782341,
        -0.2165155168212987,
        -0.03637387788360485
    ],
    "checked": "indirect",
    "iteration": 4,
    "noise_sensor_0": [
        -0.018644064527917642,
        -0.03645667385193332,
        -0.010469120362639132,
        -0.04541959193256598,
        -0.07280268985522562,
        -0.03880957963760353,
        0.11355597339116519,
        0.01663424800592372,
        -0.10177466513010322,
        0.04163042592488536,
        0.0454840650106819,
        -0.01895157783790066,
        0.05096527079631387,
        -0.009056407106939338,
        0.010832667640783718,
        -0.0999186215797471,
        -0.16558354654551638,
        -0.0329808594217488,
        -0.034737135186630345,
        0.0004137746152360585,
        -0.05858759389683816,
        0.021652604463582623,
        -0.1097885245866559,
        0.034870184312983714,
        0.07053565612230793,
        -0.0326250483667878,
        0.015059936928378157,
        0.03740228257516831,
        -0.07872405077626736,
        0.12334461857345148,
        -0.003955996812735346,
        -0.06422387134962604,
        -0.011261732505507148,
        0.02787799272631247,
        0.0056591425824271315,
        0.028417227156621445,
        -0.09603353560717064,
        0.06199585499954869,
        0.005141841321345232,
        -0.06527016689969374,
        -0.07453827018090427,
        0.04250240592056742,
        0.060323907976847314,
        0.04540346377158325,
        0.029053551709145146,
        -0.05296394614046988,
        -0.039432087748272136,
        -0.03310512927981023,
        0.07772281669629222,
        0.04669612126073483,
        -0.0121395877196621,
        0.02408813517447826,
        0.08264094355018921,
        0.0147522550058865,
        -0.019769043792356864,
        -0.06333863402649363,
        0.04750853314493286,
        -0.01700018768395603,
        -0.0094391425161808,
        -0.05684867578047878
    ],
    "noise_sensor_1": [
        -0.01970339686917883,
        -0.12107953192501972,
        0.019593770943221334,
        0.04898213222680286,
        -0.09660712259102379,
        0.11525792572814408,
        0.02412178915270095,
        -0.048561536913457166,
        -0.006697245278764346,
        0.05209968337524747,
        0.041330205966156275,
        0.05051803020215262,
        0.027874994888705082,
        0.09334998224520484,
        -0.02070829657083205,
        0.02925390329352367,
        -0.16003974057744683,
        -0.0980335321129073,
        0.023425787877939436,
        -0.10481386098505559,
        0.015548673138909574,
        -0.04510317207697987,
        -0.1125269481780945,
        -0.045354998334459065,
        0.03024550989866205,
        0.11919822078766572,
        0.01535056346351093,
        -0.008918862848590954,
        -0.040426339680302105,
        0.0017171412651267467,
        -0.04681085640500413,
        0.009899227715350475,
        -0.03537226404032811,
        0.008070619239171479,
        -0.06235873779311568,
        0.0034870029633137425,
        0.07333326526882819,
        0.012913353338727632,
        -0.04311541971427276,
        -0.020113164496047012,
        -0.05897612658930747,
        0.021761857933604904,
        -0.06749939285043367,
        -0.0599572496293998,
        0.016068499758635196,
        0.07852463229016778,
        0.030849890902859976,
        0.007349375930235426,
        -0.17534720595872813,
        -0.12561283988689192,
        0.07351660016231533,
        -0.010523275845413892,
        -0.06770452537707239,
        -0.12458408689090773,
        -0.040180182543908066,
        -0.05791680233367859,
        0.025648681612706083,
        0.058833349095340874,
        0.02287323817669585,
        -0.06251813229257885
    ],