{
    "ParameterSet": [
        0.0,
        0.0,
        0.0,
        0.0,
        0.0,
        0.0,
        0.0,
        0.0,
        0.0,
        0.0,
        0.0,
        0.0,
        0.0,
        0.0,
        0.0,
        0.0,
        0.0,
        0.0,
        0.0,
        0.0,
        0.5044372080402942,
        0.11179573179088269,
        0.22336131133168322,
        0.5238323908959595,
        0.4897837537401469,
        0.23336879209210276,
        0.156900132397411,
        0.2705401047539295,
        0.5045759819857375,
        0.4904423579823461,
        0.2409376907772342,
        0.1710147855545038,
        0.2840915832472842,
        0.5079500341720962,
        0.4593346845127408,
        0.21835216964225468,
        0.1690032511888188,
        0.3258838945822318,
        0.5074750373643965,
        0.2620683981985637,
        -0.04,
        -0.04,
        -0.04,
        -0.04,
        -0.04,
        -0.04,
        -0.04,
        -0.04,
        -0.04,
        -0.04,
        -0.04,
        -0.04,
        -0.04,
        -0.04,
        -0.04,
        -0.04,
        -0.04,
        -0.04,
        -0.04,
        -0.04
    ],
    "SensorParameterSet": [
        -0.11922472949172255,
        0.2120616015522212,
        0.05919873278182075,
        0.1135968227800178,
        -0.10052533856761034,
        0.057252823302006074,
        -0.02651576146551691,
        0.052912356592529325,
        -0.02186923065015267,
        -0.08161443757523429,
        -0.1803129028522637,
        0.07256369571268198,
        -0.000295642701146883,
        -0.029732917746077524,
        0.1389627839749897,
        -0.17683457207348627,
        -0.015828228358667592,
        -0.07640642760642716,
        0.011813712492560677,
        0.07433912037274835,
        -0.16458622631527878,
        -0.11936239891630358,
        -0.06164196779720346,
        -0.12193853309494976,
        -0.0494824984750905,
        -0.3133540252100017,
        -0.11383036298713756,
        0.031094730648380583,
        0.11344893333376534,
        0.04197546843563758,
        0.04825498136977673,
        0.027730463575493733,
        0.13653892235667492,
        0.04395489732944633,
        -0.054732159610747205,
        0.0596459712831934,
        0.03437372808181826,
        -0.049612026296987605,
        -0.05874445039648884,
        0.06549361844999084,
        0.22272091123808027,
        -0.07023245800684759,
        -0.06888122146602696,
        0.04679434228487807,
        0.03585528013601997,
        0.07135822424608651,
        0.10279715523355501,
        0.2185010718814256,
        0.09536624202859084,
        -0.1406611130925452,
        -0.16073281981549295,
        0.19023434663118868,
        0.03747043588439044,
        0.03885300429533103,
        -0.011960422814994673,
        -0.02753222685078887,
        -0.1361391266660996,
        0.07851170403154797,
        0.06314674595161139,
        0.11111914596252233
    ],
    "checked": "indirect",
    "iteration": 64,
    "noise_sensor_0": [
        -0.012692358959906176,
        0.006796619629782735,
        0.005463251285999053,
        0.003584606314396019,
        0.012390803205740843,
        -0.006349844001199245,
        -0.022475188700030437,
        -0.005126529229479134,
        0.005994688000390186,
        0.026859968142058408,
        0.006540753907053306,
        0.007336256145236868,
        0.020400071850249717,
        0.017741922873908224,
        0.007624770921860863,
        0.012730338549538303,
        -0.010442444504823208,
        -0.02019877921144548,
        0.006324587250161616,
        0.00355305814268455,
        0.0030912366475191353,
        0.004767525695982168,
        -0.03196801531180001,
        -0.01967589412873082,
        -0.0025468499644409333,
        -0.01580829132661001,
        -0.006678093765876436,
        -0.013207603768556684,
        -0.009746073031655228,
        -0.0308640206967516,
        -0.005096004934973923,
        0.013291311298868288,
        -0.00045209268396687323,
        -0.010530487855425456,
        0.0015549006500323336,
        0.014889980611049257,
        0.02334934034392568,
        0.022898752189821847,
        -0.00789302045364969,
        0.012540761068297318,
        0.01420791434526414,
        0.024757068794589443,
        0.0006597879831389288,
        0.017057532401803563,
        0.00311298815716915,
        0.00959660647563585,
        0.004461723554972353,
        0.006337176830290464,
        0.001453068417877174,
        0.00980812400612906,
        -0.007543068974041814,
        0.007730033674044248,
        -0.0065689291185155995,
        0.02078217495618296,
        0.0032557126518471236,
        0.005689719944059694,
        -0.009967813191870265,
        0.013288921470330657,
        0.021936698348125453,
        -0.017358679496136866
    ],
    "noise_sensor_1": [
        0.019126683573407553,
        -0.0017617333163384367,
        -0.005256022676965844,
        0.017977838897158822,
        0.009544740283643015,
        -0.005785965125547715,
        0.028392277309019307,
        0.018688239985150908,
        0.003431030223142645,
        0.014280696441733376,
        0.0033791875607610267,
        -0.01208704953632408,
        0.016932541840288574,
        0.0017822866877412339,
        0.01516003757158605,
        0.023005308267136416,
        -0.0037482399670275717,
        -0.015233311766324246,
        0.004620897123289131,
        -0.0031704978137043777,
        0.0201827780062728,
        0.015120986222478606,
        0.01051538351700515,
        0.000604411149811275,
        -0.005470792965099665,
        0.020885829816129492,
        -0.004358503495587011,
        -0.02409678570933989,
        0.015910945103830076,
        0.017327053523116535,
        0.005325681380037945,
        0.019448110293430566,
        -0.023543279859686045,
        0.005093264653722756,
        -0.00840478589129949,
        0.035238458200353234,
        0.008835713686666817,
        0.006487166328091021,
        0.014295154603411504,
        -0.010064930264895296,
        0.023227534099024172,
        0.020606223580247985,
        -0.02789662476150053,
        0.012296879576948456,
        -0.0026250798214285083,
        0.00027484371367389487,
        -0.0005383637347544602,
        -0.016522630616251335,
        0.004869472061587941,
        -0.003671030305557428,
        -0.004515505754122862,
        -0.004784957242596145,
        -0.03110767602030496,
        0.005581882460402349,
        0.031569026231117125,
        0.007105668856698864,
        -0.004274740766883641,
        0.0006853288233889878,
        0.0008944890342939394,
        -0.008032229612068046
    ],