{
    "ParameterSet": [
        0.0,
        0.0,
        0.0,
        0.0,
        0.0,
        0.0,
        0.0,
        0.0,
        0.0,
        0.0,
        0.0,
        0.0,
        0.0,
        0.0,
        0.0,
        0.0,
        0.0,
        0.0,
        0.0,
        0.0,
        0.5044372080402942,
        0.11179573179088269,
        0.22336131133168322,
        0.5238323908959595,
        0.4897837537401469,
        0.23336879209210276,
        0.156900132397411,
        0.2705401047539295,
        0.5045759819857375,
        0.4904423579823461,
        0.2409376907772342,
        0.1710147855545038,
        0.2840915832472842,
        0.5079500341720962,
        0.4593346845127408,
        0.21835216964225468,
        0.1690032511888188,
        0.3258838945822318,
        0.5074750373643965,
        0.2620683981985637,
        -0.04,
        -0.04,
        -0.04,
        -0.04,
        -0.04,
        -0.04,
        -0.04,
        -0.04,
        -0.04,
        -0.04,
        -0.04,
        -0.04,
        -0.04,
        -0.04,
        -0.04,
        -0.04,
        -0.04,
        -0.04,
        -0.04,
        -0.04
    ],
    "SensorParameterSet": [
        -0.10748247817994139,
        0.17607375886806212,
        0.05302049649922323,
        0.1315396461162023,
        -0.07122749137702065,
        0.047845916755591016,
        0.017666851175119604,
        0.04652293960138925,
        -0.025047775555525308,
        -0.09700908766534849,
        -0.17746347323449496,
        0.052204633107964186,
        0.04422394554382229,
        0.009650793824102317,
        0.11091588004966088,
        -0.1960937471934346,
        -0.00570123059640184,
        -0.11810920322112724,
        0.0699205345777856,
        0.04112857756136676,
        -0.1688668830959989,
        -0.10667953934234908,
        -0.0762672887327736,
        -0.12312667005041576,
        -0.03783697141739749,
        -0.3306299368581088,
        -0.054564972985522014,
        0.04534920315815003,
        0.11291205152561633,
        0.02992779406576114,
        0.0018457563840014435,
        0.0025674355770010774,
        0.10000233295715436,
        0.05120997630051095,
        -0.01764772545708937,
        0.0027161301506485377,
        0.019027706963503355,
        -0.035959693093705884,
        -0.05260981707408324,
        0.09039090560137417,
        0.21486181619432726,
        -0.042841822605212534,
        -0.11616359825362184,
        0.07944043354871694,
        0.0727606419615704,
        0.08491056033639009,
        0.10059957405527373,
        0.19372470584056406,
        0.1433587546716743,
        -0.17603629683941707,
        -0.1367812905810285,
        0.16675428387400562,
        0.05280301893793666,
        0.0552997453567319,
        -0.004042940797684078,
        -0.04635237728590718,
        -0.13268732039742528,
        0.09058339700455814,
        0.07146679911170858,
        0.0792835856990326
    ],
    "checked": "indirect",
    "iteration": 72,
    "noise_sensor_0": [
        -0.010121519778068582,
        0.022116131461767354,
        0.0033882052047936643,
        0.01816960164718227,
        0.007823678923207518,
        0.0011311403687697076,
        -0.004888140759148056,
        -0.009133838021328554,
        0.001556699807952025,
        0.021852243503044703,
        -0.02066883920761727,
        0.004548554269616643,
        0.006003401200268945,
        -0.027806911652267462,
        0.00690144039007898,
        0.00879523273135166,
        -0.006593996167085195,
        -0.006988426314787138,
        -0.01632905371865366,
        -0.014717436529805056,
        0.008755994955944174,
        -0.009028913804688964,
        -0.03192335652148323,
        0.0012594480925596486,
        -0.004235412802466208,
        -0.0015800101902722222,
        0.016398913156436063,
        0.009779665053696408,
        -0.004402001392176955,
        0.01187452471787795,
        -0.004640807559193056,
        0.02660887258467901,
        -0.006236102876475701,
        0.032109886255777244,
        -0.02346126035745765,
        0.007440518738073919,
        0.005108286509756413,
        0.022073210382896172,
        0.01721982552975506,
        0.00227163485609941,
        0.02108800195625733,
        0.016615697497890727,
        0.0032953724470368047,
        -0.01474562825190984,
        -0.014760370988908589,
        0.008818361536577042,
        -0.0018597273859242971,
        -0.0015056458358591281,
        -0.014887689741930438,
        0.01636481788345045,
        0.013028941890570493,
        0.008912643715817611,
        -0.00388276527637284,
        0.0032851024888391122,
        0.007399828501918871,
        -0.002597297362130015,
        0.01591628678512371,
        -0.005672253727985931,
        -0.014343462909671662,
        0.005231768389389837
    ],
    "noise_sensor_1": [
        0.00941907298397577,
        -0.004186168103789932,
        0.0026998560391911413,
        0.012823309976625796,
        0.009742156564643124,
        0.0006023574691875005,
        0.005805863309597104,
        0.009371093123474708,
        -0.02619080768330693,
        -0.006512280787647976,
        0.01469390247160955,
        0.006537904987566674,
        0.003520369363471931,
        -0.015629944939304165,
        0.0010398446461293033,
        0.0024153635098020875,
        -0.010632337518631031,
        0.004061688322656464,
        0.001184333604259108,
        0.008621611056245397,
        0.011169107933747962,
        -0.026997508443652812,
        0.009638838914376415,
        0.009301377711154874,
        -0.02328176605559314,
        0.01221603500520672,
        0.0002208294466004689,
        0.00829749188625392,
        -0.011055584479176437,
        -0.012979598084174293,
        -0.014770087004570623,
        -0.005265513072319071,
        0.014360248116041599,
        -0.013000936301515307,
        -0.0031290767006935884,
        -0.005943352090228121,
        -0.0260359304300401,
        0.004818303231419765,
        0.004246361729924853,
        0.0194770528988633,
        0.020661047122623736,
        0.0067633493437385984,
        -0.0004252721321359039,
        -0.025890366445509568,
        0.00022529590465627012,
        0.011004572422256737,
        0.019751817420460133,
        -0.011334325553711133,
        0.005368856981510996,
        -0.00419415348273974,
        -0.010894765606274911,
        0.01005035440586906,
        0.013167152352703947,
        0.01866738508540944,
        -0.006768492300606288,
        0.02654967562562032,
        0.025586053735299086,
        -0.0030281115042905715,
        -0.005424873686838538,
        0.040026606200470854
    ],