{
    "ParameterSet": [
        0.0,
        0.0,
        0.0,
        0.0,
        0.0,
        0.0,
        0.0,
        0.0,
        0.0,
        0.0,
        0.0,
        0.0,
        0.0,
        0.0,
        0.0,
        0.0,
        0.0,
        0.0,
        0.0,
        0.0,
        0.5044372080402942,
        0.11179573179088269,
        0.22336131133168322,
        0.5238323908959595,
        0.4897837537401469,
        0.23336879209210276,
        0.156900132397411,
        0.2705401047539295,
        0.5045759819857375,
        0.4904423579823461,
        0.2409376907772342,
        0.1710147855545038,
        0.2840915832472842,
        0.5079500341720962,
        0.4593346845127408,
        0.21835216964225468,
        0.1690032511888188,
        0.3258838945822318,
        0.5074750373643965,
        0.2620683981985637,
        -0.04,
        -0.04,
        -0.04,
        -0.04,
        -0.04,
        -0.04,
        -0.04,
        -0.04,
        -0.04,
        -0.04,
        -0.04,
        -0.04,
        -0.04,
        -0.04,
        -0.04,
        -0.04,
        -0.04,
        -0.04,
        -0.04,
        -0.04
    ],
    "SensorParameterSet": [
        -0.0735052459320517,
        0.18154145098301555,
        -0.014747768283445107,
        0.055744868821183825,
        -0.08391822098288419,
        0.08206007732473418,
        -0.07687639794845595,
        0.034446737104537765,
        0.0071754442732700815,
        -0.013497773363893175,
        -0.13797505920706832,
        0.038063662664543606,
        0.05511554881862592,
        -0.058632076746373725,
        0.17591176954769658,
        -0.17134650945761146,
        -0.034025592738428076,
        -0.08846810296743599,
        0.02420328717606,
        -0.03134461550430796,
        -0.09781602837881818,
        -0.21412580945275442,
        -0.08532052714911198,
        -0.12453264323087299,
        -0.03844243695428401,
        -0.24013279061574572,
        -0.11568285518350306,
        0.029462458421381114,
        0.08280604691947914,
        0.06884891217106572,
        0.04146284174698012,
        0.010049168508992512,
        0.08619948304133723,
        0.11390205157326802,
        0.0022315400420414443,
        0.13750000860079967,
        -0.05512612034770092,
        -0.009991237875620469,
        0.02546043796720108,
        0.06303163400326543,
        0.2626897843324473,
        0.055803533024513456,
        -0.0681900722795099,
        0.05858138492620782,
        0.05971020004403671,
        0.05441783670783226,
        0.08973526955814697,
        0.12987088974933383,
        0.10620232602973123,
        0.04216656346378358,
        -0.11123399325355056,
        0.12137755943311301,
        0.034177912921874394,
        0.013520450903170299,
        -0.02896699231440693,
        -0.05948243838062086,
        -0.13085073111982046,
        0.0739376747088122,
        0.029077230544213614,
        0.05334075580988082
    ],
    "checked": "indirect",
    "iteration": 37,
    "noise_sensor_0": [
        -0.005900773576239855,
        -0.013719644729428885,
        0.023238835552242265,
        -0.0012669163463685318,
        -0.016319902722443536,
        0.003037249952984425,
        0.006887239352270607,
        0.01424676018075883,
        -0.02562182678467806,
        -0.012743750438197313,
        -0.015928567698480216,
        0.026500058251319736,
        0.011184596955143731,
        -0.0044026831002035504,
        0.009272269520814506,
        -0.0030838779634750325,
        0.007989050301214934,
        -0.005508226204870224,
        -0.0010464659966416456,
        -0.026618382169066906,
        0.003335431567441707,
        0.013756166739336632,
        0.005320515084924734,
        -0.0055159446051385235,
        0.0026894796585072173,
        0.021523081703180333,
        0.009309157865548931,
        -0.008019081189633036,
        -0.01768677593683141,
        -0.018794383239689794,
        -0.023783272695219328,
        -0.0029615232482899266,
        -0.009610778236915876,
        0.013147161607786192,
        -0.00752094967745365,
        -0.00557368470096124,
        -0.011570247320018972,
        -0.02752855027945541,
        0.01385357548678046,
        -0.003543476084909192,
        -0.020870109260276538,
        0.016046420317168002,
        -0.005656193674370267,
        0.022458489881034407,
        0.01795010070089867,
        -0.010656873625162239,
        0.01607275989506371,
        0.024025161064774578,
        -0.0054741200379577765,
        0.012762282972240491,
        0.022441370739169544,
        0.00775489441820778,
        0.02253103466267895,
        0.002876301697224981,
        0.0013168957943576003,
        -0.0065580187552352395,
        0.005806650187514217,
        0.006443783499188081,
        0.05307421067767247,
        0.012685448152494797
    ],
    "noise_sensor_1": [
        0.006811137114426726,
        0.009650139985731996,
        0.021662008806168052,
        0.00654003287508333,
        0.03055431566609965,
        -0.001612062241294825,
        -0.016556835395493585,
        0.004626826436876865,
        0.018620835275688783,
        -0.001847565060912838,
        0.006290947564245445,
        -0.010791532060273851,
        -0.02288214302401593,
        -0.015383512092777564,
        -0.00763681582149998,
        -0.029184956694502624,
        -0.0006263144133717223,
        0.029392573119334183,
        -0.01572831207499631,
        -0.0016150103447770837,
        0.0014528993070976857,
        -0.0036162260003411687,
        0.034179453368288384,
        0.00042542617320093717,
        -0.017877652796720066,
        -0.014680813356076164,
        0.012024056314185471,
        -0.0006646286956171138,
        0.003521699275836189,
        -0.006346016831596151,
        0.022577647855003543,
        0.005689411381081337,
        0.0015799079272304731,
        -0.010904851447786896,
        -0.030770946992611875,
        0.030305888047436832,
        0.019603470748962813,
        0.0030381657671563404,
        0.013366978118723529,
        -0.0016760065692472885,
        0.019784726098219817,
        0.002037471748887331,
        -0.006717973535458916,
        0.00028840732555421224,
        0.01144669006005528,
        0.019004872713413192,
        -0.013225935845829862,
        0.010169376312673072,
        0.0007275483796969305,
        -0.01689058842254516,
        0.0050039126167878345,
        -0.05107249272703951,
        -0.003288411202699876,
        0.04467599448987709,
        0.010400210746418085,
        0.0007748579363943795,
        0.00947180355317813,
        -0.00631099229922744,
        0.009645117418546317,
        -0.008940296892925925
    ],