{
    "ParameterSet": [
        0.0,
        0.0,
        0.0,
        0.0,
        0.0,
        0.0,
        0.0,
        0.0,
        0.0,
        0.0,
        0.0,
        0.0,
        0.0,
        0.0,
        0.0,
        0.0,
        0.0,
        0.0,
        0.0,
        0.0,
        0.5044372080402942,
        0.11179573179088269,
        0.22336131133168322,
        0.5238323908959595,
        0.4897837537401469,
        0.23336879209210276,
        0.156900132397411,
        0.2705401047539295,
        0.5045759819857375,
        0.4904423579823461,
        0.2409376907772342,
        0.1710147855545038,
        0.2840915832472842,
        0.5079500341720962,
        0.4593346845127408,
        0.21835216964225468,
        0.1690032511888188,
        0.3258838945822318,
        0.5074750373643965,
        0.2620683981985637,
        -0.04,
        -0.04,
        -0.04,
        -0.04,
        -0.04,
        -0.04,
        -0.04,
        -0.04,
        -0.04,
        -0.04,
        -0.04,
        -0.04,
        -0.04,
        -0.04,
        -0.04,
        -0.04,
        -0.04,
        -0.04,
        -0.04,
        -0.04
    ],
    "SensorParameterSet": [
        -0.06932507801378088,
        0.13162253254881842,
        -0.021120039914689755,
        0.02614018923476772,
        -0.04594372606418047,
        0.0920047688789559,
        -0.07997661656321114,
        -0.003925404450052273,
        0.02664890247060078,
        0.02291624728830024,
        -0.10269705948452494,
        0.02838202008517362,
        0.001128507978961574,
        -0.08591428680134605,
        0.15029711147163496,
        -0.20041164466970887,
        -0.008470921699590777,
        -0.06997000234833502,
        0.03093660850523028,
        0.020676446770565217,
        -0.11708204227840553,
        -0.21890303524902197,
        -0.08561823088963594,
        -0.08791285886379785,
        -0.08485286815099886,
        -0.22082263500609728,
        -0.10636804525197939,
        -0.014617868098937977,
        0.07895959201872185,
        0.06782400785227405,
        0.035808408147524055,
        0.05421536463364416,
        0.07263806869438653,
        0.12130339721086969,
        0.05036160788834169,
        0.14467958562903424,
        -0.07423666549392495,
        -0.001986797966750026,
        0.0225360240020638,
        0.021935318560711015,
        0.2572002616335089,
        0.08476383683745048,
        -0.08729810271737189,
        0.06812721171244951,
        0.05012533699764332,
        0.060238125355256154,
        0.058492111208792004,
        0.1418939652510377,
        0.07490364335616362,
        0.03809572692129664,
        -0.11330977891877674,
        0.11442124639084832,
        0.05094138251909182,
        0.03690465766355925,
        -0.03923717743433918,
        -0.07783275157385372,
        -0.11190717954272937,
        0.06618007107182113,
        0.02573239010423936,
        0.013900558645001788
    ],
    "checked": "indirect",
    "iteration": 34,
    "noise_sensor_0": [
        -0.03463691892695936,
        -0.00998283373804376,
        -0.03182172953771401,
        -0.022358277765942774,
        0.025412458787450867,
        0.02221559122060432,
        0.009802591096509728,
        -0.01925979322807464,
        -0.005868276748603304,
        0.01355163457446826,
        -0.002679046496085464,
        0.014005374589451992,
        -0.011819846348798816,
        0.027019389714554243,
        -0.0061665586618677515,
        -0.02064479500317969,
        0.02515980104706447,
        0.013473105475682418,
        -0.010088506656276752,
        0.03678875015246114,
        -0.015519506832569285,
        -0.019779367056243356,
        0.002107013318799489,
        -0.033186096034297084,
        0.00525286834966264,
        -0.011348902972469974,
        -0.019440485228125706,
        -0.01053605234281622,
        -0.036027897574146754,
        0.021827275546071223,
        -0.007052543724546874,
        -0.0011436199754860216,
        -0.014474140325238048,
        0.05088830789469051,
        0.009088057625533335,
        0.004332914209235643,
        0.018764494686625062,
        -0.013579163246238991,
        0.032716123352251374,
        0.03023903947257643,
        -0.017431857272656268,
        0.006721714284874455,
        -0.004170448128541485,
        -0.008064417029527782,
        -0.03580493282798231,
        -0.015819611884921644,
        0.01884770293888868,
        -0.017569699497170518,
        -0.034240784951344236,
        -0.0030139051193928466,
        0.0108051211774443,
        0.010325493073225596,
        0.003265614714460963,
        -0.0024939481827828593,
        -0.03872701347789245,
        -0.0006064616248647562,
        -0.00903822996500448,
        -0.000361021777248739,
        0.008614287923660703,
        0.010352419884129015
    ],
    "noise_sensor_1": [
        -0.015228204799420202,
        -0.007282619617737001,
        -0.005752350850497903,
        -0.017172712653576575,
        -0.01021011318503263,
        -0.011489575397691819,
        -0.007794218500312105,
        -0.041225160297927325,
        0.004356315663039229,
        0.0010012622754182123,
        -0.0036671613585662556,
        -0.0005933724590249039,
        3.073121468132931e-05,
        -0.028823092945374496,
        0.028841163844464574,
        0.004228280694429035,
        0.01672272451283321,
        -0.014046199966191048,
        -0.009421005240810004,
        0.004585430106483197,
        0.01998178407720671,
        -0.018816018854646163,
        -0.0032121802443981127,
        -0.008269981396617148,
        -0.020737921814858333,
        -0.026036938366058818,
        -0.020221251487332233,
        -0.005217436373659641,
        0.01033128389191902,
        -0.025581072294608077,
        0.015447853949301925,
        0.0023356828484444973,
        -0.0442278653406071,
        -0.003394089045541504,
        -0.008334353434617808,
        -0.008187221727130725,
        0.030973333103304978,
        3.854745770343568e-05,
        0.0009601684902616073,
        0.005792423721512289,
        0.012339818355638507,
        0.018443493646493937,
        0.0008672270656126858,
        -0.012829421491457748,
        -0.000934324824562677,
        0.014212032614930495,
        -0.010311136650185168,
        -0.006502355893536665,
        -0.009649953993786733,
        0.02467322161088922,
        0.023346846533712905,
        -0.022208279985254972,
        0.007389747512847898,
        0.00795848403694845,
        -0.03849457393891668,
        -0.011031102261493557,
        0.00046481192493629973,
        0.003079306022040714,
        -0.018542085242877655,
        -0.007073116257692553
    ],