{
    "ParameterSet": [
        -0.02237126899415503,
        0.13186134699810248,
        0.0697168311050287,
        -0.03948089000309833,
        -0.006968726908577103,
        0.005019157127033872,
        -0.030215101568763295,
        -0.08985754979726902,
        -0.12164351269848449,
        -0.12467823665873867,
        -0.0794132245401959,
        -0.08154962150400125,
        -0.019199366047454276,
        0.015635434886655912,
        0.12530975451281082,
        -0.012028790270912094,
        0.10438593697170061,
        0.020425391073755773,
        0.12700421001333367,
        0.06369970062646738,
        0.5522301698830485,
        0.22273065879602763,
        0.2093765630066483,
        0.457910513567651,
        0.6600364800545149,
        0.21658146471454764,
        0.1268328678778394,
        0.16959453449965503,
        0.6024602386659472,
        0.5326794701570832,
        0.14509635633439408,
        0.12884610665067173,
        0.3412472194114216,
        0.47198655108040194,
        0.4049594846110348,
        0.19784083778946,
        0.174037949634407,
        0.23947305062871924,
        0.4503861119858865,
        0.31307568387783247,
        -0.059649171150651985,
        -0.14277616143864966,
        0.02675700032644221,
        -0.13162009537539454,
        -0.06114723217207347,
        -0.13381007166342904,
        -0.08915512012652291,
        -0.11581103542717,
        -0.0421404553493147,
        -0.17104083380896715,
        -0.057429983324474916,
        0.037242082561639606,
        -0.10615528659977747,
        -0.06929329760751843,
        -0.09935941067381474,
        0.005154410669951213,
        -0.06602222386881244,
        -0.11693504363727109,
        -0.06100381510335273,
        -0.10629709576938456
    ],
    "SensorParameterSet": [
        0.0,
        0.0,
        0.0,
        0.0,
        0.0,
        0.0,
        0.0,
        0.0,
        0.0,
        0.0,
        0.0,
        0.0,
        0.0,
        0.0,
        0.0,
        0.0,
        0.0,
        0.0,
        0.0,
        0.0,
        0.0,
        0.0,
        0.0,
        0.0,
        0.0,
        0.0,
        0.0,
        0.0,
        0.0,
        0.0,
        0.0,
        0.0,
        0.0,
        0.0,
        0.0,
        0.0,
        0.0,
        0.0,
        0.0,
        0.0,
        0.0,
        0.0,
        0.0,
        0.0,
        0.0,
        0.0,
        0.0,
        0.0,
        0.0,
        0.0,
        0.0,
        0.0,
        0.0,
        0.0,
        0.0,
        0.0,
        0.0,
        0.0,
        0.0,
        0.0
    ],
    "checked": "indirect",
    "iteration": 55,
    "noise_0": [
        -0.004861175497174689,
        -0.010701921011139386,
        0.003321655763529437,
        0.0065014864851865,
        -0.002066097599195215,
        0.0056234959122477045,
        -0.0022857935523330638,
        -0.014063167353371708,
        -0.00589118285220418,
        -0.009528665468187165,
        -0.030625672921378345,
        -0.0012285600736858947,
        -0.009296151204474018,
        -0.018114467275365736,
        -0.004624202546015505,
        -0.006812323305331834,
        -0.026133203743931483,
        0.027220667433804538,
        0.00809455047937802,
        0.018157793037990037,
        -0.004645703067727318,
        0.005412419500922275,
        -0.00928423338908164,
        0.0033177471646435807,
        -0.006519880418246221,
        -0.004921514586269991,
        0.0007142615291479858,
        -0.01002335793519209,
        -0.01841475715289207,
        0.0001731382976427457,
        0.004570507067502959,
        0.006892180446412826,
        -0.002169286426994496,
        -0.025022840213524668,
        -0.0029796489603894404,
        0.001764360964614761,
        -0.008897178303095998,
        -0.024603668303992746,
        0.002117542631144634,
        0.001187652828001265,
        0.00513995164730215,
        0.009425903372160009,
        -0.021908512301639083,
        -0.004831803526020032,
        -0.0034765944895994057,
        0.0012614071237591472,
        -0.007683021867619755,
        -0.019503107670167698,
        -0.011055016967501117,
        0.0067907600562343295,
        -0.0020137339171285226,
        -0.011486688022950891,
        0.003698881099134205,
        0.007734380867319732,
        0.01517878883734364,
        -0.008620982413709908,
        0.004734654226057339,
        -0.0004510587245383032,
        0.003166071008192444,
        0.002553892810227749
    ],
    "noise_1": [
        0.009358918131238996,
        -0.007179537427604401,
        0.007922951671344646,
        0.010436123200306699,
        0.013682896246773059,
        0.008748185748437854,
        0.001865137986218383,
        0.0034600102986974334,
        0.005697016585437551,
        -0.007689742389426426,
        0.008221893188141833,
        -0.008067337261260021,
        0.014454125738087567,
        -0.01391022555779364,
        0.004024487781319693,
        -0.0014269256410420897,
        -0.005530386775383633,
        -0.016232084203038236,
        -0.0023235281629551425,
        -0.005290742286460406,
        0.010059083140356721,
        -0.012305888424668827,
        0.013167824889983307,
        -0.00674358716572538,
        0.006008461143695355,
        0.008836457217472024,
        -0.009280707129480942,
        0.017306490494020128,
        0.015315099639906241,
        0.008274548784715618,
        -0.0012120677397180887,
        -0.00024137249994050152,
        0.010573050033567014,
        -0.0006966128095372195,
        -0.010962434811564928,
        -0.0009805463893983936,
        0.013347152267565856,
        0.009429016534743519,
        0.0027393376307666474,
        0.0189925846337011,
        0.008035597628543235,
        -0.012010116582528286,
        -0.00343241327975205,
        -0.012898996163774375,
        0.01210079004794289,
        0.008316163464307537,
        -0.01972933005177861,
        0.02027325208979454,
        -0.0037799704972826284,
        0.003945634981185455,
        -0.036055664489622316,
        -0.00556244608381634,
        -0.013501347437259077,
        0.011953858630833225,
        -0.009529795487374992,
        0.013052556452054652,
        -0.001543612205734029,
        0.015029538496625283,
        0.0034589064771949323,
        0.012202893485851657
    ],