{
    "ParameterSet": [
        0.012999509806466754,
        0.10061524572408787,
        0.03851695694010814,
        -0.014249291461535966,
        0.009712058623067217,
        0.015761653804085132,
        -0.0021315787667728313,
        -0.08697579292808705,
        -0.0715187292340782,
        -0.12701031957714365,
        -0.026451349878799078,
        -0.09665988908274485,
        -0.00732294529729359,
        0.029191199044032855,
        0.12611475973530228,
        -0.014644630128466412,
        0.06510717611756513,
        0.06148269649801502,
        0.1331821135277645,
        0.05917399328869382,
        0.5467404297741921,
        0.12138829245061475,
        0.22447106366908057,
        0.437619059214117,
        0.5692560249493769,
        0.2484178287223485,
        0.17504155982502564,
        0.19518266143150753,
        0.4890637130664708,
        0.5111128230506122,
        0.21673777158276852,
        0.14000341949470654,
        0.31175484729049646,
        0.5128985593079399,
        0.35774370413784373,
        0.21593125888065506,
        0.15695220277328814,
        0.23629439673053573,
        0.49336692152314127,
        0.3071233023790667,
        -0.0020093912907481457,
        -0.1464761563873948,
        0.0055189690792268,
        -0.059133178630759925,
        -0.08469482848642039,
        -0.07436987469538173,
        -0.03563344096412609,
        -0.0875526970503155,
        -0.07739710726125906,
        -0.11881766332446532,
        -0.03214280840771427,
        0.03729239059331408,
        -0.0745773705641791,
        -0.09007412809347211,
        -0.08069070205016635,
        0.00161134502883651,
        -0.13703677354448324,
        -0.006674916623769313,
        -0.05406720694751323,
        -0.06311221504521773
    ],
    "SensorParameterSet": [
        0.0,
        0.0,
        0.0,
        0.0,
        0.0,
        0.0,
        0.0,
        0.0,
        0.0,
        0.0,
        0.0,
        0.0,
        0.0,
        0.0,
        0.0,
        0.0,
        0.0,
        0.0,
        0.0,
        0.0,
        0.0,
        0.0,
        0.0,
        0.0,
        0.0,
        0.0,
        0.0,
        0.0,
        0.0,
        0.0,
        0.0,
        0.0,
        0.0,
        0.0,
        0.0,
        0.0,
        0.0,
        0.0,
        0.0,
        0.0,
        0.0,
        0.0,
        0.0,
        0.0,
        0.0,
        0.0,
        0.0,
        0.0,
        0.0,
        0.0,
        0.0,
        0.0,
        0.0,
        0.0,
        0.0,
        0.0,
        0.0,
        0.0,
        0.0,
        0.0
    ],
    "checked": "indirect",
    "iteration": 32,
    "noise_0": [
        -0.0017954204359931626,
        -0.019389135391087962,
        0.025909918494560483,
        -0.007309784359306282,
        -0.007883944969676869,
        0.0006566383058023565,
        -0.002870217445962803,
        0.0038625791424805062,
        0.001884952632978673,
        0.00681455426723101,
        0.005757625306316817,
        -0.0033740509278390417,
        -0.0020492709529144446,
        -0.0008436310357125445,
        -0.01117964457911358,
        1.5160902490937841e-05,
        0.0019540785830400582,
        0.008627210503465179,
        -0.003585337366199962,
        -0.011149409667409472,
        -0.0035571024953247343,
        -0.005846729422249002,
        0.022239725370343442,
        -0.0030850328546221874,
        -0.01382403048628773,
        -0.005145004307313173,
        -0.018381528468083143,
        -0.01845847256366554,
        -0.013817170410117968,
        0.01025226559937882,
        0.02575193088755685,
        0.009538436989355003,
        0.01910765238047149,
        -0.010657634778693097,
        0.0026172069094977136,
        -0.020492528162414307,
        0.0077715217084769975,
        0.02206495671374104,
        0.00815215345882082,
        0.0019987825322904493,
        -0.018965208751505185,
        0.009116717919882462,
        0.007964748481405453,
        0.001584152558666416,
        -0.019320836150668923,
        -0.003195867678670502,
        -0.014868305705800474,
        -0.027129065180493742,
        -0.007326910010371058,
        -0.01804060172333503,
        -0.013328657973381083,
        -0.004213857220471286,
        0.0043463448291321885,
        -2.914265546919163e-05,
        0.02446671487932634,
        0.004197848656788677,
        -0.007081965139237432,
        0.03306372145247432,
        0.027240730706080105,
        0.020427155529633576
    ],
    "noise_1": [
        -0.013515724091634509,
        -0.0029893378907642877,
        -0.009640599021961281,
        0.017478642164378888,
        -0.001846528291040059,
        0.02052228945719336,
        0.0002001800661262034,
        -0.012168947533313651,
        0.007767683526695917,
        0.0005012878278687543,
        -0.0017384420757568751,
        -0.015145170875993383,
        -0.016336456872914823,
        0.009625896347018213,
        0.01778083549232296,
        -0.019096171295416287,
        0.006754633631393007,
        0.015331956764104291,
        -0.01795217782995808,
        0.02816854646684324,
        0.017434744456049103,
        -0.00047184996175214395,
        -0.000661715449443345,
        0.010352653408730202,
        0.022059352126952276,
        -0.014813911055160976,
        0.0016658246959959406,
        0.003753806655987102,
        0.004160749935899769,
        0.009014361082140345,
        -0.012252560785665067,
        0.008324522097425667,
        0.0009728373965645471,
        -0.005331780611854123,
        0.00532163226768904,
        0.02601403155071853,
        -0.011385105029373474,
        -0.008795974572738834,
        0.01078121901445364,
        0.004155309671375462,
        0.01571911364399617,
        0.006734965988879749,
        0.019994478659580955,
        0.0009068485751346103,
        -0.007200058794081116,
        -0.03101454148112369,
        -0.002724791263383705,
        -0.011265166417939258,
        -0.01827330705418076,
        0.031092872984038577,
        0.0015876551675616808,
        -0.00335269196453636,
        0.023929406416358354,
        0.011003678289462665,
        0.01011139330152197,
        -0.011797630599687072,
        0.0036314502638791143,
        0.0072004214517338285,
        -0.014260747509488483,
        -0.044611125901545465
    ],