{
    "ParameterSet": [
        0.013016389452092826,
        0.15389352494733866,
        0.050296829759063626,
        -0.05711138991399739,
        -0.02031262279879994,
        0.030031965232300346,
        -0.03267458740702597,
        -0.1158666171740443,
        -0.08776336839161013,
        -0.13209906486258588,
        -0.032956362536491986,
        -0.12414870280383412,
        -0.05392683592319075,
        0.03853173393377478,
        0.14577758900802992,
        -0.010021396838215773,
        0.05370924948453546,
        0.07119111965274724,
        0.14793353143868684,
        0.028183166289331898,
        0.5561931431456031,
        0.20737828792440172,
        0.19144502118891266,
        0.45689970310503075,
        0.6547346316052944,
        0.1894910408310827,
        0.16593035383463,
        0.18158010521389747,
        0.5842841810243028,
        0.5491592663751262,
        0.19510606820248302,
        0.12743840872865517,
        0.3391035199768454,
        0.5094582598804471,
        0.3920259309643758,
        0.2399695518107279,
        0.17439879500871694,
        0.22996513407483704,
        0.4833387194554633,
        0.3109432044528321,
        -0.04357465149994736,
        -0.1539006676598484,
        0.021576061134962583,
        -0.09032550485128879,
        -0.05517841493559804,
        -0.12035527922320216,
        -0.09628505580670862,
        -0.10015644136045902,
        -0.06418005480481014,
        -0.19140231522837237,
        -0.027373829094179285,
        0.045087662528037885,
        -0.08450963225327561,
        -0.08326351026007557,
        -0.12559695269131607,
        -0.0022241607889644,
        -0.08153751819089221,
        -0.08836514303921217,
        -0.07493309629981651,
        -0.10933806696289214
    ],
    "SensorParameterSet": [
        0.0,
        0.0,
        0.0,
        0.0,
        0.0,
        0.0,
        0.0,
        0.0,
        0.0,
        0.0,
        0.0,
        0.0,
        0.0,
        0.0,
        0.0,
        0.0,
        0.0,
        0.0,
        0.0,
        0.0,
        0.0,
        0.0,
        0.0,
        0.0,
        0.0,
        0.0,
        0.0,
        0.0,
        0.0,
        0.0,
        0.0,
        0.0,
        0.0,
        0.0,
        0.0,
        0.0,
        0.0,
        0.0,
        0.0,
        0.0,
        0.0,
        0.0,
        0.0,
        0.0,
        0.0,
        0.0,
        0.0,
        0.0,
        0.0,
        0.0,
        0.0,
        0.0,
        0.0,
        0.0,
        0.0,
        0.0,
        0.0,
        0.0,
        0.0,
        0.0
    ],
    "checked": "indirect",
    "iteration": 44,
    "noise_0": [
        -0.011064005093020858,
        0.01127515826498116,
        0.004152223829464905,
        -0.0005122943812925714,
        0.00015894795505211714,
        0.003410523096305915,
        -0.01665975100007785,
        -0.003637119280172112,
        -0.0008237943883150731,
        0.01011660604884181,
        0.012908197446370489,
        -0.011729375028995284,
        0.006306304292026495,
        0.014738986231226705,
        -0.007993455343714392,
        0.02353850155894174,
        0.003103506989460356,
        -0.006150005309234067,
        0.0039407974303541215,
        -0.00635862029360492,
        -0.006042951654013029,
        -0.003777306956959173,
        0.009835813444605924,
        0.0032731337069401086,
        -0.004440702499397454,
        0.0001799295237146091,
        -0.041625230476440414,
        0.012937185607970011,
        0.019629951558940716,
        -0.018506287085952124,
        -0.012673815344445295,
        -0.006109390951016348,
        0.00873813697869511,
        -0.0034057067561452828,
        0.003873277172142791,
        0.020620495500199128,
        0.001931135353812427,
        0.0038470470543641878,
        0.02087288567270417,
        -0.011334679793709123,
        -0.0010999853870725656,
        0.004255369714001169,
        0.016841565454092672,
        -0.009770843401326064,
        0.002115751094350732,
        -0.011380569629406267,
        -0.013112009264354121,
        -0.021936901943606726,
        -0.00935307785288949,
        -0.00303733285186188,
        0.010981267185585087,
        0.0038784835775017403,
        0.013143571613715533,
        0.0013625310948315382,
        -0.0014764128090056859,
        -0.006263371587843046,
        -0.008839194392592696,
        -0.02093175226635238,
        -0.012018989986362827,
        -0.013127827787586623
    ],
    "noise_1": [
        -0.01266982411500234,
        0.001126644849422915,
        -0.009651823560021549,
        -0.0022773385240618636,
        -0.008316630219707029,
        0.0008994462098905745,
        0.0013751834525232837,
        -0.0015528821990971645,
        0.011253806687488283,
        -0.002327730896081837,
        0.0038514098619821767,
        -0.00010972800910370536,
        -0.011383383064567827,
        0.0031551878090656823,
        0.005069530399619281,
        -0.008397959715827411,
        -0.014830894547994853,
        -0.01528079270972813,
        0.005461872437591905,
        -0.022905031782471955,
        -0.010221874189353868,
        0.009146568385204435,
        -0.0031178727616740136,
        0.011939300911869385,
        -0.011407025785603394,
        0.00961165243099335,
        -0.004339386206078332,
        0.005567189318974333,
        -0.008621947523227395,
        -0.011937599446445454,
        -0.00309960548662524,
        0.007229692731598026,
        -0.022058377079394464,
        0.008243237824687982,
        -0.005166231342063278,
        0.009124268222854278,
        -0.008718632393293462,
        0.007701144714780497,
        -0.008833933781446767,
        -0.009317703132214248,
        -0.016358779177878903,
        -0.003877632531191616,
        -0.006637654110384868,
        0.01605101603525886,
        0.0005469365927852102,
        0.02884996723721935,
        0.029317923643444137,
        -0.014463333208850591,
        0.014673577976576074,
        0.009680798825067168,
        0.012326359938090078,
        0.0037780618703104883,
        0.015327398558068379,
        -0.007054121107519481,
        0.0011196632607006073,
        -0.018498150636620074,
        -0.004387528240894808,
        -0.007758794746973294,
        0.02902401920271475,
        0.006648354646705486
    ],