{
    "ParameterSet": [
        -0.06055961686309505,
        0.17122055804022027,
        0.1334832456980918,
        0.003966933055212941,
        -0.0614561088211119,
        -0.02745445624609055,
        0.0028642258763777466,
        -0.0976279368231749,
        -0.08798434928160359,
        -0.11526207458795654,
        -0.05072419858125011,
        -0.06281128249003096,
        -0.07741670765387591,
        0.002501628703943945,
        0.17700428881886957,
        -0.037061721683815975,
        0.11765167048161129,
        0.029440613056499487,
        0.18367786455645538,
        0.01781390797874072,
        0.497346125685182,
        0.15467501261124017,
        0.20219281404652212,
        0.4552261509673177,
        0.6692765190782908,
        0.23445749362286755,
        0.0771823101784468,
        0.19606567699497057,
        0.627443227234309,
        0.5499451429698823,
        0.12965317418305755,
        0.10603087616168966,
        0.3491725025787914,
        0.45458632348401046,
        0.3804247965741002,
        0.21028347313974793,
        0.1935398904062859,
        0.28172861991406095,
        0.4529626880788945,
        0.26041381716812134,
        -0.0649902865971278,
        -0.16659066626074212,
        -0.0025678875903241754,
        -0.11825964550163491,
        -0.13054696077007716,
        -0.07063107195599237,
        -0.07243604536074008,
        -0.1274298384803402,
        -0.028138748231853167,
        -0.19804651794378686,
        -0.04066846405532552,
        -0.008350861744469465,
        -0.10341287737127573,
        -0.11704620763791158,
        -0.05668587337606055,
        -0.010910133001352764,
        -0.12032110520141892,
        -0.12650037277921558,
        -0.0642641336647015,
        -0.13436129779048558
    ],
    "SensorParameterSet": [
        0.0,
        0.0,
        0.0,
        0.0,
        0.0,
        0.0,
        0.0,
        0.0,
        0.0,
        0.0,
        0.0,
        0.0,
        0.0,
        0.0,
        0.0,
        0.0,
        0.0,
        0.0,
        0.0,
        0.0,
        0.0,
        0.0,
        0.0,
        0.0,
        0.0,
        0.0,
        0.0,
        0.0,
        0.0,
        0.0,
        0.0,
        0.0,
        0.0,
        0.0,
        0.0,
        0.0,
        0.0,
        0.0,
        0.0,
        0.0,
        0.0,
        0.0,
        0.0,
        0.0,
        0.0,
        0.0,
        0.0,
        0.0,
        0.0,
        0.0,
        0.0,
        0.0,
        0.0,
        0.0,
        0.0,
        0.0,
        0.0,
        0.0,
        0.0,
        0.0
    ],
    "checked": "indirect",
    "iteration": 72,
    "noise_0": [
        0.010876524743361921,
        -0.005110747662032233,
        0.0031087119779621116,
        -0.005497176734805452,
        -0.013526244552288014,
        0.009369772576821252,
        0.008316884081274938,
        -0.00027394546196722293,
        0.007428788461694115,
        -0.015342139225629447,
        -0.0027465487980942826,
        0.0043000437381042304,
        -0.012484295868451262,
        -0.003877216129940959,
        0.007847181252420198,
        0.025138682122248998,
        -0.022346006790354856,
        -0.0036684469239339538,
        0.0004833744605371791,
        0.003882916150006066,
        0.0036052591325601833,
        0.002440633959399873,
        -0.01072463213206973,
        0.00077311913629166,
        0.0021138025389778477,
        -2.5173547168456856e-05,
        0.008264857019743789,
        0.00552381707638669,
        -0.00037929489395634685,
        -0.005311999984237662,
        -0.009654721247699715,
        0.023505642303229726,
        -0.020301038980799463,
        0.00025807802934847354,
        0.006498323471456655,
        0.02121373209700403,
        -0.012667162212910728,
        0.001668707269590579,
        0.006627067286278242,
        -0.00838068254396884,
        0.01104597585188907,
        -0.0067557479314786974,
        -0.019231647793150945,
        -0.014969406315824338,
        0.010987313451196532,
        -0.003268175380098143,
        -0.00012263312687972903,
        -0.0030318699766580352,
        -0.021040816577192038,
        0.003171510034005862,
        -0.008632090200438985,
        -0.0038627152110922843,
        -0.00825197971018442,
        -0.010909377613312659,
        0.0022782963664248067,
        0.025598981582689282,
        -0.004611494148416072,
        -0.003109786718608531,
        0.016378877189016733,
        -0.005585517771388494
    ],
    "noise_1": [
        -0.018163556510961007,
        -0.004258085568422815,
        -0.005674977348562749,
        -0.008426180889496744,
        0.0008691818971897089,
        0.0022188039754136198,
        0.003559725562881101,
        0.00030198117535592314,
        -0.01408798796995551,
        0.005595260495672935,
        -0.011485823877361842,
        0.0014948355697670139,
        0.022561100544825533,
        0.007257462932376686,
        0.01708670024593802,
        -0.013019458260694276,
        -0.00624426801410608,
        -0.017189153199156457,
        0.0027341909605592854,
        0.006903019708822448,
        0.0061556540421378375,
        0.008210092513674138,
        0.020468877816347267,
        0.013218661746975072,
        -0.029959048619755107,
        0.029639849265800797,
        0.004217119031087754,
        0.009861640808648492,
        0.006869088046426374,
        -0.00872549608697545,
        -0.016077065643856702,
        0.017210650966542056,
        -0.0011142343172553778,
        0.004406426665011313,
        0.0030998265513609126,
        -0.00995179152299784,
        0.0003058158365191081,
        -0.0022292644923254785,
        -0.009468530667826474,
        0.029299113543450977,
        -0.004814601255678639,
        0.0172863209901589,
        0.0036901735963580313,
        0.007072521059478978,
        -0.0047849767588476946,
        0.021099415354662397,
        0.01995744014122234,
        -0.0015797842145063724,
        0.01732011528920908,
        -0.00303794960089385,
        -0.01231992257513984,
        0.006229544067111673,
        0.012849019978164207,
        0.01933682214367074,
        0.007963534318945198,
        -0.012158312345016202,
        0.0006540394660148075,
        -0.010107150588511226,
        -0.006216946346591386,
        -0.0039555458288113
    ],