{
    "ParameterSet": [
        0.020174164560670733,
        0.11473903327110048,
        0.04854478313511566,
        -0.018535577298784568,
        0.0018331305385678122,
        0.007222374822058456,
        0.007466780452026533,
        -0.07579356456143858,
        -0.05085485935357533,
        -0.11383286406423587,
        -0.0034279589526301714,
        -0.10405067158295843,
        -0.02354754749021813,
        0.0365261437984764,
        0.12499002249229348,
        -0.010963717327763448,
        0.06356633319244254,
        0.05237404606946811,
        0.1392196346848958,
        0.06273114503440094,
        0.5306402441796271,
        0.12354933003622363,
        0.23406429132316178,
        0.43387170151030413,
        0.5719130417272598,
        0.23877654162890888,
        0.1868976515563821,
        0.2084776145084344,
        0.49301001154175617,
        0.5160183640823341,
        0.2206000603204037,
        0.13437027760304332,
        0.3106873689163244,
        0.52646539619056,
        0.34979855120614006,
        0.22173125907246036,
        0.13937395748967676,
        0.24337692467538577,
        0.5037597688946197,
        0.30676845186631085,
        0.01025587278328263,
        -0.1309492161133276,
        -0.00302035283575917,
        -0.07013955287436711,
        -0.0984211410412871,
        -0.09399337805318315,
        -0.02970214058610332,
        -0.09450271620960697,
        -0.06974701364632206,
        -0.11185107522839491,
        -0.05624027911417516,
        0.03141513391419467,
        -0.0867125206688878,
        -0.10778629258636169,
        -0.09854732264629505,
        -0.016308949543348997,
        -0.13437793656715072,
        -0.009491980157251086,
        -0.05935689164190874,
        -0.05602956364158817
    ],
    "SensorParameterSet": [
        0.0,
        0.0,
        0.0,
        0.0,
        0.0,
        0.0,
        0.0,
        0.0,
        0.0,
        0.0,
        0.0,
        0.0,
        0.0,
        0.0,
        0.0,
        0.0,
        0.0,
        0.0,
        0.0,
        0.0,
        0.0,
        0.0,
        0.0,
        0.0,
        0.0,
        0.0,
        0.0,
        0.0,
        0.0,
        0.0,
        0.0,
        0.0,
        0.0,
        0.0,
        0.0,
        0.0,
        0.0,
        0.0,
        0.0,
        0.0,
        0.0,
        0.0,
        0.0,
        0.0,
        0.0,
        0.0,
        0.0,
        0.0,
        0.0,
        0.0,
        0.0,
        0.0,
        0.0,
        0.0,
        0.0,
        0.0,
        0.0,
        0.0,
        0.0,
        0.0
    ],
    "checked": "indirect",
    "iteration": 30,
    "noise_0": [
        -0.003298645817895557,
        -0.015607793350083547,
        0.00619906330351461,
        -0.00231810368787915,
        -0.008245922137419908,
        0.010253500635530812,
        0.003805631903567395,
        0.015618966466809681,
        0.009293197348520247,
        -0.019992413896354668,
        -0.00020953196364483778,
        0.007973921505547165,
        -0.0044948423261895664,
        -0.0016507199794817413,
        0.015491886986368176,
        0.0076893849242972365,
        -0.006025622020234338,
        -0.005333751133850022,
        -0.008341091482763194,
        0.001764516745206252,
        -0.00889572202785768,
        0.023609395948650937,
        -0.018011805371657606,
        0.005277445135036759,
        0.010339337626344095,
        0.0011275117188590097,
        0.0008039340114371413,
        -0.013026865576462971,
        -0.005607437091311966,
        0.007563537342943735,
        0.013977720958527682,
        0.01163409270650642,
        0.014562588434577,
        -0.020554619409934114,
        -0.007983669388844154,
        -0.009538294596448784,
        0.024188071746853897,
        0.008852990765105734,
        0.010013661585811963,
        -0.00877658739260577,
        0.0175860747664612,
        0.026544352278326695,
        -0.0060062134265290185,
        -2.9056007686287456e-05,
        0.0008404772416040405,
        -0.03344999839430922,
        0.0009746483590409021,
        0.0023200891365166673,
        0.014613201231539925,
        0.008537230906994901,
        -0.013756124513819147,
        -0.015883703389170657,
        -0.004095973629866241,
        -0.0029147910270835046,
        0.00312186900217936,
        -0.013184675866561826,
        0.015511806222328462,
        0.025948734507825654,
        0.03288258285595338,
        -0.003701272284453677
    ],
    "noise_1": [
        -0.024627434853874964,
        0.011162719630966446,
        0.004430124882172314,
        0.007041312455074249,
        0.013825675521407253,
        0.014988640579369765,
        0.003065508791756648,
        -0.0168461658742871,
        -0.000706471201608422,
        -0.009538482030442873,
        -0.010613283282211967,
        0.001330703073672737,
        0.009460875531314573,
        -0.02099542198200759,
        -0.02229379912785465,
        0.010395008543666867,
        -6.259618487435395e-06,
        0.0016727939758691102,
        -0.009444417347865195,
        0.0030314157484115393,
        -0.011199254425330343,
        -0.025800526317869377,
        0.011949168219527668,
        -0.0032924507050112674,
        -0.03195042615476433,
        -0.001565845177722773,
        0.009688354124668137,
        0.006668516715817787,
        -0.005095229043918604,
        0.017741314147200937,
        0.013942537187131475,
        -0.017388532816338915,
        0.00041784888013506716,
        0.017570195647448845,
        -0.005370391798707563,
        0.01695710065204998,
        0.003929967276885685,
        -0.0008584820001822002,
        -0.01584235344046783,
        -0.015567031857098589,
        -0.007475738627084939,
        0.023879876504627064,
        -0.0076756624259683714,
        0.02190508555772813,
        0.0017200082458586543,
        0.0006596918801071388,
        0.009857513902395927,
        0.0030324591640816956,
        -0.00298814214031428,
        0.004116439328886205,
        0.0022196701771317728,
        0.007720987709228248,
        -0.013688857891873414,
        -0.016613468743697617,
        0.003318014377374857,
        -0.0013084901612199194,
        0.006247973792937375,
        0.02690976030966325,
        -0.0049194595552201625,
        0.015624744533691715
    ],