{
    "ParameterSet": [
        0.002366366283398317,
        0.11297906217921252,
        0.04736468367664038,
        -0.01570076448399081,
        0.005213181354955134,
        0.010071403562184167,
        0.001301578447046888,
        -0.0766416966199964,
        -0.06634988121408333,
        -0.1083495508221215,
        -0.015124235041930553,
        -0.10018829842997652,
        -0.02753641510904204,
        0.039235370702579465,
        0.1382652477119031,
        -0.004989311711310065,
        0.06291497381526513,
        0.056103788305391464,
        0.13904619299962043,
        0.07138178406468117,
        0.5389360797699351,
        0.13035706655645882,
        0.23418871712683959,
        0.4349560372004794,
        0.5747469361599353,
        0.2396468309763593,
        0.18755060727793554,
        0.2075738654512012,
        0.4925086287409762,
        0.516487446083203,
        0.21867402754738927,
        0.13874973302216323,
        0.32253149874908627,
        0.5183629874704327,
        0.353799183505236,
        0.20620073969733368,
        0.14094069313737664,
        0.245393310669909,
        0.5078051778044781,
        0.3105274858928139,
        0.012821867399724992,
        -0.12668304241587788,
        -0.0088448805203972,
        -0.06934685814666328,
        -0.09817584788297186,
        -0.09299492987227045,
        -0.01816777085197756,
        -0.080160577485821,
        -0.07344736524987872,
        -0.1107559228444192,
        -0.052502623995473785,
        0.032048412936894484,
        -0.0785005814329735,
        -0.10295528053329182,
        -0.09295379117360864,
        -0.014717826500159691,
        -0.13477406339368697,
        -0.011496470717172854,
        -0.05938682283336546,
        -0.057792102418588155
    ],
    "SensorParameterSet": [
        0.0,
        0.0,
        0.0,
        0.0,
        0.0,
        0.0,
        0.0,
        0.0,
        0.0,
        0.0,
        0.0,
        0.0,
        0.0,
        0.0,
        0.0,
        0.0,
        0.0,
        0.0,
        0.0,
        0.0,
        0.0,
        0.0,
        0.0,
        0.0,
        0.0,
        0.0,
        0.0,
        0.0,
        0.0,
        0.0,
        0.0,
        0.0,
        0.0,
        0.0,
        0.0,
        0.0,
        0.0,
        0.0,
        0.0,
        0.0,
        0.0,
        0.0,
        0.0,
        0.0,
        0.0,
        0.0,
        0.0,
        0.0,
        0.0,
        0.0,
        0.0,
        0.0,
        0.0,
        0.0,
        0.0,
        0.0,
        0.0,
        0.0,
        0.0,
        0.0
    ],
    "checked": "indirect",
    "iteration": 31,
    "noise_0": [
        -0.019883097687952895,
        0.007119956350282793,
        -0.005667188256121244,
        0.004530844107364944,
        -0.008730591024980059,
        -0.03461489555377619,
        0.01653266511350833,
        0.01269388031800649,
        -0.0028307568066190817,
        -0.011623332457977063,
        -0.00417372902938643,
        -0.022243521504337276,
        -0.00012655717627011316,
        0.010173822884260287,
        0.009724735784122548,
        0.002621765909482628,
        0.02316028888434442,
        -0.014150987954204131,
        -0.0020318432789584425,
        0.00884877644577655,
        0.0017179195517272366,
        0.008047390624481182,
        0.0179861127505156,
        -0.0234161279529988,
        -0.0029475324036244456,
        0.0007268451803384933,
        0.014571990220264218,
        -0.008821108976906298,
        0.002669931489196419,
        0.0190612099261556,
        0.008366532391153614,
        -0.012026218826320937,
        -0.004369166077509256,
        -0.004735236266824125,
        -0.02909908010257042,
        0.0003082182670015489,
        -0.003912128317491036,
        -0.0005454838603513988,
        0.01612179587361691,
        -0.005015973276878601,
        -0.0036481607585625653,
        -0.0023711028170167103,
        0.016629327489640477,
        0.008125446902835445,
        0.030606070952966666,
        0.008823641652657399,
        0.007162759170864841,
        -0.013508315882521486,
        0.011320078339870593,
        -0.01236250795301926,
        -0.008293242810043577,
        0.020436013445081225,
        -0.013159533447592167,
        0.005463681419397023,
        0.009621818598138421,
        0.011287343759343189,
        0.0014122816893409032,
        -0.01821203364201392,
        0.019766455845072604,
        0.0061749613704326235
    ],
    "noise_1": [
        -0.01809187257653495,
        -0.002647526266782418,
        0.014520408047424011,
        -0.004323273381704583,
        0.0020207887744642925,
        0.016434457412737715,
        0.0037733817115696974,
        0.009496390121368584,
        0.0096062241953734,
        0.020102466684731507,
        0.004041324403081373,
        -0.01100140419813945,
        -0.005026813934434532,
        0.009964043638451308,
        -0.010694441460119117,
        0.007532460122122844,
        0.0025019519478222925,
        0.003164358399231469,
        -0.0009931644108400921,
        -0.02906101095272404,
        -0.006736710297801883,
        0.012662699225726728,
        3.249924961951314e-05,
        -0.026347637270713584,
        -0.029753538291450797,
        -0.005930788885147047,
        -0.003558327845429255,
        0.0052547653753084065,
        0.002032307474012145,
        -0.03362585143142916,
        0.016651496745942233,
        -0.0024678234932518205,
        -0.006732347722627887,
        0.0003495570818668504,
        0.02806535542694504,
        -0.005993530286733952,
        -0.01036789077196087,
        -0.036244673851754984,
        0.005141706378353573,
        0.012956847594495035,
        -0.0038197695801671446,
        0.016428871775709734,
        0.01178426500693731,
        -0.009442016765883913,
        0.008008701257278117,
        -0.007754700571355321,
        0.01789681023397948,
        -0.022195251859911655,
        -0.023094752311252444,
        0.0173114795935978,
        -0.004687939642948544,
        0.012508992214223667,
        -0.016914696517277207,
        0.00236525026420205,
        0.0002760135380906247,
        -0.011524474931511323,
        -0.0026104789570705078,
        0.01608953142827413,
        -0.0006292209645290344,
        0.007265660570926693
    ],