{
    "ParameterSet": [
        -0.07075471847752794,
        0.1783838790010095,
        0.10456869358478295,
        0.0011087333314195689,
        -0.0222778576146156,
        -0.025803289207226254,
        -0.01639510811360945,
        -0.0885048272449982,
        -0.11309861112694078,
        -0.09142704382845886,
        -0.09035853921060012,
        -0.07747463329712381,
        -0.04907922997485287,
        0.004025935225480242,
        0.16867933896902068,
        -0.03225592537514968,
        0.09161135875808818,
        0.026405156995087328,
        0.1617759776739745,
        0.045383391800863336,
        0.5202768941462776,
        0.20205736249384473,
        0.21539555966989307,
        0.459863636001951,
        0.6752987179967022,
        0.24757742640198885,
        0.08505214710036572,
        0.1850845289114707,
        0.6341555819490049,
        0.53100486702973,
        0.15803394475200994,
        0.13315635287934896,
        0.33823447630955505,
        0.4704714466757766,
        0.389058728355799,
        0.2296258958287318,
        0.18451441151403206,
        0.24245935490073647,
        0.4662295375426549,
        0.2900560323595922,
        -0.06384895364572458,
        -0.15922240343683547,
        0.0046039097425316505,
        -0.13487005267476387,
        -0.10572898706102782,
        -0.1184467064234994,
        -0.08047405774773202,
        -0.13150324654237433,
        -0.018158552516132992,
        -0.197405418340596,
        -0.05405940895932748,
        0.0222853895816105,
        -0.1198732528132842,
        -0.08461029035367591,
        -0.06267288767563936,
        -0.006763530103351399,
        -0.10454457688058255,
        -0.11411690288713486,
        -0.06616009819700974,
        -0.1202251008314984
    ],
    "SensorParameterSet": [
        0.0,
        0.0,
        0.0,
        0.0,
        0.0,
        0.0,
        0.0,
        0.0,
        0.0,
        0.0,
        0.0,
        0.0,
        0.0,
        0.0,
        0.0,
        0.0,
        0.0,
        0.0,
        0.0,
        0.0,
        0.0,
        0.0,
        0.0,
        0.0,
        0.0,
        0.0,
        0.0,
        0.0,
        0.0,
        0.0,
        0.0,
        0.0,
        0.0,
        0.0,
        0.0,
        0.0,
        0.0,
        0.0,
        0.0,
        0.0,
        0.0,
        0.0,
        0.0,
        0.0,
        0.0,
        0.0,
        0.0,
        0.0,
        0.0,
        0.0,
        0.0,
        0.0,
        0.0,
        0.0,
        0.0,
        0.0,
        0.0,
        0.0,
        0.0,
        0.0
    ],
    "checked": "indirect",
    "iteration": 66,
    "noise_0": [
        0.0019007873213794065,
        0.005962847703810589,
        -0.019705204776892787,
        0.018731132107708395,
        -0.004205274124715244,
        -0.0014158892810487126,
        -0.007341392797488506,
        -0.0038275697260613476,
        0.006458645183274169,
        0.016836797262645826,
        -0.01738413673682836,
        0.0029263507905868463,
        -0.014389072821593166,
        0.017845351314617803,
        -0.020567666557471297,
        0.0005482687573186876,
        -0.007287767272699119,
        0.013158952569247411,
        0.005837726133019897,
        -0.005766340228723115,
        -0.010941099949860169,
        0.0014922778784289424,
        0.0033519392109474565,
        -0.010849111045371326,
        0.010589999264781047,
        0.003273084469738665,
        0.0144348455967883,
        0.0025233455239783193,
        0.00885224394184632,
        -0.0025564196569742223,
        0.00223479958221351,
        -0.005763954391046322,
        0.012830847769380982,
        -0.006362004984688822,
        -0.00747594794548789,
        0.006934104108844454,
        -0.008542042072477253,
        0.021428456153374905,
        0.00754684889875629,
        0.011875082973797003,
        0.003871453197703412,
        0.008389698498565553,
        -0.007796883631313966,
        0.010712683877625516,
        0.01241800567680836,
        -0.012069241322792312,
        0.02555127301097521,
        -8.375138784113909e-05,
        -0.0051047923628777655,
        0.016037135156694107,
        0.017595234911700723,
        -0.020030915474291238,
        -0.0016319825934834023,
        -0.0064430186915579776,
        -0.0024538183658777924,
        -0.006241113247923597,
        0.02371307713492711,
        0.013082895217957857,
        -0.0034102549148796258,
        -0.0007876999505128861
    ],
    "noise_1": [
        -0.006374897737195118,
        0.0032244727923234255,
        0.01359915849517195,
        -0.02693644172075721,
        -0.009929677772161754,
        0.007571957009105139,
        0.023887585402207902,
        7.816200714397558e-05,
        -0.013189116360863269,
        -0.0196946992223283,
        -0.02257423346133257,
        -0.003104804021048581,
        0.01163870308237184,
        0.005163584839570078,
        0.00043247070033219904,
        -0.007499997091315114,
        0.016312537096533505,
        -3.550012476243446e-05,
        0.013201617576032311,
        -0.01711640321409243,
        0.0065771939521504,
        -0.014887093562862866,
        0.01241024982064288,
        0.005258594442079953,
        -0.004998493715913267,
        -0.004802541637574946,
        0.009570564976380196,
        -0.006207043304310849,
        -0.003089505966699299,
        0.0004355391093677174,
        -0.010026997831990183,
        -0.01125781265340974,
        0.01294622717381575,
        -0.004225918534738088,
        0.0037287284506683453,
        0.003886302446044573,
        -0.009298474398542351,
        -0.0001017708904957612,
        -0.00890003559552556,
        -0.007312231922188499,
        -0.0038001089981652223,
        0.005828032195714145,
        -0.01045418071993069,
        -0.0098346144753813,
        0.017542194867534663,
        0.010119217527965796,
        -0.016538884359857644,
        0.009407514952651536,
        0.006068836695160335,
        0.0019235389267042873,
        0.008718553469159191,
        0.016150611027763183,
        -0.004912479477184961,
        -0.006746475745751475,
        0.0030503699935509445,
        0.01638508925264015,
        -0.005390231478022725,
        -0.0013674325796487674,
        0.005639982552317135,
        -0.0095833747387394
    ],