{
    "ParameterSet": [
        0.03356695073571998,
        0.06053395069263665,
        0.09364028056739161,
        -0.1365378502049063,
        0.031477767176861036,
        0.054420604062585996,
        -0.13814664020093745,
        -0.19756577834839228,
        0.005732543523380222,
        -0.10166757562051347,
        -0.1203918738842953,
        -0.06491275319137761,
        0.00988260206292443,
        -0.01923007802430947,
        0.07239081042530938,
        0.030004923094893096,
        0.12257556453299862,
        -0.0008297336508627229,
        0.1601490293012646,
        0.1270702244434634,
        0.5893563876276013,
        0.2203430631783974,
        0.20378252097661617,
        0.5742748050471099,
        0.5754481433250866,
        0.33253635282653965,
        0.10904263070037373,
        0.3693104511492181,
        0.5537757561855662,
        0.4707197072383466,
        0.24951966296521136,
        0.2506178224109931,
        0.2604728156256133,
        0.5329477463256906,
        0.49844004968850275,
        0.1803294551973943,
        0.055010432072745065,
        0.3234894827483779,
        0.664332422096379,
        0.32324161540032365,
        -0.10306871019570268,
        0.04203884918507729,
        -0.10539187501936646,
        -0.012189149008922614,
        -0.08388028490556788,
        0.07163085858220941,
        -0.03086241824660969,
        -0.0572995714118863,
        -0.0988985316858644,
        -0.07333174083441314,
        -0.03050951913826763,
        0.05208413528228447,
        -0.04906943213908034,
        -0.04995112668117074,
        -0.024623979166615444,
        -0.033208911507802946,
        -0.04103622233719476,
        -0.09370692352882781,
        0.03610085469590761,
        -0.06930916776467765
    ],
    "SensorParameterSet": [
        0.0,
        0.0,
        0.0,
        0.0,
        0.0,
        0.0,
        0.0,
        0.0,
        0.0,
        0.0,
        0.0,
        0.0,
        0.0,
        0.0,
        0.0,
        0.0,
        0.0,
        0.0,
        0.0,
        0.0,
        0.0,
        0.0,
        0.0,
        0.0,
        0.0,
        0.0,
        0.0,
        0.0,
        0.0,
        0.0,
        0.0,
        0.0,
        0.0,
        0.0,
        0.0,
        0.0,
        0.0,
        0.0,
        0.0,
        0.0,
        0.0,
        0.0,
        0.0,
        0.0,
        0.0,
        0.0,
        0.0,
        0.0,
        0.0,
        0.0,
        0.0,
        0.0,
        0.0,
        0.0,
        0.0,
        0.0,
        0.0,
        0.0,
        0.0,
        0.0
    ],
    "checked": "indirect",
    "iteration": 43,
    "noise_0": [
        -0.008608247056297758,
        -0.0005007951551793816,
        0.007068761443235324,
        0.0030241819405596613,
        0.024106497529813135,
        0.0011659215133639335,
        0.005365979929266384,
        0.0032321484328890955,
        0.0016966875772035297,
        0.01255688789128168,
        0.0028174903710809942,
        -0.018900301061574663,
        -0.004193878059229882,
        -0.015365478906771408,
        0.0133804752720454,
        0.015131926704141626,
        0.017078431719080033,
        0.015458510954107253,
        -0.001682848898801896,
        -0.009780700302649008,
        0.0009034162587821307,
        -0.0008318504450891572,
        0.014076148352496,
        0.036337257524395296,
        0.00957309446948176,
        0.006097314905411765,
        -0.012216939331127063,
        -0.012659131934862053,
        0.0033542866558618225,
        0.00775026901303315,
        -0.017197594794340222,
        -0.016832531013812425,
        -0.00045263861557392354,
        0.004111093787417297,
        -0.0002843899807892576,
        0.0014298883222750045,
        -0.00045267939328507155,
        -0.019014462498438002,
        0.0012931554346961522,
        -0.027063465992548618,
        0.016859324627089618,
        0.011050704099019587,
        -0.013598281292329921,
        -0.00986199276228756,
        -0.0010611888933529188,
        -0.008686474798452583,
        -0.002703938559864799,
        -0.006316790971626472,
        0.019525146187556495,
        -0.009229517831653917,
        -0.014456771864355705,
        0.006237566560529548,
        0.01692650481817711,
        0.005976960720591316,
        -0.0002411557853660978,
        0.00824719149527176,
        0.011709261700504443,
        0.018400062840235383,
        0.005634418801850637,
        0.0008813228259754915
    ],
    "noise_1": [
        0.010199582827538065,
        0.006663082767581185,
        -0.006244287951680996,
        -0.0020337470182482083,
        0.011735433761721478,
        -0.005481057776187337,
        0.0002193142202222817,
        0.015307591238130115,
        -0.0014691781155981222,
        -0.01700090844099806,
        0.0004970161527776172,
        -0.011171923341633786,
        -0.008299990398384343,
        0.0001983816754173865,
        0.008877535334584514,
        -0.02040879097159315,
        0.022156408328959223,
        -0.015641441848360586,
        0.008829531226528412,
        -0.009524322918702024,
        0.005925523373867956,
        0.009362776957390764,
        0.0035544716421042734,
        -0.026186737561309847,
        -0.015415182439440643,
        -0.009155664615803031,
        0.011072727650926548,
        -0.01702264991044384,
        0.03853633160360716,
        0.028151658350581275,
        -0.006869089437818642,
        -0.0021368668791487814,
        -0.01082983816792916,
        -0.003386065253148052,
        -0.004327254557506677,
        0.007700550526711676,
        0.004115038098936167,
        -0.020296492158416293,
        -0.014579674236121698,
        0.00036377159179893585,
        0.0007978467235058761,
        0.01427114637102184,
        0.014121749237474751,
        0.0017836496397986817,
        -0.002365625363547019,
        -0.005700723201586792,
        -0.00360769335733987,
        0.002540810932700981,
        0.01843787410617198,
        -0.012544470963999535,
        -0.013927951357981822,
        0.0006774018303836303,
        -0.009718788350088079,
        0.003375355610779254,
        -0.015333710204507732,
        0.019981759910747295,
        -0.0013746933027903308,
        0.015911401548232135,
        -0.017648295852197505,
        -0.004607074405679952
    ],