{
    "ParameterSet": [
        -0.0018772127686378865,
        0.028789573189550992,
        0.047124709868710764,
        -0.1285450487860274,
        0.010548351798334755,
        -0.0425379821451763,
        -0.12048758116748633,
        -0.10869380378276292,
        0.005924987533926281,
        -0.12341813090793384,
        -0.09117693888926097,
        -0.06912534066066053,
        0.0687579137654876,
        -0.04137499032916329,
        0.07072287729975923,
        -0.033023014478176224,
        0.07298944125640686,
        0.06187772839628334,
        0.1555138712478444,
        0.1011755017975477,
        0.621105655876949,
        0.17875776902429658,
        0.22180515047547003,
        0.581143051407907,
        0.5872770517425695,
        0.27652509014725407,
        0.14271428804694003,
        0.33550722809985195,
        0.4891855349331293,
        0.4826156797783602,
        0.22867498336225248,
        0.25922323073571685,
        0.2644004887429628,
        0.47458145432692245,
        0.5272397864986396,
        0.16717909305449707,
        0.08893121118811793,
        0.29669782464903194,
        0.5754835598042012,
        0.26531326804973276,
        -0.05215082078842343,
        -0.020250950306989625,
        -0.05965513837822839,
        -0.05613414118775993,
        -0.0015112022531245546,
        0.006718563529928424,
        -0.025299229578922652,
        -0.033015725645195775,
        -0.08448766515744915,
        -0.031103504059699357,
        -0.04391557878194035,
        0.052438349538861215,
        -0.06753198146811995,
        -0.037906429053658014,
        -0.033722410872791535,
        -0.01526169000240584,
        -0.04340101127132725,
        -0.06405618050556701,
        -0.00744589278980313,
        -0.020455685582073536
    ],
    "SensorParameterSet": [
        0.0,
        0.0,
        0.0,
        0.0,
        0.0,
        0.0,
        0.0,
        0.0,
        0.0,
        0.0,
        0.0,
        0.0,
        0.0,
        0.0,
        0.0,
        0.0,
        0.0,
        0.0,
        0.0,
        0.0,
        0.0,
        0.0,
        0.0,
        0.0,
        0.0,
        0.0,
        0.0,
        0.0,
        0.0,
        0.0,
        0.0,
        0.0,
        0.0,
        0.0,
        0.0,
        0.0,
        0.0,
        0.0,
        0.0,
        0.0,
        0.0,
        0.0,
        0.0,
        0.0,
        0.0,
        0.0,
        0.0,
        0.0,
        0.0,
        0.0,
        0.0,
        0.0,
        0.0,
        0.0,
        0.0,
        0.0,
        0.0,
        0.0,
        0.0,
        0.0
    ],
    "checked": "indirect",
    "iteration": 20,
    "noise_0": [
        -0.01904112328292347,
        0.019236309990931195,
        0.01395468204349099,
        0.003960245522045016,
        0.013753474968607132,
        0.014645915703402554,
        0.008281741469875311,
        -0.0032450700172546813,
        0.001693881572675617,
        -0.004495846987075688,
        0.00022178503052493878,
        0.021120467298921985,
        -0.044975184600208086,
        0.004277902372832593,
        0.026701444824966725,
        -0.004400143731180332,
        0.010717224270332499,
        -0.00429952819736829,
        -0.00469493148947622,
        0.020850764344541257,
        -0.0026095158368878266,
        -0.022112668606297074,
        0.010302997615742767,
        0.019123010847759133,
        0.016344022788598388,
        -0.007801467594693149,
        -0.005822163764626823,
        -0.016021673966867687,
        0.0040850154111025895,
        -0.003584768469665212,
        0.005235228250508176,
        0.016246066029210603,
        0.00686233855543732,
        -0.007240293758617469,
        0.035050604996825524,
        0.0007517315298318191,
        -0.0073092644072348684,
        -0.0008454215278164005,
        0.009351233108533502,
        -0.006600849954754903,
        0.000150897515539794,
        -0.017246969970347907,
        -0.015596707804353663,
        -0.011475786802206206,
        0.005812759278816924,
        0.01290912776569692,
        0.0026495009884143863,
        0.012061863624871305,
        -0.010544471956938114,
        -0.0021008662005470437,
        0.0034460602514152345,
        -0.013176126469599262,
        0.005097407241148082,
        -0.00810015090423872,
        -0.014200622001533806,
        0.0009693732499149425,
        -0.008916551256013093,
        -0.011082317507847305,
        -0.009355682603952364,
        -0.007318547811925365
    ],
    "noise_1": [
        0.0061347059746566825,
        -0.008711097380595353,
        -0.03196450672264389,
        0.004642717196794323,
        -0.006324112469012451,
        0.0018347524453408972,
        0.024982440897493095,
        0.013821955271251948,
        -0.014017307824097545,
        -0.00402282823619065,
        0.012778989687729248,
        -0.03025095822770879,
        0.015187671690374813,
        0.0010313946279982085,
        -0.0314414508977986,
        -0.004062692246868106,
        0.012343379054544568,
        0.0034013575342277166,
        0.002256912724267026,
        -0.0018047038892336665,
        0.0068563383431069665,
        0.006183759411220651,
        0.01366609948484712,
        0.014896837462749292,
        0.003337766494452679,
        0.0026547814727105345,
        -0.0033529075928354604,
        0.004135074217026319,
        -0.0011033804883519285,
        0.028266887968820792,
        0.004824951708605615,
        0.004170330835532955,
        -0.020287164332458515,
        0.008836892270037077,
        -0.004589091827242093,
        0.0021802378842119413,
        0.013834005098240098,
        -0.020015154676421728,
        -0.028006390526929912,
        0.008605977028454205,
        0.015573822971648553,
        -0.014968760423854902,
        -0.0026411526061312384,
        0.0034394879902990686,
        -0.012399081323934117,
        0.014884404889315408,
        -0.0008738459403261358,
        -0.01328327996723089,
        -0.004197891165837828,
        -0.019900606778495113,
        -0.012497830797351697,
        0.030303796842088532,
        -0.0037601217499374493,
        0.034609860584732616,
        -0.0018218262014494402,
        -0.004142754030634695,
        -0.0011423318762823125,
        0.0018565301942424703,
        0.00472934501505629,
        -0.006726014064316042
    ],