{
    "ParameterSet": [
        0.016895983160276577,
        0.010301753258988963,
        0.05843481129790579,
        -0.12460067833226363,
        0.023417294032836062,
        0.005355733363408617,
        -0.1441160250020301,
        -0.15427677630231487,
        -0.017628923509710064,
        -0.10076993048743418,
        -0.12430427984048056,
        -0.0532844225152101,
        0.04774631317132813,
        -0.040739486231180067,
        0.07027511989799351,
        0.018430172280592256,
        0.115763706076195,
        0.05347331033244921,
        0.18595069003543546,
        0.12994180022057303,
        0.6202023456590219,
        0.1921870798418755,
        0.20985860310420165,
        0.5572208675675563,
        0.5750102016265333,
        0.29510149794242574,
        0.11151483776359332,
        0.35099438775977015,
        0.510925609754905,
        0.4692741590565116,
        0.2576101471299681,
        0.2528323935553496,
        0.2632427673172595,
        0.48320212518104166,
        0.5084252639106223,
        0.16237741097674352,
        0.08693134009348037,
        0.3002389742138301,
        0.6754507127457953,
        0.28235883534081935,
        -0.07140293007779171,
        0.03221889173798224,
        -0.08908998080546636,
        0.0029543656377120733,
        -0.03877085631404285,
        0.08323263866287912,
        -0.03895360847204321,
        -0.07103500908553564,
        -0.10719524091690395,
        -0.050359330195463875,
        -0.03864958083189179,
        0.07310197977208742,
        -0.028585185315715883,
        -0.013803607355021843,
        -0.05539350205043381,
        -0.03903130115003801,
        -0.02391491539800282,
        -0.0593654632699942,
        0.030236442271873915,
        -0.06761937032502517
    ],
    "SensorParameterSet": [
        0.0,
        0.0,
        0.0,
        0.0,
        0.0,
        0.0,
        0.0,
        0.0,
        0.0,
        0.0,
        0.0,
        0.0,
        0.0,
        0.0,
        0.0,
        0.0,
        0.0,
        0.0,
        0.0,
        0.0,
        0.0,
        0.0,
        0.0,
        0.0,
        0.0,
        0.0,
        0.0,
        0.0,
        0.0,
        0.0,
        0.0,
        0.0,
        0.0,
        0.0,
        0.0,
        0.0,
        0.0,
        0.0,
        0.0,
        0.0,
        0.0,
        0.0,
        0.0,
        0.0,
        0.0,
        0.0,
        0.0,
        0.0,
        0.0,
        0.0,
        0.0,
        0.0,
        0.0,
        0.0,
        0.0,
        0.0,
        0.0,
        0.0,
        0.0,
        0.0
    ],
    "checked": "indirect",
    "iteration": 35,
    "noise_0": [
        0.013161324352021648,
        -0.020335409646633128,
        0.00943707460943174,
        -0.02357137256380791,
        0.003960091275161852,
        -0.012973751923258357,
        -0.011838474003435096,
        0.005015462148548001,
        -0.004939272470938759,
        0.005274455549571517,
        -0.0016967450282213024,
        -0.007853852997856669,
        -0.005184453512885177,
        -0.002919696290287537,
        -0.018565049737633652,
        0.006994146678573141,
        0.02654782258743296,
        -0.016508977776564217,
        0.004939274962734545,
        0.003908718847703328,
        0.013341463237380799,
        0.005950571856497011,
        0.02029320693417616,
        0.024953631654107043,
        -0.003007940726937253,
        0.023189362805007774,
        -0.008949485299206883,
        -0.009717055867435436,
        0.01483133044923119,
        -0.015786167529836487,
        0.003778702225431391,
        -0.011004618316875023,
        0.006586230074456953,
        0.016035420023159802,
        0.0021037418352033996,
        -0.008315559884159194,
        0.02112294541438934,
        0.008303489924586677,
        -0.005919528835493366,
        -0.004391605387118893,
        -0.005077271104551754,
        -0.006388798889399949,
        0.010462100307128791,
        -0.021786126835095537,
        0.0005605196183133887,
        0.0008320012070056484,
        -0.00903337086924345,
        -0.011794045064515842,
        0.004074022520711646,
        -0.01889680093757388,
        0.025404821155541272,
        -0.0021115453473805625,
        0.006341718521490203,
        -0.020248602860139842,
        0.007336068856208311,
        0.0009533537222941458,
        0.0002663829129797906,
        -0.021175428328116107,
        0.016494957455612684,
        -0.013147637184797537
    ],
    "noise_1": [
        -0.0020583647438518426,
        0.023083795339107874,
        0.008228948191887105,
        -0.01970535382803428,
        0.011237370595024674,
        -0.002774399064952075,
        0.010480527580751815,
        0.0024890070505479618,
        -0.009353899561871866,
        -0.020257291451149743,
        0.007738244225410036,
        -0.024116909822977987,
        -0.002614313490294892,
        -0.008460014427179231,
        0.005132183646458708,
        -0.02321623723521446,
        -0.007212035504113445,
        0.006379600109660189,
        -0.01251521586660418,
        0.004258777274116193,
        0.010575031909707268,
        0.028264510284449193,
        -0.004452554147393813,
        0.007912632715084154,
        -0.012826524571946003,
        0.021606574364183433,
        0.020614726567067025,
        -0.009873350651064523,
        0.01907171523023262,
        -0.009485398768552786,
        -0.0010830696012922194,
        0.0026043943800101287,
        0.007234187132020998,
        -0.013421609632931979,
        -0.006658581264164963,
        0.00989123769113049,
        -0.008904660914422605,
        0.00595791313055774,
        -0.005353194470362943,
        -0.013617169630731193,
        0.013361581369169125,
        0.00023840557876020308,
        -0.008338263716525292,
        -0.012617559629402,
        -0.02424234812274514,
        0.001645439078823735,
        0.0013451360439967642,
        -0.005711845362608567,
        0.006976947020004528,
        -0.007817016485599949,
        0.00992454067456137,
        0.0014499970091194263,
        0.007138918575830282,
        0.012778989936288326,
        -0.01267311661654389,
        -0.000937544401239981,
        -0.012586908574086349,
        -0.004116828552490474,
        -0.018350302648105898,
        0.0016883575601286285
    ],