{
    "ParameterSet": [
        0.0,
        0.0,
        0.0,
        0.0,
        0.0,
        0.0,
        0.0,
        0.0,
        0.0,
        0.0,
        0.0,
        0.0,
        0.0,
        0.0,
        0.0,
        0.0,
        0.0,
        0.0,
        0.0,
        0.0,
        0.5044372080402942,
        0.11179573179088269,
        0.22336131133168322,
        0.5238323908959595,
        0.4897837537401469,
        0.23336879209210276,
        0.156900132397411,
        0.2705401047539295,
        0.5045759819857375,
        0.4904423579823461,
        0.2409376907772342,
        0.1710147855545038,
        0.2840915832472842,
        0.5079500341720962,
        0.4593346845127408,
        0.21835216964225468,
        0.1690032511888188,
        0.3258838945822318,
        0.5074750373643965,
        0.2620683981985637,
        -0.04,
        -0.04,
        -0.04,
        -0.04,
        -0.04,
        -0.04,
        -0.04,
        -0.04,
        -0.04,
        -0.04,
        -0.04,
        -0.04,
        -0.04,
        -0.04,
        -0.04,
        -0.04,
        -0.04,
        -0.04,
        -0.04,
        -0.04
    ],
    "SensorParameterSet": [
        0.0364060237627024,
        -0.11328035846388296,
        0.001963005704552625,
        -0.06708066627665095,
        0.09374744485503783,
        -0.08902122649809036,
        -0.027813862539224604,
        -0.06770518647219155,
        -0.2043891922749723,
        0.1499411511099967,
        0.17127396685094315,
        0.013461874321528343,
        -0.1299365744705025,
        0.176835800803617,
        -0.16464409488387374,
        0.027811559322556217,
        -0.003840400047389813,
        -0.06607705464513332,
        0.19060893868506368,
        0.1571624567928922,
        -0.10136589683131639,
        0.005474587022717955,
        0.11920421166083034,
        -0.04712888301156695,
        0.0167794315138524,
        0.018781285755038186,
        -0.187765419576935,
        0.14116876329725553,
        -0.20914671229207552,
        0.036591889517378864,
        0.06213679533448647,
        -0.03734905194968761,
        -0.09322993468439982,
        -0.10890644218718212,
        0.008377002768635561,
        0.22860037611950745,
        0.12393566790823145,
        -0.11203435325441624,
        0.0870055014823395,
        0.012897126993679736,
        0.04008029114894753,
        -0.03647278675008026,
        -0.03548180820154267,
        -0.04684529671685299,
        -0.19323127541709825,
        0.04737784729578656,
        -0.043941509457954414,
        -0.10291494359957999,
        0.03716527960208245,
        -0.04270137286391624,
        -0.04796795733790683,
        0.065541690549264,
        -0.010651855002554443,
        -0.12551164764847847,
        -0.0865756499912094,
        0.09243951416974654,
        0.0596743651514226,
        -0.00932936981622882,
        -0.01795243675156274,
        -0.045988047416395096
    ],
    "checked": "indirect",
    "iteration": 93,
    "noise_sensor_0": [
        -0.0037857948996721674,
        -0.012708046400904664,
        -0.021651432916560295,
        0.0018938926998863092,
        -0.007389171233334147,
        0.017106465281588837,
        -0.016497558456766547,
        -0.00011648549586183935,
        -0.01613868036354002,
        -0.007883313358457222,
        0.00312733790460577,
        -0.017788727821044795,
        -0.01143504765726271,
        -0.000407683737459044,
        0.017925958963934886,
        0.005178541301684987,
        0.008849658444892957,
        -0.015124835432473982,
        -0.005169740906520532,
        0.010907626268646765,
        0.005541773225933488,
        0.02953103598796672,
        0.0019177745861643923,
        -0.009048382734923576,
        0.01715924598336928,
        -0.01102326427252599,
        -0.013630466885257209,
        -0.009578727705551649,
        0.003941696112116563,
        0.0006084474845891009,
        -0.007178260929609718,
        0.03298808279739145,
        -0.00562669177981677,
        -0.006206045908310365,
        -0.01847067475436256,
        -0.009397640326289614,
        -0.017895674471257603,
        -0.010513679433050383,
        -0.010761813919700625,
        0.008106544942164033,
        0.009370785962780891,
        0.0020442776905593638,
        -0.006933323718089585,
        0.022416795288579507,
        0.00814125606495549,
        -0.0032536950002780194,
        0.005175447715236792,
        0.027419032911237463,
        -0.02085635942483733,
        0.02641223192811567,
        -0.013574400190979075,
        -0.004543255635865806,
        -0.0024853820051991726,
        -0.003504330554593262,
        0.00856992533010379,
        0.004275669659770542,
        -0.02065906850928307,
        -0.018996297660320738,
        0.013369537156152635,
        -0.015408813342845372
    ],
    "noise_sensor_1": [
        -0.010622640316844642,
        -0.008326717152998627,
        -0.014628096510928607,
        0.010325122806782652,
        0.005947634375841188,
        0.024730312165334226,
        0.002283864252736137,
        0.012375937982505634,
        0.004728559084298845,
        0.011451816481641884,
        -0.010006396009017232,
        0.003111540861574043,
        -0.004133960117780164,
        -0.012445192503765124,
        -0.004476639774958636,
        -0.03095169698286277,
        0.001970270822377354,
        -0.0025210853912437698,
        -0.01983173222027877,
        0.01573471897469943,
        -0.011348978581974485,
        -0.003457019111415808,
        -0.003237747270940096,
        0.000949526406232729,
        -0.009214219512415217,
        0.0030916200346134846,
        0.011439579175317533,
        -0.006697720250967705,
        -0.002521059686536933,
        0.00915100031686846,
        0.0035868994789017743,
        -0.005599361931917608,
        -0.013560798006105091,
        -0.001616131051752231,
        -0.02602895798937872,
        -0.010400969658927315,
        0.0018752612584040592,
        0.009190011878418657,
        0.01360176037926203,
        -0.006445933171290393,
        0.018391959367421266,
        0.0029835945945094608,
        0.002777729372918012,
        0.024073644543451737,
        0.007828891760393957,
        -0.00039396607449588043,
        -0.006391093086761293,
        -0.013291448489050037,
        -0.0014588428389461052,
        0.003931661042342188,
        0.009295244266973729,
        -0.011077304420232489,
        0.0145381323331369,
        0.014257923782963715,
        -0.020518829649595453,
        -0.01760894059682514,
        0.026802215326067358,
        0.006788898165221994,
        0.016714618069515918,
        0.02149737030982123
    ],