{
    "ParameterSet": [
        0.0,
        0.0,
        0.0,
        0.0,
        0.0,
        0.0,
        0.0,
        0.0,
        0.0,
        0.0,
        0.0,
        0.0,
        0.0,
        0.0,
        0.0,
        0.0,
        0.0,
        0.0,
        0.0,
        0.0,
        0.5044372080402942,
        0.11179573179088269,
        0.22336131133168322,
        0.5238323908959595,
        0.4897837537401469,
        0.23336879209210276,
        0.156900132397411,
        0.2705401047539295,
        0.5045759819857375,
        0.4904423579823461,
        0.2409376907772342,
        0.1710147855545038,
        0.2840915832472842,
        0.5079500341720962,
        0.4593346845127408,
        0.21835216964225468,
        0.1690032511888188,
        0.3258838945822318,
        0.5074750373643965,
        0.2620683981985637,
        -0.04,
        -0.04,
        -0.04,
        -0.04,
        -0.04,
        -0.04,
        -0.04,
        -0.04,
        -0.04,
        -0.04,
        -0.04,
        -0.04,
        -0.04,
        -0.04,
        -0.04,
        -0.04,
        -0.04,
        -0.04,
        -0.04,
        -0.04
    ],
    "SensorParameterSet": [
        0.01614441481409312,
        0.014608618236892922,
        0.018419606053214896,
        -0.04139527443003924,
        0.005435468292693005,
        -0.04478622672986011,
        -0.03560281771139843,
        0.012354439713028652,
        -0.16661615026828114,
        0.10871060237285946,
        0.11290163074542425,
        0.024101028476726388,
        -0.11195983193146072,
        0.11893586870173146,
        -0.13211004998897274,
        0.07489670446386758,
        0.02566634272118548,
        -0.048412514216618074,
        0.13321109735551098,
        0.1189810115168362,
        -0.08162749200085125,
        0.011140103738800155,
        0.08405373507760973,
        -0.04170922534296808,
        0.03682327158626402,
        0.03848237488637811,
        -0.12097846382335468,
        0.09232270923550322,
        -0.16102942462459144,
        0.03157345094071427,
        0.07147776752907854,
        -0.04768168436231987,
        -0.1103006723795737,
        -0.0799556755280317,
        0.01843907670135808,
        0.17955441048165963,
        0.0973313754299896,
        -0.06844387531575652,
        0.06848732276716833,
        -0.08807275773612579,
        -0.01674208043824565,
        0.0060832416047321165,
        -0.05830219698075104,
        -0.07492828676315742,
        -0.18423701736030473,
        0.07721565300351213,
        -0.04630199499349383,
        -0.05970328342114353,
        0.019231556981577903,
        0.007742763261053401,
        -0.08779472081328836,
        0.12693643128188012,
        -0.022473293278969256,
        -0.07181178610985622,
        -0.02599317493598385,
        0.07183994967855953,
        0.05272403199096032,
        -0.041185356136541465,
        0.04077797826415541,
        -0.00982606067018714
    ],
    "checked": "indirect",
    "iteration": 57,
    "noise_sensor_0": [
        -8.984783100144289e-05,
        -0.021676831242115,
        -0.0017894220306018062,
        -0.025009255574890622,
        0.023314443406226827,
        0.010190915906173343,
        0.005511904943849561,
        -0.009652389785144115,
        -0.005143055123316536,
        -0.004217861920039929,
        0.014106916123371548,
        -0.012728808418702161,
        -0.009993978382475907,
        -0.0022332020831104075,
        -0.009003319614884948,
        -0.026231882555125832,
        0.008197907579707038,
        0.003081734868942249,
        -0.011192205663623894,
        0.02136431898913563,
        0.01989573476069729,
        0.005120753222568508,
        -0.035613002153895255,
        0.00023012687927199767,
        0.0205785908721919,
        0.002864296162405223,
        -0.003347319581970653,
        0.012992042686386589,
        -0.002511274416779682,
        0.01582757839592122,
        -0.02576058103338241,
        -0.009648904466147514,
        0.015041848540313518,
        0.009158416828220939,
        0.0016695576395913605,
        0.0009061512041568483,
        -0.001415385249766398,
        -0.014521543484411944,
        0.02598119424605433,
        0.007385228128335658,
        -0.025733473273616622,
        -0.0031746618275442064,
        -0.008923974234746059,
        0.003719931049342648,
        -0.03395050698601756,
        -0.02137318358988018,
        0.00836572262482296,
        0.006364778889142915,
        -0.006785344752981987,
        -0.00929172381015737,
        0.006586263273224563,
        -0.00921776251348091,
        -3.7556640617784275e-05,
        -0.015284124488577541,
        -0.008101143517202172,
        -0.011631445946265065,
        -0.01723360247228428,
        0.005485425997993701,
        0.0026180183729013207,
        -0.003271737324977058
    ],
    "noise_sensor_1": [
        0.04177341086639547,
        -0.012277525131243019,
        -0.00512815243984766,
        -0.01275457769287983,
        0.03354058626797309,
        0.016209154064390406,
        -0.02240655353107088,
        0.016509476362582903,
        0.010750346045759676,
        0.004110856322281907,
        0.00010972395613259654,
        0.005722932277711555,
        0.014311132051468639,
        0.002307616941684188,
        0.0018623737326199622,
        0.021928145643713225,
        -0.010272549918409098,
        -0.009184322991658302,
        0.008341126976370438,
        0.009522296099087332,
        0.002978283485062852,
        -0.011546421166097784,
        0.022840797163778608,
        -0.012318690524136889,
        -0.007414045431140177,
        -0.008055865528743341,
        -0.034329861419430924,
        0.014767707848096159,
        0.021809858714220826,
        -0.01844985825012038,
        -0.0010519655410567165,
        -0.0016632530001802553,
        -0.004373712623847091,
        0.025875265296150467,
        0.0114977759320778,
        0.0030116880191364023,
        0.026111736562729252,
        -0.01589460804101134,
        -0.00784538613454964,
        0.01090334061540219,
        0.030632709501549456,
        -0.010463967916054374,
        -0.0016123745637240728,
        -0.0050771893573768835,
        0.0037849012287390587,
        -0.0016090314635625728,
        -0.04063275686780685,
        -7.198905430756548e-05,
        -0.009287774213101464,
        0.004242021686891676,
        -0.004836467020723034,
        -0.009468137472916992,
        -0.014322176521692693,
        0.03061508822107287,
        -0.005388266314871365,
        -0.01573942018485514,
        0.021858735699364962,
        -0.012844757309821334,
        0.0199047410264321,
        -0.011625504268044165
    ],