{
    "ParameterSet": [
        0.0,
        0.0,
        0.0,
        0.0,
        0.0,
        0.0,
        0.0,
        0.0,
        0.0,
        0.0,
        0.0,
        0.0,
        0.0,
        0.0,
        0.0,
        0.0,
        0.0,
        0.0,
        0.0,
        0.0,
        0.5044372080402942,
        0.11179573179088269,
        0.22336131133168322,
        0.5238323908959595,
        0.4897837537401469,
        0.23336879209210276,
        0.156900132397411,
        0.2705401047539295,
        0.5045759819857375,
        0.4904423579823461,
        0.2409376907772342,
        0.1710147855545038,
        0.2840915832472842,
        0.5079500341720962,
        0.4593346845127408,
        0.21835216964225468,
        0.1690032511888188,
        0.3258838945822318,
        0.5074750373643965,
        0.2620683981985637,
        -0.04,
        -0.04,
        -0.04,
        -0.04,
        -0.04,
        -0.04,
        -0.04,
        -0.04,
        -0.04,
        -0.04,
        -0.04,
        -0.04,
        -0.04,
        -0.04,
        -0.04,
        -0.04,
        -0.04,
        -0.04,
        -0.04,
        -0.04
    ],
    "SensorParameterSet": [
        0.011809497958189343,
        0.005236867158366483,
        -0.0175317035095833,
        -0.02636053191364029,
        0.02884568498052286,
        -0.044632643319787425,
        -0.0767954394260284,
        -0.008795885250352605,
        -0.1933664740454397,
        0.14584320660719394,
        0.1529677272541207,
        -0.017753076180832772,
        -0.16511943599032827,
        0.13228190203562867,
        -0.09493397501530958,
        0.04653334450791514,
        0.05750173934221039,
        -0.03676631777774081,
        0.18461214186541614,
        0.16564947351833392,
        -0.09744325172605181,
        0.0555224012307707,
        0.09471325072889113,
        -0.05329579498917935,
        0.042504456080085636,
        -0.004912628002216285,
        -0.150513417197994,
        0.1650875838290458,
        -0.20533482384881235,
        0.07513818680910346,
        0.05410135633648281,
        -0.06554378731605627,
        -0.13544651020036388,
        -0.09229457879886324,
        0.045407500929914656,
        0.21155613923954705,
        0.1212556812753431,
        -0.07596466190899764,
        0.11181549235787422,
        -0.08049186683083932,
        -0.022493283823708517,
        0.012097935429043714,
        -0.08342284498914301,
        -0.0786229687488972,
        -0.2032164553397226,
        0.07959120954384019,
        -0.02707171115426688,
        -0.04592573588015566,
        0.00019841245811533362,
        -0.05164125737695593,
        -0.04421283585753313,
        0.15965709626433508,
        -0.008417489735212492,
        -0.12653647286096575,
        -0.008397433047677962,
        0.056713344925329125,
        0.05500956700469155,
        -0.055120903132929916,
        0.04759523499906935,
        0.020081081447083076
    ],
    "checked": "indirect",
    "iteration": 70,
    "noise_sensor_0": [
        0.02170325780440648,
        0.011700094469774524,
        -0.0006426341246806268,
        0.024137678773653876,
        -0.0038200144649813044,
        0.030250954181968725,
        0.010354456027039344,
        0.010507384285168887,
        0.01219871187713812,
        -0.020656558063575782,
        0.012624004466149495,
        0.0010128478915995115,
        -0.023023584396186413,
        -0.021871430572844238,
        -0.025197488744825653,
        0.01356252730478741,
        -0.009925927550417907,
        0.0015673931465837558,
        0.004272644543973534,
        0.000344744463784017,
        0.005801404423273218,
        -0.01366110665791389,
        -0.0003170192163011585,
        -0.004746443779631225,
        -0.03725434174893167,
        -0.0013754517623114268,
        0.004147651769444391,
        -0.003425900771256363,
        -0.01456879862453346,
        0.004588284861458874,
        0.01915375348136101,
        -0.011548911834632388,
        0.00013042238362194643,
        0.0023681125351957258,
        0.01307271689806578,
        -0.0011759177957260535,
        0.0159021103344699,
        -0.0052048212430825655,
        0.013179666713804494,
        0.022686528906884794,
        0.00824370292415078,
        0.02356807454533337,
        -0.02345165799249036,
        0.030808088989726368,
        -0.014530341947575735,
        -0.0005743300173935666,
        -0.004633207522769997,
        0.007711867412540344,
        -0.01901865062823325,
        -0.0020900491981280115,
        -0.03984106206691357,
        0.0015187583589072963,
        0.003445373049570677,
        0.002296636656205257,
        -0.012541976042480397,
        -0.00491382855614193,
        0.023846435108792547,
        -0.01569628426046798,
        -0.039187697108589034,
        -0.012318420420956728
    ],
    "noise_sensor_1": [
        0.026130406539775303,
        -0.006027599765157965,
        -0.0069092911073335645,
        -0.027450570503307382,
        -0.000693001105900517,
        0.011152232162850112,
        0.024414578992768585,
        0.013634724186536261,
        -0.00234020841540547,
        0.02060117851253696,
        -0.005644449565919883,
        0.004282464840573969,
        -0.0015072212776023918,
        0.011299187831538873,
        0.003008366031060123,
        0.0032026003768779233,
        -0.013557300603263364,
        0.018554102560016605,
        0.002517699637501736,
        -0.008072761139823996,
        0.007503062430015156,
        -0.0036857377379513577,
        0.01285129441336112,
        0.03141316848616669,
        -0.019365528042920733,
        -0.012175284382670895,
        -0.014725590510003791,
        0.01868430746132598,
        -0.00490631129509868,
        0.006158848732857023,
        -0.01856396458808861,
        -0.004463349918723958,
        -0.010577200206006582,
        0.002545682347055666,
        0.01376162446297203,
        0.018215872648428836,
        0.0012603543321681172,
        0.009217491489910518,
        0.015288377537204268,
        -0.002198642202910398,
        -0.013644907510744738,
        -0.00470064404457241,
        0.03424359241621041,
        0.004503250612661332,
        -0.016789196014781464,
        0.006419743811268393,
        -0.0027273622706320806,
        -0.017231421648998817,
        0.014290044829133345,
        -0.008453440216727023,
        0.01377955387986291,
        0.004272295767736259,
        0.007743431960463438,
        0.01142886143294737,
        0.003792042883316639,
        -0.007759180050469457,
        -0.014390394378800554,
        0.0022179722440553657,
        -0.005742440510799874,
        0.0002973676746309338
    ],