{
    "ParameterSet": [
        0.0,
        0.0,
        0.0,
        0.0,
        0.0,
        0.0,
        0.0,
        0.0,
        0.0,
        0.0,
        0.0,
        0.0,
        0.0,
        0.0,
        0.0,
        0.0,
        0.0,
        0.0,
        0.0,
        0.0,
        0.5044372080402942,
        0.11179573179088269,
        0.22336131133168322,
        0.5238323908959595,
        0.4897837537401469,
        0.23336879209210276,
        0.156900132397411,
        0.2705401047539295,
        0.5045759819857375,
        0.4904423579823461,
        0.2409376907772342,
        0.1710147855545038,
        0.2840915832472842,
        0.5079500341720962,
        0.4593346845127408,
        0.21835216964225468,
        0.1690032511888188,
        0.3258838945822318,
        0.5074750373643965,
        0.2620683981985637,
        -0.04,
        -0.04,
        -0.04,
        -0.04,
        -0.04,
        -0.04,
        -0.04,
        -0.04,
        -0.04,
        -0.04,
        -0.04,
        -0.04,
        -0.04,
        -0.04,
        -0.04,
        -0.04,
        -0.04,
        -0.04,
        -0.04,
        -0.04
    ],
    "SensorParameterSet": [
        -0.01441894232962635,
        -0.002782502733427358,
        -0.004652391486272731,
        -0.021784213483627687,
        -0.044759649055643495,
        -0.014314723824095812,
        -0.013348814105661574,
        -0.0754933355798837,
        -0.029316400518404347,
        0.09977037360468285,
        0.08226336057239507,
        0.015514195692978894,
        -0.05833009419124027,
        0.04346815756530428,
        -0.029105784367690072,
        -0.027411449078288803,
        0.0144114502415301,
        0.0027079014540323343,
        0.10092996566683822,
        0.04763318773023022,
        0.030414177771066704,
        -0.026465504386895756,
        0.07597313343359094,
        -0.024461567947636546,
        0.06269423185208559,
        0.04251897554464431,
        -0.0950196483253556,
        0.07134299359399635,
        -0.17859044262212173,
        0.014336949130091148,
        0.06773938409528217,
        -0.00488946198965015,
        -0.1324436986352786,
        -0.025315423873270102,
        0.008089049114264904,
        0.09818770297772579,
        0.028546335677124925,
        -0.032234592924187365,
        0.05977163013045341,
        -0.07352970590363662,
        0.05448854956220333,
        -0.005751716844408176,
        -0.06247712130807472,
        -0.035520263797359335,
        -0.04725681806158898,
        0.0727536378124,
        -0.011236070324206074,
        -0.045326876799277944,
        0.00781565448812829,
        -0.03342536918482046,
        -0.03938631937715691,
        0.096373915812303,
        0.06166324023063423,
        -0.013269996273064705,
        -0.08305068183178314,
        0.03048094924438318,
        0.03471444318787311,
        -0.10486690294810105,
        0.035230137550677255,
        -0.0529969992847826
    ],
    "checked": "indirect",
    "iteration": 24,
    "noise_sensor_0": [
        0.030147469753492737,
        0.01761141190692083,
        0.01385339791543027,
        -0.0016327488573172507,
        0.03124178218479642,
        -0.04253834482613501,
        -0.018143331675491255,
        -0.01524617122436046,
        -0.028811496971425217,
        -0.011505831690848274,
        -0.007218062647743051,
        0.0024443323673684456,
        0.0035658817886641196,
        -0.03213823191495198,
        -0.018573165708352865,
        -0.006704029067854229,
        0.014670056659839276,
        0.007535420258157256,
        0.00845579050549951,
        0.003329228907489055,
        0.0033878607706380967,
        0.02567956808120178,
        -0.00010264616886962546,
        0.01111813959285797,
        0.0039865465182618385,
        -0.004181730809060642,
        -0.013593767667696587,
        0.01106316198347144,
        0.009627923058163236,
        -0.01993734953303067,
        0.011193182649266912,
        -0.01426998326073556,
        -0.005861405589026177,
        -0.00395150541663268,
        0.0027001285313209555,
        0.008226205391339473,
        0.047940693608624955,
        -0.014906097178652584,
        0.0130342748969075,
        -0.022642870560601623,
        0.013575453179644436,
        -0.005038777975871856,
        -0.01518176670106726,
        0.023844845297484957,
        0.0018716703401366972,
        -0.01055494956629931,
        -0.0019805542670377108,
        -0.03248500552974649,
        0.010149422938950065,
        0.03561579865245963,
        -0.04465134356539773,
        -0.001326809609468295,
        0.023123148854639012,
        -0.018972060555317926,
        0.017437395563341694,
        0.021313388215174558,
        0.027580402830910747,
        0.013559306492718443,
        -0.02443046539521378,
        -0.03527233715143516
    ],
    "noise_sensor_1": [
        -0.007407964286029371,
        -0.004629135234973499,
        -0.0018505616208313296,
        0.03941769353154791,
        -0.006669628746565311,
        0.000816416114126644,
        0.026699710164374165,
        0.014894152603137057,
        -0.015189701785566822,
        0.006791161921493878,
        -0.0004972077117460149,
        -0.02037603302306411,
        0.0003218431925419406,
        0.021737722474299514,
        0.010413629063365681,
        -0.033604999851201814,
        -0.006374249787238346,
        0.012348448279153946,
        -0.01290450246685278,
        0.010221685911964871,
        0.010750277153643795,
        -0.0061912959534911665,
        -0.0005903881817122543,
        0.004926467122671569,
        0.007788654211961812,
        0.006323193744519805,
        0.02059204731897367,
        -0.0014714784436546452,
        0.02529513459023655,
        0.009397719919786593,
        -0.0016394306480618738,
        -0.023664155385752998,
        -0.0008148223558421916,
        -0.004314158638100162,
        0.010289213819387594,
        -0.020345972557724502,
        0.004994885094809692,
        -0.009609631000816094,
        -0.0071597689830533535,
        0.016942501359340122,
        0.0036118422527153804,
        0.009096415024313884,
        -0.014698145930897813,
        -0.006506079462817907,
        0.017058629901775473,
        0.011526520301349008,
        -0.028528655038513866,
        -0.008525474398289618,
        -0.034193718944333915,
        0.015681778651498956,
        -0.008818291329327575,
        0.013106218507119592,
        -0.02918806969915872,
        0.013565593706535794,
        0.01882648163273488,
        0.02536268347001145,
        -0.019941499662295168,
        -0.008278297780767583,
        0.014074403049706257,
        0.008554222072947027
    ],