{
    "ParameterSet": [
        0.0,
        0.0,
        0.0,
        0.0,
        0.0,
        0.0,
        0.0,
        0.0,
        0.0,
        0.0,
        0.0,
        0.0,
        0.0,
        0.0,
        0.0,
        0.0,
        0.0,
        0.0,
        0.0,
        0.0,
        0.5044372080402942,
        0.11179573179088269,
        0.22336131133168322,
        0.5238323908959595,
        0.4897837537401469,
        0.23336879209210276,
        0.156900132397411,
        0.2705401047539295,
        0.5045759819857375,
        0.4904423579823461,
        0.2409376907772342,
        0.1710147855545038,
        0.2840915832472842,
        0.5079500341720962,
        0.4593346845127408,
        0.21835216964225468,
        0.1690032511888188,
        0.3258838945822318,
        0.5074750373643965,
        0.2620683981985637,
        -0.04,
        -0.04,
        -0.04,
        -0.04,
        -0.04,
        -0.04,
        -0.04,
        -0.04,
        -0.04,
        -0.04,
        -0.04,
        -0.04,
        -0.04,
        -0.04,
        -0.04,
        -0.04,
        -0.04,
        -0.04,
        -0.04,
        -0.04
    ],
    "SensorParameterSet": [
        0.022052211135682807,
        0.032881342282294536,
        0.01788303873689212,
        -0.005387310902860341,
        -0.036085132029834543,
        -0.05306056457623361,
        -0.027103010286141305,
        -0.07781960361147823,
        -0.04530807839412436,
        0.11215462861535454,
        0.07882719626245073,
        0.005345142225706003,
        -0.04723518848031356,
        0.016003779320830313,
        -0.055637338355205394,
        -0.03627779103192581,
        0.012512374701002058,
        -0.013024370524980703,
        0.09531845992586158,
        0.0714718950801237,
        -0.0004570466851511775,
        0.0005402206723936905,
        0.06381731614896682,
        -0.005561704443492762,
        0.0574097046044788,
        0.04183972652801429,
        -0.10509947732144115,
        0.05287553988764781,
        -0.18432192150499271,
        0.034987687071994074,
        0.0792958649052531,
        -0.0034268284001089753,
        -0.1330272335779164,
        -0.019149778036509812,
        0.002828742248126392,
        0.13253391010680182,
        0.07831611097007628,
        -0.025083992376197756,
        0.07561139156950791,
        -0.08651577742084286,
        0.08992431711292338,
        -0.013935326714144129,
        -0.08016662941380918,
        -0.04573603070638237,
        -0.09431228219251518,
        0.090165768137224,
        -0.05332638306753719,
        -0.044204446022438934,
        0.0036584699545720153,
        -0.029323237299855767,
        -0.09179811496116592,
        0.09884210240472713,
        0.07627718768933413,
        -0.043357169667453344,
        -0.07078710515006001,
        0.04102130169312298,
        0.04915779063156294,
        -0.08937553143626435,
        0.07041928255572684,
        -0.07537654025268269
    ],
    "checked": "indirect",
    "iteration": 29,
    "noise_sensor_0": [
        -0.007848799639052441,
        0.007492314285323948,
        -0.012497198510762673,
        0.024606456680039242,
        0.0027942438978134955,
        0.003460977823509247,
        -0.0077814757109551744,
        -1.1470915990676584e-05,
        0.03092679016804066,
        0.009975356965526217,
        -0.03241126387635266,
        -0.017897338472049128,
        -0.029119124615776988,
        -0.014612739654781154,
        -0.002418995232618845,
        -0.07381111278304314,
        -0.018952892837581396,
        -0.01806436302710608,
        0.015066400628410746,
        0.009359937814345845,
        -0.01607422289283837,
        0.03407906282869357,
        0.011483613089573607,
        0.0023192976670837868,
        -0.027108701001406648,
        -0.004320919156175745,
        -0.0127141180228389,
        0.03938530115656086,
        0.01195681239999845,
        -0.0011031106256713195,
        -0.033927364079766875,
        0.00992528201178517,
        -0.01740439095912943,
        0.012497119369481835,
        0.0053604033053863045,
        -0.001745425911860987,
        -0.009193932407827475,
        0.035415274257898206,
        0.010701392200469704,
        -0.016484254558849654,
        0.010834984591980222,
        0.010095449761525504,
        -0.013260811168000987,
        0.01721770747678014,
        -0.004440757165437911,
        0.013079424779298252,
        0.011723362058540418,
        -0.0039692770443326975,
        0.009995693486784774,
        0.009950740038639671,
        -0.009984068643099538,
        -0.01172086445310995,
        0.014756910317048327,
        0.02232930332010753,
        0.008130527193504548,
        0.023670341490184175,
        -0.03047682864098121,
        -0.0012804658239790273,
        -0.0034913928552036586,
        -0.02057620456092272
    ],
    "noise_sensor_1": [
        -0.029461179808994167,
        -0.017975572882819653,
        -0.007908437605262946,
        -0.000744504220054062,
        0.0010340090196510007,
        0.010874910411346219,
        0.006945402688401957,
        0.0204447756532219,
        -0.017711196998216997,
        0.01929393188701771,
        0.010730983162470835,
        0.0022851963266004773,
        -0.013520495997272106,
        -0.015910628676339193,
        -0.029630070844110037,
        -0.007026053054741144,
        -0.016196388563681736,
        0.0038667147476188256,
        -0.014826521313987385,
        0.00873084707075553,
        -0.004422501914941188,
        0.015153105031190642,
        -0.031008122060496312,
        0.020530033957659292,
        -0.020839342695983743,
        0.0023088598805695547,
        0.002730610398270988,
        0.03320771677365239,
        0.004670556217410315,
        -0.02711781266969607,
        0.030242784405831197,
        -0.019552830386461394,
        0.05611428656801294,
        0.029693587419743664,
        -0.01172419322502234,
        -0.005148616460238798,
        0.007121724613927126,
        0.01969169099138441,
        0.0010609717300847097,
        -0.03043160630146648,
        0.014429150657806143,
        -0.013475335361680064,
        -0.027452892756037937,
        -0.005413598002645518,
        0.024300619025660827,
        0.014251693310317913,
        -0.017973918804581705,
        0.007199445821354868,
        0.0075919696696869895,
        -0.010215804411645775,
        0.008236471232711848,
        0.03844111022707021,
        -0.0062876367226200255,
        -0.0073817938826475915,
        0.012269274131176053,
        -0.003703296063453352,
        -0.0004100323225861112,
        0.004917354493435611,
        0.012613118861730483,
        -0.0008745722917994792
    ],