{
    "ParameterSet": [
        0.0,
        0.0,
        0.0,
        0.0,
        0.0,
        0.0,
        0.0,
        0.0,
        0.0,
        0.0,
        0.0,
        0.0,
        0.0,
        0.0,
        0.0,
        0.0,
        0.0,
        0.0,
        0.0,
        0.0,
        0.5044372080402942,
        0.11179573179088269,
        0.22336131133168322,
        0.5238323908959595,
        0.4897837537401469,
        0.23336879209210276,
        0.156900132397411,
        0.2705401047539295,
        0.5045759819857375,
        0.4904423579823461,
        0.2409376907772342,
        0.1710147855545038,
        0.2840915832472842,
        0.5079500341720962,
        0.4593346845127408,
        0.21835216964225468,
        0.1690032511888188,
        0.3258838945822318,
        0.5074750373643965,
        0.2620683981985637,
        -0.04,
        -0.04,
        -0.04,
        -0.04,
        -0.04,
        -0.04,
        -0.04,
        -0.04,
        -0.04,
        -0.04,
        -0.04,
        -0.04,
        -0.04,
        -0.04,
        -0.04,
        -0.04,
        -0.04,
        -0.04,
        -0.04,
        -0.04
    ],
    "SensorParameterSet": [
        0.004902959907943944,
        -0.06683329957183533,
        -0.0318303155057518,
        -0.029364587231897252,
        0.09858304125688774,
        -0.04212732499130321,
        -0.03600250118703405,
        -0.02003944858194971,
        -0.21562454248818066,
        0.11881961550125347,
        0.14930868439029915,
        -0.03842584706450382,
        -0.14776502071552577,
        0.17900107955938427,
        -0.08673335545953409,
        0.023076965740096093,
        0.005637419628312,
        -0.04555961338902915,
        0.21872159987451645,
        0.19011146285795696,
        -0.08974393873552355,
        0.042577879702438814,
        0.11003238939621278,
        -0.047626078541715584,
        0.014734321944310246,
        0.012618525958654066,
        -0.1934202588572248,
        0.13741244056138066,
        -0.2211872916642439,
        0.0869861403938601,
        0.04907515003794253,
        -0.03883515789885481,
        -0.12050214431119725,
        -0.10417474230041744,
        0.04859212071017833,
        0.20368807577573697,
        0.10693777455617907,
        -0.09343571487185129,
        0.09486632951627247,
        -0.027356957670353583,
        -0.01722612353682455,
        -0.04287215588093234,
        -0.04499876265115419,
        -0.05918475488111164,
        -0.24736835272565127,
        0.07392726213602586,
        -0.03511656733133462,
        -0.10886348132878661,
        0.021166260272541572,
        -0.04212483918750301,
        -0.04860296485919655,
        0.09748301845918257,
        0.019244708426919326,
        -0.13574997195459762,
        -0.0294031402020413,
        0.0714426426915148,
        0.06290353367228205,
        -0.03482445251661778,
        0.01661228856373448,
        0.004876420011420303
    ],
    "checked": "indirect",
    "iteration": 83,
    "noise_sensor_0": [
        0.016571912189975422,
        -0.004699351895471272,
        0.019980402867341762,
        -0.0113671633227347,
        0.008194101511629054,
        -0.014214915036467308,
        0.004963916475508027,
        0.0192666255118637,
        -0.015589747660528322,
        0.024458752927769653,
        -0.004029555531817792,
        0.0017054425263769617,
        -0.007921736960581524,
        1.840655564137046e-05,
        -0.003985748015654936,
        0.0035759063688327463,
        0.006254200523453196,
        0.0026557089958985976,
        0.011823941759864037,
        0.004892216129569318,
        0.008193430936034895,
        -0.005867996949639304,
        0.010921943903997857,
        -0.01846623591266888,
        0.00750365392257225,
        -0.006839865072955811,
        0.011547243120369505,
        0.03262509965083085,
        0.015599238405128795,
        0.004437902402911067,
        -0.00905134045438425,
        -0.02173529824222285,
        -0.005930327453341485,
        0.020320954341303345,
        -0.016239855005551508,
        0.0005989518450852993,
        0.008052924042720965,
        -0.01914130635975416,
        -0.003585916673312473,
        0.01760431143540389,
        -0.01140472741224172,
        -0.0054896429237530145,
        0.0002570084555672377,
        -0.009187752308325412,
        0.000376564084411916,
        -0.009289120628690407,
        0.017502741309363374,
        0.019675632032705732,
        0.029218197690641216,
        0.0076783970481040485,
        -0.02008959595279389,
        0.015293355530211687,
        0.023736525356108464,
        0.016965167055461177,
        0.018671839916953894,
        0.031220550918667468,
        -0.02102948915780689,
        -0.02300192473405629,
        -0.0008747536849053342,
        0.004982216065678313
    ],
    "noise_sensor_1": [
        -0.017494783664712337,
        0.003935174382428203,
        0.016307424687299708,
        -0.0010939150174269715,
        -0.014824353731347504,
        0.004239749088149249,
        0.0044147240531565045,
        -0.01365356210810363,
        -0.01519448815600247,
        -0.022330360622118295,
        0.03237648786936898,
        -0.025277634168247787,
        0.015919950853264545,
        -0.01940840786061875,
        -0.0013152126973368665,
        0.0032870606864902605,
        -0.009596479440894675,
        0.0010637095248958695,
        0.016055766383493535,
        -0.009495258720843896,
        0.0059566901853682205,
        -0.006930986350145551,
        0.009249354134849475,
        0.011583694226466124,
        0.010959269184703028,
        -0.010199271990699092,
        -0.004330441760744449,
        0.007671243272791851,
        0.010796382677055115,
        -0.004891593244553189,
        0.012201022474717405,
        -0.0090821472259717,
        -0.01623359899151203,
        -0.022925990766503986,
        0.009607085924118297,
        0.011587402473984734,
        -0.011041122968586305,
        -0.024297803165672722,
        0.005382412454332533,
        0.01864689492655349,
        -0.009277361249825311,
        -0.004565299867672236,
        0.004562698851099686,
        -0.008513339623199234,
        0.002308146890627849,
        -0.004660981028573622,
        0.01950987092096365,
        0.003607776086255596,
        -0.029810866609574584,
        -0.00856758466053445,
        0.028155900572372633,
        0.01303410228045825,
        0.013682231484846088,
        -0.015849163180259206,
        -0.00814450787896207,
        -0.008573919015781683,
        0.003010479324633159,
        0.023001425242228833,
        -0.007381239070255689,
        0.008869204024338587
    ],