{
    "ParameterSet": [
        0.0,
        0.0,
        0.0,
        0.0,
        0.0,
        0.0,
        0.0,
        0.0,
        0.0,
        0.0,
        0.0,
        0.0,
        0.0,
        0.0,
        0.0,
        0.0,
        0.0,
        0.0,
        0.0,
        0.0,
        0.5044372080402942,
        0.11179573179088269,
        0.22336131133168322,
        0.5238323908959595,
        0.4897837537401469,
        0.23336879209210276,
        0.156900132397411,
        0.2705401047539295,
        0.5045759819857375,
        0.4904423579823461,
        0.2409376907772342,
        0.1710147855545038,
        0.2840915832472842,
        0.5079500341720962,
        0.4593346845127408,
        0.21835216964225468,
        0.1690032511888188,
        0.3258838945822318,
        0.5074750373643965,
        0.2620683981985637,
        -0.04,
        -0.04,
        -0.04,
        -0.04,
        -0.04,
        -0.04,
        -0.04,
        -0.04,
        -0.04,
        -0.04,
        -0.04,
        -0.04,
        -0.04,
        -0.04,
        -0.04,
        -0.04,
        -0.04,
        -0.04,
        -0.04,
        -0.04
    ],
    "SensorParameterSet": [
        0.14585688212893747,
        -0.019165626974837792,
        -0.09091046054441301,
        -0.05108850962224631,
        0.11678166278682607,
        0.035433479869290914,
        -0.19702846273916616,
        0.1853842619232459,
        0.02967880260387879,
        -0.06155062341994973,
        0.23241714042328512,
        -0.215521502054779,
        0.01253244532597918,
        0.21296192398164523,
        0.26686385530205425,
        -0.13821188778715215,
        0.09173958185176953,
        -0.06118625607591004,
        -0.03747536104703775,
        -0.19642508671877285,
        -0.10701152468773006,
        0.28775360105276254,
        0.03841895223439925,
        -0.32324115883651017,
        0.11424495110425001,
        -0.2027503878084011,
        -0.02499974817517125,
        -0.3507285461060022,
        -0.09200974678895454,
        0.15788082650504362,
        -0.1377644580474205,
        -0.14748725435082746,
        -0.06033057409971158,
        -0.26047704436845814,
        -0.025269765376603984,
        -0.042063244461769844,
        -0.005324916478827588,
        -0.1328136927691749,
        0.2334783888009609,
        -0.5184535957496985,
        -0.15694139688481035,
        0.15046589180433106,
        0.2274213518677784,
        0.20244366761839866,
        -0.23470611036007621,
        -0.05374394014813634,
        -0.06505296933319699,
        -0.0710940710742831,
        -0.03584005258755415,
        -0.03790813550009736,
        0.006355027089507553,
        0.21958185777562872,
        -0.26956494615799753,
        -0.11028630552584831,
        0.15111988327886183,
        0.3493388687405007,
        -0.07675816422855034,
        -0.3464849709067137,
        0.012588123806472964,
        -0.03563488234930462
    ],
    "checked": "indirect",
    "iteration": 13,
    "noise_sensor_0": [
        0.09392801116007486,
        0.006708053897589838,
        0.026364138787974625,
        -0.039093991832085964,
        -0.0083943388078092,
        -0.024167715430761374,
        -0.06791113010884602,
        -0.026568871675937307,
        0.017906951512608314,
        0.11201466252403207,
        0.031278593612445005,
        0.08308185270069797,
        -0.020322173879757016,
        -0.015413383536653414,
        0.04209473903154197,
        0.01351623951580432,
        -0.07042279825843784,
        -0.010956631541941542,
        -0.056631283878271634,
        0.03655234556225232,
        -0.01618655918621944,
        -0.06030495052489439,
        -0.01658385150979862,
        0.00247864785362732,
        -0.0697951596994107,
        -0.03182493062191902,
        -0.10414790264621043,
        -0.004675455702345507,
        -0.07728244429619519,
        0.05900744658723499,
        0.011637794297306903,
        0.00203606485801881,
        0.006008107057949463,
        0.03340851835751768,
        0.0636190195313488,
        0.023464145228887772,
        -0.06735260625731823,
        0.02458718555148984,
        4.0486017286566206e-05,
        -0.0011658563477511888,
        0.000897343608247282,
        0.07834013246923144,
        0.027356859867919508,
        -0.011686998932564205,
        0.01468474554028376,
        -0.08461096453929084,
        -0.03190034271234336,
        -0.04725823803628128,
        -0.00246268950124884,
        -0.02107122567055989,
        0.05998538215301071,
        0.088985708582738,
        0.035675381732827166,
        0.07423027716901986,
        0.026482619040273242,
        -0.054950131841814555,
        0.0355184643329163,
        0.015516997242174126,
        0.04273013008815056,
        -0.004211140803853123
    ],
    "noise_sensor_1": [
        0.005793197904883019,
        -0.07828188970542009,
        -0.04193287052651742,
        -0.04033188222868673,
        0.023156712583942512,
        0.01371430683855548,
        0.11170784934688519,
        0.04137701772981295,
        0.015170893108856493,
        -0.005752997864217504,
        0.010393899425875066,
        -0.03045370933108006,
        -0.02168154943575008,
        -0.04101034846838257,
        -0.08013775709076493,
        0.10827515314939336,
        -0.006022756639136036,
        0.013561830498606401,
        0.07463680441507389,
        0.17076749117508433,
        -0.027651668616366597,
        0.005754350436002415,
        0.03776615994681073,
        0.0369569532504679,
        0.02408976369963464,
        -0.08214179637275132,
        0.04136891739822948,
        0.11445696395307065,
        0.06950596692438048,
        0.02516226219172727,
        -0.04412846190336136,
        0.008321346424912845,
        0.0252719007379044,
        -0.0010294983295980687,
        -0.051837032462771104,
        -0.004307247861191609,
        0.06495179399114312,
        0.019294214324069563,
        0.0645523701842214,
        -0.04998168787871318,
        -0.0019617728817828595,
        -0.010798499641193622,
        0.0408598460323047,
        -0.03849888775272344,
        0.037233545547410624,
        -0.12104416680108855,
        0.10390295583825718,
        -0.009180065697318432,
        -0.10432773154570861,
        -0.00395114550846573,
        -0.06400212876241038,
        -0.057982890656806146,
        0.024035136153408194,
        -0.02310952455361867,
        -0.06298880930709219,
        0.03731771255184679,
        -0.0025844363539471145,
        0.05873087271540915,
        0.011367035526962036,
        0.026155733533242367
    ],