{
    "ParameterSet": [
        0.0,
        0.0,
        0.0,
        0.0,
        0.0,
        0.0,
        0.0,
        0.0,
        0.0,
        0.0,
        0.0,
        0.0,
        0.0,
        0.0,
        0.0,
        0.0,
        0.0,
        0.0,
        0.0,
        0.0,
        0.5044372080402942,
        0.11179573179088269,
        0.22336131133168322,
        0.5238323908959595,
        0.4897837537401469,
        0.23336879209210276,
        0.156900132397411,
        0.2705401047539295,
        0.5045759819857375,
        0.4904423579823461,
        0.2409376907772342,
        0.1710147855545038,
        0.2840915832472842,
        0.5079500341720962,
        0.4593346845127408,
        0.21835216964225468,
        0.1690032511888188,
        0.3258838945822318,
        0.5074750373643965,
        0.2620683981985637,
        -0.04,
        -0.04,
        -0.04,
        -0.04,
        -0.04,
        -0.04,
        -0.04,
        -0.04,
        -0.04,
        -0.04,
        -0.04,
        -0.04,
        -0.04,
        -0.04,
        -0.04,
        -0.04,
        -0.04,
        -0.04,
        -0.04,
        -0.04
    ],
    "SensorParameterSet": [
        0.10204998271263417,
        -0.06500760900578315,
        -0.09866039940148302,
        -0.08969675745070997,
        0.12768243184482145,
        0.07304214182915877,
        -0.1608406202468142,
        0.21336897471294775,
        0.08288324797318676,
        0.033370660690034006,
        0.2156986355157553,
        -0.2487772007593893,
        -0.0014478399933227533,
        0.20703867802764742,
        0.25418183026092356,
        -0.1229257637295659,
        -0.003819775174656606,
        -0.04278261649006956,
        -0.10237581225547293,
        -0.22488204983888457,
        -0.07708087914612839,
        0.3026844319634287,
        -0.04435376993478099,
        -0.2571793429510866,
        0.06695507072293398,
        -0.12181211990939408,
        -0.008441677484038748,
        -0.298404277660431,
        -0.14613004908683144,
        0.1897393269254608,
        -0.13194854211263163,
        -0.1453586832741568,
        0.015867266737627124,
        -0.26430059751582385,
        -0.07451773128030165,
        -0.021053020872423514,
        0.05938632409961603,
        -0.11061990608828705,
        0.25912087730405403,
        -0.47714003683012196,
        -0.18223766648448692,
        0.14957655948953436,
        0.20965112809003364,
        0.2130923436200018,
        -0.1873204837162723,
        -0.0662059998603246,
        0.03955271700616337,
        0.006588765543204034,
        0.016698951228690268,
        -0.06449087257808839,
        0.06885812380829096,
        0.20376176325158596,
        -0.24873132495189942,
        -0.17280529888364538,
        0.13342917377213243,
        0.2512291430540743,
        -0.07587739180925168,
        -0.34502121968828636,
        -0.04046913965539219,
        -0.025543757541734553
    ],
    "checked": "indirect",
    "iteration": 12,
    "noise_sensor_0": [
        0.01588199219980694,
        -0.07162398591486473,
        0.007779016532502338,
        -0.08087626190354774,
        -0.052807247510686835,
        -0.05227731058797023,
        -0.08137337432231999,
        -0.03595908770355132,
        0.09873514515290095,
        0.018864465677229207,
        0.05995865853930305,
        0.02641823950262548,
        0.05092477480234659,
        -0.005529179853426709,
        -0.02730933781066118,
        -0.03787982151483789,
        -0.007140483447950888,
        0.0141072053626109,
        -0.043791899675944095,
        -0.024908202318188397,
        0.09053352197484756,
        -0.06150644759300735,
        0.06258562973335167,
        0.06000957066303997,
        0.026958490917505094,
        -0.06614833608743959,
        -0.025852411700307394,
        -0.09362849917561938,
        0.009204676859109322,
        0.022617780010871034,
        0.0244748189270412,
        0.1479702895164777,
        0.009707047083166909,
        0.03352895725471436,
        -0.07317409628819721,
        0.02052320466731826,
        0.1015524553059311,
        -0.05760085857203926,
        -0.0019688604912062742,
        -0.11855049745915926,
        0.05205438134207639,
        -0.0028273561706720143,
        -0.07768885148436168,
        -0.06575972787147706,
        -0.06279929426740122,
        -0.07454862359592956,
        -0.004216468406506953,
        0.031389384644140504,
        0.010460275745315079,
        -0.10854957239326864,
        0.020000280753363433,
        -0.005109887041420732,
        -0.03772680093301105,
        -0.07395171686170557,
        -0.06661534843961023,
        -0.0348602026535903,
        -0.039097541821697515,
        0.028236551686383882,
        -0.019391755383517693,
        -0.061400652928656506
    ],
    "noise_sensor_1": [
        0.02651885347437933,
        0.04034969119929244,
        -0.05599251651389627,
        -0.06483192830457782,
        0.0698447604685704,
        -0.0008421901867800832,
        -0.04934437358329227,
        0.015550363036781145,
        -0.011831643411738504,
        -0.02751411598727931,
        0.08638991789240222,
        0.04151729970289311,
        -0.005620737367681639,
        0.012502072853536458,
        0.03568513811226136,
        0.025012108403954604,
        -0.02818889471087092,
        -0.03769129828583549,
        0.11277359611006045,
        -0.03505511991041775,
        0.06017051677277525,
        0.0815015101803713,
        -0.0347401555469639,
        0.039873692199662615,
        0.016164519673009962,
        -0.17367472674143924,
        0.0648403844645721,
        0.09077143641841003,
        0.015981996012454924,
        -0.11231481803595839,
        0.10181797339865888,
        -0.07053008673358936,
        -0.04290911152499326,
        -0.004839867457240525,
        0.038144600107167304,
        0.08569713487324938,
        -0.03933753362162935,
        -0.017037488023124686,
        -0.051942821483391674,
        -0.014913591327460342,
        -0.022965849532284976,
        0.009830920581977447,
        0.009995782327006547,
        -0.04747040162803691,
        0.033457012866407385,
        -0.024767004455416155,
        -0.022850624032937583,
        0.052840495187026,
        0.010140116083245315,
        -0.03085980539283516,
        0.05765615233228972,
        -0.0030705154674193205,
        -0.029871240551311334,
        0.11181752738079277,
        -0.01108442324699431,
        -0.17396827335539836,
        0.04049172879240847,
        0.020556042486566378,
        0.12180462354309471,
        -0.0738565837702164
    ],