{
    "ParameterSet": [
        0.0,
        0.0,
        0.0,
        0.0,
        0.0,
        0.0,
        0.0,
        0.0,
        0.0,
        0.0,
        0.0,
        0.0,
        0.0,
        0.0,
        0.0,
        0.0,
        0.0,
        0.0,
        0.0,
        0.0,
        0.5044372080402942,
        0.11179573179088269,
        0.22336131133168322,
        0.5238323908959595,
        0.4897837537401469,
        0.23336879209210276,
        0.156900132397411,
        0.2705401047539295,
        0.5045759819857375,
        0.4904423579823461,
        0.2409376907772342,
        0.1710147855545038,
        0.2840915832472842,
        0.5079500341720962,
        0.4593346845127408,
        0.21835216964225468,
        0.1690032511888188,
        0.3258838945822318,
        0.5074750373643965,
        0.2620683981985637,
        -0.04,
        -0.04,
        -0.04,
        -0.04,
        -0.04,
        -0.04,
        -0.04,
        -0.04,
        -0.04,
        -0.04,
        -0.04,
        -0.04,
        -0.04,
        -0.04,
        -0.04,
        -0.04,
        -0.04,
        -0.04,
        -0.04,
        -0.04
    ],
    "SensorParameterSet": [
        0.27027719475394085,
        -0.1859145635940015,
        -0.0999445720586048,
        -0.17099894957525813,
        0.023039280064435737,
        0.04084408749319525,
        -0.2108673494205967,
        0.1989985175288725,
        -0.009617019953426696,
        -0.07447681883901246,
        0.1378807950719598,
        -0.1664430184638476,
        0.06420911332876998,
        0.22044773323066946,
        0.27516864598211477,
        -0.16498309650053772,
        0.28011972929049833,
        -0.08987209071556225,
        0.04682369236261777,
        -0.11074401685817639,
        -0.24738640285770722,
        0.30062119390059716,
        -0.03648267860343547,
        -0.21759371756754417,
        0.023249528946761376,
        -0.09345557892881876,
        -0.09578018473384968,
        -0.38016824858735165,
        -0.1530630128609504,
        0.0915987911742852,
        -0.1887143510128379,
        -0.11132917316245655,
        0.12364843943305115,
        -0.21318703549790913,
        -0.14689931890176575,
        -0.12603934028555983,
        -0.0944438024094592,
        -0.10549611712835817,
        0.25146874042870343,
        -0.5026171349201344,
        -0.27003244764867584,
        0.016894274838385334,
        0.30027618730966493,
        0.30198852760923356,
        -0.1824978971686249,
        -0.13213489629186162,
        -0.09660223574566235,
        -0.3089821912344801,
        -0.14675639409736868,
        0.033903221947515536,
        -0.039041943928307156,
        0.3148788426759674,
        -0.35021119054556576,
        -0.06915550245873164,
        0.2855105598932521,
        0.13988156098704382,
        -0.08315499906464846,
        -0.20540892757430343,
        -0.052558750951464124,
        -0.23437298491644992
    ],
    "checked": "indirect",
    "iteration": 18,
    "noise_sensor_0": [
        -0.0176096438341164,
        -0.0013316519072738523,
        0.039174579714698295,
        0.019704807524357323,
        0.022124845629724683,
        -0.034023603083135,
        0.07720104525487703,
        0.0679850639488759,
        0.006582192073637725,
        0.0029326820382736063,
        -0.02774582047956075,
        0.06437681677108052,
        -0.03193352389772931,
        -0.00784766810629187,
        0.006784135536294242,
        0.0015217332105744528,
        0.014404099586369365,
        -0.025024464384457476,
        -0.06817354421615354,
        0.00459302770730668,
        -0.06818991437380349,
        -0.01965185990721838,
        -0.09015908969771845,
        0.03842772082759419,
        -0.015425177078326349,
        0.06266981380236065,
        0.019311761638352187,
        0.04966666698196174,
        -0.005893962033068844,
        -0.11143661076364299,
        -0.010486159433333463,
        -0.06236838180909439,
        0.058381976592242944,
        0.02813204202002779,
        0.14887814794769774,
        -0.01487788254668953,
        -0.027401819496921106,
        0.044571697173542986,
        0.04909911221171809,
        0.016461954097703995,
        -0.031492133219907605,
        -0.06417830433908515,
        -0.05688547154092135,
        0.07796430530056031,
        0.03513248346538601,
        -0.058781026152686745,
        -0.07363080959893605,
        0.03250859883874734,
        0.01468296400420562,
        0.0030789085635074013,
        -0.014193316346394657,
        -0.02590605858206201,
        -0.034782447716463945,
        -0.03918382780692739,
        0.013036531435626905,
        -0.03333576134834852,
        0.0017966892466360132,
        0.06799872433728281,
        0.011108443659529321,
        0.07291014292997806
    ],
    "noise_sensor_1": [
        -0.005660899612320457,
        0.051378322777068795,
        -0.03479677879587511,
        -0.01888515977666454,
        -0.023421266334059457,
        -0.03405519215865517,
        0.025048692079032667,
        0.05961771758849143,
        0.0010840108520564038,
        -0.03839777730949351,
        -0.08656103310815799,
        -0.004925716583029565,
        -0.03575136779703176,
        0.03994299997560016,
        0.017665192619820816,
        0.06310634402537647,
        0.025314743994947084,
        0.02982451134408326,
        -0.07294802982309133,
        0.057224922458800995,
        0.08239419293844907,
        0.015443470180802825,
        0.0492808868159934,
        -0.07244979975743435,
        -0.06856123579071938,
        0.13435366611779406,
        -0.05691683334703583,
        -0.047029495090038564,
        0.07121481626403078,
        0.11282506063945091,
        -0.003435737091652352,
        4.0202186766750325e-05,
        -0.019251542995948306,
        0.01153981001226547,
        -0.02215836046829657,
        0.03750599325651115,
        0.1265531046632722,
        0.03832244330678703,
        0.10684706610058456,
        -0.09031483287526676,
        0.016761630024215903,
        -0.05029878661056319,
        0.05856137902063143,
        0.037853073602822626,
        -0.025750737939994148,
        0.020325322142123566,
        -0.008858976675009385,
        0.11798496821798363,
        -0.04317811203884239,
        -0.00010716115680872837,
        0.07049136743485515,
        0.052655179750441615,
        0.08038412026819308,
        -0.05102146241734535,
        -0.03863015205322638,
        -0.036230395099813226,
        -0.0004199837427337859,
        -0.04122650925654904,
        0.0613959561985305,
        0.05113876077558858
    ],