{
    "ParameterSet": [
        0.0,
        0.0,
        0.0,
        0.0,
        0.0,
        0.0,
        0.0,
        0.0,
        0.0,
        0.0,
        0.0,
        0.0,
        0.0,
        0.0,
        0.0,
        0.0,
        0.0,
        0.0,
        0.0,
        0.0,
        0.5044372080402942,
        0.11179573179088269,
        0.22336131133168322,
        0.5238323908959595,
        0.4897837537401469,
        0.23336879209210276,
        0.156900132397411,
        0.2705401047539295,
        0.5045759819857375,
        0.4904423579823461,
        0.2409376907772342,
        0.1710147855545038,
        0.2840915832472842,
        0.5079500341720962,
        0.4593346845127408,
        0.21835216964225468,
        0.1690032511888188,
        0.3258838945822318,
        0.5074750373643965,
        0.2620683981985637,
        -0.04,
        -0.04,
        -0.04,
        -0.04,
        -0.04,
        -0.04,
        -0.04,
        -0.04,
        -0.04,
        -0.04,
        -0.04,
        -0.04,
        -0.04,
        -0.04,
        -0.04,
        -0.04,
        -0.04,
        -0.04,
        -0.04,
        -0.04
    ],
    "SensorParameterSet": [
        0.6072391415348443,
        -0.2674810914739995,
        0.09000138861208452,
        -0.3763607073495813,
        -0.003356364193568613,
        -0.0014654007384107962,
        0.18759807758016095,
        -0.02744536224230513,
        0.14486372364323485,
        0.051915658942481624,
        0.00912506513813893,
        -0.3268293900104062,
        0.33577367843481537,
        0.054562984614487844,
        0.5742714060175333,
        0.04059863490580486,
        0.21433919189888895,
        -0.2845293697506149,
        0.24657314781790426,
        -0.0011840342420930943,
        -0.21340541018885034,
        0.6746708754394276,
        -0.04982819318310621,
        -0.27421381938302797,
        -0.005399678928584993,
        0.09788384673104014,
        -0.07944024946450201,
        -0.3940829058177576,
        0.0581075713048748,
        0.18147548656395573,
        -0.3456256655425162,
        -0.14411829659783568,
        0.20063536556855915,
        -0.1160965949173257,
        -0.1856730627725564,
        -0.2256324913958341,
        0.19550908280059476,
        -0.11435128844283539,
        0.3056590134667218,
        -0.719041289019349,
        -0.5398962332483549,
        -0.03918905762949468,
        0.18746811080743309,
        0.1373360458844247,
        0.2770057465090902,
        -0.10317866386257021,
        -0.16142052584865826,
        -0.4214042352981328,
        -0.4800180813487042,
        0.39149479548303046,
        -0.07870117697166748,
        0.11186840805221579,
        -0.40964956445291295,
        -0.4513196519469699,
        0.3341385805684056,
        0.2779287994198278,
        -0.1865309130318985,
        -0.3786114035911167,
        -0.29049136331187014,
        -0.05684819838986452
    ],
    "checked": "indirect",
    "iteration": 48,
    "noise_sensor_0": [
        0.010058684639080754,
        0.057754461535896216,
        0.17071882062452462,
        -0.012223949138927976,
        0.013575537493829483,
        -0.057579024111010464,
        0.026906933019343392,
        0.031929695875089086,
        0.009167265459064274,
        0.07252586583496354,
        0.0887615581132705,
        -0.06617264235737251,
        -0.033799127371164445,
        0.01677097331131338,
        -0.05478651722765097,
        -0.04477601510325255,
        -0.03076055650892166,
        0.05753316975685746,
        0.003364354091183562,
        -0.06126131101367157,
        0.1308026509656513,
        0.023357044812374793,
        0.08537864049825007,
        0.03512209602674458,
        -0.0766784368751087,
        0.042163808452089065,
        -0.005051284807948326,
        -0.008395667704033955,
        -0.1205684965928539,
        -0.003054733737578267,
        -0.018947121054560277,
        -0.01679423774893324,
        0.017374427219340367,
        -0.04230205797189798,
        -0.02480006747957678,
        0.050109049394390856,
        0.06440452338128022,
        0.022270551724609386,
        0.06398257180049234,
        0.04028299323419226,
        -0.0446229184762487,
        -0.007576368828964811,
        -0.03388164714469488,
        -0.024345480525782896,
        -0.0710113300287431,
        0.028623767682521457,
        -0.004539480452951003,
        -0.044755279374012844,
        -0.04336130226009834,
        0.018929356196671188,
        -0.017874195561309453,
        -0.05411714149496988,
        -0.006912744584301793,
        -0.040342293666262886,
        0.0326351852246045,
        0.08145177935845102,
        0.05109488607351658,
        0.00632001048252865,
        0.0021826141073088673,
        0.01393479906072064
    ],
    "noise_sensor_1": [
        0.013321731338656861,
        -0.01172120225856342,
        0.0353264915523016,
        0.0404025586119243,
        0.004650977225365439,
        -0.008984378094917431,
        -0.07046277109047634,
        -0.0017023411660260746,
        0.09573424012789193,
        -0.0034495077367454694,
        0.03690136742508542,
        0.04761519103674217,
        0.0008333090245669239,
        0.09247908947893028,
        -0.06665923229893826,
        0.020013101735179197,
        -0.01353065744516523,
        0.029882731303127234,
        0.058631705465645965,
        -0.009012552058724583,
        -0.02671791273098783,
        -0.03916972040692853,
        -0.017713097074957666,
        -0.043634938825636904,
        0.05155563454429308,
        0.08864896949290216,
        0.04004599736849626,
        0.000644858285430337,
        -0.029057738987440806,
        0.020063046997720435,
        0.027311053304132762,
        -0.0023874402500695417,
        -0.03390384791900348,
        -0.04510639517686529,
        0.04257810436660865,
        0.062008338614794156,
        -0.11016605698152165,
        -0.05261942773832872,
        0.013284195722094222,
        0.07402231338835989,
        0.0006289889919641667,
        -0.0647009733665652,
        -0.026820395250418797,
        0.003394645855377629,
        0.043591074299492376,
        0.044644198263090774,
        0.0004922308930400698,
        -0.0002200732537597729,
        -0.00542534769368183,
        -0.011123069187247075,
        0.013909078858412282,
        -0.01653373763951331,
        0.09717297947576406,
        -0.09156084956408789,
        0.06643808870216386,
        -0.020957424790626077,
        -0.04081925014857109,
        0.026061813706760112,
        -0.059238503405115675,
        0.011941094086834624
    ],