{
    "ParameterSet": [
        0.0,
        0.0,
        0.0,
        0.0,
        0.0,
        0.0,
        0.0,
        0.0,
        0.0,
        0.0,
        0.0,
        0.0,
        0.0,
        0.0,
        0.0,
        0.0,
        0.0,
        0.0,
        0.0,
        0.0,
        0.5044372080402942,
        0.11179573179088269,
        0.22336131133168322,
        0.5238323908959595,
        0.4897837537401469,
        0.23336879209210276,
        0.156900132397411,
        0.2705401047539295,
        0.5045759819857375,
        0.4904423579823461,
        0.2409376907772342,
        0.1710147855545038,
        0.2840915832472842,
        0.5079500341720962,
        0.4593346845127408,
        0.21835216964225468,
        0.1690032511888188,
        0.3258838945822318,
        0.5074750373643965,
        0.2620683981985637,
        -0.04,
        -0.04,
        -0.04,
        -0.04,
        -0.04,
        -0.04,
        -0.04,
        -0.04,
        -0.04,
        -0.04,
        -0.04,
        -0.04,
        -0.04,
        -0.04,
        -0.04,
        -0.04,
        -0.04,
        -0.04,
        -0.04,
        -0.04
    ],
    "SensorParameterSet": [
        0.12229960594707072,
        -0.09488033351911146,
        -0.08198314475681315,
        -0.09198524872540786,
        0.12589445035081012,
        0.12712142670675103,
        -0.2498652947274938,
        0.16801374973565364,
        -0.0063791731565398324,
        -0.0369034720655863,
        0.24782549358571054,
        -0.20987068769495287,
        0.013180259652600442,
        0.2704634961981071,
        0.3208151897037178,
        -0.05945173940530553,
        0.18506614968586263,
        -0.02832374921688733,
        0.1280840164315347,
        -0.21439117443858113,
        -0.21934636842329494,
        0.31714514370306823,
        0.02267457828645978,
        -0.3111477252214457,
        0.15690229750728624,
        -0.12913487543461977,
        -0.08031085809753341,
        -0.3255833167097227,
        -0.11146267964491938,
        0.09579402516629525,
        -0.2369892555722676,
        -0.11775764721474126,
        -0.045267230923430615,
        -0.2714801183757627,
        -0.06268190158877841,
        0.03368588190065228,
        -0.0029092582381470573,
        -0.08909574301891815,
        0.18897452248857718,
        -0.5986261288544769,
        -0.2202704119465345,
        0.06910529239893234,
        0.2792468360090775,
        0.19470744505789306,
        -0.18266381595215778,
        -0.08468232182343073,
        -0.17328433790551925,
        -0.1806521497562545,
        -0.06378907009911555,
        -0.023424265636110553,
        -0.03806529090394541,
        0.2069336647131884,
        -0.38944838075018706,
        -0.145704148236711,
        0.20842845415932684,
        0.2698070614057946,
        -0.11002641881417981,
        -0.18825028161186827,
        -0.01054933320140429,
        -0.16933892320496557
    ],
    "checked": "indirect",
    "iteration": 15,
    "noise_sensor_0": [
        -0.0035155378090440913,
        0.002104964044266997,
        -0.059815358449151985,
        0.05098834540750065,
        -0.044812051514889074,
        0.08866649573940522,
        0.028484431533324826,
        -0.07914146763850399,
        -0.021171807702297048,
        0.029706911097160914,
        -0.09281746344477469,
        0.001220607153011794,
        0.0909050900983155,
        0.021102843827557533,
        -0.016818785566284175,
        0.027763028013075824,
        0.03689413512056657,
        -0.02667465753872557,
        -0.0554506927170878,
        -0.07895484428090707,
        0.014743655079568778,
        -0.10195667360703224,
        -0.02978506126910552,
        -0.047168537302485464,
        -0.0047356580285668306,
        -0.025757547876491576,
        0.00980911717056993,
        0.025158984840086183,
        0.006082693543808842,
        0.09732860651260984,
        0.014864890583582152,
        -0.012888316526257118,
        -0.09368371815149983,
        -0.000214412989704211,
        0.026832907752344374,
        -0.021995178951157095,
        -0.017554946392510394,
        -0.0600006532242882,
        0.06518328241274113,
        -0.0035259986916249576,
        -0.04112132732147821,
        -0.041341250458196234,
        0.027117411462115937,
        -0.06381104914499333,
        -0.05928910873756269,
        0.02360401247535712,
        0.04280325014824636,
        -0.07695482470015211,
        -0.017773038787875284,
        -0.08033839154194261,
        0.07990264954642369,
        -0.008839777458035679,
        0.052256637392416094,
        -0.01039925404557728,
        0.014594913206805537,
        0.0025040720378759758,
        -0.014535915421732508,
        -0.006899525778783834,
        0.04337372254287169,
        0.013019645168177942
    ],
    "noise_sensor_1": [
        0.021059999641724777,
        0.027490081312021623,
        -0.0658324896860304,
        0.010119773974352335,
        0.07449538638925486,
        -0.0012284460788854878,
        -0.05742989789823101,
        -0.0039055788132586235,
        0.11821806460329773,
        -0.058573262249156696,
        -0.049412761853925,
        0.00643768876631561,
        -0.026003942429031274,
        0.009610014556363436,
        -0.07411359764790641,
        0.05910806653259289,
        0.04820267792711201,
        -0.06377963761548416,
        -0.10790918071176697,
        -0.03183409853455342,
        -0.14841138726714068,
        0.04674047682361023,
        0.05167514477103076,
        0.08046905325656396,
        -0.07102926960266262,
        0.02274963504594916,
        -0.07802993576095879,
        -0.055024581168967045,
        0.017152580080761166,
        -0.020985619527531425,
        0.06601990588692984,
        -0.06780681524879152,
        -0.05854314835939443,
        -0.010710128106586263,
        -0.027460100208958494,
        -0.10305673808985168,
        -0.07783291379730929,
        -0.03347678385686848,
        0.1422217802627054,
        -0.03964572296311805,
        0.017580347869060094,
        0.03875696499481212,
        0.0779413794802087,
        0.06458969851253228,
        -0.04255884852622831,
        -0.06143305833619397,
        -0.02339837537725331,
        0.10108244858525933,
        -0.020703207899055602,
        -0.05227452862774971,
        0.026772674343382732,
        0.005431760932435393,
        -0.03763613160032607,
        -0.03593625770851876,
        0.020389018938329378,
        -0.03991134472818523,
        -0.030238838400739643,
        -0.06948911538703992,
        0.026655348489964637,
        -0.09195774090897123
    ],