{
    "ParameterSet": [
        0.0,
        0.0,
        0.0,
        0.0,
        0.0,
        0.0,
        0.0,
        0.0,
        0.0,
        0.0,
        0.0,
        0.0,
        0.0,
        0.0,
        0.0,
        0.0,
        0.0,
        0.0,
        0.0,
        0.0,
        0.5044372080402942,
        0.11179573179088269,
        0.22336131133168322,
        0.5238323908959595,
        0.4897837537401469,
        0.23336879209210276,
        0.156900132397411,
        0.2705401047539295,
        0.5045759819857375,
        0.4904423579823461,
        0.2409376907772342,
        0.1710147855545038,
        0.2840915832472842,
        0.5079500341720962,
        0.4593346845127408,
        0.21835216964225468,
        0.1690032511888188,
        0.3258838945822318,
        0.5074750373643965,
        0.2620683981985637,
        -0.04,
        -0.04,
        -0.04,
        -0.04,
        -0.04,
        -0.04,
        -0.04,
        -0.04,
        -0.04,
        -0.04,
        -0.04,
        -0.04,
        -0.04,
        -0.04,
        -0.04,
        -0.04,
        -0.04,
        -0.04,
        -0.04,
        -0.04
    ],
    "SensorParameterSet": [
        0.7795183539809496,
        0.014933697127784052,
        0.7117960223276425,
        0.3584099615476842,
        -0.3024433995989173,
        0.19706946558372845,
        -0.5749977194104268,
        0.290952356139605,
        -0.006984364211703177,
        0.38549041609935353,
        -0.7602707161827154,
        0.30990269695788675,
        0.15514672947228647,
        -0.02051666122200147,
        -0.0702916429656025,
        0.09332310255530162,
        -0.00618000643397676,
        0.3102053124350452,
        -0.006461214574443327,
        -0.2885288196335848,
        -0.031048532170857224,
        -0.07451355814401042,
        0.705710216983373,
        -0.07173003220691525,
        -0.6927827420790889,
        0.23346215401295972,
        -0.12067679182659867,
        0.04871566179151797,
        0.24407922549677658,
        0.5229794246455186,
        0.12749657369383724,
        -0.8652924384020074,
        -0.4177533754120851,
        0.12795100325603595,
        0.6545137773556805,
        -0.3705844958864646,
        0.6877680923779815,
        -0.3269786673627984,
        -0.315294455000405,
        -0.9091848708183846,
        -0.09713755150692911,
        0.3246591047250366,
        -0.32463259324708965,
        0.2480640510922209,
        -0.23428274218425726,
        0.5222129466824208,
        0.07165398416064513,
        0.1679494693393342,
        0.7026990016012549,
        0.1739551542414498,
        -0.3269642029876892,
        0.04713326349830334,
        0.2906542051613193,
        -0.03196032570521612,
        0.0442498524514088,
        0.1371245292973544,
        -0.48978520473487136,
        -0.5919706085361346,
        -0.0024699241681037667,
        0.19088308534611698
    ],
    "checked": "indirect",
    "iteration": 63,
    "noise_sensor_0": [
        0.028975664374365228,
        0.07643553723786366,
        -0.010737750354718157,
        0.0021804421473728686,
        0.05830853266944588,
        0.06433766341159218,
        -0.023588457326458104,
        -0.005257368342958278,
        0.02786955557278504,
        0.024847174201724536,
        0.05067125709101511,
        -0.024902288659982733,
        0.04765852138280511,
        0.025191797857773982,
        -0.03458659333591588,
        -0.025307880812127148,
        0.008185789308790478,
        -0.059440219895909044,
        0.05937212408702881,
        -0.016287576330717164,
        0.0726103558581129,
        -0.032831385331444,
        0.04030721704583417,
        0.06095338380971849,
        0.019529189678285083,
        -0.05084892607524911,
        -0.08039741250804237,
        -0.012242673205083964,
        0.047051317132750875,
        -0.09016479092122275,
        -0.07181604394378674,
        0.01591631358199161,
        0.06050229226895543,
        -0.02048585108108331,
        0.04500251645905438,
        -0.012668710815684919,
        0.04459803354068463,
        -0.04504871824721624,
        0.03824846549045914,
        -0.06836500409555304,
        -0.009626190673056192,
        -0.09160252738550728,
        0.006200906492458023,
        0.04749368742512129,
        -0.07109869158160118,
        -0.012363728062732114,
        -0.019033001087314014,
        0.02315431952949406,
        0.010666842712213739,
        0.0216377316305781,
        -0.044632762013677774,
        0.025531673099464292,
        -0.059501716933222745,
        -0.04217866350546651,
        -0.049737831360253566,
        0.05306394963922358,
        -0.044800414388967334,
        -0.06379830714200525,
        -0.010161696400663923,
        -0.011885646192936082
    ],
    "noise_sensor_1": [
        -0.05080058240206142,
        -0.021476372532035364,
        -0.034963752084193944,
        -0.03621144990462541,
        0.014624047835378197,
        -0.014284811543815354,
        0.008992063881117143,
        0.005704129378199257,
        -0.04174540127632992,
        0.0805803024668571,
        -0.021404484274371947,
        0.0644424178690365,
        -0.027210379967748357,
        0.06554760117910982,
        0.07428245927376088,
        -0.004743069209606409,
        -0.01674369484511045,
        -0.019158073467819337,
        -0.010132672371508588,
        -0.08622916761179066,
        -0.052716532000879064,
        -0.026710378603708434,
        0.04246396727030916,
        0.008922236612143418,
        -0.0038979222652352845,
        -0.05205321193708095,
        0.0027849968571214477,
        0.05526003983017647,
        0.022694051287689154,
        0.019128458273175986,
        0.10216844050865254,
        -0.01689693871337677,
        -0.00653106986005445,
        0.040195556042811886,
        -0.02083428113216179,
        -0.06565163468234049,
        0.006494050330722652,
        -0.08433106595335771,
        -0.04686798515954796,
        0.03281146127902071,
        0.041244705644743467,
        -0.0055783741384550604,
        -0.01129732400924354,
        -0.008819290516788295,
        -0.03683809368036194,
        0.06062030438578123,
        0.014675865489646712,
        0.04116517196352423,
        -0.02295750594707221,
        0.0384811332051258,
        -0.056721076259672494,
        -0.04912392199220265,
        0.06372715449659884,
        0.014920669138284647,
        0.034229354333765255,
        -0.033904093807156296,
        -0.001186368771852232,
        0.03160669867223607,
        -0.06124401539641775,
        -0.03196572033045324
    ],