{
    "ParameterSet": [
        0.0,
        0.0,
        0.0,
        0.0,
        0.0,
        0.0,
        0.0,
        0.0,
        0.0,
        0.0,
        0.0,
        0.0,
        0.0,
        0.0,
        0.0,
        0.0,
        0.0,
        0.0,
        0.0,
        0.0,
        0.5044372080402942,
        0.11179573179088269,
        0.22336131133168322,
        0.5238323908959595,
        0.4897837537401469,
        0.23336879209210276,
        0.156900132397411,
        0.2705401047539295,
        0.5045759819857375,
        0.4904423579823461,
        0.2409376907772342,
        0.1710147855545038,
        0.2840915832472842,
        0.5079500341720962,
        0.4593346845127408,
        0.21835216964225468,
        0.1690032511888188,
        0.3258838945822318,
        0.5074750373643965,
        0.2620683981985637,
        -0.04,
        -0.04,
        -0.04,
        -0.04,
        -0.04,
        -0.04,
        -0.04,
        -0.04,
        -0.04,
        -0.04,
        -0.04,
        -0.04,
        -0.04,
        -0.04,
        -0.04,
        -0.04,
        -0.04,
        -0.04,
        -0.04,
        -0.04
    ],
    "SensorParameterSet": [
        0.17333719198746111,
        0.047937542869164615,
        0.06571156902586203,
        0.03149243715159793,
        -0.01133991511171734,
        -0.09700583244954608,
        -0.15441370218604625,
        -0.23578890475087042,
        -0.05977794576466272,
        0.25319628784175047,
        -0.06792597337169576,
        0.09337190277878606,
        -0.0061651387391935125,
        0.004514541432201095,
        -0.08342320782760142,
        0.22402908472000374,
        -0.06745281228333172,
        0.13467975105189983,
        -0.16428037426634398,
        0.17444400624593134,
        -0.09875269146947062,
        0.12903894679858208,
        -0.1493439208856756,
        -0.0756128469830923,
        -0.18903320530984052,
        0.04768906526724404,
        -0.025303855307030033,
        -0.0713234200928342,
        0.16687111730637913,
        0.059563096902988416,
        0.10481387993435089,
        -0.14709283298225004,
        0.03343287291514934,
        -0.049742621865353456,
        0.003896145741870695,
        -0.1605049823182467,
        0.04806620822139268,
        -0.058268799901022225,
        -0.042448654452451696,
        -0.04558072053780163,
        0.027861513421093238,
        0.09931748217548488,
        0.1241716847486932,
        0.15104688530049543,
        0.08464456056949299,
        0.016132976836829776,
        0.09971844584644667,
        0.022545810801052092,
        0.012457225776481952,
        0.15119773543315979,
        -0.13184591032434653,
        -0.029830910083862794,
        0.026736281202647837,
        0.014831806714926203,
        0.09780579715554656,
        0.027443644661363634,
        0.09643647308205026,
        -0.18503160723208725,
        -0.13990666281096367,
        -0.03707627662352315
    ],
    "checked": "indirect",
    "iteration": 4,
    "noise_sensor_0": [
        -0.04174746626454788,
        -0.03891208203944793,
        0.005255859230277142,
        -0.009318765376964968,
        -0.021471056746970352,
        0.05478359820057547,
        -0.04275457280226637,
        -0.021649761138260677,
        -0.08113196083960396,
        -0.07015919595180353,
        0.02380251646872539,
        -0.0162924603488844,
        0.035726367011468085,
        -0.057185530101892666,
        0.05818563759723126,
        0.010889477082744738,
        -0.010421002214364697,
        -0.07061931742721374,
        0.08731751652707662,
        -0.029146056709611717,
        -0.013654136131393782,
        0.01628212204407593,
        0.04928603289054144,
        0.01339216422549072,
        -0.10944630770315515,
        -0.02976629573339452,
        0.01543949513182691,
        -0.003578673252440723,
        -0.0724246810146544,
        0.07183567612842809,
        -0.06646502133217612,
        0.06007126462098202,
        -0.031420521491133585,
        0.05957941593111093,
        0.025503464796476322,
        0.025580895974945374,
        0.004807425552738511,
        -0.04252983658156071,
        -0.034080623316957236,
        0.028831898239059676,
        -0.08198467124366414,
        -0.05855338686008031,
        -0.010168115916981753,
        -0.06348694858058529,
        -0.006053629476815011,
        0.005455615039216975,
        -0.04287221907959166,
        -0.02540848639922507,
        -0.06152609987675023,
        -0.1003562600196846,
        0.042176177015100666,
        0.026591187063085785,
        -0.06853591102424456,
        0.037027636681984465,
        -0.011003541327844034,
        -0.06046699462232506,
        -0.05527567948659029,
        -0.026573865724409576,
        -0.01770284518514243,
        0.008367674140294587
    ],
    "noise_sensor_1": [
        0.07967370825127382,
        0.08205265856575901,
        -0.0171397183147161,
        -0.015299855348582773,
        0.08160837041473894,
        -0.07659267196288777,
        -0.07109067537180308,
        -0.031297549433314184,
        0.05933147783873815,
        0.05534063326205794,
        0.09638970906291103,
        -0.04467221504167048,
        0.08691019908646495,
        0.03274695194291047,
        -0.07750295863035124,
        -0.08496660897647453,
        -0.10843747672949376,
        0.039648621918628016,
        -0.00010012982552916143,
        0.05162174936886033,
        0.008630099802441685,
        0.06631107003359477,
        -0.10823654831379484,
        -0.1038559261404792,
        -0.020655194429418176,
        -0.012691276934538849,
        -0.040374693747199854,
        0.0456965710547235,
        -0.03544148893874692,
        -0.06330325048897036,
        -0.040060036686543794,
        -0.014684010110977279,
        0.013739217107791434,
        0.03917283466667989,
        0.04880992061723554,
        -0.051396355974331905,
        -0.013570039269661346,
        0.1264792565548106,
        0.024088640395437674,
        0.031953455159449286,
        -0.059548188670568644,
        0.09199026804819473,
        -0.02591643378524968,
        0.09562856498576025,
        -0.03163366930668347,
        0.07043475855584946,
        0.008114388443272603,
        0.05713674710157483,
        -0.10959480041596502,
        0.03049171404874672,
        0.014149496410838314,
        -0.0029626026464118225,
        -0.08390276072962721,
        0.009216027102685162,
        0.034292455678678876,
        0.12785781584182376,
        0.08645678431510337,
        0.14444306964912368,
        0.01369526810229107,
        -0.012231877558907698
    ],