{
    "ParameterSet": [
        0.0,
        0.0,
        0.0,
        0.0,
        0.0,
        0.0,
        0.0,
        0.0,
        0.0,
        0.0,
        0.0,
        0.0,
        0.0,
        0.0,
        0.0,
        0.0,
        0.0,
        0.0,
        0.0,
        0.0,
        0.5044372080402942,
        0.11179573179088269,
        0.22336131133168322,
        0.5238323908959595,
        0.4897837537401469,
        0.23336879209210276,
        0.156900132397411,
        0.2705401047539295,
        0.5045759819857375,
        0.4904423579823461,
        0.2409376907772342,
        0.1710147855545038,
        0.2840915832472842,
        0.5079500341720962,
        0.4593346845127408,
        0.21835216964225468,
        0.1690032511888188,
        0.3258838945822318,
        0.5074750373643965,
        0.2620683981985637,
        -0.04,
        -0.04,
        -0.04,
        -0.04,
        -0.04,
        -0.04,
        -0.04,
        -0.04,
        -0.04,
        -0.04,
        -0.04,
        -0.04,
        -0.04,
        -0.04,
        -0.04,
        -0.04,
        -0.04,
        -0.04,
        -0.04,
        -0.04
    ],
    "SensorParameterSet": [
        0.6396110560383292,
        0.03817006428208638,
        0.7122918280313686,
        0.19123419786566415,
        -0.02510244468507861,
        -0.03487550697644016,
        -0.14971674661097048,
        0.1872243245753352,
        -0.09205349709949202,
        0.3864678693773775,
        -0.4999384921727237,
        0.17201423736960145,
        -0.3087342322504399,
        0.10664849123351544,
        0.09752534046868161,
        -0.07657050490926255,
        0.003991298166952757,
        0.23488332380295265,
        -0.2657048759190434,
        -0.002810022647072131,
        0.01157801550770768,
        -0.1740996528124916,
        0.4178095884454915,
        -0.012811907429373328,
        -0.48087093784735796,
        0.23921489568923068,
        -0.08936005235098801,
        0.19166059557188894,
        0.012931796557351155,
        0.2203079734162083,
        0.0948668047876971,
        -0.52509717780279,
        -0.18953818679135,
        -0.05761542570490113,
        0.4183277795800322,
        -0.3523795831876644,
        0.5256561915164741,
        -0.19070828897444403,
        -0.18649540515821444,
        -0.718852007446128,
        -0.09820538537984555,
        0.4452671751739206,
        -0.11342419054203406,
        -0.055983423289776686,
        -0.1547352970211143,
        0.35369854385060434,
        0.20980012811123186,
        0.011203136383022956,
        0.4661734650055062,
        0.019163870581665146,
        -0.2619604783557414,
        -0.06816258964685498,
        0.3513630982628875,
        -0.29057480519209633,
        0.02896056046789803,
        -0.12137706341603925,
        -0.2963227418999053,
        -0.499594675786244,
        -0.24881105130092573,
        0.2932166955513598
    ],
    "checked": "indirect",
    "iteration": 44,
    "noise_sensor_0": [
        -0.003425829888374373,
        -0.07408336780375917,
        0.020832459461899724,
        0.004751061207447952,
        -0.024106687375340045,
        0.023827234828359644,
        -0.005051921223914931,
        0.011784918362794225,
        -0.0015897261620674047,
        0.006769136307289219,
        0.026669618916074674,
        0.006885088321918145,
        -0.01859680970957949,
        0.014887865012950335,
        0.03596829636749264,
        0.04510057497114014,
        -0.005934765142874188,
        0.0015178197483691268,
        0.050571040177736476,
        0.02868135911442557,
        0.03240976914031309,
        -0.01570387755609471,
        -0.04238094266069145,
        0.03924413993008883,
        -0.03323554631924106,
        -0.027234880625930387,
        -0.023737628843567837,
        0.022326893963765457,
        0.02692071236286905,
        -0.0003028215817890282,
        0.05236009045116347,
        0.03773027263005461,
        -0.059938093511509166,
        -0.03768792888386879,
        -0.07017459240707515,
        0.039436825372133597,
        -0.024473600002591838,
        0.03086273423185833,
        0.014665037979038124,
        0.11767428869342068,
        0.0635780859606683,
        0.004180340328669277,
        0.06501709338148697,
        0.08016589272262718,
        0.015167647155344913,
        0.01361615854669523,
        -0.008732776743131642,
        -0.006446076802919415,
        0.09628013935727299,
        0.02656032562382054,
        0.005296054214192929,
        -0.06530787915350661,
        -0.0062956206837797395,
        -0.03293651237662982,
        0.005290811557350353,
        -0.05854996532042535,
        -0.014045710176972632,
        -0.02457039159400434,
        -0.021251944598238145,
        0.06391556285562575
    ],
    "noise_sensor_1": [
        -0.02117071174072446,
        -0.01578574093458968,
        0.0757354906821511,
        -0.03721097803305735,
        -0.01244619001372045,
        0.009291808686047514,
        0.015556487679710393,
        -0.030004574337707833,
        -0.04385979447670504,
        -0.007991484606765353,
        -0.05500175256947348,
        -0.0592148801930739,
        -0.07663339678089001,
        -0.00647598807110877,
        -0.0349932658294936,
        -0.025639664697990856,
        -0.03263849893088107,
        -0.03946467834445749,
        0.01821829278863341,
        -0.09414580810611758,
        -0.008606862077916406,
        -0.0469488591704932,
        -0.09391958674642985,
        -0.013125365707997237,
        -0.06364498971711148,
        0.02676570151452165,
        -0.08839594129342411,
        -0.023437611915276615,
        -0.15698169205939128,
        -0.04108748716161959,
        0.05108448397669461,
        -0.004009275407635344,
        -0.04859456174202011,
        -0.07556634044069581,
        0.02852633958227101,
        0.07999938855173032,
        -0.004229661947312001,
        -0.03334788048877876,
        0.017789134585118903,
        0.006272742482522726,
        -0.030985083300927682,
        -0.01616998057096361,
        -0.0075057559003854435,
        0.03867452049656785,
        -0.09339487875258304,
        -0.023027578155714715,
        -0.056657037742776306,
        0.026566111396898733,
        -0.06244152669777537,
        0.023860116313458253,
        0.01617048660842076,
        0.07739101474599781,
        -0.006019344106477614,
        -0.044983549735949986,
        0.013711234131632439,
        0.007330437683582435,
        0.01852354418440537,
        -0.062221509177575934,
        -0.06739894094407294,
        0.061958345545311065
    ],