{
    "ParameterSet": [
        0.0,
        0.0,
        0.0,
        0.0,
        0.0,
        0.0,
        0.0,
        0.0,
        0.0,
        0.0,
        0.0,
        0.0,
        0.0,
        0.0,
        0.0,
        0.0,
        0.0,
        0.0,
        0.0,
        0.0,
        0.5044372080402942,
        0.11179573179088269,
        0.22336131133168322,
        0.5238323908959595,
        0.4897837537401469,
        0.23336879209210276,
        0.156900132397411,
        0.2705401047539295,
        0.5045759819857375,
        0.4904423579823461,
        0.2409376907772342,
        0.1710147855545038,
        0.2840915832472842,
        0.5079500341720962,
        0.4593346845127408,
        0.21835216964225468,
        0.1690032511888188,
        0.3258838945822318,
        0.5074750373643965,
        0.2620683981985637,
        -0.04,
        -0.04,
        -0.04,
        -0.04,
        -0.04,
        -0.04,
        -0.04,
        -0.04,
        -0.04,
        -0.04,
        -0.04,
        -0.04,
        -0.04,
        -0.04,
        -0.04,
        -0.04,
        -0.04,
        -0.04,
        -0.04,
        -0.04
    ],
    "SensorParameterSet": [
        0.7951240686403414,
        0.1310334872590235,
        0.6939892140729043,
        0.4443808289702602,
        -0.37261730847438324,
        0.20917718771495333,
        -0.5872958055519925,
        0.28662458442390315,
        -0.04956990381525502,
        0.36885457736314176,
        -0.743847332691071,
        0.3145697426179064,
        0.17870948888143579,
        0.05164117731368733,
        -0.059662639409405756,
        0.03920198264230614,
        -0.07060894433468691,
        0.160600511824204,
        0.10324961067795024,
        -0.27027098190501736,
        -0.0022219593517996757,
        -0.08771717234854784,
        0.8113912355802176,
        -0.0008813072945853326,
        -0.6221470657093756,
        0.26530195312507726,
        -0.11409687829017758,
        -0.03274610163378615,
        0.2238790667925501,
        0.4449953263450036,
        0.27514490202169417,
        -0.8747532441069666,
        -0.34108525871105555,
        0.15068121129349119,
        0.7089208880927148,
        -0.3993652508231002,
        0.7248702474513963,
        -0.37054397630858144,
        -0.36537981950837184,
        -0.9543520073676152,
        -0.22870105436191027,
        0.21592541649036712,
        -0.30392390158733085,
        0.2290303409713059,
        -0.22340621581243286,
        0.59482034748902,
        0.134892668608601,
        0.19680585921552252,
        0.6046451205638678,
        0.15703667118081877,
        -0.329980236159025,
        0.05929624796287202,
        0.24892644953152554,
        -0.08627202829444612,
        -0.029714808230189863,
        0.2641181084184151,
        -0.5220385319028117,
        -0.6163391253217786,
        0.05737043635324686,
        0.1862785473119845
    ],
    "checked": "indirect",
    "iteration": 69,
    "noise_sensor_0": [
        0.0005997372604238815,
        0.037283364480018955,
        -0.01636614420558077,
        0.01599707119931949,
        -0.00783956227962558,
        0.006970640556296307,
        0.013650789396842684,
        -0.026348199213277905,
        0.07461340134513401,
        0.04280589117595829,
        0.08049020436698846,
        -0.029678240382887928,
        -0.028761537071716615,
        0.028256807691567836,
        -0.03847555912699953,
        0.004945457807629631,
        0.013138899343163715,
        0.024125217319526764,
        0.0017884786449992888,
        0.0017076534985148693,
        -0.022567167143776677,
        0.091413396923306,
        -0.017861725374385892,
        -0.06926098135765142,
        0.019040900545998603,
        -0.041264968290423636,
        -0.011244567163217539,
        -0.017810494388227946,
        0.05713406665078593,
        -0.045282548808900654,
        -0.00730370553221378,
        -0.006612317087357538,
        0.023530746098240303,
        0.01784882870901748,
        -0.030832140128106932,
        -0.014146094211554962,
        0.08623224226595362,
        -0.09137853819138676,
        0.0011013538451388868,
        -0.032442464275328486,
        -0.06711445764329606,
        -0.04721246559288835,
        0.031062618661274848,
        -0.0015000093883554705,
        0.07523808257871842,
        0.01064262346978508,
        0.0018680552153457742,
        -0.043716527272863355,
        -6.938157626521745e-05,
        0.007088750427839037,
        -0.05671313381528437,
        0.03166036039642225,
        -0.04360857957093277,
        -0.08553464878271794,
        0.05488753980950603,
        -0.04887813557353218,
        0.10256264825156482,
        0.01056111751190715,
        0.004128964911493065,
        0.05011304736552737
    ],
    "noise_sensor_1": [
        0.03883454628402365,
        0.014707098866542413,
        0.019701929590030517,
        -0.05127063655066236,
        0.031234806403201528,
        -0.005168454028562433,
        -0.05084274757471919,
        -0.028461298929054826,
        0.06215172373207569,
        0.0015600243474453712,
        -0.05301429070133264,
        0.0659718905137575,
        0.020308411808438804,
        0.03608804926966604,
        0.06474386905207383,
        0.03999493523653194,
        -0.0069054655872362045,
        0.04569870547691554,
        -0.0033345919149943433,
        0.023884335340461818,
        0.050115074884907136,
        -0.06861667702764916,
        -0.04438290558667314,
        -0.02441391325340095,
        -0.026593571720752652,
        0.029026623764676292,
        0.0015971197769678084,
        -0.014855079265744949,
        0.033025721210150336,
        -0.0967776816725415,
        0.006734907025026258,
        -0.015507944282941657,
        0.030871991750926357,
        0.02623361762390113,
        -0.00975288608014261,
        -0.06269951649601979,
        -0.11116137337771763,
        -0.025407503518017422,
        -0.028285363887080254,
        -0.03305531291669643,
        -0.0656901605249394,
        -0.008526996705561167,
        0.013358594832459606,
        -0.0006657694452654752,
        0.010545931493298626,
        -0.022181103433889796,
        0.015721168154289075,
        0.012552882507209684,
        -0.10208047569870396,
        -0.020370038432250062,
        0.07721748235631189,
        0.033107887858665044,
        0.06731430344484303,
        -0.06454535962778113,
        -0.03552088666761578,
        -0.07017081522464902,
        0.04277800880843289,
        0.03189880416917056,
        0.00637012953724044,
        0.0168251077833077
    ],