{
    "ParameterSet": [
        0.0,
        0.0,
        0.0,
        0.0,
        0.0,
        0.0,
        0.0,
        0.0,
        0.0,
        0.0,
        0.0,
        0.0,
        0.0,
        0.0,
        0.0,
        0.0,
        0.0,
        0.0,
        0.0,
        0.0,
        0.5044372080402942,
        0.11179573179088269,
        0.22336131133168322,
        0.5238323908959595,
        0.4897837537401469,
        0.23336879209210276,
        0.156900132397411,
        0.2705401047539295,
        0.5045759819857375,
        0.4904423579823461,
        0.2409376907772342,
        0.1710147855545038,
        0.2840915832472842,
        0.5079500341720962,
        0.4593346845127408,
        0.21835216964225468,
        0.1690032511888188,
        0.3258838945822318,
        0.5074750373643965,
        0.2620683981985637,
        -0.04,
        -0.04,
        -0.04,
        -0.04,
        -0.04,
        -0.04,
        -0.04,
        -0.04,
        -0.04,
        -0.04,
        -0.04,
        -0.04,
        -0.04,
        -0.04,
        -0.04,
        -0.04,
        -0.04,
        -0.04,
        -0.04,
        -0.04
    ],
    "SensorParameterSet": [
        -0.20699090472857665,
        -0.003244974989591365,
        0.13013243080959908,
        -0.09403344478357238,
        -0.24218101647350793,
        0.0751150881238948,
        0.32297055571475947,
        0.09387074241908594,
        -0.008665103539175278,
        0.03623699700219135,
        -0.05015207713221622,
        -0.0897719688580563,
        -0.056944941826594875,
        0.35413320761485345,
        0.17212042635823874,
        -0.0335773823129561,
        -0.13997267356484153,
        -0.07571650177499811,
        -0.0375699717382417,
        0.10862752863828512,
        -0.2557385734275442,
        0.26888307790255206,
        0.28122146201817294,
        -0.1316478116185788,
        0.3630462161046461,
        0.1068135939847239,
        -0.1825507747825042,
        -0.41717327482083755,
        -0.11505762637673037,
        -0.22290882370387088,
        -0.12393986782366023,
        -0.1383689477903583,
        -0.2591217500030689,
        -0.17739379884711448,
        -0.13002235290791048,
        0.002713444587711754,
        -0.09072503510437986,
        0.05690368459048568,
        -0.09499368957048626,
        0.23134755040993796,
        0.02152312198900648,
        0.023610882541505833,
        -0.22303192272803082,
        -0.12285765829317313,
        -0.11237009414777023,
        -0.0029402660151450696,
        0.02636860817181134,
        0.021786881494388195,
        0.003635286039896421,
        0.10633014685114972,
        0.09173441279489403,
        -0.1622625885151749,
        0.11685520496521465,
        -0.09723628318179443,
        -0.024089291288903997,
        -0.0967753032810874,
        -0.18231979002272358,
        0.2030764830751719,
        0.06792666340007002,
        0.08562440588252765
    ],
    "checked": "indirect",
    "iteration": 5,
    "noise_sensor_0": [
        -0.22981868395597022,
        0.06864407579569322,
        -0.06310218216494487,
        -0.08072150834555321,
        0.11218620353883747,
        -0.19004061677554182,
        -0.03668348918307771,
        0.18030722493608523,
        0.018597106393139294,
        -0.21778794305591262,
        0.1148312321548184,
        -0.10290117497080473,
        0.0781752130450258,
        0.039269095124762746,
        -0.034488619437437064,
        0.11958484951838354,
        0.014724442484533213,
        -0.02857507463841982,
        0.08385598224671091,
        0.04214910019896243,
        -0.03699979927414703,
        0.09308196914260088,
        0.0856202355650342,
        0.033376966128209215,
        -0.10796643298486765,
        -0.04769612842196035,
        -0.08404763618049642,
        0.06705436903396937,
        -0.04317039675287199,
        -0.06892799602758477,
        -0.10742829991664063,
        0.01680432285427594,
        0.048358599451859254,
        -0.08849109403242002,
        -0.04962841745560407,
        0.08883073461842494,
        0.0818229840864228,
        -0.08536985680596083,
        0.08113105628611193,
        0.1893790521961776,
        -0.0891400636500132,
        -0.04340157300813764,
        -0.01675800487786546,
        -0.17312654876920544,
        -0.03121591913892164,
        -0.13247703356960466,
        0.10421481494296289,
        -0.027774775562100215,
        -0.022767517281703585,
        -0.003681933373735958,
        0.23128813321608988,
        0.018326509407001527,
        0.03806645248503096,
        0.03665782061749139,
        -0.11072426147177819,
        -0.051327768848562924,
        0.0706086986429718,
        0.05804305630416666,
        0.039983970022787335,
        -0.02286053789286104
    ],
    "noise_sensor_1": [
        -0.06692900017686117,
        0.1923752203499063,
        0.1018219115925885,
        -0.06742827502482272,
        -0.03506717815813606,
        0.029719193937773676,
        0.1021004870901243,
        0.02663483229890762,
        0.053447880862133104,
        0.062638347141863,
        -0.07164205639824517,
        0.13885015586571375,
        -0.045519705476991516,
        -0.04014342983698769,
        0.0014099065408187236,
        -0.025549071332884282,
        -0.026559645764090447,
        0.03598175126131336,
        -0.10580153661353892,
        -0.04315791466127239,
        -0.007130552900321702,
        -0.008882150187554998,
        -0.02128664756629043,
        0.12922833430006367,
        0.04072643947758446,
        0.014384406129497224,
        -0.027783757427086,
        0.014013593343851842,
        -0.1419024400981589,
        -0.04600455878457351,
        -0.021855248784510978,
        0.038386533269065805,
        0.02540258903835607,
        -0.04004412475813181,
        0.12509891822743405,
        -0.018401351569567667,
        -0.04641430761289872,
        -0.03715371785493703,
        0.16834970257800702,
        0.06771070036772388,
        0.07375498690741945,
        -0.09971461998358729,
        -0.09200781654906155,
        0.0023618646991362575,
        -0.00141803575163002,
        -0.15601601133833043,
        -0.006466019165516785,
        -0.018659028677940462,
        0.10489181087169877,
        -0.03326693546345645,
        0.05684087134812631,
        -0.0814719094470404,
        0.17134556450125046,
        0.1522870452697832,
        0.07492027418979004,
        0.1114378579829039,
        0.06562798931223428,
        -0.009546894906095192,
        0.014698642890897406,
        0.0002780437895965126
    ],