{
    "ParameterSet": [
        0.0,
        0.0,
        0.0,
        0.0,
        0.0,
        0.0,
        0.0,
        0.0,
        0.0,
        0.0,
        0.0,
        0.0,
        0.0,
        0.0,
        0.0,
        0.0,
        0.0,
        0.0,
        0.0,
        0.0,
        0.5044372080402942,
        0.11179573179088269,
        0.22336131133168322,
        0.5238323908959595,
        0.4897837537401469,
        0.23336879209210276,
        0.156900132397411,
        0.2705401047539295,
        0.5045759819857375,
        0.4904423579823461,
        0.2409376907772342,
        0.1710147855545038,
        0.2840915832472842,
        0.5079500341720962,
        0.4593346845127408,
        0.21835216964225468,
        0.1690032511888188,
        0.3258838945822318,
        0.5074750373643965,
        0.2620683981985637,
        -0.04,
        -0.04,
        -0.04,
        -0.04,
        -0.04,
        -0.04,
        -0.04,
        -0.04,
        -0.04,
        -0.04,
        -0.04,
        -0.04,
        -0.04,
        -0.04,
        -0.04,
        -0.04,
        -0.04,
        -0.04,
        -0.04,
        -0.04
    ],
    "SensorParameterSet": [
        -0.22112908758294805,
        -0.2539428312546176,
        0.5407745100758834,
        -0.07384628434422885,
        -0.4056269777542835,
        -0.3010722979324817,
        0.8198943894436108,
        -0.5436727655286356,
        0.0766888840014035,
        -0.4642547973860518,
        0.08582697059859629,
        0.15519674344443363,
        0.5834327416486271,
        0.6488501084455063,
        0.7712373808775878,
        -0.21316478881637466,
        -1.1848403842567756,
        0.60782495012383,
        0.300549429049284,
        0.37651418109371976,
        0.12058332046986366,
        0.31242427418454854,
        0.19577334879597105,
        0.6071527716091779,
        1.0605998058045525,
        0.18465239071569278,
        -0.5623189403360797,
        -1.1696777656280795,
        0.08909194829301295,
        -0.6940786478049914,
        -0.252196855335045,
        -1.8322341930116972,
        -1.364064904085719,
        -0.22919868597389753,
        -0.7050042627912233,
        -1.2805287920541373,
        -0.24743523484964522,
        -0.11792188058720887,
        -1.0198204414330887,
        -0.5929816222275281,
        -0.4745823834277879,
        -0.12486695610090204,
        -0.3426911495900996,
        0.44618215940361733,
        -0.10983600881755193,
        0.32244354772877576,
        0.14595143405917613,
        -0.14089029817479953,
        -0.603945070658014,
        -0.07058144870085215,
        -0.3286061158296435,
        0.01966223143313248,
        -0.5722727028727569,
        -0.4710914352089121,
        0.2567909542185034,
        -0.8430094943169895,
        -0.656626112342481,
        0.7134175341575607,
        0.2855621301224883,
        -0.040362868704422565
    ],
    "checked": "indirect",
    "iteration": 77,
    "noise_sensor_0": [
        -0.02874920774262512,
        -0.049951647080573945,
        -0.022932299551370574,
        -0.0009053722582998354,
        0.051408651559796195,
        -0.0028145998099188352,
        -0.05031985493018888,
        -0.0668004293630821,
        0.07654284700976262,
        -0.03864117235311412,
        0.06519641578412924,
        0.04135023582323866,
        -0.10087845900689184,
        0.005161030603626923,
        -0.015651732989693034,
        -0.06603948842361913,
        0.030730721054129388,
        -0.012973929975024364,
        0.015529335905949428,
        0.07594228472624237,
        -0.01296219733513534,
        0.0552644393625894,
        -0.027210089802018174,
        -0.10190835357738327,
        -0.013761524686083475,
        -0.01647540593170492,
        -0.057999556409995545,
        0.11386369887013728,
        0.20981056142469906,
        0.02710562902190411,
        -0.09368722855330987,
        -0.00016459164861742709,
        0.09678124344516913,
        0.07779834091093751,
        -0.05175639272772126,
        0.021221197634958867,
        -0.11399089244648873,
        0.08111041350130554,
        -0.07505927097155614,
        -0.09021816607514793,
        0.022284107912066725,
        0.07421566518717267,
        0.004452948495786148,
        0.01368074476529395,
        -0.028108868768648706,
        0.0669535015279021,
        -0.14681516641137182,
        -0.015441844813280576,
        -0.024182310991523744,
        -0.029609872669204704,
        -0.009118482974235977,
        -0.011323699786910788,
        0.05732345456027907,
        -0.02207629464672121,
        -0.0024521014055381763,
        0.0795775511363945,
        0.02423113323687052,
        0.08773436270827911,
        0.049731181180270846,
        0.05214319137596469
    ],
    "noise_sensor_1": [
        0.0577056082558455,
        0.10821662008504263,
        0.015758048146922728,
        -0.028389615155049747,
        0.018125410719978037,
        0.09514616631843013,
        -0.030344769420782312,
        0.021672342730348553,
        -0.004284016902493505,
        -0.11533008474605705,
        0.022831760339444482,
        -0.051231642249085725,
        -0.03909649666625346,
        -0.008546623662257944,
        0.03578965833671498,
        -0.009618041756603732,
        -0.07323353449149143,
        0.01760929784322089,
        -0.027235180408973207,
        -0.02477831390074141,
        0.06311784193567153,
        -0.055210101288268525,
        0.03011457813003798,
        0.08772083105947366,
        0.05155857889024366,
        0.06402789359665631,
        0.0028847577314702077,
        0.061634879920950555,
        -0.021480720354240555,
        -0.13299540156591552,
        0.04912944943086588,
        0.11196852591127082,
        -0.0037553342976706146,
        -0.038005513259635866,
        -0.1327547107550787,
        0.02414267579122471,
        -0.12727622522959722,
        -0.05308112726016968,
        0.029382777825623856,
        0.01807285345713004,
        -0.12021305158512437,
        0.1036054854239535,
        0.09988743727353905,
        0.008025445756463231,
        0.011096626733836176,
        -0.008118086445272779,
        -0.15321403759853838,
        -0.0012083589213107769,
        0.11936710073522172,
        0.030090751031146636,
        0.050377212139795964,
        -0.03865767850174283,
        0.006851930638574283,
        -0.04803323344750075,
        0.016803619398295597,
        0.04396092378368008,
        -0.03905248370740059,
        0.07732535400725507,
        -0.0380475614174193,
        -0.034140759009607155
    ],