{
    "ParameterSet": [
        0.0,
        0.0,
        0.0,
        0.0,
        0.0,
        0.0,
        0.0,
        0.0,
        0.0,
        0.0,
        0.0,
        0.0,
        0.0,
        0.0,
        0.0,
        0.0,
        0.0,
        0.0,
        0.0,
        0.0,
        0.5044372080402942,
        0.11179573179088269,
        0.22336131133168322,
        0.5238323908959595,
        0.4897837537401469,
        0.23336879209210276,
        0.156900132397411,
        0.2705401047539295,
        0.5045759819857375,
        0.4904423579823461,
        0.2409376907772342,
        0.1710147855545038,
        0.2840915832472842,
        0.5079500341720962,
        0.4593346845127408,
        0.21835216964225468,
        0.1690032511888188,
        0.3258838945822318,
        0.5074750373643965,
        0.2620683981985637,
        -0.04,
        -0.04,
        -0.04,
        -0.04,
        -0.04,
        -0.04,
        -0.04,
        -0.04,
        -0.04,
        -0.04,
        -0.04,
        -0.04,
        -0.04,
        -0.04,
        -0.04,
        -0.04,
        -0.04,
        -0.04,
        -0.04,
        -0.04
    ],
    "SensorParameterSet": [
        0.02892961042550749,
        -0.44837884057596367,
        0.15616620741887582,
        -0.17624014829534268,
        0.16891776366644887,
        -0.28071836775088355,
        0.7943991931541686,
        -0.4282996328733222,
        -0.12455367526648574,
        -0.41571808318939835,
        0.046019451972473785,
        -0.36288246943385993,
        0.4020230541774264,
        1.0438244626867674,
        0.5318319550318376,
        -0.208024946906645,
        -0.7945020407816108,
        0.598165139323736,
        0.033797712120623255,
        0.6120509586849766,
        0.29928667922092944,
        0.1844662947213775,
        0.14080517689733943,
        0.4636972563472279,
        0.9177137141685763,
        -0.2606097529433599,
        -0.14241923481865656,
        -1.4504679380680585,
        -0.18521985423971193,
        -0.8500148950096491,
        0.18034348270403458,
        -1.2067240187817534,
        -1.377758875940495,
        -0.11774167729884671,
        -0.7043856076560576,
        -1.1180680823427795,
        0.11175621316418248,
        0.14641261903469957,
        -0.9037695589095082,
        -0.6318185653455031,
        -0.5155228836484975,
        -0.4142699585117402,
        -0.25659095912451374,
        -0.06622908292014057,
        -0.38380977355504975,
        0.33984469509583826,
        0.22054680983254432,
        -0.18334117877730124,
        -0.6496463494257363,
        0.2472477405735926,
        -0.34862920320121804,
        -0.06946755024165115,
        -0.5597152603225282,
        -0.25506238409470033,
        0.15208891088921653,
        -0.8447324878741242,
        -0.42943260508231973,
        0.5938702525054962,
        0.27439268203828726,
        0.3778501319024764
    ],
    "checked": "indirect",
    "iteration": 58,
    "noise_sensor_0": [
        -0.09601842460408538,
        -0.0952549314634174,
        0.1066297753109347,
        0.014514784827620395,
        0.06906567348710872,
        0.07779552763669381,
        -0.18124048964887965,
        0.036852738828783996,
        0.21335015834179977,
        -0.06550444492412284,
        -0.012313512552908334,
        -0.08494566510042634,
        -0.08488809055660528,
        0.07461890165569277,
        -0.03910167917143782,
        -0.08538556367725908,
        0.17605794134520836,
        0.12109004438026293,
        -0.027744179447218374,
        -0.04450490448508718,
        -0.09055316066256076,
        0.02821667310159042,
        0.05953518787893909,
        -0.025044202883989387,
        0.000817561066072319,
        -0.023252165622319458,
        0.011270298048027922,
        0.08972924406849228,
        -0.02878954097394773,
        -0.0706307247725346,
        0.03168197499840795,
        0.08066631865510453,
        -0.005951512158427278,
        0.05975978112949391,
        -0.021535555860394056,
        -0.06458725322001935,
        -0.004171033242620377,
        -0.026284983291026968,
        -0.13285089250939955,
        -0.060901897120109266,
        0.011202340077252888,
        0.021897998174258883,
        -0.08100942366022644,
        -0.007671225314832221,
        0.020696369753653927,
        -0.02180544988882791,
        -0.08918687165059304,
        0.05516322943165609,
        0.029415059591020493,
        -0.011145008327506901,
        -0.047624829193876304,
        0.05967389861350935,
        0.016556581683160286,
        -0.03559703424329783,
        -0.07146466778852884,
        0.037250236130303566,
        0.054436116120629804,
        -0.04838083784729461,
        0.04141174652847819,
        0.06756286486718568
    ],
    "noise_sensor_1": [
        -0.1498511779651847,
        -0.05024025987713961,
        -0.07061110574885177,
        0.1702027388265196,
        -0.07604996272814628,
        -0.008136668441676289,
        -0.09274173386842302,
        -0.03334122029928332,
        0.06379878449467322,
        0.030386428288578116,
        -0.10403264245199952,
        0.12588943933107294,
        -0.041904080154553096,
        0.031883684643205255,
        0.1074424823074962,
        -0.017969390864584572,
        0.1663414267030135,
        0.03318164989745804,
        -0.013422960303936166,
        0.19588032036536981,
        0.09523927791332953,
        0.08527286716504567,
        -0.03993754825799289,
        0.01478187644787884,
        0.008079319960068644,
        0.06965001711090235,
        -0.08919198918343317,
        -0.057559368229789507,
        -0.04523952553663805,
        0.0007231302741086688,
        0.08881607061996664,
        0.11175355731293268,
        0.1887275416641685,
        0.004612446780730084,
        -0.1103522904224774,
        -0.03680426195493053,
        0.08446813204605702,
        -0.07007064593447775,
        -0.0048071480512224,
        -0.01646891773336671,
        -0.18166157814477796,
        -0.0703676494082027,
        0.12046190515863131,
        0.1636510812860939,
        -0.01906198177975058,
        0.01819583694476164,
        -0.02633568896815344,
        -0.04404823564513851,
        0.006777082758301486,
        -0.09736922986928748,
        -0.03785024273701506,
        0.027838687459867822,
        0.08881588239926472,
        -0.13454496648468395,
        0.016852103463913977,
        -0.03228163212107362,
        -0.12871493880766555,
        0.0369052493264331,
        -0.08025212832492055,
        0.006862838120986678
    ],