{
    "ParameterSet": [
        0.0,
        0.0,
        0.0,
        0.0,
        0.0,
        0.0,
        0.0,
        0.0,
        0.0,
        0.0,
        0.0,
        0.0,
        0.0,
        0.0,
        0.0,
        0.0,
        0.0,
        0.0,
        0.0,
        0.0,
        0.5044372080402942,
        0.11179573179088269,
        0.22336131133168322,
        0.5238323908959595,
        0.4897837537401469,
        0.23336879209210276,
        0.156900132397411,
        0.2705401047539295,
        0.5045759819857375,
        0.4904423579823461,
        0.2409376907772342,
        0.1710147855545038,
        0.2840915832472842,
        0.5079500341720962,
        0.4593346845127408,
        0.21835216964225468,
        0.1690032511888188,
        0.3258838945822318,
        0.5074750373643965,
        0.2620683981985637,
        -0.04,
        -0.04,
        -0.04,
        -0.04,
        -0.04,
        -0.04,
        -0.04,
        -0.04,
        -0.04,
        -0.04,
        -0.04,
        -0.04,
        -0.04,
        -0.04,
        -0.04,
        -0.04,
        -0.04,
        -0.04,
        -0.04,
        -0.04
    ],
    "SensorParameterSet": [
        -0.17945116072313577,
        -0.2439893909440859,
        0.5412081107959188,
        0.022446906190432145,
        -0.41333806059162476,
        -0.1984546787418113,
        0.8979918497849003,
        -0.5408349762566862,
        0.04248162561974648,
        -0.3416103902949624,
        0.13948867306264495,
        0.1348437192328794,
        0.6527780513646616,
        0.6830494529625426,
        0.715768402184718,
        -0.24539461496784185,
        -1.2685138398721048,
        0.5806534780207967,
        0.11926702327706515,
        0.4238521880053789,
        0.0652610745860173,
        0.3645490093932166,
        0.3087920693232079,
        0.6844911454074052,
        1.0254445185111802,
        0.07369342591733144,
        -0.4826843752829882,
        -1.2324979481824339,
        0.06276033774865873,
        -0.8183918945894552,
        -0.21597320712427023,
        -1.7450652382159226,
        -1.2842625158708014,
        -0.18303462227380576,
        -0.7788605934929363,
        -1.2909110319903,
        -0.12237597994298002,
        -0.023802420175914177,
        -0.9943233792814293,
        -0.6698594453331537,
        -0.5518243485678814,
        -0.15972675554740737,
        -0.25908725430019514,
        0.603380747953319,
        -0.04448451074619108,
        0.29857677662973114,
        0.05597355721161024,
        0.0057616934708065864,
        -0.6191542462805483,
        -0.12348490581049335,
        -0.18093014804787724,
        0.011995093362175914,
        -0.5954737697285541,
        -0.4151690857333341,
        0.24912179851353597,
        -0.8414990193809547,
        -0.6809458677576082,
        0.6205442723966006,
        0.26911519866056616,
        -0.01414755747102154
    ],
    "checked": "indirect",
    "iteration": 79,
    "noise_sensor_0": [
        -0.02403338939851845,
        -0.1187224245279828,
        0.09957426333585853,
        0.014929118945885637,
        -0.08966790522571079,
        0.10534333697206864,
        -0.008289239608276395,
        -0.026976779080684847,
        0.031127117158981702,
        -0.1142773620684866,
        -0.00957910992231153,
        -0.03379176752974503,
        -0.0748178517824047,
        -0.005854862163559459,
        -0.00657604908052759,
        -0.07540212137156577,
        -0.04055993710850761,
        -0.007556895578368298,
        0.08841615584250814,
        -0.006973577077032242,
        -0.09751174356077016,
        -0.03153445104102178,
        0.004633849062439497,
        -0.01053620722265362,
        -0.07477063310110928,
        0.05443300288489544,
        0.11569852560220341,
        0.10593543342291682,
        -0.06477839280458222,
        0.027971881461860183,
        -0.11320518579020467,
        -0.049729243469933335,
        -0.02704367373367635,
        -0.047216823344664725,
        0.016806215716176787,
        -0.07117782069808523,
        0.03981239184574876,
        -0.10146913171972687,
        -0.08984426495777413,
        0.009752610914932304,
        -0.01032213890911679,
        -0.06024438813695978,
        -0.03171128265724223,
        0.006251440282089115,
        -0.031691693565968626,
        0.10025033646921651,
        0.015573344807262267,
        0.019578686947480398,
        0.06938642075261424,
        -0.04114778138069088,
        -0.07196195342546846,
        -0.056139067256444165,
        -0.031263363680895516,
        0.08904302982335995,
        0.037234714531935775,
        -0.017652002839972984,
        0.0054018517553751115,
        -0.06287785530886708,
        -0.016286180973197263,
        -0.05715860099045108
    ],
    "noise_sensor_1": [
        -0.007475151838676915,
        -0.07750741409535167,
        0.06735131422670695,
        0.01834281363149752,
        0.03886528232518369,
        0.07554977824344161,
        0.08713285104556255,
        0.07239245725032088,
        0.0669359770218852,
        -0.066297277031166,
        -0.014992093086925772,
        -0.07678664954375032,
        0.11743656545327476,
        -0.04480650127619702,
        0.09798533157924512,
        0.08203227690401724,
        0.15278221166122308,
        0.02324050039296095,
        0.1055450609086503,
        -0.00647555483886662,
        -0.029721538854719735,
        0.0013274538536891317,
        0.010370255553815188,
        0.17213030700596443,
        0.05476455195139607,
        -0.08639246532183324,
        0.05434501063685141,
        -0.01929354099467397,
        -0.19754012172240998,
        0.05111342220055748,
        -0.03177566576659027,
        -0.04755400154035938,
        0.07241494278422397,
        -0.06690536872033366,
        -0.006157806611755452,
        0.030384664642890236,
        0.06455399494591361,
        0.036752224302752594,
        -0.08674373031977965,
        -0.08277683679065555,
        -0.04324307539481121,
        0.013705720441290184,
        -0.05382595236389548,
        -0.015538641249720342,
        -0.030554270454758933,
        0.07200371816913533,
        -0.028476193132817264,
        0.04870561157780964,
        0.1569867329760423,
        -0.1082863199982747,
        0.0025009758765055204,
        -0.0056417796623064054,
        -0.07638474509674742,
        -0.007546076281372206,
        -0.009468938149218498,
        0.004763853632519698,
        0.1256238865269824,
        0.10790981173858265,
        -0.003280759501091931,
        -0.06016258226580555
    ],