{
    "ParameterSet": [
        0.0,
        0.0,
        0.0,
        0.0,
        0.0,
        0.0,
        0.0,
        0.0,
        0.0,
        0.0,
        0.0,
        0.0,
        0.0,
        0.0,
        0.0,
        0.0,
        0.0,
        0.0,
        0.0,
        0.0,
        0.5044372080402942,
        0.11179573179088269,
        0.22336131133168322,
        0.5238323908959595,
        0.4897837537401469,
        0.23336879209210276,
        0.156900132397411,
        0.2705401047539295,
        0.5045759819857375,
        0.4904423579823461,
        0.2409376907772342,
        0.1710147855545038,
        0.2840915832472842,
        0.5079500341720962,
        0.4593346845127408,
        0.21835216964225468,
        0.1690032511888188,
        0.3258838945822318,
        0.5074750373643965,
        0.2620683981985637,
        -0.04,
        -0.04,
        -0.04,
        -0.04,
        -0.04,
        -0.04,
        -0.04,
        -0.04,
        -0.04,
        -0.04,
        -0.04,
        -0.04,
        -0.04,
        -0.04,
        -0.04,
        -0.04,
        -0.04,
        -0.04,
        -0.04,
        -0.04
    ],
    "SensorParameterSet": [
        0.1051753553582353,
        -0.44597349895393934,
        0.2802496460403174,
        -0.1389278202894294,
        0.10587086537902339,
        -0.39145819186237346,
        0.947582517694369,
        -0.3844862994219807,
        -0.15711310387869856,
        -0.18478786088584642,
        0.05662583056028937,
        -0.25574585404119154,
        0.39575852694339125,
        1.2546862811983681,
        0.5302623156570611,
        -0.26219037100884235,
        -0.9141768955358613,
        0.6881857994948013,
        -0.1738227988087864,
        0.7966279547232623,
        0.28959494890808385,
        0.133358445768225,
        0.05915937665198537,
        0.33625144638421484,
        0.8109034517840834,
        -0.0031269270127729544,
        -0.22392366143414,
        -1.4048626149964782,
        -0.14112777671675902,
        -0.6692971536589435,
        -0.07286603778213893,
        -1.0630138751747298,
        -1.3213424756877654,
        -0.14522257676829597,
        -0.8713573459824742,
        -1.0184506544299032,
        0.2639044621542674,
        0.12840390542288432,
        -0.7770643475646545,
        -0.5683591457282562,
        -0.5106870478103318,
        -0.2418126001729583,
        -0.2855795377543654,
        -0.14247506732380466,
        -0.30177393525172846,
        0.23705996917995503,
        0.1894404891999176,
        -0.06345711202274557,
        -0.48649609276830724,
        0.24353060705999777,
        -0.1584614227472571,
        -0.31231344307209985,
        -0.30772746087984093,
        -0.1969778686580375,
        0.03935456072814922,
        -0.7770131895320251,
        -0.7294417922576817,
        0.5103403070473514,
        0.17152000463395506,
        0.4617292394745679
    ],
    "checked": "indirect",
    "iteration": 53,
    "noise_sensor_0": [
        -0.11631135339100099,
        -0.10788158789701263,
        0.015140397399468795,
        0.08325526078437132,
        -0.17863543891681957,
        0.04304179878756631,
        0.030200147234933077,
        0.08256001136154888,
        -0.01537120586444944,
        -0.02730790953831506,
        0.035129450663163024,
        -0.11766636059733365,
        -0.1761862590304217,
        -0.014780551396724956,
        -0.09170241196690986,
        0.06843025787548426,
        -0.00383055279983724,
        0.01282357161703374,
        -0.14764567514027652,
        0.2799418479193302,
        -0.020197791440381654,
        0.1288588034764392,
        0.24501023201872277,
        -0.08635590729925315,
        -0.02159177026556278,
        0.1045143152339982,
        -0.04434738179034828,
        -0.07430684625780563,
        -0.0435724755419253,
        -0.05890838245227341,
        0.10656381320107516,
        -0.04086239892540715,
        0.015541272453416743,
        0.008463197384270673,
        -0.011766690948912854,
        0.028300153266470184,
        0.09219391593287311,
        -0.09241689072515226,
        0.12311188639188861,
        -0.011872012027004875,
        0.05345673271523334,
        -0.09714108127310497,
        0.037470834230514366,
        -0.12946078708375275,
        0.07560410617609656,
        0.05285770569693289,
        0.019725422703279417,
        -0.01975494757495849,
        -0.16688769531688552,
        0.10340579397617293,
        0.10261646705427091,
        0.11716618993824805,
        -0.04945504425499788,
        0.02541735117165367,
        0.09832738297043742,
        0.04356522121554667,
        -0.03857330785373333,
        0.04966345555036675,
        0.018775856480996365,
        0.07028080870839676
    ],
    "noise_sensor_1": [
        0.022332848332587446,
        0.03968016185455588,
        -0.06960259863450703,
        0.012757703047564194,
        0.014296798580074663,
        -0.0698696100612958,
        0.10000153426013403,
        0.02203840946725294,
        -0.12069243719401057,
        -0.19005317732853777,
        -0.11605862998784804,
        0.01213078727524963,
        -0.14307173900881362,
        -0.04570556926307454,
        0.08320830649138321,
        0.08548093268331446,
        0.015587054343201474,
        0.04726743977411211,
        0.009874720819572481,
        0.05535141520293147,
        0.0606030009649826,
        -0.10059555574447351,
        0.025232488126306234,
        0.03292703738632034,
        0.0033716400579494217,
        -0.013699248722724686,
        0.011888691476262706,
        -0.01721870579247693,
        0.10714901049566165,
        -0.07135020533376203,
        -0.04644654987615499,
        -0.04181328369216374,
        -0.05520158739009252,
        -0.0004487707196954105,
        -0.021743509603974445,
        0.007609646172021614,
        -0.06303425081404002,
        0.061381108821442015,
        0.007133579664287764,
        -0.12898823303582158,
        -0.1013546780913149,
        -0.018060684977215347,
        0.09875996182113367,
        -0.15375690521751595,
        0.09814356273000084,
        -0.039688008709668016,
        0.14461645020245792,
        -0.03711103012140272,
        -0.021035012973209075,
        0.0003091934627314376,
        0.015549473861572478,
        0.008990825105411224,
        0.057141066130677584,
        -0.05274808715294501,
        -0.01713193553999265,
        0.024345672144610527,
        0.006521469133348342,
        0.08987017495269832,
        -0.08356453895131187,
        -0.05210261051891242
    ],