{
    "ParameterSet": [
        0.0,
        0.0,
        0.0,
        0.0,
        0.0,
        0.0,
        0.0,
        0.0,
        0.0,
        0.0,
        0.0,
        0.0,
        0.0,
        0.0,
        0.0,
        0.0,
        0.0,
        0.0,
        0.0,
        0.0,
        0.5044372080402942,
        0.11179573179088269,
        0.22336131133168322,
        0.5238323908959595,
        0.4897837537401469,
        0.23336879209210276,
        0.156900132397411,
        0.2705401047539295,
        0.5045759819857375,
        0.4904423579823461,
        0.2409376907772342,
        0.1710147855545038,
        0.2840915832472842,
        0.5079500341720962,
        0.4593346845127408,
        0.21835216964225468,
        0.1690032511888188,
        0.3258838945822318,
        0.5074750373643965,
        0.2620683981985637,
        -0.04,
        -0.04,
        -0.04,
        -0.04,
        -0.04,
        -0.04,
        -0.04,
        -0.04,
        -0.04,
        -0.04,
        -0.04,
        -0.04,
        -0.04,
        -0.04,
        -0.04,
        -0.04,
        -0.04,
        -0.04,
        -0.04,
        -0.04
    ],
    "SensorParameterSet": [
        -0.12832989075030704,
        -0.16760126962022515,
        0.5319574715636121,
        -0.009665596189041795,
        -0.5272942770822444,
        -0.28826005163662205,
        0.8629577503355303,
        -0.41034002273571163,
        -0.0089643649367724,
        -0.14996379316613892,
        0.12108170854951963,
        0.21493718533069653,
        0.5142577163307066,
        0.7900689377701904,
        0.6708791972890841,
        -0.07727688153994802,
        -0.8356803968656805,
        0.47985035164706075,
        0.08559747588005286,
        0.557255259276979,
        0.2131665338455942,
        0.41688802165568734,
        0.22991568366393778,
        0.7547688640319482,
        1.04214400764749,
        0.04265247513627659,
        -0.59292098617391,
        -1.2791098975067594,
        0.019289964620735178,
        -0.9884099640194016,
        -0.3520953799573835,
        -1.6973916818278878,
        -1.2204995643574583,
        -0.22638773033247053,
        -0.8257023982473576,
        -1.5685808377428336,
        -0.11947676411203764,
        0.005372271760956067,
        -1.0566662839681187,
        -0.767371236352623,
        -0.6258109450844752,
        -0.1133188273891734,
        -0.3156713215469713,
        0.7904956829869941,
        0.00022011200659745322,
        0.1747084920642379,
        -0.1255545721737444,
        0.10976440813823833,
        -0.7328586325475838,
        0.013951315167785548,
        -0.18831681405166545,
        0.03951229485482518,
        -0.5539060649993783,
        -0.4605354514354954,
        0.2941523779318898,
        -0.9195919007034716,
        -0.7047004290446189,
        0.5697228474473752,
        0.14176058724139107,
        0.06034220108997665
    ],
    "checked": "indirect",
    "iteration": 86,
    "noise_sensor_0": [
        -0.08451949298314247,
        -0.006954436090852673,
        0.09138430478110311,
        -0.05253703669493821,
        0.04214282360500231,
        0.006050344720868822,
        -0.007807931924828005,
        -0.13549110241440196,
        -0.0944962754342366,
        0.08306025130996807,
        0.015901923026589576,
        -0.04134170047894383,
        0.058352089285915294,
        -0.04177957149203319,
        -0.12065459480316812,
        0.050693447473999245,
        0.09436319373275436,
        0.03077512302488962,
        0.03132113718630942,
        0.06517241419648269,
        0.03939800127989835,
        0.03996878611936158,
        0.02143442148309161,
        -0.032700766809028906,
        0.12537829940827278,
        0.12630245387953623,
        -0.09302612819666745,
        0.08224443575302053,
        0.04498950837769785,
        0.04928458302868209,
        -0.03823552234459584,
        0.037663372426225916,
        0.04183091134056178,
        -0.0010698942938044945,
        0.025773799426467726,
        0.04417305963749529,
        -0.02575859139948751,
        -0.07810879464245202,
        0.06134990025398637,
        -0.017873978752209085,
        0.0790858132089898,
        0.08909313423092233,
        -0.05856162517886571,
        0.06301676195144928,
        0.020423998819491522,
        0.0428939106035245,
        -0.0408350215972204,
        -0.010373999702877841,
        -0.051830397715242574,
        0.10267128358583993,
        -0.02493283811302906,
        -0.02156661056374759,
        -0.01915614296644866,
        -0.04800609254127816,
        0.012520149342516761,
        0.07938763256346136,
        0.02084677963141601,
        -0.0005447226701851167,
        -0.023504791559758754,
        -0.002603810828605219
    ],
    "noise_sensor_1": [
        -0.04875969939724712,
        0.013087840828590465,
        0.05110632910429088,
        -0.014332827769025594,
        -0.014295908640720974,
        0.06058375118382233,
        -0.09463558685616462,
        0.1275210828828241,
        0.11020016346911857,
        0.060545598037522345,
        -0.09091860210687591,
        -0.01923364202503904,
        0.018977475608723638,
        -0.02501922000637344,
        0.04580225022223812,
        -0.13509804377312493,
        0.005947869080391832,
        0.016458704989441957,
        -0.0632977401939877,
        -0.03945519138648534,
        0.05578794910038528,
        0.042531457184515224,
        0.0016595732962920945,
        -0.09165015939724926,
        -0.05112452155379714,
        -0.05150415510925542,
        -0.0034118872948860632,
        -0.0558835315698792,
        -0.09052751334794526,
        -0.10975014830206449,
        -0.02810919887183188,
        -0.025931905118410235,
        0.1634126059731888,
        0.06088920861675217,
        -0.030032454276848235,
        0.012482958574678366,
        0.05617663133411027,
        -0.05059310855276899,
        -0.04824704676711972,
        0.05240965188748881,
        -0.06948273075901645,
        -0.14720848381064938,
        0.007031025431250025,
        0.013161495640803562,
        -0.04541797011634885,
        0.012133808758285356,
        0.14829361436014746,
        -0.019369711142137983,
        0.018736020013413155,
        -0.027273062960124547,
        -0.03511544271508383,
        -0.013814442569175427,
        -0.058459024624588504,
        -0.041012183862787654,
        0.013295183660002876,
        0.013808203355384031,
        0.018738001006841445,
        -0.02487053715651337,
        -0.05585338360827656,
        0.039060290170078116
    ],