{
    "ParameterSet": [
        0.0,
        0.0,
        0.0,
        0.0,
        0.0,
        0.0,
        0.0,
        0.0,
        0.0,
        0.0,
        0.0,
        0.0,
        0.0,
        0.0,
        0.0,
        0.0,
        0.0,
        0.0,
        0.0,
        0.0,
        0.5044372080402942,
        0.11179573179088269,
        0.22336131133168322,
        0.5238323908959595,
        0.4897837537401469,
        0.23336879209210276,
        0.156900132397411,
        0.2705401047539295,
        0.5045759819857375,
        0.4904423579823461,
        0.2409376907772342,
        0.1710147855545038,
        0.2840915832472842,
        0.5079500341720962,
        0.4593346845127408,
        0.21835216964225468,
        0.1690032511888188,
        0.3258838945822318,
        0.5074750373643965,
        0.2620683981985637,
        -0.04,
        -0.04,
        -0.04,
        -0.04,
        -0.04,
        -0.04,
        -0.04,
        -0.04,
        -0.04,
        -0.04,
        -0.04,
        -0.04,
        -0.04,
        -0.04,
        -0.04,
        -0.04,
        -0.04,
        -0.04,
        -0.04,
        -0.04
    ],
    "SensorParameterSet": [
        0.2094955754738435,
        -0.23114366637964612,
        0.2401656125095846,
        -0.028020615080504407,
        0.054121950813424,
        -0.4456282827616769,
        0.8952954081263209,
        -0.48747210623587106,
        -0.14728861324042733,
        -0.25509685200436194,
        0.06248088572463686,
        -0.24779684787666548,
        0.18840117799619385,
        1.3578093321864373,
        0.48872691898842757,
        -0.34771710379270904,
        -0.8836420065662304,
        0.666609361088186,
        -0.08936402443010633,
        0.899021967640033,
        0.22903385366973578,
        -0.016199014237301104,
        0.019607627070789606,
        0.2075233080978775,
        0.8116339318836824,
        -0.030101807576270595,
        -0.21603087692124764,
        -1.4415447616951003,
        -0.01966672969621476,
        -0.6956379175620987,
        -0.2957258542839965,
        -0.8484652963218458,
        -1.1477837604846306,
        -0.2622057451557507,
        -0.6398977328256412,
        -0.9389179340933033,
        0.2798967492745191,
        -0.07740682212709168,
        -0.7218694938066399,
        -0.34692679458907877,
        -0.3711079058251522,
        -0.04404503455585329,
        -0.22109545152106835,
        -0.08826538147794152,
        -0.15233300957759882,
        0.24824500292046725,
        0.0987045108630482,
        -0.019566261793390476,
        -0.5006108755072868,
        0.1770625147122894,
        -0.18810421668867916,
        -0.3212939359556244,
        -0.15055616915843964,
        -0.2818184216956041,
        0.07896249628486705,
        -0.7822258904164051,
        -0.9442776724549937,
        0.6053032929611406,
        0.41810024030723614,
        0.30128573689783655
    ],
    "checked": "indirect",
    "iteration": 49,
    "noise_sensor_0": [
        0.046698071398964404,
        0.0653073925352515,
        -0.03923467821060324,
        -0.008631952971251544,
        0.045490960395734706,
        0.05695427868265285,
        -0.05950942829472969,
        0.02856668370152394,
        -0.12316690387509316,
        -0.01303548940071142,
        0.0007617810796061216,
        -0.08047506520189367,
        -0.034045229774203045,
        -0.03159296705240394,
        0.002330924687939377,
        0.04433265992724237,
        -0.05014755991395213,
        -0.019118653467847285,
        0.19012439089317687,
        0.16772350794983215,
        -0.10233080270170196,
        0.014223033588929226,
        0.16661247331114346,
        0.07542543196294352,
        0.025448808447718407,
        0.01670621950795234,
        0.06520475680214124,
        -0.029454341128482994,
        -0.02140782588735701,
        0.032053103135914716,
        -0.015308773394615496,
        0.047603144094031866,
        0.1145266024205681,
        -0.018689169421084006,
        -0.007385453761120545,
        0.19055658558978603,
        -0.08834632626892854,
        -0.05191963712402834,
        -0.09896394844376312,
        -0.10477858152463883,
        0.019863387956137957,
        -0.021087913624451556,
        -0.028687425963792357,
        0.05037984303161637,
        0.04682658556941866,
        0.008563747790780176,
        0.06769482163052717,
        -0.021299759980052516,
        -0.022112838485715536,
        -0.08623826702957328,
        -0.018880912301954843,
        0.10923497177122815,
        -0.13248713798064585,
        0.07251001853638801,
        -0.02770561285357061,
        -0.0438833781007561,
        0.0708025426519099,
        0.01609706572668075,
        0.08511015163899255,
        -0.08794708863599283
    ],
    "noise_sensor_1": [
        -0.11622141306061212,
        -0.03581402975960465,
        0.04384944031087739,
        0.09815020005281475,
        0.00504041385031751,
        -0.009477259861349872,
        0.04118505580841004,
        -0.027069248849455427,
        -0.09728984391944719,
        0.11679594866278692,
        -0.09149571022490663,
        0.004153328621547454,
        -0.020945418547599206,
        -0.02258755311235853,
        -0.10172810162910115,
        0.006476959806644211,
        0.015843048047749202,
        -0.014843057471799195,
        -0.007149760789128312,
        -0.12492279312434944,
        0.0554397235677024,
        -0.04592342978779429,
        0.014213661479532382,
        -0.06191546342538732,
        -0.015828970912737432,
        0.07019790659248279,
        -0.02535054761100944,
        -0.0017686898911822087,
        -0.1247649275365767,
        -0.1389499086414926,
        -0.06504029153597887,
        -0.044255485036150934,
        -0.09072199369793832,
        -0.02885956771233013,
        -0.026775682763598964,
        0.03320276506536084,
        -0.00829310183529068,
        -0.035493672254089226,
        0.15299983577942738,
        -0.10011799337105813,
        0.02485920636344498,
        0.08769095555726764,
        -0.058451877972447885,
        -0.0806381742720771,
        -0.08149800036095069,
        0.09708344179245332,
        -0.024376756315377814,
        0.02141703687963024,
        -0.13682470056603874,
        0.006612239528003412,
        -0.07418183753231067,
        -0.020584988520101166,
        0.0005626816952287944,
        -0.03471223550891684,
        0.007120756162425341,
        0.08655672465062296,
        0.11157504760872364,
        0.05651476689901235,
        0.030185633768554924,
        0.043250296863244185
    ],