{
    "ParameterSet": [
        0.0,
        0.0,
        0.0,
        0.0,
        0.0,
        0.0,
        0.0,
        0.0,
        0.0,
        0.0,
        0.0,
        0.0,
        0.0,
        0.0,
        0.0,
        0.0,
        0.0,
        0.0,
        0.0,
        0.0,
        0.5044372080402942,
        0.11179573179088269,
        0.22336131133168322,
        0.5238323908959595,
        0.4897837537401469,
        0.23336879209210276,
        0.156900132397411,
        0.2705401047539295,
        0.5045759819857375,
        0.4904423579823461,
        0.2409376907772342,
        0.1710147855545038,
        0.2840915832472842,
        0.5079500341720962,
        0.4593346845127408,
        0.21835216964225468,
        0.1690032511888188,
        0.3258838945822318,
        0.5074750373643965,
        0.2620683981985637,
        -0.04,
        -0.04,
        -0.04,
        -0.04,
        -0.04,
        -0.04,
        -0.04,
        -0.04,
        -0.04,
        -0.04,
        -0.04,
        -0.04,
        -0.04,
        -0.04,
        -0.04,
        -0.04,
        -0.04,
        -0.04,
        -0.04,
        -0.04
    ],
    "SensorParameterSet": [
        -0.5367330830437654,
        -0.339124985723218,
        0.2679675032271777,
        -0.03477446353965474,
        0.026207750593987566,
        -0.10220342661853181,
        0.41181779157946824,
        -0.06680214752502382,
        -0.3005587971791666,
        -0.019310196142817378,
        -0.008850830840805271,
        -0.4040631747958536,
        -0.18551318334803474,
        1.1321801696723346,
        0.27239397875586446,
        -0.6415540038001287,
        -0.6791189609318251,
        0.2944776619261579,
        -0.14475721245882572,
        0.6255286996369576,
        0.08914945934399629,
        -0.2684221723427183,
        0.19344129094729703,
        0.4941945945913257,
        0.7339422272685279,
        -0.029877213634444157,
        -0.258997968141533,
        -1.039435247315599,
        -0.04557477454314952,
        -0.6585281904567158,
        -0.2293717842204587,
        -0.6467082371723498,
        -1.008629792094845,
        -0.020079192840524493,
        -0.48002491412660614,
        -0.8086293257295556,
        0.27120447269968384,
        -0.08263462772290825,
        -0.6526736398412991,
        -0.3701372040275213,
        -0.17263910196368845,
        0.16933933239557697,
        -0.3288885230642351,
        -0.1106799643842215,
        -0.32570675037942826,
        0.4383043820765845,
        -0.0826196388177806,
        0.011474638880200474,
        -0.416021678828078,
        0.40847143898263805,
        -0.23174463155113403,
        -0.25456022939882944,
        -0.1507792069569726,
        -0.0990067379022804,
        -0.09321264675982041,
        -0.8086164637458891,
        -1.0531497150293596,
        0.11141167947092807,
        0.5292259526111981,
        0.4344842576564143
    ],
    "checked": "indirect",
    "iteration": 38,
    "noise_sensor_0": [
        0.04813373598824066,
        0.07048297893346071,
        -0.007692982877867953,
        -0.060808521650784195,
        -0.059779288514415586,
        0.07135475124297778,
        0.04207878248697429,
        0.051142833340042514,
        0.032492983751480464,
        -0.0941957227194175,
        0.06391322990788828,
        -0.09275025008950559,
        0.050613404958889954,
        -0.025626039057205716,
        0.042384945346642014,
        -0.04469529639325752,
        -0.1555983576573812,
        -0.10996098389676635,
        -0.01296446371105134,
        0.07120725001016068,
        0.02614162543507605,
        0.05973962779214189,
        0.10281983331503189,
        -0.15244501927062784,
        -0.02943070272065869,
        0.03311566266035064,
        0.12630450265924933,
        -0.060822207113752344,
        -0.11372776478812656,
        -0.11152747787181135,
        -0.1124494777962734,
        0.12228461426225899,
        0.03132499551225345,
        -0.07965157619848179,
        -0.04750838023898245,
        0.1532998099403596,
        -0.009391529190433429,
        0.08786337747614968,
        -0.01479279473871345,
        0.04275493117697142,
        0.1662395511924017,
        -0.01885809709801516,
        0.08598829434467743,
        0.07816400658342618,
        0.011399773746939713,
        0.06767257401243519,
        0.1040283420931351,
        -0.10343109394227114,
        0.2233709465786915,
        0.056945900339031956,
        -0.016086844835961973,
        -0.07405493226527898,
        0.002042288718442714,
        0.11569772851784299,
        0.08842518205943105,
        0.1366172047288111,
        0.14217951465369688,
        -0.1393715965871918,
        0.008726526375644162,
        0.06016161512677361
    ],
    "noise_sensor_1": [
        0.02268679693884673,
        -0.06051046339574444,
        0.14097508031723685,
        0.008104434727309194,
        0.2002278653214624,
        -0.05804896141784178,
        0.009079629505920958,
        -0.024701877533141618,
        0.08946017149123331,
        -0.005037831112161624,
        0.007389729875885791,
        -0.0021507915109911483,
        0.03071941048735644,
        0.01835144711769375,
        0.02109851367019957,
        0.023891269633596352,
        0.002228639806690341,
        -0.09974569326373368,
        -0.0327948450628817,
        0.09539996871176845,
        0.013435221654594664,
        0.04575947907050963,
        -0.11236150050321174,
        0.05867300589066754,
        -0.0008637552710844846,
        -0.09654958153093608,
        0.06427334502654379,
        0.06770167182844908,
        -0.021443286368179305,
        0.024172672721404054,
        -0.04630008817802106,
        -0.014190664607245466,
        -0.057214395865325715,
        0.05803909939268834,
        -0.008804299001205261,
        -0.08598226446440235,
        0.0054557508308148775,
        -0.02878063381332534,
        0.17585608752554732,
        -0.15325857295677497,
        -0.06531928399481642,
        -0.01754349531537012,
        -0.05741228689442261,
        0.16612001565147666,
        0.01451055081458267,
        0.1425074971267246,
        -0.06762565566394915,
        -0.08576625013830459,
        -0.010094116066202386,
        0.15996306335274213,
        0.050369928764136665,
        -0.017892735491085922,
        -0.1429438193472292,
        0.0022821896894582314,
        0.011541245543767325,
        0.033573785840174376,
        0.02703078756254336,
        -0.10642598887217523,
        0.09660186158572531,
        -0.03369957239123859
    ],