{
    "ParameterSet": [
        0.0,
        0.0,
        0.0,
        0.0,
        0.0,
        0.0,
        0.0,
        0.0,
        0.0,
        0.0,
        0.0,
        0.0,
        0.0,
        0.0,
        0.0,
        0.0,
        0.0,
        0.0,
        0.0,
        0.0,
        0.5044372080402942,
        0.11179573179088269,
        0.22336131133168322,
        0.5238323908959595,
        0.4897837537401469,
        0.23336879209210276,
        0.156900132397411,
        0.2705401047539295,
        0.5045759819857375,
        0.4904423579823461,
        0.2409376907772342,
        0.1710147855545038,
        0.2840915832472842,
        0.5079500341720962,
        0.4593346845127408,
        0.21835216964225468,
        0.1690032511888188,
        0.3258838945822318,
        0.5074750373643965,
        0.2620683981985637,
        -0.04,
        -0.04,
        -0.04,
        -0.04,
        -0.04,
        -0.04,
        -0.04,
        -0.04,
        -0.04,
        -0.04,
        -0.04,
        -0.04,
        -0.04,
        -0.04,
        -0.04,
        -0.04,
        -0.04,
        -0.04,
        -0.04,
        -0.04
    ],
    "SensorParameterSet": [
        -0.557620011900836,
        -0.1066646429218999,
        0.46074854895907347,
        0.15546704301315617,
        -0.23229241195256933,
        -0.1029513719505136,
        0.3243770251459,
        0.14875298811765783,
        0.01720443086314026,
        -0.18966116417601353,
        0.18026158243933615,
        -0.33305360059691613,
        -0.1879677029262619,
        0.8528726526383492,
        0.4703821627199712,
        -0.5718735397680421,
        -0.25621797956291315,
        0.172367771398857,
        -0.13119900754722932,
        0.31942654235225765,
        0.12395761521925706,
        0.028871100354408433,
        0.18760985427068405,
        0.29660376872629496,
        0.41856970859735615,
        0.29457129363978923,
        0.15991536266327402,
        -0.7088044075188037,
        -0.4737990086890479,
        -0.6997815608360606,
        -0.34229222193365466,
        -0.5869484196628686,
        -0.9446590683429942,
        -0.23230530818987793,
        -0.2671441014923476,
        -0.4473288685901555,
        -0.1190038897509032,
        -0.15279434130060668,
        -0.6741942928436934,
        -0.10891708579890762,
        0.13304574373695421,
        0.3616560638109269,
        -0.5850785249707334,
        -0.25172060160053894,
        -0.29970364689721457,
        0.30849984196790886,
        0.14574542304656493,
        0.07305477277564593,
        -0.5368164220139834,
        0.3000111462020749,
        -0.1330675170702436,
        -0.16767422931358056,
        -0.0885987863219412,
        -0.03534281092350891,
        -0.006364637408148377,
        -0.3729697911995507,
        -0.7246585608515939,
        0.016517083322953287,
        0.19952400987699848,
        0.5672986418571995
    ],
    "checked": "indirect",
    "iteration": 25,
    "noise_sensor_0": [
        0.018155069978013718,
        -0.16024589974928477,
        -0.04918999961037573,
        0.18097928821083523,
        -0.10715957412580171,
        -0.025810905311529474,
        -0.15183252837767194,
        -0.056057926146470254,
        -0.07166081374234207,
        0.0004866319041882849,
        0.020890965373244256,
        -0.12753781335429468,
        -0.19081379666725445,
        -0.14473310909849232,
        -0.07844428938353587,
        -0.03649542074861277,
        0.05234882220098333,
        0.007434062651992425,
        -0.08053570376007521,
        -0.11243181474622359,
        -0.0049168782867927965,
        -0.06894039678867356,
        0.13692531238952138,
        0.1457062123824749,
        -0.09731934724605562,
        -0.14329988391878548,
        -0.0369821755561181,
        0.0821960522413024,
        -0.014998382076012463,
        -0.05273750777057926,
        0.028491297653226368,
        -0.13304224682445007,
        -0.035745059067141025,
        0.04255538604151648,
        0.03435485266377845,
        -0.04084612856368615,
        -0.10073423324511313,
        -0.1340039372689699,
        0.12463055130179665,
        0.11175609640433834,
        -0.06135459523868426,
        -0.020371131089269044,
        -0.07151741141476112,
        0.08571530224782721,
        -0.01892972014501831,
        -0.0008737512591027077,
        0.11476491940735306,
        0.0007119103452980494,
        0.11628673792791502,
        -0.14234119443643214,
        -0.12939498219053105,
        0.044022360322037976,
        -0.0331302609829424,
        -0.10788872871141672,
        0.03419700402813,
        0.0828008041961321,
        0.08271086370099376,
        0.07547830663757436,
        0.021861645070723697,
        -0.02877234173797395
    ],
    "noise_sensor_1": [
        -0.005419489387088589,
        -0.042508375501392845,
        -0.11893559162388613,
        0.04358208248734542,
        -0.2082547465749122,
        0.030402062722584,
        -0.034393096687082424,
        -0.12211678712711713,
        0.00042129035053521175,
        -0.003967039121233039,
        -0.06396037298505773,
        0.01979453246929707,
        0.018258707468699634,
        0.11645608192952274,
        -0.020446894061589505,
        0.008866457082391473,
        0.0499472757683062,
        0.08920707845307765,
        0.029113609525743968,
        0.11262367157862384,
        -0.08896575802484119,
        0.03541194140588729,
        -0.1419224840721024,
        -0.08049625817626044,
        -0.05685706008277326,
        -0.013032712761231045,
        0.1890007324757331,
        -0.05828229864410019,
        0.06972296939307547,
        0.028361388545445877,
        0.02339990371279538,
        0.12012912208318144,
        -0.09161217577855549,
        -0.010142695924950292,
        -0.09828924627589504,
        -0.07281117259508425,
        -0.07191916034768185,
        0.16426105142516678,
        0.07819392679475136,
        0.06176460584018338,
        0.03807311286358533,
        -0.07639999721106923,
        0.08853800331541999,
        0.12533132799517832,
        0.0026651268435317556,
        0.01038170518766015,
        0.054306184821326,
        -0.03242880712605907,
        -0.08519920588712109,
        -0.0033552903320042,
        -0.009041624963457711,
        0.09637819963154463,
        -0.012928760890878473,
        -0.0586425067272074,
        0.02626895674781852,
        -0.011004550085759313,
        -0.041177283851356265,
        -0.02669034137832391,
        -0.012082292298801988,
        -0.023828481323332283
    ],