{
    "ParameterSet": [
        0.0,
        0.0,
        0.0,
        0.0,
        0.0,
        0.0,
        0.0,
        0.0,
        0.0,
        0.0,
        0.0,
        0.0,
        0.0,
        0.0,
        0.0,
        0.0,
        0.0,
        0.0,
        0.0,
        0.0,
        0.5044372080402942,
        0.11179573179088269,
        0.22336131133168322,
        0.5238323908959595,
        0.4897837537401469,
        0.23336879209210276,
        0.156900132397411,
        0.2705401047539295,
        0.5045759819857375,
        0.4904423579823461,
        0.2409376907772342,
        0.1710147855545038,
        0.2840915832472842,
        0.5079500341720962,
        0.4593346845127408,
        0.21835216964225468,
        0.1690032511888188,
        0.3258838945822318,
        0.5074750373643965,
        0.2620683981985637,
        -0.04,
        -0.04,
        -0.04,
        -0.04,
        -0.04,
        -0.04,
        -0.04,
        -0.04,
        -0.04,
        -0.04,
        -0.04,
        -0.04,
        -0.04,
        -0.04,
        -0.04,
        -0.04,
        -0.04,
        -0.04,
        -0.04,
        -0.04
    ],
    "SensorParameterSet": [
        0.051672452743511794,
        0.17565447229319686,
        -0.06826858518857842,
        -0.11489890428114553,
        -0.08199144225704467,
        -0.007475188242127466,
        0.02938621564652288,
        -0.009526127446256857,
        0.004063250338854912,
        0.09076568324998224,
        -0.13764841737697453,
        -0.12094387384064449,
        -0.0052305885369026296,
        -0.11804186812918939,
        0.07599154761447682,
        -0.09178658565219065,
        0.06076658341837639,
        0.09516695780458008,
        0.02008293608515292,
        -0.07009620237310125,
        -0.09904239660280302,
        0.07453863009904557,
        0.01605444940887146,
        -0.024356512468821544,
        -0.012692502003638846,
        -0.009375258236804029,
        -0.051058351018340754,
        -0.04848548344754631,
        0.02607536330414755,
        0.0367345046609716,
        -0.2122629091664587,
        -0.05097990775004858,
        0.15264457413527174,
        -0.10961424901684497,
        0.02695870003948135,
        0.013426750109990686,
        -0.060171443551714394,
        -0.2973087823164913,
        -0.14360680846002552,
        0.002563262491086863,
        0.15356353216314092,
        -0.003527343651143687,
        -0.11629442250525324,
        -0.17452541886834413,
        0.043057700438783084,
        -0.06568516592392508,
        0.05512354481724869,
        -0.20412250378164906,
        0.12648927945334357,
        -0.04539548381221569,
        -0.09324896245783146,
        -0.04120917339528305,
        0.07976079874372428,
        0.10477330267071883,
        -0.06648187053209909,
        0.033816223635095705,
        -0.10496790327510264,
        0.009548752058658008,
        -0.19970803643934643,
        0.0015084499258319522
    ],
    "checked": "indirect",
    "iteration": 100,
    "noise_sensor_0": [
        0.012992180968366502,
        0.0005356170175757583,
        0.0021957396444145824,
        -0.013572075993519471,
        -0.004301866754636199,
        0.009769610035852517,
        -0.010923004390537349,
        0.004749207487572838,
        0.0004978753296095496,
        0.009287752420822852,
        0.002108153948033243,
        -0.014662010626828334,
        0.02409973336781164,
        0.0069813517672574574,
        0.001259606268804734,
        -0.0070561733975237195,
        -0.012320334882907112,
        -0.006671381734362503,
        0.004241765390942926,
        -0.005083171805655063,
        -0.014835343162791864,
        -0.020068817670927126,
        0.011262070293622473,
        -0.005593212940525789,
        -0.0007542383216117282,
        -0.0017001323535817607,
        0.017555484361521004,
        -0.012872762088540405,
        -0.010120400338971576,
        -0.0050811719152191875,
        0.000828599501618247,
        0.01162653361682366,
        -0.006904593658693084,
        -0.004074064360393916,
        0.0021156247297448123,
        -0.0020418294003731073,
        -0.028494927284555615,
        -0.008116550144273494,
        0.009080938018328282,
        -0.004594763225982349,
        0.011027996593123951,
        0.005947112208098896,
        0.008159937323906463,
        0.0008803962031234797,
        0.017221515886142923,
        -0.011406533299827938,
        -0.005949766248732355,
        -0.01909945847441247,
        0.0022795837570462316,
        0.0031721469679054743,
        0.012940899790281544,
        -0.0026770251675811416,
        -0.0282396043782929,
        0.019256065636764522,
        -0.014670999848605449,
        -0.006102091877837954,
        -0.007522365787437747,
        -0.0225332990290663,
        -0.0012434187894601902,
        -0.014107839136447616
    ],
    "noise_sensor_1": [
        0.014490958593964735,
        0.02051058612639583,
        0.022252154812494356,
        -0.01601423471520028,
        -0.02620976846107868,
        0.002794259526078785,
        -0.0001648188511074477,
        0.000880667114243699,
        0.0022455361858060505,
        0.00505419354199591,
        -0.005941507777095278,
        -0.02661700497979681,
        0.02007689978368511,
        -0.010049686438228069,
        -0.026139287856086456,
        0.0033955352157409883,
        -0.008067268040745555,
        -0.010506651706893856,
        -0.021406617169028894,
        -0.010762616976650782,
        -0.00561583983347916,
        0.013453970854807942,
        -0.004046369425917931,
        0.002199195304370268,
        0.004535739319148618,
        0.005839450243496716,
        -0.004257459543509426,
        0.025745228072206805,
        0.007783226943613609,
        -0.008106515163414547,
        -0.01591147131844391,
        0.004479986142409019,
        0.027010739324039006,
        0.008456408541959459,
        -0.009473566265308177,
        -0.0026204808190150772,
        0.028453110303327374,
        -0.0005328079490430795,
        -0.010201677625284514,
        0.011528803029330778,
        0.01486230211693621,
        0.009413954542288558,
        0.010066297375187532,
        -0.015038800551201046,
        0.007923010222776606,
        0.01655843370018558,
        -0.014524325226525015,
        0.019612192991958287,
        -0.0012596173346932254,
        0.03131395339497623,
        0.007380083710147143,
        -0.005082298819288778,
        -0.009171872512970813,
        -0.004567515030761633,
        0.01722762215888453,
        0.010739374646493082,
        0.011442651799236054,
        -0.0077817164942778,
        0.011357746458099479,
        -0.004704827158254219
    ],