{
    "ParameterSet": [
        0.0,
        0.0,
        0.0,
        0.0,
        0.0,
        0.0,
        0.0,
        0.0,
        0.0,
        0.0,
        0.0,
        0.0,
        0.0,
        0.0,
        0.0,
        0.0,
        0.0,
        0.0,
        0.0,
        0.0,
        0.5044372080402942,
        0.11179573179088269,
        0.22336131133168322,
        0.5238323908959595,
        0.4897837537401469,
        0.23336879209210276,
        0.156900132397411,
        0.2705401047539295,
        0.5045759819857375,
        0.4904423579823461,
        0.2409376907772342,
        0.1710147855545038,
        0.2840915832472842,
        0.5079500341720962,
        0.4593346845127408,
        0.21835216964225468,
        0.1690032511888188,
        0.3258838945822318,
        0.5074750373643965,
        0.2620683981985637,
        -0.04,
        -0.04,
        -0.04,
        -0.04,
        -0.04,
        -0.04,
        -0.04,
        -0.04,
        -0.04,
        -0.04,
        -0.04,
        -0.04,
        -0.04,
        -0.04,
        -0.04,
        -0.04,
        -0.04,
        -0.04,
        -0.04,
        -0.04
    ],
    "SensorParameterSet": [
        0.03188621969748307,
        0.024917344563570806,
        -0.025413948610198415,
        -0.11064595262915045,
        -0.009456233655815223,
        0.01840461134713653,
        0.11319549302096671,
        -0.007626463029700228,
        0.011154309360761283,
        0.015181115574092064,
        -0.11010188484645603,
        -0.05601117524342266,
        0.01500894505603459,
        -0.05090940056602277,
        0.03837002699819865,
        -0.04706281455894515,
        0.024920098468826757,
        0.05775413739860242,
        -0.05062230130827776,
        -0.02206531192149934,
        -0.026752656427821677,
        -0.09399294306295373,
        0.012512545971384558,
        -0.021342458070724178,
        0.030038011521900138,
        0.0036942553184538323,
        0.013149065399565982,
        -0.028890040400885136,
        -0.019568545046721238,
        0.020647589333901505,
        -0.13526440414767613,
        -0.012275670303352283,
        0.06226346102460967,
        0.0346612720895954,
        -0.02935512824198304,
        -0.03682016134884583,
        -0.09142725775651944,
        -0.1296572651378023,
        -0.01644582152209701,
        0.010585756664308315,
        0.15105168508617556,
        -0.1339777160891512,
        -0.09430100377896419,
        -0.11030072129044723,
        0.006873752627071713,
        -0.037903149803286275,
        0.036203708150472684,
        -0.1206255377715168,
        0.07462415871822105,
        -0.1406096452434638,
        -0.11752255039358545,
        0.00034451404531297785,
        0.06941437268324738,
        0.10893002359416734,
        -0.10690999513379766,
        0.06051338126198749,
        0.05127763492887279,
        -0.01592159653196283,
        -0.14453040581306872,
        -0.0375038057152981
    ],
    "checked": "indirect",
    "iteration": 32,
    "noise_sensor_0": [
        3.5480625785310424e-05,
        0.006410986567686947,
        0.012894221674024644,
        -0.022650391123188163,
        0.014949483294352249,
        -0.014218220591567163,
        -0.03278924143023951,
        -0.022579122094007562,
        -0.006007535965842865,
        0.006450279389844805,
        0.011512009257265908,
        -0.025301424499239604,
        -0.015588364759376574,
        -0.017927517794317307,
        -0.010362556943325895,
        -0.009776274940993665,
        0.008357798430959414,
        0.018714099107895298,
        -0.001307920685600118,
        0.012076065292275598,
        0.0057741101844627244,
        -0.011873736223753133,
        0.017269717913965046,
        0.02481367616853712,
        -0.013924830895076368,
        0.007271312743232228,
        -0.007925392859065189,
        -0.03711844957968054,
        -0.025371353313218055,
        0.017074837857201368,
        -0.01063428389413907,
        -0.003001325906139696,
        0.020541541650638602,
        -0.005673276082750393,
        -0.022742033421393495,
        0.010331773044493526,
        0.00454328829809992,
        0.009843180460426107,
        0.01358724985600281,
        0.029569909193397956,
        0.01977142868040564,
        0.012400155038899463,
        -0.022408420974494192,
        -0.02079312717623343,
        -0.006128287717499299,
        0.007359494938552777,
        0.0072566531887649395,
        0.00470755135167835,
        -0.0006822422952604006,
        0.003551311125123994,
        -0.006046237756291404,
        -0.009752814273442824,
        0.01864998519093392,
        0.01344618233372881,
        -0.002859502714388498,
        -0.0004693537599604885,
        0.003242403495381182,
        -0.008981193423689417,
        -0.019317678997451872,
        0.0029318265648026775
    ],
    "noise_sensor_1": [
        0.011155827425472999,
        -0.007148122376404206,
        0.023962533194633078,
        0.013835322682655133,
        0.018033174727059915,
        0.013487961467515104,
        0.02256999569524252,
        0.009253426129149403,
        0.007167055195101365,
        -0.004473760360338959,
        -0.02005543548182344,
        -0.04161239288428142,
        -0.009453933781669822,
        0.020856688908940168,
        -0.013000174774769885,
        0.01560315798621452,
        -0.011174053237606533,
        0.006704594733612816,
        -0.004160686655106294,
        -0.00355594111701916,
        0.0028839010073857217,
        0.02137175118398159,
        0.0003782921376522462,
        -0.028631548120528816,
        -0.02247290748847301,
        -0.012323556350321854,
        0.012153684887068989,
        -0.007270325754019113,
        -0.008407973981944553,
        -0.016489777513050106,
        0.00629062019093145,
        0.0036867489023894853,
        -0.002797016412436775,
        0.005869936796686147,
        0.003554182055500859,
        0.006972143657877064,
        0.0013576337745271907,
        0.0012408815441420037,
        0.02680347122940268,
        0.015231061174960751,
        -0.019009099388319354,
        0.008362487145792675,
        0.002910234633356535,
        -0.013766067160797408,
        -0.0035261745430664577,
        0.00780057455486769,
        0.0045482809532097325,
        -0.017354750288782122,
        0.012821466513129608,
        -0.008323766160855358,
        0.019971883257505187,
        0.021641481115710834,
        -0.034309852765191426,
        -0.0066465072475075,
        -0.003323471616711959,
        0.010798294736099749,
        0.017715902377280563,
        0.006633332979556793,
        -0.025320645387896794,
        -0.017807248222469197
    ],