{
    "ParameterSet": [
        0.0,
        0.0,
        0.0,
        0.0,
        0.0,
        0.0,
        0.0,
        0.0,
        0.0,
        0.0,
        0.0,
        0.0,
        0.0,
        0.0,
        0.0,
        0.0,
        0.0,
        0.0,
        0.0,
        0.0,
        0.5044372080402942,
        0.11179573179088269,
        0.22336131133168322,
        0.5238323908959595,
        0.4897837537401469,
        0.23336879209210276,
        0.156900132397411,
        0.2705401047539295,
        0.5045759819857375,
        0.4904423579823461,
        0.2409376907772342,
        0.1710147855545038,
        0.2840915832472842,
        0.5079500341720962,
        0.4593346845127408,
        0.21835216964225468,
        0.1690032511888188,
        0.3258838945822318,
        0.5074750373643965,
        0.2620683981985637,
        -0.04,
        -0.04,
        -0.04,
        -0.04,
        -0.04,
        -0.04,
        -0.04,
        -0.04,
        -0.04,
        -0.04,
        -0.04,
        -0.04,
        -0.04,
        -0.04,
        -0.04,
        -0.04,
        -0.04,
        -0.04,
        -0.04,
        -0.04
    ],
    "SensorParameterSet": [
        0.07560648629649955,
        0.13203842042740058,
        -0.10957325502297016,
        -0.13009928470828125,
        -0.04852166284596504,
        0.009741540402828498,
        0.05304900898179261,
        -0.06738532221269604,
        -0.025319179883511428,
        0.07440080977191697,
        -0.0719070698234466,
        -0.0871470361900812,
        -0.011846285625514538,
        -0.14884543308224635,
        0.06246814871348192,
        -0.12191613891779603,
        0.09768822476414901,
        0.0950675083748195,
        0.00935970552228998,
        -0.07434480346017666,
        -0.052866354188580746,
        0.07167140403380332,
        0.050179527509203056,
        -0.0196865674401649,
        0.026830640266192102,
        -0.02115062711101501,
        -0.03529578688655258,
        -0.058414458064687494,
        0.03635739141965569,
        0.00562406139070587,
        -0.1785847378183978,
        -0.0030512898332799906,
        0.13187942870799524,
        -0.12499875126856172,
        0.004315855710346058,
        0.005150722236819168,
        -0.10610357573805818,
        -0.28902823283366746,
        -0.12869179539725703,
        0.023721054200865448,
        0.15647282525438955,
        -0.010930523288801224,
        -0.1158769616990965,
        -0.1340443474733627,
        0.038553175806626545,
        -0.008669469788908648,
        0.06742969296734147,
        -0.12592129224228066,
        0.13621541252327868,
        -0.05467384255022969,
        -0.07786278212599108,
        -0.025903215914684842,
        0.08988877705538409,
        0.12061626720046377,
        -0.11245719147154869,
        0.0374029812363538,
        -0.07262869863010943,
        0.03444776353038149,
        -0.2064171553688035,
        0.042406027069627664
    ],
    "checked": "indirect",
    "iteration": 81,
    "noise_sensor_0": [
        -0.001944065372394857,
        0.010757210530671434,
        0.02513140697516747,
        -0.012570921631602599,
        -0.020798831833632826,
        -0.0020278258043181607,
        -0.0016869513090248967,
        0.005932173755195729,
        -0.00018932905480142562,
        -0.0009996169369487083,
        -0.013445196279461474,
        -0.006890211162324817,
        0.006431171176103073,
        -0.001844682771627307,
        -0.0030097541737591172,
        -0.005323379698224231,
        -0.00963311038602659,
        0.005049773737387956,
        0.009143353516801046,
        0.012521462188327578,
        0.019293044418706138,
        -0.013164734951878353,
        -0.023067056533498657,
        -0.005373648107506374,
        0.001840516909975498,
        0.019030973663478237,
        -0.013118205676618026,
        -0.019483888982993084,
        -0.0014889617192586297,
        0.019554390682253665,
        0.012862992067691863,
        -0.0023504652797376375,
        -0.006395248444439743,
        0.006772143823839837,
        -0.005910702663295251,
        0.017144400594227834,
        0.00284908487269511,
        -0.005246636237144508,
        0.02713879560505996,
        0.014676854299283072,
        0.0030307972003154743,
        -0.011261266413021217,
        0.025446818582113583,
        0.011764843349666997,
        0.006048364265197392,
        -0.00744527965759582,
        0.004098485517273748,
        0.0038437013244479513,
        0.024764338437558188,
        -0.0161938493051133,
        -0.02795452636538058,
        -0.015046964649982094,
        0.03241184667488385,
        0.0008260521104607898,
        0.019821551820538724,
        -0.014375762308995592,
        -0.0054367137387053436,
        -0.002681166146458697,
        0.008017225445182321,
        0.020575988493900042
    ],
    "noise_sensor_1": [
        -0.00022528243950983777,
        -0.0052172655607250285,
        0.0033957359612879954,
        -0.005395717803384637,
        -0.0023430288569855763,
        0.009392509829196871,
        -0.00290021110060878,
        -0.006077065005958866,
        0.008630933631782193,
        -0.002736008184162723,
        -0.010608876008359996,
        0.005211313996845818,
        0.019860691074287652,
        0.010964002932331716,
        -0.002426612157076124,
        -0.0004487890466157868,
        0.014846312693147921,
        0.015399992630625609,
        -0.005467734549172643,
        -0.009448730071021816,
        0.02887481647302542,
        -0.0120270027567265,
        -0.025407811793719013,
        -0.009366067686318333,
        -0.005389634580276792,
        0.0005433498143539665,
        -0.02251132399965661,
        0.0070186647309693215,
        0.009950800444504736,
        -0.022432192407556593,
        -0.007956881135565539,
        -0.00864024089546377,
        -0.01466782323944946,
        0.0069512279171178755,
        -0.0014848729062898979,
        0.00814379134942877,
        0.005254725264329389,
        -0.03169311371447421,
        -0.019170074027283032,
        -0.01629844045445575,
        0.0061036419818600125,
        -0.007812453444989467,
        -0.011396531544413823,
        0.011209041519571571,
        -4.065668832055892e-05,
        -0.0049951798275251575,
        -0.004015780762988133,
        -0.013916832813911728,
        -0.003364819895188629,
        -0.004850633433578755,
        -0.02530166014618025,
        0.0052947317197829784,
        -0.001338441267591059,
        0.00564910178143513,
        -0.017253419833069772,
        -0.011000502790571971,
        -0.0062709845650271104,
        -0.005824358095802858,
        0.014518929311808615,
        0.02795151186317876
    ],