{
    "ParameterSet": [
        0.0,
        0.0,
        0.0,
        0.0,
        0.0,
        0.0,
        0.0,
        0.0,
        0.0,
        0.0,
        0.0,
        0.0,
        0.0,
        0.0,
        0.0,
        0.0,
        0.0,
        0.0,
        0.0,
        0.0,
        0.5044372080402942,
        0.11179573179088269,
        0.22336131133168322,
        0.5238323908959595,
        0.4897837537401469,
        0.23336879209210276,
        0.156900132397411,
        0.2705401047539295,
        0.5045759819857375,
        0.4904423579823461,
        0.2409376907772342,
        0.1710147855545038,
        0.2840915832472842,
        0.5079500341720962,
        0.4593346845127408,
        0.21835216964225468,
        0.1690032511888188,
        0.3258838945822318,
        0.5074750373643965,
        0.2620683981985637,
        -0.04,
        -0.04,
        -0.04,
        -0.04,
        -0.04,
        -0.04,
        -0.04,
        -0.04,
        -0.04,
        -0.04,
        -0.04,
        -0.04,
        -0.04,
        -0.04,
        -0.04,
        -0.04,
        -0.04,
        -0.04,
        -0.04,
        -0.04
    ],
    "SensorParameterSet": [
        0.018520310902006155,
        0.03664458296327758,
        -0.035558754231763925,
        -0.12278300623967636,
        -0.0029810331500933355,
        0.03281883268024656,
        0.09567914037968439,
        -0.03584351239297903,
        0.021429401993928236,
        0.031402535457572774,
        -0.10317443136313696,
        -0.06440587864979273,
        -0.03550615124424325,
        -0.05095089765709383,
        -0.0028928697841340556,
        -0.10046865771065606,
        0.035413168233903274,
        0.0713154186979355,
        0.003276847194991538,
        -0.005538604052875699,
        -0.0006126688682085677,
        -0.0842030569580236,
        0.020073762890975448,
        0.03905110865888377,
        -0.015483291364579176,
        0.005474599965360857,
        -0.026192249707819033,
        -0.0520560565557303,
        -0.040272717088120795,
        0.02813512164249838,
        -0.15120204382972996,
        -0.007927529317266853,
        0.10747456101248638,
        -0.002014081294632969,
        -0.06688111868890811,
        -0.021787287333945766,
        -0.09537613896967982,
        -0.15844882383949088,
        -0.010951708192190514,
        0.036751427651340624,
        0.11908128555430186,
        -0.1291767067546418,
        -0.10979334998151226,
        -0.11723092587707805,
        -0.03523068606348883,
        -0.004175943210776875,
        0.08397220657145316,
        -0.08823407093449964,
        0.09947471219167557,
        -0.1141828969298719,
        -0.12386090903630634,
        -0.02910011659420005,
        0.08252652334186908,
        0.1362185742536573,
        -0.0840203027527429,
        0.022424011880737095,
        0.021195953593755597,
        -0.0005813754899827671,
        -0.16444976463813632,
        -0.03445468971719301
    ],
    "checked": "indirect",
    "iteration": 37,
    "noise_sensor_0": [
        0.0024865929656638923,
        0.00799746769064104,
        -0.01453858943083112,
        -0.024596855170656712,
        -0.02938688514819747,
        -0.020111489111008185,
        -0.015564075459326159,
        0.008015494157990683,
        -0.00018376537114330382,
        0.0011925713009044666,
        0.038476236976248336,
        0.0003182956529830464,
        -0.004063710234126895,
        -0.003388306462289498,
        -0.009404055902436528,
        0.0063591925514487994,
        -0.01547446715136262,
        0.004579170167094479,
        0.004163795125335394,
        -0.023224652876278517,
        -0.004334050078394863,
        0.05543446137676348,
        -0.01243017345976083,
        -0.0026290479474295877,
        -0.011569092823632682,
        -0.020375945597459387,
        -0.012753106324881866,
        -0.018672247394446128,
        -0.0007927558394809516,
        -0.0018368170566173856,
        0.01335644272372141,
        0.0066487975738551055,
        -0.02050076142868269,
        -0.02573404457138133,
        0.020823006495142703,
        0.016487889202895623,
        0.010357175053244428,
        -0.00024195916681724408,
        0.009056389659753963,
        -0.0017874975697883628,
        -0.007306260713096231,
        0.006013670236627283,
        -0.00306924694902557,
        0.01401872767950861,
        -0.01251190902755097,
        -0.0025185355477319996,
        -0.03219535284915645,
        -0.016858445976813078,
        0.03450053175027123,
        0.035058018205755985,
        0.008692404290687693,
        -0.019913219272161938,
        -0.017275114024276672,
        -0.00211137454557608,
        0.0009949876787546086,
        0.0020042144473598612,
        -0.004408595086114359,
        -0.00388357822358551,
        0.026069168698797197,
        -0.012193590084699961
    ],
    "noise_sensor_1": [
        0.0007680922349040585,
        -0.01669024744914544,
        0.01923935241638456,
        0.012146574673486921,
        -0.015316527197178957,
        0.005580064061491547,
        -0.001958798600282434,
        -0.011439220814650557,
        -0.010749166542685066,
        0.03258327840237388,
        0.008752896401705595,
        -0.030149230377947256,
        -0.029165601656380102,
        0.04870367462260593,
        0.004188073444408671,
        -0.024271965321073893,
        -0.013799009044621523,
        -0.015455447620660858,
        -0.010806314776010286,
        -0.00468328921650849,
        -0.0007875100208819614,
        0.0011073707267143036,
        0.019425788902804966,
        -0.006900231701941361,
        0.0009376877043104296,
        0.005494852596088491,
        0.03665232328123619,
        0.0017471042115837136,
        0.011520331407648203,
        0.005336772629296928,
        -0.023743873870696226,
        -0.0075366510251259995,
        -0.005316326914001937,
        0.00905269011036354,
        -0.049733284415290936,
        -0.0098477433162451,
        0.006440922447620125,
        -0.01877372453119756,
        0.016907629589472208,
        0.01716817493081981,
        -0.0053581186488055954,
        -0.014163879468185248,
        0.004432171515996284,
        0.003938958814196231,
        0.007417165256498471,
        0.008073975240960774,
        -0.00591517499180603,
        0.003475624516529727,
        -0.006975231461075661,
        -0.02408276431386216,
        -0.019388830154177566,
        -0.017883873617662385,
        0.009201713848723371,
        -0.010782921336753315,
        -0.007635883881997158,
        0.011674086322138844,
        0.007881565069042022,
        0.005156709786839553,
        -0.01549251578595643,
        -0.006527865150166127
    ],