{
    "ParameterSet": [
        0.0,
        0.0,
        0.0,
        0.0,
        0.0,
        0.0,
        0.0,
        0.0,
        0.0,
        0.0,
        0.0,
        0.0,
        0.0,
        0.0,
        0.0,
        0.0,
        0.0,
        0.0,
        0.0,
        0.0,
        0.5044372080402942,
        0.11179573179088269,
        0.22336131133168322,
        0.5238323908959595,
        0.4897837537401469,
        0.23336879209210276,
        0.156900132397411,
        0.2705401047539295,
        0.5045759819857375,
        0.4904423579823461,
        0.2409376907772342,
        0.1710147855545038,
        0.2840915832472842,
        0.5079500341720962,
        0.4593346845127408,
        0.21835216964225468,
        0.1690032511888188,
        0.3258838945822318,
        0.5074750373643965,
        0.2620683981985637,
        -0.04,
        -0.04,
        -0.04,
        -0.04,
        -0.04,
        -0.04,
        -0.04,
        -0.04,
        -0.04,
        -0.04,
        -0.04,
        -0.04,
        -0.04,
        -0.04,
        -0.04,
        -0.04,
        -0.04,
        -0.04,
        -0.04,
        -0.04
    ],
    "SensorParameterSet": [
        0.11295883341424967,
        0.16245391492789088,
        -0.0741010114181995,
        -0.09061684609985358,
        -0.07020152897015007,
        0.005180329388324969,
        0.06295703252395277,
        -0.025466051044568463,
        -0.01776499912801462,
        0.0688001280586074,
        -0.12058894555397162,
        -0.127685171088049,
        -0.010672025252728576,
        -0.10976113266077211,
        0.08896275035270902,
        -0.11585941579017327,
        0.09051930961081174,
        0.08942778972578949,
        0.005026777044107945,
        -0.05889435225113199,
        -0.07811984082473089,
        0.11983975281751982,
        0.024224023246595863,
        -0.027746692985406156,
        0.0027434147517141263,
        0.010851080158474429,
        -0.03956937288302547,
        -0.039187575669544054,
        0.049642250960175986,
        0.05916528220253628,
        -0.1656356738968528,
        -0.03522512168591863,
        0.15668718541877868,
        -0.1218548226651934,
        0.0006782194336480096,
        0.0038153405467692162,
        -0.04818591788597759,
        -0.2856486853679198,
        -0.15215933441804244,
        0.00913039888791358,
        0.142822677819998,
        -0.003505218025972018,
        -0.11508440285240816,
        -0.15339841029572793,
        0.035160936738081176,
        -0.032828958758699595,
        0.060861212769364605,
        -0.13934490711043457,
        0.15359873821360118,
        -0.05931254342324888,
        -0.06753845099902582,
        -0.05743524009557819,
        0.08126479096522876,
        0.10677273051865088,
        -0.10133736575675384,
        0.0584122036221938,
        -0.10122713514727971,
        0.008960400624925606,
        -0.2214354157797089,
        0.024091457880778305
    ],
    "checked": "indirect",
    "iteration": 90,
    "noise_sensor_0": [
        -0.02010262327746558,
        0.004970315816756568,
        9.743710645826185e-05,
        -0.008158083967127952,
        0.0031263321841348748,
        -0.010730094132142907,
        -0.017957538261261733,
        0.03664020970663565,
        0.01585431772427593,
        0.015431215085321748,
        -0.005593531635831111,
        0.007281345712303396,
        0.009240060547092194,
        -0.009446923765915006,
        -0.0025403827941821986,
        0.0014569505901864382,
        -0.015449488713680092,
        0.005846414052223385,
        -0.0011388791314219354,
        -0.001449615368976496,
        0.00801508482940509,
        -0.009276647144798294,
        0.009235085063349881,
        0.012602638376776772,
        -0.0008995732115688711,
        -0.0189795915418531,
        6.338632535097036e-05,
        0.015644343859559453,
        0.0036000195115727623,
        -0.0016157877069797033,
        -0.022513815572315424,
        0.005728160365128706,
        0.014640439362226464,
        0.00867270451922248,
        0.007119978402279813,
        0.014032633693624137,
        0.006722708607470457,
        -0.015068958095222034,
        0.010519410249015952,
        0.0049275442466381455,
        0.003315495346780448,
        0.01179742782169525,
        -0.008139405413139572,
        -0.003906551624203466,
        -0.008013013532538183,
        -0.019564072726005233,
        0.0010465509531263715,
        -0.0090149192226009,
        -0.014172611652755638,
        0.015627070428332834,
        -0.0023694115674244855,
        0.004330779068770506,
        -0.009703776418444655,
        0.006140159003724879,
        0.010198037240451804,
        -0.0035195334241896062,
        0.006984809085654213,
        0.00879806216494008,
        0.00010214530449610099,
        -0.0016479337573477846
    ],
    "noise_sensor_1": [
        -0.0021397587005174182,
        0.003555137958558655,
        -0.0007445819440411536,
        -0.0022307958910233188,
        0.0036584854057938863,
        0.0016330568201266388,
        -0.007825845492438694,
        -0.0017673452643494451,
        -0.0068583187370796425,
        0.004555218255129673,
        0.008681924890328787,
        0.0059548442532242,
        -0.002950001361678896,
        -0.0061498221141330555,
        0.0069872635552690274,
        0.015367782078061614,
        -0.0134831933021317,
        -0.01918466790342828,
        -0.010262799535275544,
        -0.0128901846584358,
        0.009151717818184116,
        -0.017444107039555463,
        -0.006853555115833883,
        -0.0063106515008970665,
        0.0027374982218429512,
        -0.006644163698427991,
        0.016071975682158218,
        -0.027582520079134868,
        -0.0006883483736877929,
        -0.0112683631436393,
        0.023797471402948436,
        0.005933940352033828,
        0.004531601265907594,
        0.012876048370649425,
        -0.010295462716514058,
        0.00569545537609219,
        -0.0037390120443403364,
        -0.010002792893412552,
        -0.015176302521471011,
        0.005136715702696687,
        0.014196370240944623,
        -0.0011974561962308798,
        0.0008858033398036069,
        -0.007969925631606568,
        0.011076778104769447,
        -0.013470223609005861,
        -0.013934782079566301,
        0.023261671756322117,
        0.01178349881681051,
        0.002095180346684683,
        0.030270164611080088,
        -0.020534808711925527,
        -0.01544855885905677,
        -0.011151975928912894,
        -0.0025834367967306994,
        0.007616655326480249,
        -0.018917565145533527,
        0.03006389999560947,
        0.00421323188462764,
        -0.009670454645259672
    ],