{
    "ParameterSet": [
        0.0,
        0.0,
        0.0,
        0.0,
        0.0,
        0.0,
        0.0,
        0.0,
        0.0,
        0.0,
        0.0,
        0.0,
        0.0,
        0.0,
        0.0,
        0.0,
        0.0,
        0.0,
        0.0,
        0.0,
        0.5044372080402942,
        0.11179573179088269,
        0.22336131133168322,
        0.5238323908959595,
        0.4897837537401469,
        0.23336879209210276,
        0.156900132397411,
        0.2705401047539295,
        0.5045759819857375,
        0.4904423579823461,
        0.2409376907772342,
        0.1710147855545038,
        0.2840915832472842,
        0.5079500341720962,
        0.4593346845127408,
        0.21835216964225468,
        0.1690032511888188,
        0.3258838945822318,
        0.5074750373643965,
        0.2620683981985637,
        -0.04,
        -0.04,
        -0.04,
        -0.04,
        -0.04,
        -0.04,
        -0.04,
        -0.04,
        -0.04,
        -0.04,
        -0.04,
        -0.04,
        -0.04,
        -0.04,
        -0.04,
        -0.04,
        -0.04,
        -0.04,
        -0.04,
        -0.04
    ],
    "SensorParameterSet": [
        0.05338851096199231,
        0.0976469884866165,
        -0.07264748545945354,
        -0.1599425140604616,
        -0.046984237636349555,
        0.008348779241488382,
        0.06961576634062346,
        -0.06800840166532224,
        0.0067447391444013715,
        0.009544194989012789,
        -0.05164660498477304,
        -0.11241821167972293,
        -0.051986103192516286,
        -0.07756507309623595,
        0.04172870103672726,
        -0.10174666987151144,
        0.05141576942315281,
        0.10266874158004885,
        -0.03800364922254998,
        -0.007373138495882931,
        -0.04808721267426072,
        -0.021786698800177296,
        0.037636702849040186,
        0.015306760322458816,
        -0.01610865553703105,
        0.02995501680757819,
        -0.08053130271477325,
        -0.07886876654206916,
        -0.019738584774000867,
        -0.003975424560837925,
        -0.14837117583831488,
        -0.015576567819021146,
        0.05601629680711953,
        -0.07374011771193317,
        -0.04035167432055227,
        -0.026211714700785697,
        -0.09514061008975279,
        -0.2232670479913702,
        -0.004207672328465336,
        0.05123974901294029,
        0.1457805235050428,
        -0.03967483901456896,
        -0.0951607553278932,
        -0.13948168929203442,
        -0.03557458214761059,
        -0.014851100495992612,
        0.03712299563998588,
        -0.13287844784897204,
        0.1396958190958612,
        -0.056036978531719,
        -0.13351449694109335,
        0.005957827532220086,
        0.05823479249343893,
        0.12917395263973777,
        -0.12630266587272618,
        0.012299207173508724,
        0.008988668796065457,
        -0.022305324576197313,
        -0.10756563374369256,
        0.008661334417088334
    ],
    "checked": "indirect",
    "iteration": 54,
    "noise_sensor_0": [
        0.003944405303214773,
        -0.0032174679780015954,
        -0.00943583831763232,
        -0.013552530953620022,
        -0.0015394433303710885,
        0.00775741748175377,
        0.013466857307324998,
        -0.0046249830817658676,
        0.018200237917043942,
        0.01823857720593538,
        -0.020440698046124806,
        0.005982806288773126,
        -0.008891324821672979,
        -0.004523480600549466,
        -0.010827533138074741,
        0.016605280066967463,
        0.001115903686115327,
        -0.030642861832009392,
        -0.003419757271660008,
        -0.0018573692642226852,
        -0.008803837344726959,
        -0.0011146362085721817,
        0.009609633322423513,
        0.040212910295305514,
        -0.02058722790929281,
        0.002817429123270238,
        -0.013308523626520238,
        -0.008911395094558325,
        -0.018367758477329663,
        -0.0018177727048033995,
        0.02052547408790127,
        0.015375045827783759,
        0.036384772948622184,
        0.024638446558002892,
        -0.0012002400507916558,
        -0.0018022958736844655,
        -0.046113958764925356,
        0.013844332472658646,
        0.032110043518484926,
        -0.02590973588962809,
        0.00817769439722873,
        0.005399921260880594,
        -0.00012544792943333126,
        -0.002113884509402125,
        -0.0018628683337002213,
        0.016512851209916652,
        -0.011343353548427226,
        0.007492350068453427,
        -0.013035160526128792,
        0.01910827032989709,
        0.021934639532090076,
        0.02619865897846021,
        -0.01275298565698528,
        -0.0056455215100185635,
        -0.0062418275764620935,
        0.012585802233604372,
        0.0044725866125101274,
        -0.011416555550024746,
        -0.013442396068547748,
        -0.023917298227915294
    ],
    "noise_sensor_1": [
        0.004560187596677102,
        0.009384529081331337,
        -0.0025407168252033615,
        0.007323368440152478,
        -0.0034480824190609638,
        -0.00010218250465269663,
        -0.009574141631125178,
        0.0048510044289951865,
        0.005393186987863278,
        0.011361591162818768,
        -0.008788507237167011,
        -0.034511542637891544,
        0.014148909462215361,
        0.033386608418997536,
        0.024344009989635946,
        0.002274638842559415,
        0.02002480860597738,
        -0.00017389303057869043,
        -0.01669513887651684,
        0.008139426821208093,
        0.0004797042001914584,
        0.01918296663813378,
        -0.003544891614714184,
        -0.023933638847407637,
        0.005345529001998211,
        0.01614209536333156,
        -0.010002799503248293,
        0.01182173909214455,
        0.0027488835039105363,
        -0.008033135255206525,
        0.0057684357995772435,
        -0.03627970115307096,
        -0.00966998023264108,
        -0.004751244483510613,
        -0.014342060019712327,
        0.004989906817894766,
        -0.014432687354227706,
        -0.02565459223928284,
        -0.017748335524093863,
        0.0036974741740381694,
        0.010985799927164166,
        -0.02210925342576111,
        0.02086091850072134,
        -0.023116823556372304,
        0.002661752755766837,
        -0.005503689852499297,
        0.02052564805692581,
        -0.010458597612437988,
        0.0031434596533216263,
        -0.01232925267001373,
        0.028713601095921526,
        -0.018656184151512458,
        -0.013106892842498717,
        -0.0006138786640895239,
        -0.01952953625210519,
        0.01439509116882408,
        -0.012588586553464783,
        -0.0022185172697445667,
        -0.008542384750606992,
        0.020158198574449563
    ],