{
    "ParameterSet": [
        0.0,
        0.0,
        0.0,
        0.0,
        0.0,
        0.0,
        0.0,
        0.0,
        0.0,
        0.0,
        0.0,
        0.0,
        0.0,
        0.0,
        0.0,
        0.0,
        0.0,
        0.0,
        0.0,
        0.0,
        0.5044372080402942,
        0.11179573179088269,
        0.22336131133168322,
        0.5238323908959595,
        0.4897837537401469,
        0.23336879209210276,
        0.156900132397411,
        0.2705401047539295,
        0.5045759819857375,
        0.4904423579823461,
        0.2409376907772342,
        0.1710147855545038,
        0.2840915832472842,
        0.5079500341720962,
        0.4593346845127408,
        0.21835216964225468,
        0.1690032511888188,
        0.3258838945822318,
        0.5074750373643965,
        0.2620683981985637,
        -0.04,
        -0.04,
        -0.04,
        -0.04,
        -0.04,
        -0.04,
        -0.04,
        -0.04,
        -0.04,
        -0.04,
        -0.04,
        -0.04,
        -0.04,
        -0.04,
        -0.04,
        -0.04,
        -0.04,
        -0.04,
        -0.04,
        -0.04
    ],
    "SensorParameterSet": [
        -0.23507860644742615,
        0.22209483413295777,
        0.024580065903540595,
        0.164883812539803,
        0.21565569964308667,
        -0.08498784110521519,
        -0.052051521235524284,
        -0.15290624076085135,
        0.02128730258294922,
        -0.040165679030911845,
        0.2047035713902201,
        0.1411325820770317,
        0.2260762441228056,
        -0.18879625512195156,
        -0.030232138929331315,
        -0.30677392585173796,
        -0.18935355208494337,
        0.2045098186192038,
        -0.0884161206461047,
        0.4613058622678703,
        -0.06292084124005505,
        -0.3898998398511019,
        0.34088277524397465,
        -0.47764845558211355,
        0.4802353826086178,
        -0.19260839352496253,
        -0.28500923276985296,
        0.2652398177202888,
        -0.26635820481731254,
        -0.09937701039433015,
        -0.16511444317129376,
        -0.28458041775711407,
        0.007678134188678485,
        0.03657462602199062,
        0.21229681888868598,
        -0.3296834385058324,
        -0.4035956316308919,
        -0.04851242373540569,
        -0.04961084465085974,
        0.05343001978268983,
        -0.39567403315365113,
        -0.09863511476942179,
        0.5624164602746351,
        0.08766741365512794,
        -0.26920674208610845,
        0.3338976082305634,
        -0.25031391616420934,
        -0.025566284161192804,
        -0.31657641901377803,
        0.08403204693987716,
        0.05578736589240973,
        -0.10382941480784534,
        -0.003739484713405187,
        -0.1895940023975284,
        0.01849812868784938,
        0.043608214127577136,
        -0.07818554428524478,
        -0.019777716407643742,
        -0.3629564039678801,
        0.13400899660961033
    ],
    "checked": "indirect",
    "iteration": 29,
    "noise_sensor_0": [
        -0.03415669641568552,
        0.0304257617762091,
        0.04952262344566711,
        -0.05605376198826157,
        0.07966198495312826,
        -0.01693220457924166,
        -0.029060777461150794,
        0.019186374595952696,
        -0.030337696156006688,
        -0.09583493591519517,
        -0.06326319705829629,
        0.09984863801990781,
        0.046261867846031667,
        -0.08783025831993982,
        -0.002030921477526232,
        0.01637144408295785,
        -0.07729696051063613,
        -0.06827798699706476,
        0.009881137365485583,
        -0.035821882505677756,
        0.03555955669251047,
        -0.09471957404284087,
        -0.012119825431359962,
        -0.005724631743793679,
        0.05023217078689393,
        0.004185232401057157,
        0.024496846890924188,
        0.05171868756089902,
        0.017049283732496985,
        0.05745011606001996,
        0.021388783583071263,
        -0.13119953713966334,
        -0.08966238534554964,
        0.03842930120810662,
        0.019290208911223506,
        0.08107915996703631,
        -0.062335290384662824,
        -0.0205503068957847,
        -0.05511405859970369,
        0.013025293710429571,
        0.03828176031293886,
        0.019315950519192573,
        -0.08719498473335369,
        0.00112046084805738,
        0.016054529961445504,
        0.030615161651804543,
        0.022123066615106424,
        -0.019624065944029642,
        0.07125736526872903,
        0.03476262526946003,
        -0.004866338165925648,
        0.05015068311404075,
        -0.027004566763662842,
        0.02647528033423681,
        0.09868249105707536,
        -0.003195458870424613,
        -0.15181075937154037,
        -0.03470391211668142,
        -0.09485240157122726,
        0.04966476797293472
    ],
    "noise_sensor_1": [
        0.08972383938548599,
        -0.035303065434761756,
        -0.01790113351298986,
        0.04976075677823084,
        0.05796836279183121,
        0.034509988820335714,
        -0.05405208432131327,
        0.026904501591706074,
        -0.05533910870945094,
        -0.06267325952402188,
        0.01711684833475749,
        0.045872400153327,
        0.009991972359552296,
        0.09843081809854654,
        0.030360216675570432,
        -0.05218255153941795,
        -0.03848189327379208,
        0.00020829314376799671,
        -0.016230985214902315,
        -0.03075412799894236,
        -0.014551408329055405,
        0.038180149815582924,
        -0.09677904888768855,
        0.035060466549500416,
        -0.007233364443505984,
        -0.001170273171183392,
        -0.048132957008488284,
        0.05202466581539891,
        -0.01904445767098662,
        0.039231511518263824,
        0.008169336144647777,
        0.04584544372024432,
        -0.057073273769090584,
        0.14696489288794323,
        0.03395426901759792,
        -0.017377701766263836,
        0.056013750626703024,
        0.07914180686036117,
        -0.08277251130910646,
        -0.08382927228447465,
        0.07265606205916526,
        -0.041533863270772214,
        0.028175993013734635,
        -0.0180730692903982,
        0.02316163252891449,
        0.020808904269218845,
        0.13396314931119147,
        -0.09336285452069344,
        0.0516426864741669,
        -0.01718072576741701,
        0.007156149402046828,
        -0.045480082309442504,
        0.08235027327899004,
        0.001954927081537166,
        -0.1245990390264652,
        0.006494898939648999,
        -0.03716595788737073,
        -0.08122729514626005,
        -0.012631458397560054,
        0.02683993052148564
    ],