{
    "ParameterSet": [
        0.0,
        0.0,
        0.0,
        0.0,
        0.0,
        0.0,
        0.0,
        0.0,
        0.0,
        0.0,
        0.0,
        0.0,
        0.0,
        0.0,
        0.0,
        0.0,
        0.0,
        0.0,
        0.0,
        0.0,
        0.5044372080402942,
        0.11179573179088269,
        0.22336131133168322,
        0.5238323908959595,
        0.4897837537401469,
        0.23336879209210276,
        0.156900132397411,
        0.2705401047539295,
        0.5045759819857375,
        0.4904423579823461,
        0.2409376907772342,
        0.1710147855545038,
        0.2840915832472842,
        0.5079500341720962,
        0.4593346845127408,
        0.21835216964225468,
        0.1690032511888188,
        0.3258838945822318,
        0.5074750373643965,
        0.2620683981985637,
        -0.04,
        -0.04,
        -0.04,
        -0.04,
        -0.04,
        -0.04,
        -0.04,
        -0.04,
        -0.04,
        -0.04,
        -0.04,
        -0.04,
        -0.04,
        -0.04,
        -0.04,
        -0.04,
        -0.04,
        -0.04,
        -0.04,
        -0.04
    ],
    "SensorParameterSet": [
        -0.016583851460871598,
        0.15808213969988455,
        0.04741851884834133,
        0.046950176866062725,
        0.17516886278262164,
        -0.11054339004695486,
        -0.02578618406893659,
        0.11386294071310107,
        0.05635713117600666,
        -0.2204660124806689,
        0.09068342036093005,
        0.0033742783758079374,
        0.1071698451348558,
        -0.10616943962187808,
        -0.003775076412321162,
        -0.11581719272278983,
        -0.0990767962890482,
        0.11006975149922825,
        -0.09184100418753133,
        0.19756866497419073,
        0.05803937300578306,
        -0.17902837417847656,
        0.03692979914434804,
        -0.26945466502952153,
        0.2580761673456139,
        0.028358994637258085,
        -0.1471490838667505,
        0.06510066078853768,
        -0.17222719665257277,
        -0.026524015576592477,
        -0.05253026061088752,
        -0.3440658674971298,
        -0.03026404376153745,
        0.03694307548909349,
        0.07355796434554146,
        -0.11989586823043347,
        -0.37441693063510467,
        0.005933438591665,
        0.16835429113550246,
        0.17209082853205657,
        -0.11747156343397654,
        -0.14996501988957417,
        0.3419583400337561,
        0.20869443317805436,
        -0.1502300647807704,
        -0.0038554960678710472,
        -0.04596275975792221,
        0.09464568789348936,
        -0.10472296343859494,
        -0.18220163746793214,
        -0.02816488708180652,
        -0.1489256411035693,
        0.1847856710396524,
        -0.05243533775410621,
        0.06403833072528017,
        0.03933292575805903,
        -0.07381000026938957,
        -0.020415144327536206,
        -0.10819794486961697,
        -0.0005634601700726172
    ],
    "checked": "indirect",
    "iteration": 7,
    "noise_sensor_0": [
        0.03423813347440153,
        -0.0029532745254886544,
        0.10208645676920765,
        0.05166381721122114,
        -0.04888196764241979,
        0.07189773978428587,
        0.041511029324434866,
        -0.02781947957002312,
        0.10071956738144697,
        0.018984699930487476,
        -0.013967869205497755,
        -0.00798219583926669,
        0.009416308710062472,
        0.06433540997521094,
        -0.033582192779752516,
        0.0882856641195632,
        -0.012511958278347751,
        -0.0037822659947305474,
        -0.09993512065151752,
        -0.016101883138393613,
        -0.022326635544258313,
        -0.06636021719921428,
        0.010135006275178864,
        -0.07012612712653851,
        -0.03127511692295841,
        -0.03714121955681453,
        0.0789803566854836,
        -0.011578801990828096,
        0.008253284752594027,
        -0.013617235973021499,
        0.04371979021155378,
        0.08160764709143967,
        -0.059187960083488304,
        -0.07244649750997036,
        -0.054618766786892606,
        0.02535148640523649,
        -0.0026364610651037775,
        -0.031462334545596174,
        0.03165431596972237,
        -0.07602077829761322,
        -0.03206729615513327,
        0.10740741696584134,
        -0.015216774361906866,
        -0.021695446833817102,
        -0.1045184481728322,
        -0.09449659201850434,
        0.07470205614121832,
        -0.04110845288083785,
        0.043451581532708526,
        0.07607121979518333,
        -0.04217009327850446,
        -0.033197307232469705,
        -0.025409428081042563,
        0.0007858975965929769,
        -0.04561179668381641,
        -0.1706632248880166,
        -0.029539895723176536,
        0.11089565953332144,
        -0.0036513599841357606,
        0.07144236569134127
    ],
    "noise_sensor_1": [
        0.008718662864715785,
        -0.012627163766259959,
        0.027682493276166273,
        0.010405447012789103,
        -0.004675943164357458,
        -0.06365464985074384,
        -0.02310990097663253,
        -0.1377278169259541,
        0.04763163833411965,
        -0.029070111219489853,
        -0.07474131778002087,
        0.002365302700531204,
        -1.7108728284524765e-05,
        0.012024176288937942,
        0.03851319801372373,
        0.03023073271352484,
        -0.035990644272613746,
        0.027077749630047457,
        -0.08847220382843456,
        0.008424265437374932,
        -0.09864401850540169,
        -0.002379311888748871,
        0.01081277517885466,
        0.07652508915353677,
        -0.01647271045481833,
        0.01034837330154657,
        0.002204798827547571,
        -0.10276201272523633,
        -0.12308332412467109,
        -0.024265010066836637,
        -0.14250378355802615,
        -0.08543576744028028,
        -0.10973450501032223,
        -0.04446002362178392,
        0.018956101164127635,
        0.04634793151756314,
        -0.12190563821273773,
        0.10383817990993467,
        0.06269125787679758,
        -0.018815282238407074,
        -0.04010079602407919,
        -0.07271364153392507,
        -0.03928149683872991,
        -0.034240387519970744,
        -0.007843316869317931,
        0.013615569345772932,
        0.02014026746115702,
        -0.002770793783441668,
        0.021458561473248594,
        0.017860689506625893,
        -0.009193539198629327,
        0.0172390634561049,
        0.07630625439960473,
        0.029613797129624267,
        -0.008244901992208103,
        0.01774763613834311,
        0.03762768638242811,
        -0.0757128642427521,
        0.009184607395987997,
        -0.006441805322789953
    ],