{
    "ParameterSet": [
        0.0,
        0.0,
        0.0,
        0.0,
        0.0,
        0.0,
        0.0,
        0.0,
        0.0,
        0.0,
        0.0,
        0.0,
        0.0,
        0.0,
        0.0,
        0.0,
        0.0,
        0.0,
        0.0,
        0.0,
        0.5044372080402942,
        0.11179573179088269,
        0.22336131133168322,
        0.5238323908959595,
        0.4897837537401469,
        0.23336879209210276,
        0.156900132397411,
        0.2705401047539295,
        0.5045759819857375,
        0.4904423579823461,
        0.2409376907772342,
        0.1710147855545038,
        0.2840915832472842,
        0.5079500341720962,
        0.4593346845127408,
        0.21835216964225468,
        0.1690032511888188,
        0.3258838945822318,
        0.5074750373643965,
        0.2620683981985637,
        -0.04,
        -0.04,
        -0.04,
        -0.04,
        -0.04,
        -0.04,
        -0.04,
        -0.04,
        -0.04,
        -0.04,
        -0.04,
        -0.04,
        -0.04,
        -0.04,
        -0.04,
        -0.04,
        -0.04,
        -0.04,
        -0.04,
        -0.04
    ],
    "SensorParameterSet": [
        -0.1827276195545872,
        0.07796071588697273,
        0.11870616535795621,
        0.1732819637336251,
        0.2885414392229344,
        -0.029511330651664183,
        -0.14940173395473205,
        -0.13898212654576295,
        -0.03521104662041424,
        -0.14899185474958912,
        0.20724971950879228,
        0.05603540260909749,
        0.1089567719880038,
        -0.1990126569197422,
        0.10152878929924274,
        -0.45131370123788583,
        -0.2565700500256665,
        0.17108691169360887,
        0.06210485266592435,
        0.4708313011983574,
        -0.1372154124320374,
        -0.48882793703123567,
        0.20660731820094677,
        -0.38650824315877724,
        0.405718896726638,
        -0.03921686882928756,
        -0.21831676175989279,
        0.3332618260104292,
        -0.27338450504622314,
        -0.21146774426409293,
        -0.06018919948377803,
        -0.32482161434690576,
        0.03236513389060634,
        0.0007929243636771556,
        0.14428024859435873,
        -0.23385739112974382,
        -0.3865125055041174,
        -0.04960840147358254,
        -0.06177009025468541,
        0.2318576292625338,
        -0.23996212712411252,
        -0.06045054974061473,
        0.3258677337183359,
        0.11390627114758979,
        -0.28846817098025945,
        0.21684522452439933,
        -0.059698393420851946,
        0.15302413747485272,
        -0.25975225203286356,
        0.026444061728155555,
        0.10998219705044497,
        -0.17754559462733238,
        -0.009210037951585186,
        -0.05339695520641885,
        0.12384179082558941,
        -0.04904460721649397,
        -0.024617642741096186,
        -0.03759637060787964,
        -0.24719448102137434,
        0.12928478157787152
    ],
    "checked": "indirect",
    "iteration": 22,
    "noise_sensor_0": [
        0.04512654456334783,
        -0.07559294544773437,
        0.1527341672952522,
        0.012550599346151898,
        0.06156447544425145,
        0.005350092437265899,
        0.01679781760307397,
        -0.07571679838779995,
        0.013742282324200768,
        0.07488034459710372,
        -0.011616262824255796,
        0.03128042248091555,
        0.008966977887573108,
        0.02689964017560388,
        -0.08397708864616839,
        0.03165629794769916,
        0.07020388985068947,
        -0.014921433935620034,
        -0.04512494511854865,
        0.1131132896916669,
        0.016469864189969,
        0.01122349265860099,
        -0.016934088563701637,
        -0.01750236382668046,
        -0.022591858277975524,
        -0.06005783310730385,
        -0.015548496562431614,
        0.10711941328868661,
        -0.009453116222679223,
        -0.0027326801140140178,
        0.013831127392416534,
        0.007664957589286484,
        0.033233843111906636,
        0.023160577524408324,
        0.05966822074889161,
        -0.049428091743721106,
        0.020851928363734253,
        0.08459111869165922,
        -0.058193209876984134,
        0.030209869735813074,
        0.08633062923602712,
        0.00933384275645899,
        -0.10916672658557944,
        0.005767675910035516,
        0.0559052834830388,
        -0.07036932976439172,
        -0.0206237287910482,
        -0.04743902316464513,
        0.03955994737626868,
        -0.033235843156629905,
        0.030543137419912672,
        -0.007090969785987912,
        0.01933947250445232,
        -0.04108501505378607,
        0.039156231614385154,
        0.07443809393275691,
        -0.08567390537603209,
        0.06751901153529472,
        -0.0005847394852374222,
        0.04337832492516661
    ],
    "noise_sensor_1": [
        -0.014313319820739504,
        0.022992015488517002,
        0.054960153608571566,
        -0.00879624795845622,
        0.04630048541899587,
        0.001858957068701989,
        0.01745775456548722,
        0.0846094515685343,
        -0.009991695796744556,
        0.07338392052136626,
        0.009089535122777897,
        -0.0962720914856539,
        0.02833084855190996,
        -0.014457295978587222,
        -0.07107518814973215,
        -0.09698504112607959,
        0.07328201987107134,
        0.12992762668460403,
        -0.031146278316758553,
        -0.04502461321993235,
        -0.019510212733217347,
        -0.015505907863924173,
        -0.02846540853963592,
        -0.05072007895202396,
        0.008492291315238473,
        0.05068865154294418,
        0.10575917618255246,
        0.06499075944016298,
        -0.00972749692737322,
        -0.04229266420349482,
        -0.05793639667011614,
        0.01839379122552188,
        0.04911246603960189,
        -0.10513118002751433,
        0.05865720390565874,
        0.03433970040131239,
        -0.027208763976391027,
        -0.0034016078826049575,
        -0.0474438619874751,
        0.05436107440632997,
        0.0471094270773383,
        -0.04699411531937863,
        0.0710728118822885,
        0.053889555537617956,
        0.06003525574514459,
        0.028917273142720083,
        0.04551100525359261,
        0.005738823725302,
        0.03912314457784775,
        0.0073780562197864235,
        -0.024024755805035443,
        0.04103016751450801,
        -0.01817472560954251,
        0.008058248029185299,
        0.0768002146512917,
        0.0619343648477695,
        -0.022303547243552418,
        -0.0037185953823141104,
        0.08441855986799365,
        0.03911411118332928
    ],