{
    "ParameterSet": [
        0.0,
        0.0,
        0.0,
        0.0,
        0.0,
        0.0,
        0.0,
        0.0,
        0.0,
        0.0,
        0.0,
        0.0,
        0.0,
        0.0,
        0.0,
        0.0,
        0.0,
        0.0,
        0.0,
        0.0,
        0.5044372080402942,
        0.11179573179088269,
        0.22336131133168322,
        0.5238323908959595,
        0.4897837537401469,
        0.23336879209210276,
        0.156900132397411,
        0.2705401047539295,
        0.5045759819857375,
        0.4904423579823461,
        0.2409376907772342,
        0.1710147855545038,
        0.2840915832472842,
        0.5079500341720962,
        0.4593346845127408,
        0.21835216964225468,
        0.1690032511888188,
        0.3258838945822318,
        0.5074750373643965,
        0.2620683981985637,
        -0.04,
        -0.04,
        -0.04,
        -0.04,
        -0.04,
        -0.04,
        -0.04,
        -0.04,
        -0.04,
        -0.04,
        -0.04,
        -0.04,
        -0.04,
        -0.04,
        -0.04,
        -0.04,
        -0.04,
        -0.04,
        -0.04,
        -0.04
    ],
    "SensorParameterSet": [
        -0.09854010138999139,
        0.4750685085061638,
        -0.46759856898402924,
        0.19101620619815926,
        -0.037073564625888254,
        -0.11575446202474352,
        -0.10966436625223631,
        0.0382420614063254,
        -0.021172963180202467,
        0.7829612408584545,
        -0.14955815015209806,
        0.04528387279896558,
        -0.004939050649751764,
        -0.37198878497367943,
        -0.22509522319684191,
        -0.17208802162097428,
        0.4389520047861535,
        0.17968431580741628,
        0.1599625960212645,
        0.3013743757819193,
        0.10820946846258836,
        -0.3679015891808055,
        0.5456249645565002,
        -0.7342565660008364,
        0.38375506286061184,
        -0.3064775772626965,
        -0.3065030526014238,
        -0.06641458833394169,
        0.010656026051750074,
        -0.1362059897322868,
        -0.2932833931937074,
        -0.16945828448178754,
        -0.41296825417578353,
        0.19351582140525642,
        -0.43222306818240114,
        -0.3869609504001076,
        0.025234422645714315,
        0.047355932635155584,
        0.07609763114812074,
        -0.11582149746646248,
        -0.21630308175277663,
        -0.34990045240585216,
        0.166896239572705,
        0.4953326909811575,
        -0.624179823413434,
        -0.0967696386254277,
        0.021312776134735204,
        -0.05661329024114524,
        -0.08376038353833379,
        -0.0804141074615058,
        -0.25245074450966387,
        -0.26577373218718314,
        -0.29083198973569224,
        -0.28450057812146085,
        -0.10050414354636752,
        0.08956896984913232,
        -0.09275318091561023,
        0.17747253968098287,
        -0.4973135208997955,
        0.27711452026878824
    ],
    "checked": "indirect",
    "iteration": 79,
    "noise_sensor_0": [
        -0.06267289551480842,
        -0.006229374119664567,
        0.04142471380987088,
        -0.02181002441595259,
        -0.00809903952367672,
        0.06795354198736553,
        0.044161390020805706,
        0.022395813919102774,
        -0.008504825208503585,
        0.0179744938349931,
        -0.012915753966781265,
        0.043270757690007544,
        -0.025178166583337314,
        0.034973408204103516,
        -0.07941740564670374,
        -0.006323034839853289,
        -0.04040370174090624,
        0.05010443927474698,
        0.005158254209901852,
        -0.007039005535938878,
        -0.006985183863618439,
        -0.010571583644706933,
        -0.009148476883220886,
        -0.0033107559737109034,
        -0.049997930619425375,
        0.006405890905636509,
        0.06894963669708093,
        0.0016488260936264338,
        0.0254225827919585,
        -0.06613713532551631,
        0.05181307230253665,
        0.017595198473825246,
        -0.0341660314987951,
        -0.008317888366220324,
        0.007120699746676252,
        0.019610115144290813,
        0.04440060600438796,
        -0.0802534091572166,
        0.016712793043793618,
        0.01144558450831344,
        0.028927848035125096,
        0.001143016007904325,
        -0.0016521455369903106,
        0.050867288583140435,
        -0.054440381801170314,
        0.011038725256374496,
        0.014231504567361379,
        -0.02437100012234287,
        -0.004143535457066471,
        0.008171270783768121,
        0.02381642251220467,
        -0.024500890257067195,
        0.03598775416975059,
        -0.046170728188241014,
        -0.04278424758959543,
        -0.04499179194946401,
        -0.054633361472726384,
        -0.01907439795049948,
        -0.02657855734331034,
        -0.00906850360142197
    ],
    "noise_sensor_1": [
        -0.015799245543555877,
        0.005224473007452455,
        0.05712300249931131,
        -0.04385323334392984,
        -0.032730713913352145,
        -0.05061728854294098,
        -0.03799067173285376,
        -0.016429291335826424,
        0.1095292952897989,
        -0.043577858686284575,
        0.010471161469139836,
        -0.011925433783567667,
        -0.01591484524778154,
        0.05065506694894362,
        0.02873247868553598,
        0.016284319861537656,
        -0.024939233436365837,
        -0.07543843345521568,
        0.01478433777213153,
        0.0007211618174750745,
        -0.007429597099329219,
        0.007937587216934616,
        -0.06265935157947143,
        0.010742227837771769,
        0.02442359005845183,
        0.03205657897227031,
        0.04337769399219747,
        -0.03848441259816888,
        -0.04467473045587333,
        -0.06335953384943603,
        -0.020354990298101252,
        0.004252647953680498,
        -0.006448585140208775,
        0.02884219039290769,
        0.03591547988264668,
        -0.026502905254493378,
        0.019466716033467734,
        -0.011119224174897776,
        0.030536339905989713,
        0.019941569710871784,
        -0.0073102130248723475,
        0.0052294958096511125,
        -0.01603161170800637,
        -0.04451302286502418,
        -0.006471359381490497,
        0.05487611850798981,
        0.03698874591976282,
        -0.052267038737852566,
        0.036345597698476395,
        0.023918906315664748,
        0.04415783066014264,
        -0.0373513070663057,
        -0.016247378464535552,
        0.0013109556431344187,
        -0.05121651481060708,
        0.00026197766263808095,
        -0.018709888250674024,
        0.016018841344692048,
        -0.039324743596169616,
        -0.0542973891775936
    ],