{
    "ParameterSet": [
        0.0,
        0.0,
        0.0,
        0.0,
        0.0,
        0.0,
        0.0,
        0.0,
        0.0,
        0.0,
        0.0,
        0.0,
        0.0,
        0.0,
        0.0,
        0.0,
        0.0,
        0.0,
        0.0,
        0.0,
        0.5044372080402942,
        0.11179573179088269,
        0.22336131133168322,
        0.5238323908959595,
        0.4897837537401469,
        0.23336879209210276,
        0.156900132397411,
        0.2705401047539295,
        0.5045759819857375,
        0.4904423579823461,
        0.2409376907772342,
        0.1710147855545038,
        0.2840915832472842,
        0.5079500341720962,
        0.4593346845127408,
        0.21835216964225468,
        0.1690032511888188,
        0.3258838945822318,
        0.5074750373643965,
        0.2620683981985637,
        -0.04,
        -0.04,
        -0.04,
        -0.04,
        -0.04,
        -0.04,
        -0.04,
        -0.04,
        -0.04,
        -0.04,
        -0.04,
        -0.04,
        -0.04,
        -0.04,
        -0.04,
        -0.04,
        -0.04,
        -0.04,
        -0.04,
        -0.04
    ],
    "SensorParameterSet": [
        -0.2403524729238347,
        0.40755539377598754,
        -0.5397468435747098,
        0.23691202654859464,
        -0.007568306481165668,
        -0.1503505951658009,
        -0.14447755246940916,
        0.05309928492723367,
        0.14246193917085517,
        0.724285842572943,
        -0.11866854770920834,
        -0.03334384260281165,
        0.11798212945963743,
        -0.33824244376941254,
        -0.3167255663364576,
        -0.1681241229616855,
        0.443652479465223,
        0.0841432993067382,
        0.2278371088959504,
        0.3821336690934884,
        0.15181421380375681,
        -0.3483718131506961,
        0.4955238159273442,
        -0.8035501345646782,
        0.4879960838630154,
        -0.21246374139193724,
        -0.19361720227040552,
        -0.14972148891184844,
        -0.1056785518252984,
        -0.007616324726958745,
        -0.20846074600946707,
        -0.0933682559951223,
        -0.4671645012655741,
        0.254607812955433,
        -0.3764581208286906,
        -0.51852935721517,
        0.10929068017846946,
        -0.042392343801305556,
        0.05391249873847641,
        0.10668360960581547,
        -0.403100980096902,
        -0.2847747792568719,
        0.24468469265402984,
        0.44153642894651857,
        -0.7249140773894908,
        0.0812191743018692,
        0.07329441308242877,
        0.006008115611348049,
        -0.05858038679162071,
        0.02096771155680416,
        -0.17146077688014638,
        -0.14001658659067967,
        -0.3041648830428889,
        -0.2708560935478021,
        -0.190358921335645,
        0.1719627229996006,
        -0.13411539463608038,
        0.13432833564729918,
        -0.6553026771440045,
        0.09912719514645349
    ],
    "checked": "indirect",
    "iteration": 92,
    "noise_sensor_0": [
        -0.030573622295059884,
        0.05295213854327509,
        0.011934910115605211,
        -0.08065846503217787,
        0.0024425834881790375,
        0.025929564910732714,
        -0.0019286261834846484,
        -0.029112064043050168,
        0.033235852908668095,
        -0.018956806700308356,
        -0.029855947328320108,
        0.04757454762483224,
        0.021798197888887337,
        0.011569360447013686,
        0.00995860257504009,
        0.009840954395694594,
        0.09222435500850987,
        -0.07090897381220572,
        0.008154286060887209,
        0.006330056918015388,
        -0.07444481198933647,
        -0.017831876837250626,
        0.017507331542530768,
        0.042692323554773974,
        0.017968238576833502,
        -0.051110359095521876,
        0.007626505588833072,
        0.03809217225420187,
        0.10968932283627686,
        -0.01244439741455303,
        0.09089833191544062,
        -0.0159499709052574,
        -0.01092091867324917,
        -0.05087839272383964,
        -0.01833784592557704,
        -0.010665119815667095,
        -0.025813295787408406,
        0.014776146846972728,
        -0.007787512532905657,
        0.02242424726065389,
        0.03046799503079174,
        0.04921680674646833,
        0.01654056200418184,
        -0.014041009574338174,
        0.03137804031606541,
        0.022181262440928592,
        -0.03382287222732577,
        0.01309075481157136,
        -0.03939694842688585,
        0.00592632180696166,
        -0.0893102802806583,
        -0.011693683694596009,
        0.014688873391636546,
        -0.016639871011168754,
        -0.04463542297636774,
        -0.0003279913944166415,
        -0.007429839475018342,
        -0.007531291212604189,
        0.03443907278748667,
        -0.009984975456375734
    ],
    "noise_sensor_1": [
        -0.03248134322349115,
        -0.000153692256939121,
        -0.04294734419317424,
        0.011747051105661393,
        -0.03919441050590378,
        0.003771035135364907,
        -0.011107886244716396,
        -0.07091181536848096,
        0.032069195190978374,
        -0.04886897748216144,
        0.0659776788963647,
        0.013522128663285601,
        -0.036610414618271477,
        0.015649106683571196,
        -0.005604474789323521,
        0.0646195654385171,
        0.06154298556034334,
        -0.012321676304370213,
        0.016423578963268532,
        0.04737186089977448,
        0.020682449330532912,
        0.030506540177420185,
        -0.0075927583479514105,
        0.018684897623491854,
        -0.03253608200731955,
        -0.017435178301320717,
        0.01594463788035672,
        -0.036976597784783315,
        0.009976388596463782,
        -0.009064852485367232,
        0.02954615163687597,
        0.004996703357294382,
        0.011102861429235675,
        -0.00893062020287045,
        0.0005685429855134388,
        0.0006058747939118881,
        0.009118916557868206,
        -0.008962303087069056,
        -0.03543827069157718,
        -0.004591124782245469,
        0.00015720727239241315,
        -0.03275727487682408,
        -0.01640852790154177,
        0.008613850809290018,
        -0.01878566528105976,
        0.009276081050227357,
        -0.02523654232782575,
        0.00824295334999085,
        -0.011171167670052202,
        -0.007607694485909151,
        -0.04305857128390643,
        0.019901412615248623,
        0.01594764895395206,
        0.006041931769467382,
        0.016384657565758614,
        -0.006971838047804314,
        0.07836054855777533,
        -0.009591222425289887,
        0.06429762982583544,
        0.006687332139105522
    ],