{
    "ParameterSet": [
        0.0,
        0.0,
        0.0,
        0.0,
        0.0,
        0.0,
        0.0,
        0.0,
        0.0,
        0.0,
        0.0,
        0.0,
        0.0,
        0.0,
        0.0,
        0.0,
        0.0,
        0.0,
        0.0,
        0.0,
        0.5044372080402942,
        0.11179573179088269,
        0.22336131133168322,
        0.5238323908959595,
        0.4897837537401469,
        0.23336879209210276,
        0.156900132397411,
        0.2705401047539295,
        0.5045759819857375,
        0.4904423579823461,
        0.2409376907772342,
        0.1710147855545038,
        0.2840915832472842,
        0.5079500341720962,
        0.4593346845127408,
        0.21835216964225468,
        0.1690032511888188,
        0.3258838945822318,
        0.5074750373643965,
        0.2620683981985637,
        -0.04,
        -0.04,
        -0.04,
        -0.04,
        -0.04,
        -0.04,
        -0.04,
        -0.04,
        -0.04,
        -0.04,
        -0.04,
        -0.04,
        -0.04,
        -0.04,
        -0.04,
        -0.04,
        -0.04,
        -0.04,
        -0.04,
        -0.04
    ],
    "SensorParameterSet": [
        -0.10938592103174317,
        0.5440715024245558,
        -0.44197522350217505,
        0.17146229076323252,
        0.055185983210366635,
        -0.07451163011585639,
        -0.03435284080056887,
        0.03958752469630193,
        0.014724400380033245,
        0.6755423136349953,
        -0.09779604162992125,
        0.1119040692720201,
        0.016303881978843828,
        -0.3118160737121919,
        -0.12527705302932077,
        -0.3177718127665285,
        0.3566831043499661,
        0.3358014497002528,
        0.05608186492323165,
        0.34896595470819625,
        -0.057407173474870704,
        -0.49817383835184104,
        0.5559825542698013,
        -0.8620071825747685,
        0.4007795137452532,
        -0.2902333819561177,
        -0.41009931064117117,
        0.023813157013768405,
        -0.006090754481835011,
        -0.1136682812500923,
        -0.2689052448706928,
        -0.2784796382093476,
        -0.3359650070408831,
        0.2055693459059973,
        -0.3816235849479312,
        -0.445622341037303,
        0.059912964441054505,
        0.003986261478478227,
        0.1250669621484267,
        -0.11330778819608829,
        -0.19210555054071077,
        -0.27495035399788137,
        0.21289476803096816,
        0.45760492105579165,
        -0.5637658623579158,
        -0.15193556887867007,
        -0.010183544103787285,
        -0.026689413403530364,
        -0.05447221641039351,
        -0.030066110089389118,
        -0.31770759540743526,
        -0.11759521454796357,
        -0.11428168240670625,
        -0.25253726797834647,
        -0.2625811678226608,
        0.07932482331869861,
        -0.24540253750273916,
        0.07189593724569036,
        -0.4245049319173203,
        0.22224575906946525
    ],
    "checked": "indirect",
    "iteration": 73,
    "noise_sensor_0": [
        0.05700650313111213,
        0.05616248789760639,
        0.026399816495424812,
        0.017539774648699453,
        -0.007847368519230423,
        -0.010487875111222426,
        -0.03217825714205663,
        -0.0425037964870173,
        0.02611212072532824,
        0.022131735486125174,
        0.02555043133244097,
        0.01324159356360359,
        0.0167667800951819,
        -0.005397796948826227,
        0.04181309833455838,
        -0.11816634338057198,
        0.06427806518212065,
        -0.025248501095669024,
        -0.07731305157220307,
        -0.045027531717294206,
        0.026523522800637116,
        0.036452423434305145,
        0.041560995000379866,
        -0.01192565849471136,
        -0.03397107431373681,
        0.0635121308589182,
        0.0010710102751426839,
        0.025156497760674496,
        -0.06812484612925052,
        -0.028988455681677794,
        -0.02184006719095622,
        -0.06578771443287328,
        0.030872746097202954,
        -0.08695053356393789,
        0.06731927167445623,
        -0.058112018312349877,
        0.014473658860593184,
        0.020925317534579716,
        0.06714801651016189,
        0.04924990197783978,
        0.09688181216331238,
        0.058597863796893745,
        0.037340239460356174,
        0.006083719846706343,
        -0.04960313120208965,
        -0.10266478886737951,
        0.02188517739822284,
        -0.05812549017487356,
        0.04832261778885052,
        0.03853106765152954,
        0.03905353733979585,
        -7.840902728548642e-06,
        -0.03049399373440783,
        0.010318582402686075,
        -0.019040138678485537,
        0.007137085629952119,
        -0.03971417482469732,
        0.007596651450923644,
        -0.041801840860691566,
        -0.10921570830603664
    ],
    "noise_sensor_1": [
        -0.028657539723344932,
        0.023930502945340378,
        0.02129300047753503,
        0.042484014435373814,
        -0.13500290911862345,
        -0.013722620377498301,
        -0.021522573911579725,
        0.06367925350120691,
        -0.02581137045134062,
        0.05955473893289744,
        -0.02677574515643051,
        -0.03349807676272808,
        -0.05248432922863283,
        0.03599691323454979,
        -0.034331684563495314,
        0.030512618045868054,
        0.0255083886311268,
        -0.0263416823024421,
        0.0960561522648085,
        -0.03125557770352896,
        -0.0019742724573130273,
        -0.022273566669041064,
        -0.05895990938954619,
        0.07308605763575278,
        0.008930603061571587,
        0.055679025868831174,
        -0.030497364645142647,
        0.015284708612169745,
        -0.021144578569860063,
        -0.000479503798521948,
        -0.024303741291707436,
        0.018914759511220614,
        0.0003058258331265694,
        -0.001526493893096421,
        -0.010610412414352021,
        0.07945454346929261,
        -0.05731947956907131,
        0.06096171448488327,
        0.03185397775039568,
        -0.025342609904143117,
        0.07116216253497944,
        -0.049728036295475266,
        0.02085676320933074,
        0.01569406440589622,
        0.07044553020026065,
        -0.01115281700017229,
        0.058961274069826035,
        -0.01670831491047023,
        -0.06135107678827266,
        0.051785038900610966,
        0.059820310938015965,
        -0.02363446076779941,
        -0.06153710224016062,
        -0.006483712319302543,
        0.06931163109638504,
        -0.028670666710227794,
        -0.04757793941520037,
        -0.024189374960820718,
        0.030779575817784746,
        0.05894421900076826
    ],