{
    "ParameterSet": [
        0.0,
        0.0,
        0.0,
        0.0,
        0.0,
        0.0,
        0.0,
        0.0,
        0.0,
        0.0,
        0.0,
        0.0,
        0.0,
        0.0,
        0.0,
        0.0,
        0.0,
        0.0,
        0.0,
        0.0,
        0.5044372080402942,
        0.11179573179088269,
        0.22336131133168322,
        0.5238323908959595,
        0.4897837537401469,
        0.23336879209210276,
        0.156900132397411,
        0.2705401047539295,
        0.5045759819857375,
        0.4904423579823461,
        0.2409376907772342,
        0.1710147855545038,
        0.2840915832472842,
        0.5079500341720962,
        0.4593346845127408,
        0.21835216964225468,
        0.1690032511888188,
        0.3258838945822318,
        0.5074750373643965,
        0.2620683981985637,
        -0.04,
        -0.04,
        -0.04,
        -0.04,
        -0.04,
        -0.04,
        -0.04,
        -0.04,
        -0.04,
        -0.04,
        -0.04,
        -0.04,
        -0.04,
        -0.04,
        -0.04,
        -0.04,
        -0.04,
        -0.04,
        -0.04,
        -0.04
    ],
    "SensorParameterSet": [
        -0.13694978254383214,
        0.44593893833670156,
        -0.10298837027414613,
        0.09312485664874082,
        0.03404211219507002,
        -0.09516418570028864,
        0.010376946436973655,
        -0.07774334394660634,
        0.08975620626759413,
        0.31239229417323633,
        -0.055608696148937146,
        0.09658645437801693,
        0.14191422670001186,
        -0.21440231052943073,
        -0.2338693413210721,
        -0.3263970566402602,
        0.12232839125310262,
        0.25091710452138677,
        -0.19965549354676826,
        0.38074782170786176,
        -0.21302303068068928,
        -0.4068202614387273,
        0.3235537287974717,
        -0.5224807937148753,
        0.5753540897648399,
        -0.38053169115201313,
        -0.15722544465623547,
        0.2213715846223405,
        -0.19774192824098832,
        -0.019261592249817855,
        -0.20328277087116106,
        -0.2811928505631126,
        -0.04026428277405092,
        -0.041219503157315325,
        -0.0868501836305457,
        -0.25070143113969867,
        -0.25768128363995796,
        -0.0620006842424547,
        0.0824995516181826,
        -0.12287896173383354,
        -0.48211930714334766,
        -0.08621188750121246,
        0.5010780866107433,
        0.21647446275657067,
        -0.3412520796710161,
        0.04663278119034162,
        0.07409704204917639,
        0.16467760522580785,
        -0.20029742549623242,
        -0.0843734262166746,
        -0.058203204231181895,
        -0.16756002882474033,
        -0.29557940028212565,
        -0.24261627149418488,
        -0.265126728813266,
        -0.0222304292506049,
        -0.21673754656240518,
        -0.007166034768605429,
        -0.4373298719016748,
        0.14783670012224195
    ],
    "checked": "indirect",
    "iteration": 41,
    "noise_sensor_0": [
        -0.0192767014795915,
        0.055625231244709625,
        -0.06237295520702632,
        -0.013184377058797585,
        0.06476183149110018,
        0.0018105948328347222,
        -0.10130122754230785,
        -0.05439246188438821,
        -0.004412211462293447,
        0.036695378850055714,
        -0.008027871223847158,
        -0.028381738413842183,
        -0.00022183368052530449,
        0.036494736521066,
        -0.03647117800018908,
        0.015635178607229724,
        0.018721550462217632,
        0.05870751828724305,
        -0.14685895522037948,
        -0.021629132929721292,
        0.024340908186797353,
        0.010933592467062325,
        -0.08461298175167785,
        -0.030643862700524317,
        0.01341317805453852,
        0.08333425835470387,
        0.06560797858613353,
        0.09498757543444467,
        -0.09597460821540407,
        -0.07258692267432033,
        0.05805579992528231,
        -0.05320510130662739,
        -0.15034850588775645,
        -0.002808171939790664,
        0.016256841768369782,
        0.0578966020047148,
        -0.08362275205668784,
        0.03709456642569325,
        -0.019010733492603137,
        -0.042047961837859214,
        0.054584470009276284,
        -0.06762783568461642,
        0.026386571893200445,
        0.026692367475095957,
        -0.03965904752015924,
        -0.006829369096634204,
        0.07856093842418273,
        -0.03328970193617712,
        0.020084631378012165,
        -0.04315947842509646,
        -0.09297493559400308,
        0.07082976517271329,
        0.01304452984114559,
        0.005146969879973653,
        -0.09090007098713819,
        -0.0286016464253302,
        0.013995833117326278,
        -0.05939239324354247,
        0.04984404988147246,
        -0.027371639641279304
    ],
    "noise_sensor_1": [
        0.0602773993077156,
        -0.04667599241852724,
        0.023316454839968633,
        -0.08319932772270086,
        -0.07307806574725695,
        0.008248968941296647,
        0.0633918798932464,
        0.00728542239032631,
        -0.0032350868640303922,
        -0.015499243451321448,
        0.05967205666173452,
        0.030014916371820317,
        0.08135231646286789,
        0.05449122904599349,
        0.0536440411482511,
        -0.05901357810030206,
        -0.028627751226333185,
        0.05874496820684114,
        0.051840294033938306,
        0.01751303361711079,
        0.04135910062315995,
        -0.010891278501393537,
        0.046197819368622814,
        -0.03478707034321106,
        -0.0703588513017326,
        -0.021713495014317633,
        -0.036280498464599645,
        -0.09121281912143785,
        -0.035508197579023425,
        0.007477057431979405,
        0.011729092707533978,
        -0.014490157033851533,
        0.07147627893476953,
        -0.0226060349534624,
        0.05535072607963098,
        -0.04750688638175493,
        -0.0011579064683851724,
        -0.01150217137978665,
        -0.01540037183484076,
        -0.015214411941789241,
        -0.026994261865472477,
        -0.02254355072784776,
        0.06387727282868638,
        -0.06387829203345953,
        -0.057820707647987926,
        0.07754126296679681,
        0.04428569895294149,
        0.03520090871959482,
        -0.04589726121402245,
        -0.05974210235639239,
        0.02672713751017452,
        -0.026592015900492663,
        0.04883099145415044,
        -0.04148633609239692,
        -0.02226664979668672,
        -0.11156912150485303,
        0.018659101672562857,
        0.10102151012362186,
        -0.040826197611270196,
        -0.02253856589902884
    ],