{
    "ParameterSet": [
        0.0,
        0.0,
        0.0,
        0.0,
        0.0,
        0.0,
        0.0,
        0.0,
        0.0,
        0.0,
        0.0,
        0.0,
        0.0,
        0.0,
        0.0,
        0.0,
        0.0,
        0.0,
        0.0,
        0.0,
        0.5044372080402942,
        0.11179573179088269,
        0.22336131133168322,
        0.5238323908959595,
        0.4897837537401469,
        0.23336879209210276,
        0.156900132397411,
        0.2705401047539295,
        0.5045759819857375,
        0.4904423579823461,
        0.2409376907772342,
        0.1710147855545038,
        0.2840915832472842,
        0.5079500341720962,
        0.4593346845127408,
        0.21835216964225468,
        0.1690032511888188,
        0.3258838945822318,
        0.5074750373643965,
        0.2620683981985637,
        -0.04,
        -0.04,
        -0.04,
        -0.04,
        -0.04,
        -0.04,
        -0.04,
        -0.04,
        -0.04,
        -0.04,
        -0.04,
        -0.04,
        -0.04,
        -0.04,
        -0.04,
        -0.04,
        -0.04,
        -0.04,
        -0.04,
        -0.04
    ],
    "SensorParameterSet": [
        -0.10922645460526852,
        0.06573696157421254,
        -0.024829224681223356,
        0.20941895047172548,
        0.16597519470283403,
        0.06011694692260691,
        -0.009845521737449701,
        -0.14529894289166165,
        -0.0128439855439146,
        -0.19353237660393988,
        0.15842297113415743,
        -0.01553341350819314,
        0.09436767140544641,
        -0.23600906079319564,
        0.05521564911843151,
        -0.19050323009472758,
        -0.14093417179894563,
        0.13439808116066101,
        -0.002279287088524338,
        0.38719496886178234,
        -0.03925030393690738,
        -0.4455167877623683,
        0.14783803127853823,
        -0.503033648823225,
        0.3518520400616393,
        -0.019475125338960772,
        -0.16042096237541023,
        0.23723302064924937,
        -0.18852076263953715,
        -0.17571544285258497,
        0.010884953572296836,
        -0.2848443705412751,
        -0.13822454366858042,
        0.11432677260471551,
        0.18894888710708263,
        -0.2289671870760804,
        -0.3343444772947764,
        -0.12287015045484864,
        -0.06786133142104281,
        0.2532650108555415,
        -0.23204787735464844,
        -0.09584379469854731,
        0.40552294567105407,
        0.10975864702424115,
        -0.3206245326727652,
        0.13063568404182013,
        -0.14302891172864213,
        0.04437029428591989,
        -0.27764423201724453,
        0.07520130700139402,
        0.1601000275302586,
        -0.2514362115290055,
        0.0013936795920817897,
        0.006311341466160122,
        -0.03511814249572671,
        -0.12981572204789363,
        -0.09509091056577185,
        0.15484229681523992,
        -0.18199836924447296,
        -0.017788299831988777
    ],
    "checked": "indirect",
    "iteration": 16,
    "noise_sensor_0": [
        -0.06515856423897685,
        -0.04568513239732866,
        0.013790515972712926,
        0.010822767551123528,
        0.05554811810186905,
        -0.049480132114286535,
        -0.037409297186649745,
        -0.03170303469535899,
        -0.036130352717776086,
        0.04927363861546149,
        0.04743955006085604,
        0.07409653456151079,
        -0.055081479218197386,
        -0.004427388346383481,
        -0.061461067164183585,
        -0.06630289711750917,
        -0.038526292222757004,
        -0.0066710959985571625,
        -0.05201537906160281,
        0.006207181093849328,
        0.0059507946598975235,
        0.009571188153324597,
        0.010097193455842493,
        -0.05326058437442391,
        -0.04012600410680034,
        0.11775888121114506,
        0.008275295143195874,
        0.013621577393124041,
        -0.02228538255485969,
        -0.0039029677117358177,
        -0.010336126701902705,
        0.010553133715265164,
        -0.09425918555129503,
        0.019147432083319475,
        -0.007157849513700188,
        0.01658499508167632,
        0.016109790876338174,
        -0.02651862047966938,
        0.016041544133108133,
        0.02302484900387931,
        -0.0381347316037944,
        0.14950105036633815,
        -0.03283710384750164,
        -0.013867013153355678,
        0.004350289944940747,
        0.07830970836925924,
        -0.015670498085440646,
        0.016457488364523723,
        -0.09903136689116726,
        -0.006209751288593561,
        -0.02743075997604015,
        0.03692564546024225,
        0.01156409002650868,
        -0.032107799123925015,
        0.06383569253198354,
        0.061873651583986174,
        -0.03264881986374746,
        -0.0444712790510426,
        0.10435801042487858,
        0.1271182932682928
    ],
    "noise_sensor_1": [
        -0.045638966608026126,
        0.059690462568572744,
        -0.0015373994577688468,
        -0.06932718014668782,
        0.00634237069929607,
        -0.01643470163924206,
        -0.027928477181685528,
        -0.011025302265691104,
        0.010658962419386783,
        -0.023586656009092044,
        0.007816192487017742,
        -0.10351758326755105,
        -0.11485642372233652,
        -0.001646880785473934,
        -0.052803008617264516,
        -0.05467525284594854,
        -0.026705827547187682,
        0.08673250151308241,
        0.029205167324024634,
        -0.0035653352398635654,
        0.034546607952497636,
        0.002416958152161929,
        -0.004514146113037438,
        -0.10240994964235695,
        0.06371625342288117,
        0.01183944455054079,
        -0.15838115768322125,
        -0.017675830542739634,
        -0.03704648139382506,
        -0.06208203216349463,
        -0.029575270929002136,
        -0.009157530502860568,
        0.010086188522050907,
        0.06103208933422148,
        0.010351356399359071,
        0.018763883971819523,
        0.08991334970966383,
        -0.07188222593191984,
        -0.07419511289753579,
        0.010213353605621627,
        -0.04551434459823237,
        0.0658924110311181,
        -0.03981102208683091,
        -0.012612053836688359,
        0.004922501653840548,
        0.01063673674471933,
        0.011585891899950584,
        -0.005394650355291611,
        -0.08600258761101545,
        0.06296950082666479,
        0.07976733172767272,
        -0.018354137381375174,
        0.01107588296434023,
        0.05059791404183996,
        0.03164068967577805,
        -0.07304482970680845,
        0.09949538665479003,
        -0.08880186953015454,
        0.03060906401394422,
        -0.024362339688966804
    ],