{
    "ParameterSet": [
        0.0,
        0.0,
        0.0,
        0.0,
        0.0,
        0.0,
        0.0,
        0.0,
        0.0,
        0.0,
        0.0,
        0.0,
        0.0,
        0.0,
        0.0,
        0.0,
        0.0,
        0.0,
        0.0,
        0.0,
        0.5044372080402942,
        0.11179573179088269,
        0.22336131133168322,
        0.5238323908959595,
        0.4897837537401469,
        0.23336879209210276,
        0.156900132397411,
        0.2705401047539295,
        0.5045759819857375,
        0.4904423579823461,
        0.2409376907772342,
        0.1710147855545038,
        0.2840915832472842,
        0.5079500341720962,
        0.4593346845127408,
        0.21835216964225468,
        0.1690032511888188,
        0.3258838945822318,
        0.5074750373643965,
        0.2620683981985637,
        -0.04,
        -0.04,
        -0.04,
        -0.04,
        -0.04,
        -0.04,
        -0.04,
        -0.04,
        -0.04,
        -0.04,
        -0.04,
        -0.04,
        -0.04,
        -0.04,
        -0.04,
        -0.04,
        -0.04,
        -0.04,
        -0.04,
        -0.04
    ],
    "SensorParameterSet": [
        -0.5212020048649249,
        -0.017655421183955928,
        0.5643905280422491,
        -0.383719140426739,
        -0.36614402817929476,
        0.06260984438715707,
        0.05061945194018226,
        -0.14112934183727108,
        0.14447532543991512,
        -0.0072003278835845175,
        0.36405197863599875,
        -0.724000267881568,
        -0.06595685851122567,
        -0.025740131700034277,
        0.5790269580952458,
        0.9123262701243445,
        0.06672207816511273,
        0.5636314162931865,
        0.013211576702059653,
        -0.04700750175244582,
        0.39204658689374194,
        -0.17160360092046928,
        -0.36747413894687014,
        -0.1281689796940583,
        -0.623917171962383,
        -0.38435460734974414,
        0.33598646762380885,
        -0.10022511772561699,
        -0.7203287578166979,
        -0.9059908776817984,
        -0.6618378526467177,
        0.0843252430160594,
        -0.6537192645729569,
        -0.5475745307383048,
        -1.4638577341983987,
        -0.6819769607048946,
        -0.08942673336962927,
        -0.2956730577261163,
        -0.06061930911090102,
        0.06029229814350111,
        -0.663082234102989,
        -0.2348013073025565,
        -0.7096351821389751,
        1.1084446785874822,
        0.05827141485679205,
        0.26403303814517487,
        -0.35669667904183405,
        -0.35379561382470986,
        -0.5855391149262926,
        0.37740198334238356,
        0.16755412199462424,
        -0.43055311207650493,
        -0.26336689339598585,
        -0.7935044279223636,
        0.5101284878084045,
        0.00790865273466522,
        -0.43005832045397296,
        0.21137554924030658,
        -0.4777110585906723,
        0.006272453017812303
    ],
    "checked": "indirect",
    "iteration": 36,
    "noise_sensor_0": [
        -0.08233699050426606,
        0.00892167184971695,
        0.009170556304231513,
        -0.033163676377899416,
        0.09488545009535962,
        0.23513649298470046,
        -0.10982305436770279,
        0.06146776354170506,
        -0.033753780676766335,
        -0.06530822684194615,
        0.03215864988541344,
        0.09078381836534277,
        -0.049726521406072574,
        -0.031072827222430408,
        0.01770041748367269,
        -0.12517520421453487,
        0.06325566939017346,
        -0.07020243088634319,
        -0.11084209797489257,
        0.043033241957183097,
        0.03415061329083644,
        -0.01778885862615302,
        -0.02193817048999751,
        -0.05072117100239359,
        -0.05245552749528233,
        0.0012913309174358307,
        0.04911139640749374,
        0.07002944787640376,
        -0.0709123230379982,
        0.0583036707981317,
        0.043659263186981954,
        0.07571166808249433,
        -0.0293086418614553,
        0.13062302623510585,
        0.06566087350672883,
        0.010633692649050858,
        0.1068812373320048,
        -0.03792176376221916,
        -0.0936495395093713,
        0.09153400327797667,
        0.047699937672286155,
        0.03572087487182765,
        -0.11916631090939009,
        -0.0042258206183173165,
        0.055735626444323186,
        -0.01802923003640459,
        -0.00713253225564364,
        -0.10949239166575721,
        -0.1484674606178951,
        0.017598049709337937,
        -0.008938769373199037,
        -0.07785553776640765,
        0.025972526140213836,
        0.13837383435576842,
        -0.046084576097210825,
        -0.06348884650944944,
        0.03522822401847849,
        -0.1056205947681747,
        0.039537599081814256,
        -0.14137896128371638
    ],
    "noise_sensor_1": [
        0.04375515144733288,
        0.003715398186320687,
        -0.007712415349136874,
        -0.05096582120240928,
        0.04034657387375551,
        -0.05999032643319509,
        0.07904843394505084,
        -0.05328764268265704,
        0.017428767995275502,
        -0.016203405907170284,
        -0.005867629655660103,
        -0.08495239030775434,
        0.1287247114629695,
        0.03877547840670275,
        -0.003146387606280122,
        0.14548297484028191,
        0.0014503861936383138,
        -0.02138508794632848,
        0.01607628025421624,
        -0.047849680048056,
        0.025695623573199187,
        0.08401368373486039,
        -0.10723846607122368,
        -0.13743447567822928,
        0.0941003776795951,
        -0.014667825493665635,
        -0.058201777401520494,
        -0.1455803115763233,
        0.013335538522404109,
        0.09059199997943426,
        0.14908193147650686,
        -0.12237105723122674,
        -0.033971667132312484,
        -0.09538259765198048,
        0.020106637328016607,
        0.1206393900283741,
        -0.011985401726497216,
        0.22606497155304806,
        0.126457941919049,
        0.04181724248901683,
        -0.08917071346139566,
        -0.009813356400879658,
        -0.13986252143459757,
        0.15526990464560342,
        -0.06275349363779016,
        0.01965599276077969,
        0.16942768732025187,
        -0.09499902430936136,
        0.15550091228492063,
        -0.060753756964596645,
        -0.1366872407234755,
        -0.015583213444456246,
        -0.07483264118182567,
        -0.031558643964860446,
        -0.001425560748085275,
        -0.05583087703705144,
        0.024113676251588705,
        -0.07242431866991948,
        -0.003430061102017656,
        0.005160098382908823
    ],