{
    "ParameterSet": [
        0.0,
        0.0,
        0.0,
        0.0,
        0.0,
        0.0,
        0.0,
        0.0,
        0.0,
        0.0,
        0.0,
        0.0,
        0.0,
        0.0,
        0.0,
        0.0,
        0.0,
        0.0,
        0.0,
        0.0,
        0.5044372080402942,
        0.11179573179088269,
        0.22336131133168322,
        0.5238323908959595,
        0.4897837537401469,
        0.23336879209210276,
        0.156900132397411,
        0.2705401047539295,
        0.5045759819857375,
        0.4904423579823461,
        0.2409376907772342,
        0.1710147855545038,
        0.2840915832472842,
        0.5079500341720962,
        0.4593346845127408,
        0.21835216964225468,
        0.1690032511888188,
        0.3258838945822318,
        0.5074750373643965,
        0.2620683981985637,
        -0.04,
        -0.04,
        -0.04,
        -0.04,
        -0.04,
        -0.04,
        -0.04,
        -0.04,
        -0.04,
        -0.04,
        -0.04,
        -0.04,
        -0.04,
        -0.04,
        -0.04,
        -0.04,
        -0.04,
        -0.04,
        -0.04,
        -0.04
    ],
    "SensorParameterSet": [
        -0.18603369424088187,
        -0.2569350106968776,
        0.5271918971258117,
        -0.3809857796013227,
        -0.29332518144051495,
        -0.05011006091001119,
        0.29241120065195086,
        -0.5575795969363181,
        -0.1481026754218908,
        1.1494623717634427,
        0.5662841832758941,
        -0.6833066607170386,
        -0.08775394256162714,
        0.43172372303156603,
        -0.5349120841162089,
        0.6370555304356581,
        0.6036310987511063,
        0.6731974305727942,
        0.10515533249254332,
        -0.6372567273834855,
        0.4212937021579394,
        -0.07089428295505586,
        -0.1361565995724656,
        -0.4487380053536299,
        -0.6725431799797432,
        -0.32444349806666267,
        0.4358225528638815,
        -0.26327352765070894,
        -1.48467563863548,
        -0.9147904275549881,
        -0.9936272551463686,
        -0.46744900487588414,
        -1.1653912380464744,
        -0.7522054823335308,
        -1.5504693367870654,
        -0.1745360300319461,
        0.1031073451614653,
        -0.5586802572959436,
        0.19387828284769532,
        0.7006772520816452,
        -0.6564684268731619,
        -0.29086357391128476,
        -0.9396483371366455,
        1.3112485589892304,
        -0.0029923333387955027,
        0.19547464326257982,
        0.05171394805252365,
        -0.9525486410838537,
        -1.2365447842270845,
        0.39374622776876833,
        -0.08446806478029546,
        -0.6997868744330057,
        -0.04799340717555101,
        -0.8953588195885747,
        0.8368983287448006,
        -0.027064542157646924,
        -0.39274646453555656,
        -0.019113068386385837,
        -0.5402062888757243,
        0.13218618149382386
    ],
    "checked": "indirect",
    "iteration": 75,
    "noise_sensor_0": [
        0.06700910737944099,
        -0.027960384863007386,
        0.07076648808375029,
        -0.012625378576896966,
        0.08305922970085766,
        -0.06694446445185964,
        -0.02131634305380658,
        -0.11173532008150815,
        0.013685186589999019,
        0.017676171299336595,
        0.0006782556237199419,
        -0.05264846504785383,
        0.010889440012178973,
        -0.027242496848765972,
        0.03244331512472801,
        -0.025946949875997723,
        0.09290006039703501,
        -0.015633825025350222,
        -0.07202917721855336,
        -0.01000595359708191,
        -0.007592920792967729,
        0.029333937527866987,
        -0.005019562234110114,
        -0.05956674309104907,
        -0.03106568771542714,
        -0.048428117561107084,
        0.08129895088073465,
        0.19134968970005897,
        0.00028228871979295674,
        -0.07859331360969843,
        -0.07036214642378086,
        -0.11114924421567458,
        0.010473150338889873,
        0.03579563002063927,
        -0.10056990423942759,
        -0.054766527702913334,
        0.12975431716327832,
        -0.03319650491590901,
        0.03913009261065272,
        -0.03395792236581033,
        -0.0060516348149277765,
        0.022604629196458524,
        0.0371109413122275,
        -0.11087835590701041,
        0.046721194051306966,
        0.049176715545979736,
        -0.0716184629402472,
        -0.03542730931363873,
        0.04209024019119235,
        0.05607881063142281,
        -0.04720241971934133,
        0.022531390042585555,
        -0.021907144322076234,
        0.05560107723894802,
        0.13705524484149476,
        -0.028205826267393472,
        -0.06715809035430453,
        0.00752994272476331,
        0.006956861327364785,
        0.07810490423688658
    ],
    "noise_sensor_1": [
        0.07994581380440313,
        -0.05433351178547111,
        0.018556591092875864,
        0.01780137077330577,
        -0.06986662250687638,
        -0.08430463429985374,
        -0.044773170574366875,
        0.05960850083834181,
        -0.09513508645264587,
        -0.0707807089323625,
        -0.05422535728150938,
        -0.08998298570773938,
        0.008938295720275755,
        0.01620797685894587,
        -0.005325602088760704,
        0.10420323807114099,
        -0.10744832499989414,
        -0.03627898173913887,
        -0.02037778243529618,
        0.02350254092222889,
        0.005313409313784934,
        0.05623633072617406,
        -0.0032015118663401426,
        0.0635934646846409,
        0.0005784339392013191,
        0.043582019312844444,
        -0.009532866648359967,
        -0.03846040554757444,
        -0.029518441468185462,
        0.0031180483019033283,
        -0.021565401265416045,
        -0.11168896428940063,
        0.07309630656813873,
        -0.01655108892518,
        -0.004683030110378432,
        0.039981122576966004,
        0.010474070140895736,
        0.01907979380731334,
        0.09894968518749905,
        0.02474858174060351,
        -0.04830075564409932,
        0.028108932605829445,
        -0.08287266820428608,
        0.09727622918982202,
        0.042016962359691074,
        -0.10290446980547861,
        -0.055703691751325786,
        -0.029924242037979595,
        0.04163541804188942,
        0.009416201298110884,
        0.009167114653371052,
        -0.0005091431504292222,
        -0.0921857381118714,
        0.03681308693602431,
        0.08631840668962701,
        -0.024182746261196552,
        0.011069033086459987,
        -0.09636149563741084,
        0.08949127737486255,
        -0.03373439783211094
    ],