{
    "ParameterSet": [
        0.0,
        0.0,
        0.0,
        0.0,
        0.0,
        0.0,
        0.0,
        0.0,
        0.0,
        0.0,
        0.0,
        0.0,
        0.0,
        0.0,
        0.0,
        0.0,
        0.0,
        0.0,
        0.0,
        0.0,
        0.5044372080402942,
        0.11179573179088269,
        0.22336131133168322,
        0.5238323908959595,
        0.4897837537401469,
        0.23336879209210276,
        0.156900132397411,
        0.2705401047539295,
        0.5045759819857375,
        0.4904423579823461,
        0.2409376907772342,
        0.1710147855545038,
        0.2840915832472842,
        0.5079500341720962,
        0.4593346845127408,
        0.21835216964225468,
        0.1690032511888188,
        0.3258838945822318,
        0.5074750373643965,
        0.2620683981985637,
        -0.04,
        -0.04,
        -0.04,
        -0.04,
        -0.04,
        -0.04,
        -0.04,
        -0.04,
        -0.04,
        -0.04,
        -0.04,
        -0.04,
        -0.04,
        -0.04,
        -0.04,
        -0.04,
        -0.04,
        -0.04,
        -0.04,
        -0.04
    ],
    "SensorParameterSet": [
        -0.21207393969170935,
        -0.5234921189511672,
        0.28883051426041967,
        -0.7124262808252373,
        -0.45084570280212766,
        0.48796199342160385,
        0.6398104615131188,
        -0.8320825069270071,
        -0.37952400071917713,
        1.5626661924625087,
        0.5917499386301862,
        -0.6051999843508505,
        -0.08851757076059112,
        0.36021732901906106,
        -0.4884955000934427,
        0.45766058351143735,
        0.7802927230088345,
        0.4404866358948172,
        -0.2496567340336111,
        -0.8653699887730094,
        0.37341993074711094,
        0.08067398951465313,
        -0.248606194666296,
        -0.46475566763076304,
        -0.7363484647140287,
        -0.7422314690480465,
        0.22306588543200567,
        -0.3290075634789354,
        -1.9257443405653563,
        -1.0062685210754612,
        -1.2308958476814669,
        -0.6006836983764532,
        -1.4847009973464038,
        -0.40025668815336995,
        -1.5768661125184997,
        -0.10679091172889463,
        0.02748257086129916,
        -0.33819179336534083,
        0.1934729568969546,
        0.41377534923501014,
        -0.5972569738359721,
        -0.4941222641668963,
        -0.9046585446303543,
        1.1340407498643517,
        0.06748572588550177,
        0.13790733974906264,
        -0.09910768325113983,
        -1.2374776664601104,
        -1.6705733939332719,
        0.3884391123678211,
        -0.1540036462075916,
        -0.7709174328861342,
        0.049102955491241586,
        -0.9958754059560417,
        1.1659733482310988,
        -0.46335892794754485,
        -0.5310663543283008,
        -0.04304551245560041,
        -0.4459718348559435,
        -0.1024033635602377
    ],
    "checked": "indirect",
    "iteration": 97,
    "noise_sensor_0": [
        0.07076755194910193,
        -0.01774874948245254,
        0.14527578877903852,
        0.041340010747578856,
        0.11761674865261511,
        -0.10449530611981277,
        -0.07722908905936283,
        -0.04603277624785836,
        -0.08122892374625348,
        0.03365365763624109,
        0.1350089406414103,
        -0.04533835685114238,
        -0.13035398836645645,
        -0.10108920413838388,
        0.017399033508610846,
        -0.0888388691866217,
        0.03444091141165677,
        0.006985404439554005,
        0.01723549036066394,
        0.05713413842358239,
        0.05631596260124172,
        0.029594703979818688,
        -0.04487222293364701,
        -0.03694142344240403,
        0.08859883159543912,
        -0.04225106833055633,
        -0.04492249283239952,
        0.03783540322592086,
        0.012339445589454991,
        -0.023569549470275605,
        0.03985478000499316,
        0.008888796426298112,
        -0.02648873311957231,
        0.021321913147430017,
        -0.030903685420458658,
        0.0445885771168418,
        -0.1440896274257801,
        -0.06728424909285363,
        0.02505643457953333,
        -0.0018966455536550408,
        -0.057973836032673136,
        -0.08416871367031675,
        0.07468067296353328,
        0.032804725481595826,
        -0.05558151176620859,
        0.13443929386115333,
        -0.030474872425723942,
        -0.09275769965505959,
        -0.01358144409911854,
        -0.0673795150714588,
        -0.03857141956486465,
        0.06729782080065679,
        -0.047623412904374635,
        -0.14414555989958194,
        -0.08136015844237024,
        0.04647805093098408,
        0.006908966249893077,
        0.02786047759230247,
        -0.05019039861157946,
        -0.04007763062158796
    ],
    "noise_sensor_1": [
        0.06707439317192952,
        0.031096286042463287,
        0.1253710275083034,
        -0.09279207900478414,
        -0.009503893285815329,
        0.05829176129977414,
        0.040256497422103306,
        0.005457982785603891,
        -0.04191672300607821,
        -0.09723880535488875,
        -0.050073531414705316,
        0.0044122782858494105,
        -0.019677069884668125,
        0.002331635706231865,
        -0.0590101316289102,
        -0.04787937575051492,
        -0.17059908301851978,
        0.04654584682894782,
        0.011154194587363683,
        0.018190443262535223,
        -0.02420122363570168,
        -0.055141339789470646,
        0.009338353210429721,
        -0.06208834783776085,
        -0.12348738510429791,
        -0.0010963284613569766,
        0.07382669920632359,
        -0.02476952938881491,
        -0.07473771672599426,
        0.013430701226792572,
        -0.0817774698936494,
        -0.11466147748877487,
        0.06378920695831249,
        0.01912363910624063,
        -0.004047538795330099,
        0.048900052843935414,
        -0.006292963822402039,
        0.03232779739436518,
        -0.04979184560577157,
        -0.08964705762061544,
        -0.013780563068548954,
        -0.0028670167021151317,
        0.01763880751970568,
        0.03624559072534054,
        0.04173055290884803,
        0.0075680748985475724,
        0.05916733675657889,
        -0.009757693100500382,
        0.023031901356744697,
        -0.004536788051112059,
        -0.027893552134275662,
        0.1164972423424955,
        -0.037728898447399975,
        0.09464845729378611,
        -0.005344338919686785,
        -0.0845705098398817,
        -0.008415351253683494,
        0.07220194675958612,
        0.0009385417915906023,
        -0.05186666136155694
    ],