{
    "ParameterSet": [
        0.0,
        0.0,
        0.0,
        0.0,
        0.0,
        0.0,
        0.0,
        0.0,
        0.0,
        0.0,
        0.0,
        0.0,
        0.0,
        0.0,
        0.0,
        0.0,
        0.0,
        0.0,
        0.0,
        0.0,
        0.5044372080402942,
        0.11179573179088269,
        0.22336131133168322,
        0.5238323908959595,
        0.4897837537401469,
        0.23336879209210276,
        0.156900132397411,
        0.2705401047539295,
        0.5045759819857375,
        0.4904423579823461,
        0.2409376907772342,
        0.1710147855545038,
        0.2840915832472842,
        0.5079500341720962,
        0.4593346845127408,
        0.21835216964225468,
        0.1690032511888188,
        0.3258838945822318,
        0.5074750373643965,
        0.2620683981985637,
        -0.04,
        -0.04,
        -0.04,
        -0.04,
        -0.04,
        -0.04,
        -0.04,
        -0.04,
        -0.04,
        -0.04,
        -0.04,
        -0.04,
        -0.04,
        -0.04,
        -0.04,
        -0.04,
        -0.04,
        -0.04,
        -0.04,
        -0.04
    ],
    "SensorParameterSet": [
        -0.4771183193483467,
        0.04696068212052273,
        0.5122178460685249,
        -0.4125748507077269,
        -0.5353457718647269,
        -0.048123222597300556,
        0.4757073027163172,
        -0.028944163235600208,
        -0.06796236220657877,
        0.5034154805057397,
        0.6496667587510503,
        -0.9379302664108434,
        -0.06466439546957625,
        -0.1049751027800025,
        0.04972627286253991,
        0.8205318024403228,
        0.23710514086266485,
        0.7007002839785023,
        0.10480064065672828,
        -0.3162867710214286,
        0.6349681911992504,
        -0.32886090752077013,
        -0.4222767117629036,
        -0.29960557726553594,
        -0.4995131978731694,
        -0.06254024178653794,
        0.4560291021764137,
        -0.3589402375818564,
        -1.2828824750603989,
        -0.7172643213985829,
        -0.7365658128900979,
        -0.031209068555325327,
        -0.6774556509645165,
        -0.4506224818387117,
        -1.338336950798614,
        -0.6553852331642847,
        0.3098589129010976,
        -0.3757801157848421,
        0.07838509473772724,
        -0.04722121652260713,
        -0.6145816406320281,
        -0.30042496110974753,
        -0.8537784324151805,
        1.487690154955645,
        0.19135334961981057,
        0.20585909292593227,
        0.08531428075193936,
        -0.6796086517379325,
        -0.828185201624502,
        0.17430851092809996,
        0.15828546715006428,
        -0.6297766317554417,
        -0.24031369639215658,
        -0.8428965294328672,
        0.7652398558043328,
        -0.09630132941967472,
        -0.5912098665328044,
        0.42423113269326007,
        -0.3285618287661183,
        -0.1344288176947333
    ],
    "checked": "indirect",
    "iteration": 51,
    "noise_sensor_0": [
        0.15741628864264756,
        0.027752468377133924,
        0.08338498320306525,
        -0.01911678870196526,
        0.013487958955461706,
        -0.06334286782870999,
        -0.06624564836215555,
        0.019803717316284435,
        -0.009456751971963545,
        -0.0490239733850449,
        0.0580205441340984,
        0.01898742342976597,
        0.02767814449136021,
        -0.11019894562984879,
        0.0017295600178871807,
        -0.08371911213702546,
        -0.10054715763529253,
        0.09229881799625887,
        0.021685159895103553,
        -0.05179994920277554,
        -0.08901796661227569,
        0.13673144551844502,
        -0.03800581156195191,
        -0.03935677985730841,
        -0.02276816607225963,
        -0.10784620640267192,
        -0.06791736360140012,
        0.17603195240869782,
        0.1713643106170469,
        -0.17467253309969955,
        0.013136866657830001,
        -0.055065163142117145,
        -0.022708154672802287,
        0.07116533207552134,
        -0.01907098601667177,
        0.12117597524174885,
        -0.035778798411846065,
        -0.03983837977788133,
        -0.12020104677514547,
        0.15214304908233217,
        -0.08288866253614208,
        -0.1604054042205058,
        -0.05040114779824666,
        0.12317087690633746,
        0.12093407388972881,
        -0.03402388897138361,
        0.1074665121069741,
        -0.10597552581795318,
        -0.08451436381401237,
        0.04612080892579048,
        -0.16458551606828536,
        -0.14130154981868,
        0.007802363587604154,
        -0.006293966016991062,
        0.03605481583732414,
        0.05710167504167298,
        0.006074425320305542,
        -0.05636337528156686,
        -0.013429073993841582,
        -0.1456462719923855
    ],
    "noise_sensor_1": [
        0.09921008120227473,
        -0.05803912654912898,
        -0.050084947461018395,
        0.023453744110647403,
        -0.012451512443421752,
        0.13034269156061895,
        -0.10635556987808895,
        0.0639922940526451,
        0.07032904691035603,
        -0.0008307483022690707,
        0.12060301810634347,
        -0.04345492830381185,
        0.0024741009903673883,
        -0.11199911449680813,
        -0.021494724666068315,
        -0.07751312667997241,
        -0.07828321941895566,
        -0.007696549786119961,
        -0.058738800690636014,
        0.07238734896209677,
        -0.006797769442349286,
        -0.052590251167314334,
        0.04012809889369284,
        0.044842711838525874,
        -0.10939161304769468,
        0.09813976099941311,
        0.022753183139783213,
        0.05711627780952718,
        0.013239552495640013,
        -0.013899237503678878,
        0.034901903807380445,
        -0.020569358563865145,
        -0.1386613371014615,
        0.018941680611357134,
        -0.1515355493216431,
        0.12427174993518841,
        0.024323907926708892,
        -0.025505729543561808,
        -0.11797087333211385,
        -0.046489483846284145,
        0.06231789572536519,
        0.01835006792618061,
        -0.10095474753883814,
        -0.0007305267969697188,
        -0.06508049280947928,
        -0.04019404515934934,
        0.07757024530418694,
        -0.030063629630537356,
        -0.18966478657899755,
        -0.08351634535467808,
        -0.10326495195088617,
        0.12210100732730614,
        0.07845696713425185,
        -0.0745778338700584,
        -0.010921148438663639,
        -0.08835997182170419,
        -0.08615845790633092,
        -0.0220123224300251,
        0.12208626530104587,
        0.027202283921476573
    ],