{
    "ParameterSet": [
        0.0,
        0.0,
        0.0,
        0.0,
        0.0,
        0.0,
        0.0,
        0.0,
        0.0,
        0.0,
        0.0,
        0.0,
        0.0,
        0.0,
        0.0,
        0.0,
        0.0,
        0.0,
        0.0,
        0.0,
        0.5044372080402942,
        0.11179573179088269,
        0.22336131133168322,
        0.5238323908959595,
        0.4897837537401469,
        0.23336879209210276,
        0.156900132397411,
        0.2705401047539295,
        0.5045759819857375,
        0.4904423579823461,
        0.2409376907772342,
        0.1710147855545038,
        0.2840915832472842,
        0.5079500341720962,
        0.4593346845127408,
        0.21835216964225468,
        0.1690032511888188,
        0.3258838945822318,
        0.5074750373643965,
        0.2620683981985637,
        -0.04,
        -0.04,
        -0.04,
        -0.04,
        -0.04,
        -0.04,
        -0.04,
        -0.04,
        -0.04,
        -0.04,
        -0.04,
        -0.04,
        -0.04,
        -0.04,
        -0.04,
        -0.04,
        -0.04,
        -0.04,
        -0.04,
        -0.04
    ],
    "SensorParameterSet": [
        -0.10931323958677613,
        -0.5391546505335149,
        0.5858826701613621,
        -0.5708040999353825,
        -0.2105792004432452,
        0.05013001846370552,
        0.4127212431534919,
        -0.8334358980470208,
        -0.2612271353954673,
        1.5316924433776107,
        0.4641605731862016,
        -0.5456841170054256,
        -0.05749430367493043,
        0.2888173725862343,
        -0.424366365393272,
        0.5624763383268062,
        0.6250399416217333,
        0.30236296695994597,
        -0.010174322248023157,
        -0.8716474290095219,
        0.5061663254272697,
        0.1290344451336011,
        -0.2199692921334135,
        -0.48464652599490093,
        -0.7564647883522108,
        -0.6595602108511269,
        0.3206803697371284,
        -0.2692782990391782,
        -1.8037674941961783,
        -0.8031565375145474,
        -1.2051480454469543,
        -0.438090679821597,
        -1.1601533865116755,
        -0.6598396238117481,
        -1.5011670953729992,
        -0.2850523851072783,
        0.09234188787500297,
        -0.5094131394733719,
        0.3677898119645217,
        0.4932497150038926,
        -0.40246363350786574,
        -0.38492050761656305,
        -0.7463691572255403,
        1.3119155161032439,
        -0.19916604833471935,
        0.1655324033359001,
        0.1299405311658609,
        -1.3665285869008021,
        -1.4505664017754931,
        0.38503569586391,
        -0.09583158839736,
        -0.5056255993132915,
        -0.16371959300399125,
        -0.775174674794414,
        0.9381563533209207,
        -0.2715937970022398,
        -0.4634202712394808,
        -0.024073326375119147,
        -0.5320511887831971,
        0.019972810779181636
    ],
    "checked": "indirect",
    "iteration": 85,
    "noise_sensor_0": [
        0.01913723761669104,
        -0.08623983471523644,
        -0.02321777830456629,
        0.01643008104846387,
        0.12934664329184012,
        0.016110504367060317,
        0.05128981197974928,
        -0.05199781189231787,
        -0.06516379696660672,
        -0.053430928550703576,
        -0.0034577708657202878,
        0.03559049674028296,
        -0.06846106127599785,
        -0.0006248051653101475,
        -0.02232274392080557,
        0.1298675883713313,
        -0.0005925019262802037,
        0.031051595876712343,
        -0.06103767747189943,
        0.1008231567207951,
        0.0685828664186291,
        -0.12483685605264573,
        -0.00516420811006199,
        -0.022647168687743722,
        -0.012897773988204988,
        -0.10369233806231176,
        -0.03095184124213301,
        -0.061852789144847285,
        0.04979923663672863,
        0.045667977920348164,
        -0.07255322048181613,
        -0.03072326401310259,
        -0.07448833666730865,
        -0.053929953684753125,
        0.009863329331436172,
        -0.06834185981084147,
        -0.10672658208896733,
        -0.02173864080235602,
        -0.091295469044753,
        -0.09056682028637755,
        0.04481456724535291,
        -0.13442897839864837,
        0.03525449292360735,
        -0.08355048440673395,
        -0.18023679107478474,
        0.022765982655165724,
        -0.04567146695334673,
        -0.09538927964233357,
        0.01996905804361846,
        -0.032942101426453894,
        0.04558830664242456,
        -0.09332993330675707,
        -0.01007246828438356,
        -0.039664281706589,
        -0.01410984911679183,
        -0.010777486081126142,
        -0.01885151806436393,
        -0.04526868319036924,
        -0.010918250018821194,
        0.06214013144797698
    ],
    "noise_sensor_1": [
        0.09242211615141635,
        0.002640738821051339,
        0.002508051063752974,
        0.017054332216952763,
        0.061729406145913455,
        0.08289713343494406,
        0.018576786999258486,
        0.08165030831780469,
        0.09374592399415266,
        0.01979638632018886,
        0.0026980289702848706,
        0.06205747402450977,
        -0.01348868281535103,
        -0.008580785034708584,
        -0.0026156282967553794,
        0.011603643482638152,
        -0.0250971866540471,
        -0.02402545834487839,
        -0.056138540058070736,
        -0.06844317968418226,
        -0.01953743687641842,
        0.07438817131871783,
        0.09176399521357467,
        -0.129161259876803,
        0.01420106394957785,
        0.08563395014631364,
        -0.037576629369208484,
        -0.004800957667237879,
        -0.05640654786797584,
        -0.04726529443822872,
        -0.0346245699907637,
        -0.017734669847453328,
        -0.127314437410817,
        0.1199640904695897,
        0.054031041608426776,
        0.006525819287217926,
        0.014705707732658536,
        0.10146457709368346,
        0.07742279643485873,
        0.03040967935958729,
        0.0010383607213044128,
        -0.11361895436652496,
        -0.06559558906811222,
        -0.015312928558788111,
        -0.07547470529501588,
        0.053009023550305324,
        -0.06397128920836499,
        -0.01594093435279087,
        -0.04163809867105445,
        0.013380657245967353,
        0.09306766549742694,
        -0.014510518397444855,
        0.08967487761667293,
        0.022510261413282284,
        -0.0023531846385584894,
        -0.07755917253678321,
        -0.05132375391905622,
        0.09529073562113859,
        0.009721445980394693,
        -0.04108712709751189
    ],