{
    "ParameterSet": [
        0.0,
        0.0,
        0.0,
        0.0,
        0.0,
        0.0,
        0.0,
        0.0,
        0.0,
        0.0,
        0.0,
        0.0,
        0.0,
        0.0,
        0.0,
        0.0,
        0.0,
        0.0,
        0.0,
        0.0,
        0.5044372080402942,
        0.11179573179088269,
        0.22336131133168322,
        0.5238323908959595,
        0.4897837537401469,
        0.23336879209210276,
        0.156900132397411,
        0.2705401047539295,
        0.5045759819857375,
        0.4904423579823461,
        0.2409376907772342,
        0.1710147855545038,
        0.2840915832472842,
        0.5079500341720962,
        0.4593346845127408,
        0.21835216964225468,
        0.1690032511888188,
        0.3258838945822318,
        0.5074750373643965,
        0.2620683981985637,
        -0.04,
        -0.04,
        -0.04,
        -0.04,
        -0.04,
        -0.04,
        -0.04,
        -0.04,
        -0.04,
        -0.04,
        -0.04,
        -0.04,
        -0.04,
        -0.04,
        -0.04,
        -0.04,
        -0.04,
        -0.04,
        -0.04,
        -0.04
    ],
    "SensorParameterSet": [
        0.04077461810302486,
        -0.10286288443304506,
        -0.09987589842070368,
        -0.05961909960640404,
        -0.09604914040053476,
        -0.04353095555728041,
        0.08495489908077883,
        0.06559135132266064,
        0.0008763309405560448,
        -0.05034505729209414,
        -0.045751865427855545,
        -0.06129323230086233,
        -0.08317717767723933,
        -0.017183447426746157,
        -0.0807354640040896,
        -0.18825949882406337,
        -0.22796212593388282,
        0.07991553766135825,
        -0.014860039915496196,
        -0.048125787412500384,
        -0.04403852089317781,
        0.10248321419302778,
        -0.11396036739599888,
        -0.029704124869108093,
        -0.30363992862304146,
        -0.31974054644959393,
        -0.12433961174924527,
        0.22040703780770018,
        -0.15670927384551311,
        -0.011669811254698355,
        0.10208831803194683,
        -0.032375346929133804,
        0.030707666664998242,
        0.021201939621164553,
        0.01260144546939708,
        0.3802693814274513,
        0.11232800318877373,
        0.0007600987840679755,
        0.005831095410763636,
        0.10221084804851584,
        0.04736695303252145,
        0.20980225657121596,
        0.2901456191496912,
        -0.1572770297607939,
        0.11251289484097214,
        -0.0736782070876041,
        0.09484530627264935,
        -0.0215811458034155,
        0.12921866970920695,
        0.06877581682079413,
        -0.08392320807251016,
        -0.09988500169889826,
        -0.11904508851447847,
        0.11467514503390006,
        -0.05159574003738182,
        0.0689317082914035,
        -0.1688573026393525,
        0.18559969143332206,
        0.0700990073873133,
        0.1316776591361523
    ],
    "checked": "indirect",
    "iteration": 86,
    "noise_sensor_0": [
        0.0048997838312950515,
        -0.00024264225438202366,
        -0.016715909883738247,
        0.01532389901184054,
        -0.02553443047524034,
        0.002668571780050371,
        0.009552713277639926,
        0.016202641483954165,
        -0.0027563251328392097,
        -0.01254201765430322,
        0.010142194595139644,
        0.0009079982071275131,
        -0.00045417336020584106,
        0.005361721707749366,
        -0.015282016137660524,
        -0.014028499475957308,
        0.01545160833742732,
        0.03000099128642673,
        0.008570294166188536,
        0.012397529884782977,
        -0.011121833055142473,
        0.017593732194183944,
        -0.0161865472698645,
        -0.009509854435443443,
        -0.03571779742175297,
        0.0066442753309110475,
        0.008292102152863287,
        -0.006869014884125203,
        -0.025531369789124535,
        0.0188363453376184,
        -0.0020182112480014664,
        0.005502605567217246,
        0.0015238469912432495,
        4.6831608133586084e-05,
        -0.012951684433751533,
        0.014884474328881767,
        0.009385906800571744,
        -0.0030918583275306743,
        0.004370168417904961,
        -0.004155821632079803,
        0.024756339880509615,
        -0.005242840213380001,
        0.00045198880988189257,
        -0.0075633955907544225,
        -3.033819694368945e-06,
        -0.011911120282037824,
        -0.016899936952094546,
        0.019401569816611647,
        -0.010092722063635607,
        -0.0011701502162363945,
        0.012996081450647219,
        0.029492230901493666,
        0.0030140035229931053,
        0.0013385372484865923,
        -0.01333244650514638,
        0.0027494363788104176,
        0.015770633676383813,
        0.014131455265485395,
        -0.009500885689812052,
        -0.0015694671808270002
    ],
    "noise_sensor_1": [
        0.029219170789313565,
        0.0025598828932363055,
        0.008054019888689139,
        0.0007055478815086106,
        -0.01697348405183314,
        -0.017490883669016057,
        -0.027394732634208354,
        0.02763416282074912,
        -0.006202700341012791,
        0.011911846263791945,
        0.017670961965526897,
        0.03055162338544788,
        0.017245458178609046,
        0.005404629084142133,
        -0.010750920471670774,
        0.006421118259077112,
        0.0255963003012888,
        0.0072426306080200535,
        -0.0034762964284115578,
        0.01843577544603025,
        -0.0017835147168269651,
        0.03342655102387892,
        0.002573429291822727,
        0.01571603261497994,
        -0.01390508713930726,
        0.024056711253047088,
        -0.005214407190197201,
        0.0009910114213317717,
        0.0025428039076184536,
        0.020675013120977633,
        0.008371203467669671,
        -0.016570180004559478,
        -0.007390824329895963,
        -0.014526714370879065,
        -0.03755038636785029,
        0.002623886133851057,
        0.00432957276063765,
        -0.02699990274487597,
        0.01435471677806725,
        0.004301610155932143,
        0.0010605425761491647,
        0.002099510836980165,
        -0.0008578590970455006,
        0.009582403001806373,
        0.0037151345738398,
        0.0066309825616269105,
        -0.002320720690813151,
        -0.004459130510078554,
        0.00553864559053016,
        -0.0025467314459840067,
        -0.00031405286904881695,
        -0.008957978196971151,
        -0.01870026829490061,
        0.00912157451275593,
        0.005439132363268851,
        -0.00432873167880653,
        -0.012316828727703413,
        0.020913833153463943,
        -0.0035731673119105043,
        -0.011195801292507447
    ],