{
    "ParameterSet": [
        0.0,
        0.0,
        0.0,
        0.0,
        0.0,
        0.0,
        0.0,
        0.0,
        0.0,
        0.0,
        0.0,
        0.0,
        0.0,
        0.0,
        0.0,
        0.0,
        0.0,
        0.0,
        0.0,
        0.0,
        0.5044372080402942,
        0.11179573179088269,
        0.22336131133168322,
        0.5238323908959595,
        0.4897837537401469,
        0.23336879209210276,
        0.156900132397411,
        0.2705401047539295,
        0.5045759819857375,
        0.4904423579823461,
        0.2409376907772342,
        0.1710147855545038,
        0.2840915832472842,
        0.5079500341720962,
        0.4593346845127408,
        0.21835216964225468,
        0.1690032511888188,
        0.3258838945822318,
        0.5074750373643965,
        0.2620683981985637,
        -0.04,
        -0.04,
        -0.04,
        -0.04,
        -0.04,
        -0.04,
        -0.04,
        -0.04,
        -0.04,
        -0.04,
        -0.04,
        -0.04,
        -0.04,
        -0.04,
        -0.04,
        -0.04,
        -0.04,
        -0.04,
        -0.04,
        -0.04
    ],
    "SensorParameterSet": [
        0.03657688081524303,
        -0.08823323958794291,
        -0.1123786363117399,
        -0.06278481522335382,
        -0.07913931318946417,
        -0.04054997505663186,
        0.09007969392305086,
        0.06128695449060197,
        0.016281144028173468,
        -0.05354774069897624,
        -0.03921740504171864,
        -0.05612581946751948,
        -0.09527783008587756,
        -0.040674910719511605,
        -0.0740375178090181,
        -0.19446438923143214,
        -0.2293211320366436,
        0.07938995824457433,
        0.006804741772823329,
        -0.06672051275535675,
        -0.050365862954702925,
        0.08290818245974041,
        -0.1020919035021916,
        -0.021979351899879082,
        -0.31894493804150775,
        -0.33041704798066396,
        -0.11686676807641161,
        0.20151212113680939,
        -0.14636228284584965,
        -0.012715786424405993,
        0.0894158156715387,
        -0.022733864972903948,
        0.023757787096826986,
        0.02794853285474019,
        0.008517835783077207,
        0.3754835433625946,
        0.11999147545018887,
        -0.007562545117496951,
        -0.009225019736006776,
        0.0872926718408537,
        0.034584255202480846,
        0.20951249760615456,
        0.27448347371442416,
        -0.14360496246089519,
        0.09422427309619576,
        -0.09703258646108262,
        0.10843439868543779,
        -0.0324356417834351,
        0.12148798863252204,
        0.07461796301341707,
        -0.09012678734113243,
        -0.10489162467168134,
        -0.1075148393945725,
        0.12855131681584253,
        -0.06619606306503263,
        0.06501076145125441,
        -0.15858705970118486,
        0.18772528958981652,
        0.03779051609375421,
        0.10318757614948783
    ],
    "checked": "indirect",
    "iteration": 84,
    "noise_sensor_0": [
        0.0025024172718102434,
        -0.015363476173346822,
        -0.009257119276788047,
        -0.007240879393140626,
        0.0008513266337385659,
        0.015425771012032762,
        0.014989024988053148,
        0.007700520579246746,
        -0.01688927583954848,
        0.011973588052994776,
        -0.0018248233258504987,
        0.00512498085264173,
        -0.0026728796636670475,
        0.00484440019101609,
        0.00031036935321740347,
        0.013867906966928639,
        -0.017501818513520034,
        -0.019482940123598965,
        0.0043997886743048975,
        -0.036394409054945745,
        0.0007718864961872644,
        0.01915187890975758,
        0.019063750016705686,
        -0.03340027159319548,
        0.015622240628740494,
        0.00964276712149313,
        0.021771028976806446,
        -0.008069796385189905,
        -0.02642285813838,
        -0.010846462631531743,
        0.0005121602972555202,
        -0.007735362620285327,
        -0.01052377368089952,
        0.017524108822206095,
        0.009929945414401063,
        0.005885399118094902,
        -0.0033957287767749007,
        -0.019423508596368523,
        -0.003582265252158565,
        -0.025358908213676656,
        -0.0003017024560817516,
        -0.013488476049346896,
        -0.0014642529446728138,
        0.004052542733380489,
        0.027476692019255775,
        -2.353141330317858e-05,
        0.015360432734052106,
        0.0007916286076350995,
        -0.012533474941139346,
        0.005100058101039131,
        0.009232275775143782,
        0.01462978596544375,
        -0.009735168826129617,
        -0.013527249108699837,
        -0.003997662158295916,
        0.007262949292443662,
        -0.009924594739913986,
        -0.0079228190112686,
        0.0007938906458204432,
        -0.010749116012729583
    ],
    "noise_sensor_1": [
        0.021327999234060965,
        0.005071289778695472,
        -0.007780411092619253,
        0.012714750544368714,
        0.0042566061307408145,
        -0.016058857842696367,
        0.004209089822014208,
        -0.026776525496751923,
        -0.014590902475006377,
        -0.005062412458161545,
        0.005927517893561686,
        0.010780009921742972,
        -0.009035352416288134,
        -0.002218115377240045,
        0.007687522459684386,
        -0.003860778063450002,
        0.004691480210584858,
        -0.004203170831411169,
        -0.02138493574030245,
        -0.010800189917362703,
        0.01479420802731341,
        0.008783275667152519,
        -0.03254238188523389,
        -0.0073760897850957095,
        0.007132927957703081,
        -0.0009006788677799616,
        0.04248235398392524,
        0.020180677020193896,
        -0.006397276806874502,
        0.002397388894333237,
        0.011739226941206625,
        -0.023164836365700835,
        -0.009498652265725861,
        -0.011522815477816918,
        0.01507051673139717,
        0.003674356924407018,
        -0.008258571905746904,
        0.012915920878091658,
        -0.009872917616032664,
        0.019057353840614858,
        0.008069016875232529,
        0.023561559111550633,
        0.00984613064469273,
        0.0049523274747148216,
        -0.003920369816425563,
        0.0001702803093416389,
        -0.014455339382125867,
        -0.01263686940035596,
        -0.007827912442966737,
        0.0038191805667307185,
        0.005702771455523582,
        0.015935282993539537,
        0.0008239992191346531,
        -0.006225626488020565,
        0.025555552611947245,
        0.026001488097585713,
        -0.03774926276483489,
        -0.005314966125575787,
        -0.006053248959572662,
        0.0037586260602056752
    ],