{
    "ParameterSet": [
        0.0,
        0.0,
        0.0,
        0.0,
        0.0,
        0.0,
        0.0,
        0.0,
        0.0,
        0.0,
        0.0,
        0.0,
        0.0,
        0.0,
        0.0,
        0.0,
        0.0,
        0.0,
        0.0,
        0.0,
        0.5044372080402942,
        0.11179573179088269,
        0.22336131133168322,
        0.5238323908959595,
        0.4897837537401469,
        0.23336879209210276,
        0.156900132397411,
        0.2705401047539295,
        0.5045759819857375,
        0.4904423579823461,
        0.2409376907772342,
        0.1710147855545038,
        0.2840915832472842,
        0.5079500341720962,
        0.4593346845127408,
        0.21835216964225468,
        0.1690032511888188,
        0.3258838945822318,
        0.5074750373643965,
        0.2620683981985637,
        -0.04,
        -0.04,
        -0.04,
        -0.04,
        -0.04,
        -0.04,
        -0.04,
        -0.04,
        -0.04,
        -0.04,
        -0.04,
        -0.04,
        -0.04,
        -0.04,
        -0.04,
        -0.04,
        -0.04,
        -0.04,
        -0.04,
        -0.04
    ],
    "SensorParameterSet": [
        0.025359158975950143,
        0.16066836475882257,
        -0.012528267621518194,
        -0.0008327631638030159,
        -0.025319800924789422,
        0.11396328495299463,
        0.02033709806809358,
        0.09351307833684566,
        -0.016035266522348185,
        -0.003572888878142575,
        -0.11371970878347802,
        -0.006336278317767284,
        0.0037785537253926522,
        -0.06008350475505711,
        0.02457350146029318,
        0.040256990998206184,
        -0.05934776420025117,
        0.10790382773163867,
        -0.02584792628035048,
        0.021477371755283574,
        -0.023347749883474576,
        -0.04754412901270243,
        -0.044696255072042036,
        -0.039587640409141395,
        -0.1387832172885449,
        -0.14772492524965714,
        -0.004962894694264712,
        0.10100269752826056,
        -0.115326204363433,
        0.15016895163304078,
        0.15797769975075165,
        0.03198684085910866,
        -0.008137778216579242,
        -0.018727381978411537,
        -0.02087630409427213,
        0.15771046914018771,
        -0.018406710624259567,
        0.028616652766045254,
        0.04264517989272087,
        0.07718025503234584,
        0.1164559035446901,
        0.055847830900280705,
        0.11821813044261908,
        -0.07989932916595023,
        0.0429937053774214,
        -0.002686945807106964,
        0.05746479856573876,
        0.038143749185457494,
        0.07698635181700118,
        0.04127067471157259,
        0.05843089314561771,
        -0.12204846297067945,
        -0.017599947789051808,
        -0.02928298142532298,
        0.01970205238307638,
        0.025069640691086827,
        -0.09721125333414803,
        0.03913087265142022,
        0.01283789837405556,
        0.06659845215630464
    ],
    "checked": "indirect",
    "iteration": 18,
    "noise_sensor_0": [
        -0.022093464201460612,
        -0.017555514910911407,
        0.017930519660956518,
        -0.015005567386549994,
        0.004649730405412577,
        -0.009760338071075519,
        0.0263336844718764,
        0.014244784307687226,
        -0.0009291604405177983,
        0.009037409831765772,
        -0.04261931254419574,
        0.014693068796895942,
        -0.0012899492850124254,
        -0.0016770299972718255,
        -0.03431657957873747,
        -0.00797506121951829,
        -0.008952435612873642,
        0.0133035087978827,
        0.036981830569875154,
        0.035377329926133294,
        -0.011720186359870802,
        -0.012234364815952026,
        -0.02106611408817371,
        -0.0018480626984492894,
        -0.04659412139224067,
        -0.013515546960597508,
        0.02053674802610591,
        0.014694699921536259,
        -0.006631674972231069,
        -0.009725629700062844,
        -0.007298088474220075,
        -0.02104654294679555,
        -0.011334136477860007,
        -0.003451924941420752,
        -0.021246387816031616,
        0.008253860053021873,
        0.004777640451332084,
        0.03746844255964309,
        0.003200367271187292,
        0.01934156713371133,
        0.009004082009475004,
        0.01075355541899778,
        -0.022105040551128895,
        0.008155903569028495,
        0.002344431603309567,
        0.021891034741089714,
        -0.018939063615212137,
        0.016963066012069254,
        0.012679242646388618,
        -0.018903264701583634,
        -0.004683271029681267,
        -0.05002636529832863,
        0.01736450915457772,
        -0.023307922161807416,
        -0.004783831416683506,
        0.004007558391456949,
        0.0067755293575862624,
        -0.012620572223902832,
        -0.002281177098752645,
        0.0006894704579428768
    ],
    "noise_sensor_1": [
        -0.015619137499055451,
        0.005190279729130616,
        0.004022780501526771,
        0.03263239152184083,
        -0.05076460850665418,
        0.012329252649137317,
        0.004358363774172058,
        0.011862342076845974,
        0.026907051768721803,
        -0.017754722784910294,
        -0.013244707189235639,
        -0.001109753382290729,
        -0.027197351995167176,
        0.004668088027217368,
        -0.0032473140358441214,
        0.011424310627256889,
        -0.02440989543888633,
        -0.005692881816299703,
        0.02595115166094794,
        -0.03000241656341791,
        0.018859155997070803,
        -0.012280075213859556,
        0.013705811103741727,
        -0.02086888855145737,
        -0.017499690023312624,
        0.011657376535224622,
        0.017087455438604317,
        0.01187938611329461,
        -0.015073760410489953,
        0.0062402433264409736,
        -0.00937560961404091,
        0.0019877701683558096,
        0.009812864676710945,
        0.02232046514627904,
        0.018857922079681913,
        0.009020150358164685,
        -0.005596288128968783,
        0.0398100418005656,
        0.016843496555531565,
        0.008161733734724345,
        0.010777558600145478,
        -0.006401360163800989,
        0.041800485505245906,
        -0.029969407798693438,
        -0.0173607451247134,
        -0.014773036410108933,
        0.007660988322577393,
        0.015056161646441465,
        0.009809615466788978,
        0.0010758204245084361,
        0.022076393097011072,
        0.020681581453613856,
        0.013140429160547073,
        0.032723456131426056,
        -0.0027392085334406015,
        0.01123444134845684,
        -0.021319456162494223,
        -0.008293808169194542,
        0.015119376551292241,
        0.004339622843233005
    ],