{
    "ParameterSet": [
        0.0,
        0.0,
        0.0,
        0.0,
        0.0,
        0.0,
        0.0,
        0.0,
        0.0,
        0.0,
        0.0,
        0.0,
        0.0,
        0.0,
        0.0,
        0.0,
        0.0,
        0.0,
        0.0,
        0.0,
        0.5044372080402942,
        0.11179573179088269,
        0.22336131133168322,
        0.5238323908959595,
        0.4897837537401469,
        0.23336879209210276,
        0.156900132397411,
        0.2705401047539295,
        0.5045759819857375,
        0.4904423579823461,
        0.2409376907772342,
        0.1710147855545038,
        0.2840915832472842,
        0.5079500341720962,
        0.4593346845127408,
        0.21835216964225468,
        0.1690032511888188,
        0.3258838945822318,
        0.5074750373643965,
        0.2620683981985637,
        -0.04,
        -0.04,
        -0.04,
        -0.04,
        -0.04,
        -0.04,
        -0.04,
        -0.04,
        -0.04,
        -0.04,
        -0.04,
        -0.04,
        -0.04,
        -0.04,
        -0.04,
        -0.04,
        -0.04,
        -0.04,
        -0.04,
        -0.04
    ],
    "SensorParameterSet": [
        -0.016694145704455425,
        0.07585607035282098,
        -0.03855121647112231,
        0.03726700899956863,
        -0.026947821078416215,
        0.044553330696619965,
        0.06512443822442533,
        0.07546643794333338,
        -0.03873996141902408,
        -0.009272276842945015,
        -0.04054929491787526,
        0.01960534674529421,
        -0.09307728666844856,
        -0.01991499473049411,
        -0.03381078059793509,
        0.017477133860300836,
        -0.0523861047343665,
        0.0383813438914917,
        -0.032959397463207155,
        -0.03652585336064735,
        -0.0263198487967131,
        0.00401866739087761,
        -0.006853353048299862,
        -0.039876655708831726,
        -0.10280726443875356,
        -0.07772630569138636,
        -0.008406704974431151,
        0.027294506538750412,
        -0.08022916615216752,
        0.0827060122083945,
        0.06996557051236388,
        0.023136307528051327,
        -0.017883142024731888,
        0.009698911389108984,
        -0.05332946869684644,
        0.11438558022876527,
        0.03971998884267336,
        0.03236331039996046,
        0.06241626791613682,
        0.07170303146199739,
        0.0474295462693675,
        0.015004180263179819,
        0.07955581525601269,
        -0.08907274015088165,
        0.01717850939482484,
        0.013362051515422349,
        0.056780924900469605,
        0.023728455663868546,
        0.04183457709125576,
        0.05533641079064858,
        0.03745174785078787,
        -0.0878437625913924,
        -0.041010972549972366,
        -0.09815347816685721,
        0.019719005421348704,
        0.02516812671445172,
        0.010838244890347112,
        0.05639903479031718,
        -0.03585610697563653,
        0.043666041023817485
    ],
    "checked": "indirect",
    "iteration": 8,
    "noise_sensor_0": [
        -0.010445916042140523,
        0.0012638715743519813,
        -0.007309034996857097,
        0.015039346395230684,
        -0.024397051584152247,
        0.03855137399307011,
        0.017807924829562526,
        0.0029362610476799263,
        -0.01791459054790084,
        0.0032447328374357503,
        -0.005453278621403933,
        0.024375031972978103,
        0.0209167085338582,
        0.012222705884660042,
        -0.02129388931555026,
        -0.04511083730751413,
        -0.004827954064926813,
        -0.0011315076038455984,
        0.04347008222192367,
        -0.026918924013309503,
        -0.016858304417111666,
        -0.0401041140836546,
        -0.011289885541693327,
        0.0006231274051522685,
        -0.03776088937378689,
        -0.0019507322420386339,
        -0.0023702012363716993,
        0.01907578147269348,
        0.008141220066943615,
        0.02255879199476383,
        0.009909635298109983,
        0.03452322030358084,
        -0.022054897399413274,
        0.032918443748469535,
        -0.04447263011730083,
        -0.011690984542860985,
        0.03074668960601915,
        -0.02473688719900441,
        -0.029085781715118143,
        0.015782544115470955,
        -0.00016144859294086122,
        0.003739317951895139,
        -0.017243893781043487,
        -0.013918015091702884,
        0.0021248071561744747,
        -0.007013477304317725,
        -0.0025823942650271365,
        -0.009522093445161792,
        -0.02811988199699446,
        -0.038498001888316584,
        0.008298392386029658,
        -0.013869178115030899,
        -0.006553734255275039,
        0.013816533089857216,
        -0.0011624130518117079,
        -0.009416335071490513,
        0.05178561558690647,
        -0.005999633554647741,
        -0.018910876970890406,
        0.005558222588343539
    ],
    "noise_sensor_1": [
        0.03676156998672426,
        -0.0003823768588346912,
        -0.0027457112755262985,
        0.012479998865876661,
        -0.03633413639104591,
        0.04807271965421651,
        0.018791819827770836,
        -0.0037182043812923784,
        -0.0002809125371040619,
        0.006653554840153567,
        0.009430840237938293,
        0.004672753396152613,
        -0.006728332077098595,
        -0.027715112361538594,
        0.021901974408775445,
        0.03250218883392431,
        0.029824555399135814,
        0.007229467915968354,
        0.030960878271889904,
        -0.004504118966663237,
        -0.015211970283779892,
        -0.010732330013017852,
        -0.03531531006045327,
        0.011338543550776611,
        -0.008235998248715952,
        0.021236451634875093,
        -0.02561672127135471,
        0.051065098038370636,
        0.011888432711180936,
        0.011965450957026022,
        0.024923127530456245,
        0.020616321384419222,
        0.02120884208366345,
        0.004494068463526619,
        0.020375992082039242,
        0.006378932236087342,
        -0.001213800895698274,
        0.007474957007828155,
        -0.014429207437773053,
        0.0064945605814143385,
        -0.022426613965801756,
        -0.004505623919349444,
        0.006358918277385164,
        -0.005213448513042219,
        0.0018613825623480065,
        -0.008339911614901357,
        0.0036358323743433374,
        -0.016833067078107035,
        0.003706621772612676,
        0.0053308594615984715,
        0.03554725477308373,
        -0.033968595133828425,
        0.008857326495690213,
        -0.03005634205558001,
        0.01620395219307723,
        0.008416053602487214,
        0.006765207243733194,
        0.000921639724853918,
        0.014286747727286378,
        -0.030869173915615576
    ],