{
    "ParameterSet": [
        0.0,
        0.0,
        0.0,
        0.0,
        0.0,
        0.0,
        0.0,
        0.0,
        0.0,
        0.0,
        0.0,
        0.0,
        0.0,
        0.0,
        0.0,
        0.0,
        0.0,
        0.0,
        0.0,
        0.0,
        0.5044372080402942,
        0.11179573179088269,
        0.22336131133168322,
        0.5238323908959595,
        0.4897837537401469,
        0.23336879209210276,
        0.156900132397411,
        0.2705401047539295,
        0.5045759819857375,
        0.4904423579823461,
        0.2409376907772342,
        0.1710147855545038,
        0.2840915832472842,
        0.5079500341720962,
        0.4593346845127408,
        0.21835216964225468,
        0.1690032511888188,
        0.3258838945822318,
        0.5074750373643965,
        0.2620683981985637,
        -0.04,
        -0.04,
        -0.04,
        -0.04,
        -0.04,
        -0.04,
        -0.04,
        -0.04,
        -0.04,
        -0.04,
        -0.04,
        -0.04,
        -0.04,
        -0.04,
        -0.04,
        -0.04,
        -0.04,
        -0.04,
        -0.04,
        -0.04
    ],
    "SensorParameterSet": [
        0.012202201212003562,
        -0.06007939242407,
        -0.11123537514138428,
        -0.03648729380087276,
        -0.07878166775006432,
        -0.02709944468272164,
        0.11949090535627803,
        0.03601937805097064,
        0.022683314598029306,
        -0.08853394706057718,
        -0.046902485391423825,
        -0.015376195887543445,
        -0.10011215462859167,
        -0.05427250734293662,
        -0.03889218010327254,
        -0.16710502440031838,
        -0.2502679613648716,
        0.07160768212894025,
        0.0017106345082663974,
        -0.028894719507691985,
        -0.03540537716516737,
        0.06874194598892559,
        -0.08655318204162459,
        -0.04332433513615779,
        -0.33053269688540216,
        -0.3282279360900935,
        -0.14206776724613823,
        0.1868984879482535,
        -0.13555310071456583,
        -0.028135376519482013,
        0.08907616079707029,
        -0.025337294269239825,
        0.005366877221416289,
        0.02433994664379557,
        0.0029662898165262203,
        0.3580503047746739,
        0.14009242204903216,
        -0.0016888397923613603,
        -0.03210979607511608,
        0.13161370487643656,
        0.10171239100810095,
        0.17596687766193422,
        0.2779070481341022,
        -0.15871188510327325,
        0.08072199225585643,
        -0.07497344694651113,
        0.11629811206844856,
        -0.0858157700694172,
        0.15983416448008148,
        0.10785138732160958,
        -0.10276237208598922,
        -0.11293419931657923,
        -0.10869704536069169,
        0.1168929208903656,
        -0.0300793665615802,
        0.08405707142230598,
        -0.14421098692935774,
        0.23604042041768036,
        0.018717525398968985,
        0.09581346269209637
    ],
    "checked": "indirect",
    "iteration": 79,
    "noise_sensor_0": [
        -0.023336095432615597,
        0.0016582928476836386,
        0.019493041664340453,
        0.013322275408570033,
        -0.0037963520218252536,
        -0.0175565587536924,
        0.02144568516438834,
        0.013869405771676616,
        0.02872516470365472,
        -0.008939650454494656,
        -0.008528001596631724,
        -0.004645755330189966,
        0.0010000444691987832,
        0.01045972735985501,
        0.017978321012033265,
        -0.0076083450689233695,
        0.012908248308262026,
        -0.010689648495265195,
        -0.02382194532783822,
        -0.010696539953203297,
        0.024391490460846488,
        -0.01154454366532993,
        -0.012436887393930889,
        -0.029244377897572744,
        0.025341226329020586,
        -0.00820213399705859,
        0.023759283334477757,
        -0.013380951363080639,
        0.009202661657664807,
        0.0032525342825274663,
        -0.022032390388654045,
        -0.016150448608717324,
        -0.00218694975551434,
        0.0075170748652676886,
        0.014016853979667628,
        0.0015439068763921059,
        0.005234595462922383,
        -0.014208551014067757,
        -0.007469633237735537,
        0.008116209915695118,
        -0.022440330116560398,
        -0.007912042381418793,
        0.0048209282081039685,
        0.01134212655513139,
        0.011545109629076412,
        -0.013102599788636045,
        -0.011136329103672626,
        -0.00578831414081642,
        0.006260320681673076,
        -0.001835443449994442,
        0.002023475285114123,
        0.012408889820718534,
        0.0032928555041079137,
        0.021262873326229774,
        -0.018122547099523153,
        -0.019818993351382423,
        0.01395765823008584,
        -0.028356526439955135,
        0.009657829510965502,
        0.0036008989683453544
    ],
    "noise_sensor_1": [
        -0.020608600739114212,
        -0.02846990956086559,
        0.02315461062610279,
        -0.016228845549856066,
        -0.0020338343855074493,
        0.011700493797855297,
        0.025466072396094233,
        -0.02279877510289181,
        -0.01680091305746642,
        -0.01181374134820974,
        -0.025457130547470307,
        -0.009132192584240906,
        -0.005919845878963589,
        0.0066173500555174285,
        0.012559030369878096,
        -0.0011672317080818788,
        -0.00040059290741971485,
        0.004378951931807871,
        0.00430006684764754,
        0.02306999691696983,
        0.028674665812491222,
        0.009890445786998924,
        -0.016040828875821953,
        -0.020542350495430375,
        0.011349786939971388,
        0.00446367654951952,
        -0.017997511065470748,
        -0.03487057169288397,
        0.01087422091247179,
        -0.022115771201105156,
        -0.00027483490307577476,
        -0.004701927465659237,
        -0.011115137211305314,
        -0.004044441077785347,
        -0.01831256568492852,
        0.0042657337929284155,
        -0.017337491004597777,
        0.02027828969704732,
        0.0017453357463443784,
        0.018784549866680992,
        0.004126840102027996,
        0.005129488626982012,
        -0.0018630251844037951,
        0.006903219155147595,
        -0.0012274954412875936,
        -0.024310621228026123,
        0.020100682160140087,
        0.00039530800661643155,
        -0.00431735675037242,
        -0.016736886500599457,
        -0.00022324563101018603,
        -0.007568186623562692,
        0.0193384076523504,
        0.022529565935528944,
        0.014724708642621981,
        -0.030881555291857432,
        0.0040968074850836565,
        -0.013618154036013049,
        0.0005129630330016384,
        0.0004091683224937824
    ],