{
    "ParameterSet": [
        0.01673504162664869,
        0.08631406402431524,
        -0.042252700172392695,
        -0.036805684649289905,
        -0.02544498342429447,
        -0.08879377276515989,
        -0.07409301038881336,
        -0.0885188143166773,
        -0.047484639596863554,
        -0.145808086603421,
        -0.04107207708787553,
        0.0645840489605537,
        -0.048099181069699876,
        0.23128006734873324,
        0.05211117565361195,
        0.13683404738160576,
        0.0141273101259755,
        0.1378884734478621,
        0.13224387344924352,
        0.07695914362078116,
        0.4951165454978333,
        0.29407909646349223,
        0.22548545092593583,
        0.6399693098560645,
        0.46442789744621815,
        0.3395152390330936,
        0.23939429643109925,
        0.25605599215861347,
        0.49114944972991237,
        0.5646028635206138,
        0.2858434392381432,
        0.2836570009002613,
        0.3059007855243539,
        0.5599733457802054,
        0.35203955419992305,
        0.12371997455485918,
        0.14864841541826787,
        0.31381552727076345,
        0.5640223500150954,
        0.341803650762611,
        -0.09196493756718746,
        -0.0808492588064844,
        -0.013506587853266952,
        -0.007397547714700566,
        0.061156480531859465,
        -0.049475400509349544,
        0.01836797619514996,
        -0.02514463920993857,
        -0.12461763438272538,
        -0.0675863618514439,
        0.0012510100514126722,
        0.21484984617749706,
        -0.07807282724590692,
        -0.10274156269226059,
        -0.12795653671533522,
        -0.07424380378103596,
        -0.09913635290294749,
        -0.003581305913594501,
        -0.18908895575086027,
        0.045361404546263834
    ],
    "SensorParameterSet": [
        0.0,
        0.0,
        0.0,
        0.0,
        0.0,
        0.0,
        0.0,
        0.0,
        0.0,
        0.0,
        0.0,
        0.0,
        0.0,
        0.0,
        0.0,
        0.0,
        0.0,
        0.0,
        0.0,
        0.0,
        0.0,
        0.0,
        0.0,
        0.0,
        0.0,
        0.0,
        0.0,
        0.0,
        0.0,
        0.0,
        0.0,
        0.0,
        0.0,
        0.0,
        0.0,
        0.0,
        0.0,
        0.0,
        0.0,
        0.0,
        0.0,
        0.0,
        0.0,
        0.0,
        0.0,
        0.0,
        0.0,
        0.0,
        0.0,
        0.0,
        0.0,
        0.0,
        0.0,
        0.0,
        0.0,
        0.0,
        0.0,
        0.0,
        0.0,
        0.0
    ],
    "checked": "indirect",
    "iteration": 69,
    "noise_0": [
        0.015902825467113448,
        0.007796178043902448,
        -0.004132167937173376,
        0.005381464973641733,
        0.0035291197478945157,
        0.005453449713982333,
        0.0049964435662305795,
        -0.00038246935327107697,
        -0.028505363417067314,
        -0.002147193794722254,
        0.000590223681069936,
        -0.018224826337385685,
        -0.0034837437848045153,
        -0.006156286214482481,
        -0.01793633074520052,
        -0.001817125920857675,
        0.001251653010525172,
        0.004101696899049183,
        0.008009363172710239,
        0.021886523615355785,
        -0.015658558025320776,
        -0.006634792711008453,
        -0.0003122816705834714,
        0.005363469358724225,
        0.003250971548823826,
        0.0025056399969016025,
        -0.0024489095567894526,
        0.0022552868803724026,
        -0.0023622686502646276,
        0.004883624580879555,
        -0.0044252605924212885,
        0.003988885555001459,
        -0.004478232593920874,
        -0.003870049999588531,
        0.0015490744849263737,
        -0.008663016979811625,
        -0.006600043299612726,
        0.007817723736517776,
        0.00017880676735132107,
        -0.0037683171769509766,
        0.006571872739818248,
        -0.020242321087622295,
        -0.00914272560850195,
        0.005663400800361449,
        -0.01981995512132105,
        0.009343542387948323,
        0.0002588444748728438,
        0.002399222501489947,
        0.01607633787169567,
        -0.015612867365114066,
        0.021133606039213108,
        -0.00511329548689022,
        0.002902212001903102,
        0.014074552525092042,
        -0.012378411530033849,
        -0.012703707658947247,
        0.004358237908532224,
        -0.00947042350507895,
        -0.010716558143692672,
        -0.0025362795833581693
    ],
    "noise_1": [
        0.021119843455907433,
        -0.01063156473011578,
        -0.0007570375986269263,
        0.003858108007319394,
        -0.011787512100754672,
        0.014272334008556148,
        0.013589770118140136,
        -0.009671424803710998,
        0.009105659041590561,
        0.005062804539258213,
        -0.013949507583041792,
        -0.009372071565042155,
        0.020486515877671026,
        -0.0030342615565180737,
        -0.0073046953463364395,
        -0.0066886425639388425,
        0.002024483397701734,
        -0.0069460117457534245,
        0.0003315148718169043,
        -0.0014833224687977413,
        0.0006354593173368075,
        0.010462760210814308,
        -0.005827396495665549,
        0.02000976882885985,
        -0.004923990702673363,
        0.0084747606055268,
        -0.011502385235469424,
        0.022001868802613143,
        0.004112962637187246,
        -0.0008908146247961429,
        -0.003885750602272295,
        0.01933527278720592,
        -0.013039078946716498,
        -0.002812583381570223,
        0.00012777376287716413,
        -0.011038998834601186,
        -0.007071436238774212,
        0.01583833599023878,
        -0.0037510178095249863,
        -0.00444656949855753,
        -0.008846630657776796,
        -0.012547019476934256,
        6.494050401650624e-05,
        0.0011458823973887046,
        -0.006051428218870205,
        -0.015352321327603573,
        -0.010797493719555818,
        0.014075404566903512,
        -0.011020911507379537,
        0.004305884671399849,
        0.01276427966621711,
        0.007084466396164394,
        -0.00048696255178214067,
        -0.01578860620343464,
        0.018790445085520042,
        -0.004577193606484836,
        0.0070887913867205355,
        -0.007716051927486087,
        0.01881768340587507,
        0.006459056858756172
    ],