{
    "ParameterSet": [
        0.0544444280572105,
        0.09068518049816654,
        -0.05386425704597743,
        0.04454893224612982,
        0.047507553555823596,
        -0.12600145694088646,
        -0.11143587523024359,
        -0.11185609819500067,
        -0.07912972481843977,
        -0.11369052921873513,
        -0.09084242192375691,
        0.04829083355133723,
        -0.11754603845061726,
        0.12895106606296008,
        -0.043242412075761384,
        0.09409578090993419,
        0.03541326065052788,
        0.16896401088308344,
        0.11807859031577869,
        0.058767589332156644,
        0.49402825562184954,
        0.30181393675392815,
        0.22472732661469325,
        0.6362776074741261,
        0.484455441213892,
        0.3235786907429478,
        0.2270108889814849,
        0.28624549036606756,
        0.5482798685136344,
        0.5261598196253245,
        0.297598217794639,
        0.22749107395376453,
        0.2542820092275552,
        0.551354281586334,
        0.4018239354116239,
        0.23613571045725318,
        0.06688415505025562,
        0.3721905853130257,
        0.6121599803216232,
        0.2793862988262604,
        -0.09268993074475701,
        -0.05827626291681877,
        -0.03215885652582333,
        -0.04199784698563251,
        0.006987948741547569,
        -0.0443467871188416,
        -0.005231924903116934,
        -0.011145978978643075,
        -0.036205512051889,
        -0.12254246148441239,
        0.023037815055693817,
        0.11772792694464405,
        -0.08271588033251481,
        -0.035097357369283294,
        -0.04209405252075479,
        -0.02538019250055255,
        -0.04645985272795171,
        0.029389354701567325,
        -0.17057096448043785,
        0.05998620658423823
    ],
    "SensorParameterSet": [
        0.0,
        0.0,
        0.0,
        0.0,
        0.0,
        0.0,
        0.0,
        0.0,
        0.0,
        0.0,
        0.0,
        0.0,
        0.0,
        0.0,
        0.0,
        0.0,
        0.0,
        0.0,
        0.0,
        0.0,
        0.0,
        0.0,
        0.0,
        0.0,
        0.0,
        0.0,
        0.0,
        0.0,
        0.0,
        0.0,
        0.0,
        0.0,
        0.0,
        0.0,
        0.0,
        0.0,
        0.0,
        0.0,
        0.0,
        0.0,
        0.0,
        0.0,
        0.0,
        0.0,
        0.0,
        0.0,
        0.0,
        0.0,
        0.0,
        0.0,
        0.0,
        0.0,
        0.0,
        0.0,
        0.0,
        0.0,
        0.0,
        0.0,
        0.0,
        0.0
    ],
    "checked": "indirect",
    "iteration": 29,
    "noise_0": [
        -0.006246876502999782,
        -0.0033762658660747985,
        0.012707200988937068,
        0.010796040783796413,
        -0.008859871659669024,
        0.013446362201312139,
        -0.02954501649709339,
        -0.007415318958384165,
        -0.01041748627443507,
        0.005070485611966109,
        0.01381354065705068,
        -0.00337808279781983,
        -0.025674219603024455,
        -0.009935782317871879,
        -0.000494809759720879,
        -0.003554200422650109,
        -0.016174980350396755,
        -0.013570683848537258,
        0.0026068685878144794,
        0.0023148357865951054,
        0.010955854980599913,
        0.0062710231232207675,
        -0.0028105049491104427,
        -0.006890717682482952,
        0.02086323490220254,
        -0.00022100605407818176,
        0.00911588161330424,
        -0.015482077646266953,
        0.0034828251328109508,
        -0.015158033774944683,
        -0.0018764015376825473,
        -0.008777880724419209,
        0.011945320758560179,
        -0.011962195160082336,
        0.0010162239180888802,
        -0.005079717522351639,
        -0.007179619068954438,
        0.0050513103819327,
        -0.007275268535747685,
        -0.027368293930074835,
        -2.0772551964855495e-05,
        0.034174607861377465,
        -0.008328172902661336,
        -0.0006986951725954352,
        0.0004077625908065625,
        -0.0053543557711515566,
        -0.02088668198167738,
        0.008815994563872259,
        0.005003369176932497,
        0.007336012570462873,
        0.00503644855800284,
        -0.009484131036290559,
        0.018025641988929596,
        -0.008064622044462432,
        -0.0068450236515138155,
        -0.01543972441310607,
        -0.005882459383866234,
        0.012747503917056058,
        -0.01628184456187854,
        0.001779948135169548
    ],
    "noise_1": [
        -0.011980864232645026,
        -0.0007513945578908872,
        -0.004498726116032432,
        0.0017045052966916515,
        0.023398862922263702,
        0.004480992334439695,
        0.010342060321784943,
        0.004280202412525111,
        0.009582721893789716,
        -0.005604972320455413,
        -0.0006195906037351038,
        0.0006019706703904705,
        -0.0020170713296532275,
        0.0016305984210289565,
        0.017855533403013497,
        0.013590776452548643,
        -0.020247324227408922,
        0.010003620389552706,
        0.004719779513314994,
        -0.02049162684853901,
        0.01028069442488657,
        0.016176769466955395,
        -0.006823105902514187,
        0.006332940627955996,
        0.004501317785435972,
        0.024264556786828057,
        -0.007418457932729861,
        0.016458450791527208,
        0.010987229605690626,
        -0.0019325998488292334,
        0.02515702802977797,
        0.000285893103717573,
        0.014679372730174467,
        0.0129042359846433,
        0.003997516827789989,
        0.019169365315671445,
        -0.022987805040264098,
        -0.00902861905352472,
        -0.013991366980329992,
        0.012433563700275365,
        -0.003896354762217421,
        0.010969624768732783,
        0.006313629635343634,
        0.006466422095107039,
        0.002666821097352924,
        -0.02071084789755484,
        -0.0065656430999766575,
        0.018747511374290808,
        -0.020586251063828033,
        -0.0070105836320621525,
        -0.013484453091656757,
        0.012039080421020136,
        -0.013820200445179509,
        0.0054940857331007235,
        0.0015111074632435258,
        0.0051094870967583255,
        -0.0008274942997776836,
        -0.018341938688281014,
        0.019311965138972195,
        0.0026216551954356807
    ],