{
    "ParameterSet": [
        0.0,
        0.0,
        0.0,
        0.0,
        0.0,
        0.0,
        0.0,
        0.0,
        0.0,
        0.0,
        0.0,
        0.0,
        0.0,
        0.0,
        0.0,
        0.0,
        0.0,
        0.0,
        0.0,
        0.0,
        0.5044372080402942,
        0.11179573179088269,
        0.22336131133168322,
        0.5238323908959595,
        0.4897837537401469,
        0.23336879209210276,
        0.156900132397411,
        0.2705401047539295,
        0.5045759819857375,
        0.4904423579823461,
        0.2409376907772342,
        0.1710147855545038,
        0.2840915832472842,
        0.5079500341720962,
        0.4593346845127408,
        0.21835216964225468,
        0.1690032511888188,
        0.3258838945822318,
        0.5074750373643965,
        0.2620683981985637,
        -0.04,
        -0.04,
        -0.04,
        -0.04,
        -0.04,
        -0.04,
        -0.04,
        -0.04,
        -0.04,
        -0.04,
        -0.04,
        -0.04,
        -0.04,
        -0.04,
        -0.04,
        -0.04,
        -0.04,
        -0.04,
        -0.04,
        -0.04
    ],
    "SensorParameterSet": [
        0.07901943124140434,
        -0.22206960827182035,
        -0.03361963605859589,
        0.2567438211988129,
        -0.42580688661357957,
        -0.39980219771308045,
        -0.8204393858790726,
        -0.3198744135938281,
        -0.04698836951151435,
        -0.353736628695852,
        0.39056891996229803,
        0.7335534991978184,
        -0.2852051002415035,
        0.14276080048753625,
        -0.12497190067413656,
        0.37640874181181966,
        0.1742888320861381,
        0.015691129768582387,
        0.6403271272582349,
        -0.6212569270695927,
        -0.17499377609306632,
        0.2638589399162141,
        0.017452245236725783,
        -0.4968089079890083,
        0.18505650054171882,
        -0.17878290522454846,
        -0.05738343057901867,
        -0.01775498505402729,
        -0.09261904556175937,
        -0.39275957356477115,
        -0.13707568640113554,
        -0.03849844081479632,
        0.0028499052434765478,
        -0.7390634836327851,
        -0.7597062923901082,
        -0.4633618434803603,
        -0.8442185715796156,
        0.04522993166411167,
        -0.0244390488619382,
        0.5998130712803553,
        -0.16501634849263977,
        -0.31479832790107404,
        -1.011485499520153,
        0.37725723311933496,
        -0.8347844778247642,
        -0.1967646478189755,
        -0.24342505570851866,
        -0.4734339344871401,
        -0.02845125322068848,
        0.03552114311189686,
        0.024243453662137426,
        -0.6325527548822052,
        0.021791704405984668,
        -0.22633738627810826,
        -0.3461984809758889,
        -0.6925088833683397,
        -0.22765566143145669,
        0.09905203194782139,
        -0.28536361847818725,
        -0.1592943340341652
    ],
    "checked": "indirect",
    "iteration": 80,
    "noise_sensor_0": [
        0.05271760325625813,
        -0.012584829777082194,
        -0.02314666554260866,
        0.04130545165908771,
        -0.03186469469069327,
        -0.02335495381155183,
        0.06630550102521807,
        0.04371310975508203,
        0.02513270735065868,
        -0.004829496146030168,
        -0.0879914756942198,
        -0.032486257302728604,
        -0.06964751457549949,
        0.023273374283835344,
        0.06661104314325211,
        -0.0013364624120609436,
        -0.04602427447666377,
        -0.08300606881919871,
        -0.052950670537550246,
        -0.05379552063678584,
        0.018643808955390247,
        -0.014650531213726455,
        -0.0320436717314755,
        0.0089783141252635,
        0.037431103421210685,
        -0.06306290863370494,
        0.030497509678062498,
        0.0021972494819868372,
        0.04706181620547843,
        0.025370141360000327,
        -0.02602318720607473,
        0.0017876955120635786,
        -0.0212567196975778,
        0.0462201474097058,
        0.03196451565705004,
        0.03278989642912745,
        0.03252758683748343,
        0.0732544761032299,
        -0.0037175260287841015,
        -0.024965127802996787,
        0.07398148751709377,
        -0.07811682904643343,
        -0.030980080751992267,
        0.00292633341814302,
        0.05397356606923418,
        -0.08359733543605477,
        -0.011026546428545215,
        0.005914446783846028,
        -0.06090017215496428,
        0.03143246435888259,
        -0.0012177798514062688,
        -0.06479377599427494,
        -0.006187889709583095,
        0.036788948302261655,
        0.0830105359116304,
        0.022161261410158336,
        0.10294552206890091,
        -0.05840153229324421,
        0.05981425050934151,
        0.049343610970911445
    ],
    "noise_sensor_1": [
        -0.04966352351475112,
        0.07437961888250534,
        -0.06321023833647227,
        -0.016783174838189748,
        0.03032145053942089,
        0.03792552154673207,
        -0.023382041629038702,
        -0.004228958226152616,
        0.014101858986252633,
        0.09167078774960094,
        0.00867463597972771,
        -6.614418154908575e-05,
        0.03373760214031063,
        -0.084824360482588,
        0.061356471515792,
        0.0479384163954823,
        -0.06997707915164689,
        0.01501228674233697,
        -0.02491184712048829,
        -0.024728828204116433,
        0.06584364390932033,
        0.06543880344481426,
        -0.010095599023052248,
        -0.01186514965101713,
        -0.016168937521447605,
        0.030659482037814326,
        0.05317360689930651,
        0.03430117549921555,
        0.006668673331108163,
        -0.0910249742837123,
        -0.03254519084212445,
        0.020667699679370894,
        -0.007159942076276967,
        0.027100929094872037,
        -0.05950478951510899,
        -0.002749957067554558,
        -0.020203448481134756,
        -0.03350039816827162,
        0.00034742587942669667,
        -0.06777430808755518,
        0.06642913157395897,
        -0.04340257717108951,
        -0.024884682328585248,
        0.023467128517500536,
        -0.0396847795591574,
        0.020942130724824773,
        0.04027801940834519,
        0.019568588747666052,
        -0.08343118096060252,
        -0.05578721057784836,
        0.03554007547928347,
        0.03591513221533825,
        0.012417282394164033,
        -0.014316121058274922,
        0.04338792630280198,
        0.03018216280102621,
        -0.042644339709319704,
        -0.02131500694608945,
        0.07591672441893373,
        -0.0067620920783016784
    ],