{
    "ParameterSet": [
        0.0,
        0.0,
        0.0,
        0.0,
        0.0,
        0.0,
        0.0,
        0.0,
        0.0,
        0.0,
        0.0,
        0.0,
        0.0,
        0.0,
        0.0,
        0.0,
        0.0,
        0.0,
        0.0,
        0.0,
        0.5044372080402942,
        0.11179573179088269,
        0.22336131133168322,
        0.5238323908959595,
        0.4897837537401469,
        0.23336879209210276,
        0.156900132397411,
        0.2705401047539295,
        0.5045759819857375,
        0.4904423579823461,
        0.2409376907772342,
        0.1710147855545038,
        0.2840915832472842,
        0.5079500341720962,
        0.4593346845127408,
        0.21835216964225468,
        0.1690032511888188,
        0.3258838945822318,
        0.5074750373643965,
        0.2620683981985637,
        -0.04,
        -0.04,
        -0.04,
        -0.04,
        -0.04,
        -0.04,
        -0.04,
        -0.04,
        -0.04,
        -0.04,
        -0.04,
        -0.04,
        -0.04,
        -0.04,
        -0.04,
        -0.04,
        -0.04,
        -0.04,
        -0.04,
        -0.04
    ],
    "SensorParameterSet": [
        -0.11018456835511933,
        0.14423820161807827,
        -0.02426657489108628,
        0.39251445424932474,
        0.011322168502632448,
        -0.3407723074342261,
        -0.3867831098882621,
        -0.3365118510673756,
        0.18245744483553097,
        -0.41395430035736097,
        0.1202635077833606,
        0.5977674293155241,
        -0.5619697475217154,
        0.02505872539456995,
        -0.02471384008002564,
        0.2957866449529682,
        0.4294209617125843,
        -0.02102155340348014,
        0.771754944317009,
        -0.42463465990245913,
        -0.24455605169805403,
        0.34313743096403027,
        -0.022571115772893443,
        -0.4629750419861951,
        0.10004569724750206,
        -0.34089188720502694,
        -0.12841270696180213,
        -0.2118379638180348,
        -0.15305109155528324,
        -0.24256855585657686,
        0.031278395766471505,
        -0.132461928943692,
        -0.02114436240951228,
        -0.47699559890379595,
        -0.48381270286948347,
        -0.13538236571713486,
        -0.48499139670909114,
        0.19737327087725626,
        0.035637133473781946,
        0.5433603278236497,
        -0.2840035904496487,
        -0.10144402576368322,
        -0.8229952337427466,
        0.21660202835890127,
        -0.4978296644207972,
        -0.0012976393722731354,
        -0.04073210274976143,
        0.049456928537240936,
        0.03804061770987374,
        -0.1576437437374096,
        0.1208760177304834,
        -0.45330274457764036,
        0.18512216559815844,
        -0.44904398075650886,
        -0.10699814480195191,
        -0.252460832822535,
        -0.32863366965634017,
        -0.16314235233153973,
        -0.19045176483678972,
        0.06589064978854416
    ],
    "checked": "indirect",
    "iteration": 46,
    "noise_sensor_0": [
        -0.0258796754961451,
        0.01977206830116834,
        0.02784929946967019,
        0.001402896290957995,
        0.026925946110209684,
        0.028385294900731203,
        0.05667947526809294,
        -0.040086413352078666,
        0.046344610212550284,
        0.07363073777002631,
        -0.043571721406813584,
        0.0030221643903930277,
        0.017523239104496394,
        0.024755599185564654,
        -0.007594360156296959,
        0.07346273775660386,
        -0.09431399144889058,
        0.02635030024513709,
        0.07844634795786073,
        0.031504958365673706,
        -0.016974344407551606,
        0.016457718558650334,
        -0.0024099037455757094,
        0.022082868485029248,
        0.0644608556542431,
        -0.020331111079806313,
        0.011319566596183137,
        0.042630057133904664,
        -0.04216904001426885,
        0.05476246786198003,
        -0.024927612797139672,
        0.0453080913317837,
        -0.004282736347033518,
        -0.010151865946613915,
        0.01949850169475988,
        0.06594397514415733,
        0.12462946364955674,
        0.10261640917792501,
        0.027769146268285458,
        -0.03443540866524347,
        -0.024664667929367234,
        0.060436711555589974,
        0.07079026421041776,
        0.008530505680408784,
        0.02838016897854165,
        -0.03829130409263339,
        0.025772085655399804,
        0.05024393043783326,
        -0.013115872320956994,
        0.025998028402891213,
        0.06700602341116109,
        -0.02643544686916234,
        -0.0044565487375913615,
        -0.006137497751917393,
        -0.0417988543177714,
        0.04900895623404516,
        -0.035645558173264154,
        0.08726354885726309,
        0.04326578135590555,
        0.08056544290278594
    ],
    "noise_sensor_1": [
        0.05842448696840655,
        0.06610177111914535,
        0.03641589772969062,
        -0.006441432218853547,
        0.04276963206813432,
        0.018907624839609838,
        -0.09500022056164867,
        -0.044381520899255344,
        0.06416581887560273,
        -0.06767082902521668,
        -0.022117665978189333,
        0.09332776298638176,
        -0.03758158645340207,
        -0.06456189349691026,
        -0.08474138794475052,
        -0.04356523656108119,
        0.015914063076112088,
        -0.022078903102507444,
        -0.041993194325130365,
        -0.05259479304688795,
        0.05380328279876964,
        0.0015167918879953604,
        0.06646589845376774,
        0.042860300810415475,
        -0.039807969410445274,
        -0.07829803626840855,
        0.02841486522486176,
        -0.027366647009094056,
        0.11060237789653794,
        -0.00928010857986219,
        -0.01958395501661747,
        0.05487865747486448,
        0.08957645296254925,
        0.0047626352641986685,
        0.08733870878331927,
        0.07402099356350067,
        0.025580289739242285,
        0.02954043758834147,
        0.05297152520045647,
        -0.034318126231893974,
        -0.00392376409995867,
        -0.030732002994897083,
        -0.04602177372449305,
        -0.06386021750482787,
        0.008872422521330449,
        0.027297568148299756,
        -0.02720400373391456,
        0.013650208482148644,
        -0.04355143129231097,
        0.03523360307621859,
        -0.08739385027637032,
        -0.07741654980177781,
        -0.04522082307273698,
        0.04228139358431028,
        -0.03824716010955046,
        -0.11791314804976491,
        0.05291905768538665,
        -0.09141501010317651,
        -0.028105460317744673,
        0.06603738180812325
    ],