{
    "ParameterSet": [
        0.0,
        0.0,
        0.0,
        0.0,
        0.0,
        0.0,
        0.0,
        0.0,
        0.0,
        0.0,
        0.0,
        0.0,
        0.0,
        0.0,
        0.0,
        0.0,
        0.0,
        0.0,
        0.0,
        0.0,
        0.5044372080402942,
        0.11179573179088269,
        0.22336131133168322,
        0.5238323908959595,
        0.4897837537401469,
        0.23336879209210276,
        0.156900132397411,
        0.2705401047539295,
        0.5045759819857375,
        0.4904423579823461,
        0.2409376907772342,
        0.1710147855545038,
        0.2840915832472842,
        0.5079500341720962,
        0.4593346845127408,
        0.21835216964225468,
        0.1690032511888188,
        0.3258838945822318,
        0.5074750373643965,
        0.2620683981985637,
        -0.04,
        -0.04,
        -0.04,
        -0.04,
        -0.04,
        -0.04,
        -0.04,
        -0.04,
        -0.04,
        -0.04,
        -0.04,
        -0.04,
        -0.04,
        -0.04,
        -0.04,
        -0.04,
        -0.04,
        -0.04,
        -0.04,
        -0.04
    ],
    "SensorParameterSet": [
        0.05588378208387902,
        -0.30193320184733824,
        -0.07411119220716939,
        0.2063519790589679,
        -0.41882808359557805,
        -0.4619717159478428,
        -0.7726389207893299,
        -0.28048157032357546,
        -0.029193860876565635,
        -0.412921247896685,
        0.39754548272546086,
        0.7381911269484519,
        -0.295632961522715,
        0.1027114230241004,
        -0.067982780235251,
        0.3533679601561587,
        0.26633677214340956,
        0.1269525874044626,
        0.7090542402722659,
        -0.6313583783665192,
        -0.15554781738974927,
        0.1791191499380108,
        0.05840494533540787,
        -0.48787118667958435,
        0.15498694126812987,
        -0.17107229732509543,
        -0.04464712849829204,
        -0.0008475742094370634,
        -0.12707419925156505,
        -0.3826974259697289,
        -0.19511687361410907,
        -0.017221292741614713,
        0.09469206407494078,
        -0.7141475961145014,
        -0.7957317444938532,
        -0.5068564946904721,
        -0.7686894113795542,
        0.02752315554481532,
        -0.0359833871775182,
        0.5763576251648166,
        -0.11544277652809601,
        -0.2169642347700394,
        -1.0250998954755168,
        0.3919664580757564,
        -0.782456004428118,
        -0.24281835336844274,
        -0.2115121564074043,
        -0.47580206135540837,
        0.04447690177604179,
        0.12606961307821724,
        0.01593894741901888,
        -0.5960309607394657,
        0.12986317448208595,
        -0.2730345066498672,
        -0.3319521964572364,
        -0.6801472535529849,
        -0.27948241234511717,
        0.11048119388489079,
        -0.21768909007146314,
        -0.14611392458444097
    ],
    "checked": "indirect",
    "iteration": 83,
    "noise_sensor_0": [
        -0.04777519587218632,
        0.0025725690900795656,
        0.02326572607530788,
        0.0188791660477235,
        -0.021073529583926744,
        0.04424426876232594,
        0.021147107666022118,
        0.05355597138207672,
        0.009530685478387136,
        0.0292345343855663,
        0.05572632473943371,
        0.017615383890577867,
        -0.03271961561139992,
        6.242345543230071e-06,
        0.0424282779292294,
        0.05145842422992379,
        0.009561685056860015,
        -0.037814249612679665,
        -0.04263417417621916,
        -0.07797916731022624,
        -0.018748255127789774,
        0.0457033734890651,
        0.019506234881360888,
        0.00515722188868537,
        -0.01834982427425251,
        0.021991412538599982,
        0.06840924483834736,
        0.01917390778613539,
        0.022168600325547256,
        -0.11692364226418996,
        0.013072049254963108,
        0.025115372395124458,
        0.05372107821508947,
        -0.029006047232677086,
        -0.023468787057535436,
        0.0683051963815522,
        0.05081274024828403,
        -0.026137987140701206,
        0.020330410022239852,
        0.038216121469260025,
        0.06896078250211383,
        0.013210661449226113,
        -0.01813307866033691,
        0.025759960892772483,
        0.03804769156666015,
        0.008669472266261097,
        0.015230994486398947,
        0.031030375935414738,
        -0.0208873235931227,
        0.03474466798100258,
        0.049489488688390475,
        -0.02038074547814177,
        -0.027971787151623292,
        -0.038690122158456214,
        0.015987862430828267,
        -0.030501671533453352,
        0.03777166740867084,
        0.06147169410373143,
        0.05456065261892475,
        0.05086216006742478
    ],
    "noise_sensor_1": [
        0.0543837073274816,
        0.0031552512005352793,
        0.02219233544136175,
        0.05084428183691636,
        -0.05626499466052317,
        0.0179017976972778,
        0.038937107297011796,
        -0.038004291057513996,
        0.03288842618480992,
        0.03267395418488782,
        -0.03207231666314952,
        -0.03721512619284894,
        0.07525076274080861,
        -0.029305749333420998,
        -0.009694084512840696,
        -0.004343287975158104,
        -0.02744395816195414,
        0.08212528884798764,
        -0.008036462092084517,
        0.06562371309046493,
        -0.03039958808209783,
        0.08216803833623253,
        0.003785249487134929,
        -0.008329106519748714,
        -0.023361720882826176,
        -0.024662381406941224,
        0.045962768069453944,
        0.046138506337520105,
        0.0026425637804627826,
        0.013453353484654753,
        -0.002586938939838265,
        0.024384322832941684,
        -0.04317631368405485,
        -0.024700394471829704,
        -0.005063190430609741,
        0.03914594795434053,
        -0.014906583254792789,
        -0.043011953559050575,
        -0.03643022461767482,
        -0.09710523869461432,
        0.013183013566147867,
        -0.043132638357404204,
        0.022042971095784413,
        -0.10030548149078244,
        0.07676654919944668,
        -0.008190437004586756,
        -0.021641177113645986,
        -0.04466287511892064,
        0.04316789757734468,
        0.011718824010648532,
        0.012616588231642245,
        0.014654603126123562,
        -0.04117621190510261,
        -0.09787862162053143,
        0.04797821281137565,
        0.021765171324517673,
        -0.03371136141190925,
        0.0551774209056198,
        0.04231312364438068,
        -0.02539072210573836
    ],