{
    "ParameterSet": [
        0.0,
        0.0,
        0.0,
        0.0,
        0.0,
        0.0,
        0.0,
        0.0,
        0.0,
        0.0,
        0.0,
        0.0,
        0.0,
        0.0,
        0.0,
        0.0,
        0.0,
        0.0,
        0.0,
        0.0,
        0.5044372080402942,
        0.11179573179088269,
        0.22336131133168322,
        0.5238323908959595,
        0.4897837537401469,
        0.23336879209210276,
        0.156900132397411,
        0.2705401047539295,
        0.5045759819857375,
        0.4904423579823461,
        0.2409376907772342,
        0.1710147855545038,
        0.2840915832472842,
        0.5079500341720962,
        0.4593346845127408,
        0.21835216964225468,
        0.1690032511888188,
        0.3258838945822318,
        0.5074750373643965,
        0.2620683981985637,
        -0.04,
        -0.04,
        -0.04,
        -0.04,
        -0.04,
        -0.04,
        -0.04,
        -0.04,
        -0.04,
        -0.04,
        -0.04,
        -0.04,
        -0.04,
        -0.04,
        -0.04,
        -0.04,
        -0.04,
        -0.04,
        -0.04,
        -0.04
    ],
    "SensorParameterSet": [
        -0.17374073452011676,
        -0.02495688905929947,
        0.29540595106503564,
        -0.16683768380345834,
        0.49141766003606013,
        0.1068886147301052,
        0.006255210330073219,
        -0.1087761414578017,
        0.130341971684013,
        -0.14170200385047554,
        0.042305094826307135,
        0.07918499302062869,
        0.1393152501783602,
        0.10434143050392652,
        -0.029424985999408383,
        0.22192046684827343,
        -0.014701793122681163,
        0.0635417173905772,
        0.09745947033701767,
        0.01487939175945048,
        0.0920000555705037,
        -0.034601078540367286,
        0.009065772655583122,
        -0.08209413154805545,
        0.030556028285845353,
        0.015010871474828305,
        -0.01780754126269828,
        -0.051773505145263056,
        0.191053113688652,
        -0.07441132209196989,
        0.07595195875279118,
        -0.010640740037143173,
        0.14909298384134687,
        -0.09022870424224459,
        -0.048869574911067866,
        -0.13058240609305527,
        -0.26566309527570475,
        -0.10330313447638015,
        -0.2349984424025775,
        0.11400750052817457,
        0.08342634472731966,
        0.19513847834676953,
        0.027170431658709162,
        -0.011455407252787445,
        0.2370644254889692,
        -0.007243021861829567,
        0.07778147784079704,
        -0.08611603527617281,
        0.05285036508172114,
        0.1053651905030623,
        -0.1075618089419803,
        -0.05358813078963385,
        -0.22331197981776602,
        0.010345112998895343,
        -0.10641919696817746,
        0.04029447134690234,
        -0.009672201389929426,
        -0.16332052033591485,
        -0.2354529973126321,
        0.2602391251262991
    ],
    "checked": "indirect",
    "iteration": 10,
    "noise_sensor_0": [
        0.08076401346460352,
        -0.00366227598586423,
        0.006545214357315968,
        0.046117570523170615,
        -0.0006089105336990248,
        0.01706393136015234,
        0.04007135026944713,
        0.06953365952446769,
        -0.025114045212382145,
        -0.03818961242151222,
        -0.02023559118385673,
        -0.07413473530190023,
        -0.07143641028649426,
        -0.04932829660620643,
        0.023703932961928225,
        -0.03659488459553742,
        0.04550217124721389,
        0.04565218385590466,
        0.001566912367348914,
        -0.1717511769918947,
        0.0364715922824201,
        0.05499465875728911,
        -0.024438800628228022,
        0.0638144024640313,
        0.027361101878466892,
        0.013880532170468581,
        -0.09888690886905692,
        0.03464894147977036,
        0.036329923962980536,
        0.12767290607505627,
        0.02540526670732958,
        0.005767434284189928,
        -0.08741786804392059,
        0.04890500817955964,
        0.026422143610401648,
        -0.018010430609154443,
        -0.07328761301294988,
        -0.00952479685231338,
        0.03848116098430048,
        -0.036387001724879256,
        0.034301449456365034,
        -0.013724342664983138,
        0.04740433654454495,
        -0.05972126150082547,
        0.00012454918238491073,
        0.09912579571186936,
        -0.1010057457984878,
        0.03161471188801647,
        -0.028798308983973037,
        -0.024494789784173566,
        -0.04182716102390282,
        -0.04483375882240491,
        -0.07432965418308575,
        -0.009304717310767827,
        9.755340381845286e-06,
        -0.023997898426486794,
        -0.04747502276356138,
        -0.0055530284538487995,
        0.0414128719487643,
        -0.029745154657473145
    ],
    "noise_sensor_1": [
        0.020567434495900025,
        0.12863780342724218,
        -0.04477213712618618,
        -0.07565748498100962,
        0.005752444242523734,
        -0.02696807419056764,
        0.02803650409742746,
        0.0705796932031287,
        0.014531168304484612,
        -0.014119826126473885,
        -0.027529897251033567,
        -0.034066670864692214,
        0.046328729297699114,
        0.014295395213306607,
        -0.04968082674734722,
        -0.005855573724334266,
        -0.04046333548733889,
        -0.03836316335932419,
        -0.08280769382039777,
        -0.011258942070160196,
        -0.012707749450043618,
        0.0148474512189016,
        0.030666705219299095,
        -0.12966201207806913,
        -0.1299416846604623,
        -0.07101930778812403,
        -0.0069849896597336085,
        -0.057773696019133285,
        -0.025272395190997766,
        0.053635402592164594,
        0.002122728278647887,
        -0.10111520774019143,
        0.07390766392509023,
        0.0721343911355369,
        0.014252013770185349,
        0.03974366713289056,
        -0.0416009837433145,
        0.02594203230093727,
        -0.005133969047623726,
        0.008499747275078318,
        0.08811646363001976,
        0.007962188973061097,
        0.020205788311933072,
        0.008706437383187476,
        0.05787746647619667,
        0.0092308894427891,
        -0.06639688080673423,
        0.00616833099990379,
        0.020158514718830338,
        -0.07656121111981491,
        0.018137546683032236,
        -0.06330577978370343,
        0.018793948280024005,
        0.009343748724508957,
        0.08416684514635671,
        0.03253954902427371,
        0.1024555737926144,
        0.11047720498620192,
        -0.06763688525612295,
        -0.11709351552393116
    ],