{
    "ParameterSet": [
        0.0,
        0.0,
        0.0,
        0.0,
        0.0,
        0.0,
        0.0,
        0.0,
        0.0,
        0.0,
        0.0,
        0.0,
        0.0,
        0.0,
        0.0,
        0.0,
        0.0,
        0.0,
        0.0,
        0.0,
        0.5044372080402942,
        0.11179573179088269,
        0.22336131133168322,
        0.5238323908959595,
        0.4897837537401469,
        0.23336879209210276,
        0.156900132397411,
        0.2705401047539295,
        0.5045759819857375,
        0.4904423579823461,
        0.2409376907772342,
        0.1710147855545038,
        0.2840915832472842,
        0.5079500341720962,
        0.4593346845127408,
        0.21835216964225468,
        0.1690032511888188,
        0.3258838945822318,
        0.5074750373643965,
        0.2620683981985637,
        -0.04,
        -0.04,
        -0.04,
        -0.04,
        -0.04,
        -0.04,
        -0.04,
        -0.04,
        -0.04,
        -0.04,
        -0.04,
        -0.04,
        -0.04,
        -0.04,
        -0.04,
        -0.04,
        -0.04,
        -0.04,
        -0.04,
        -0.04
    ],
    "SensorParameterSet": [
        -0.03703712793985009,
        -0.10502642239870134,
        0.38671330783796837,
        -0.30508867734775247,
        0.4378118162468982,
        0.19492705381705933,
        0.0978817978043608,
        -0.17749180081947066,
        0.2474164875857142,
        -0.10222492883918503,
        0.23931655697052712,
        0.06787798106624503,
        0.13170933284256525,
        0.1227562383952742,
        -0.09160609927947393,
        0.30156883166972487,
        0.09921308350002643,
        0.09243928987119715,
        0.01897169300845534,
        0.04351435557139195,
        -0.06018892392422535,
        -0.11722901439190668,
        0.004750746550023091,
        -0.03956223446299165,
        0.03840860797204697,
        0.0022633364363636352,
        -0.06371816946313863,
        -0.12877737559597163,
        0.09761564387448021,
        -0.02161949406385621,
        0.25183315795826117,
        -0.22291026485295395,
        0.0568153200452104,
        -0.1569515262105039,
        -0.24434080205071312,
        -0.08784753468187001,
        -0.23040360551760475,
        -0.013216963358688504,
        -0.31329563010124756,
        -0.008925193481205872,
        0.07207854355313165,
        0.14010343276456552,
        -0.013188876873629978,
        0.11539509362900242,
        0.2807290499041527,
        0.3082391841319836,
        -0.012721330910013913,
        -0.1534254688726383,
        -0.04594517848787682,
        0.20580629487972224,
        0.10259352722772576,
        0.08881093221914953,
        -0.19749366329692472,
        -0.015832938443570376,
        -0.12539550580541284,
        0.23685432444659377,
        -0.26759371368182444,
        -0.21089974873766082,
        -0.21336092821210967,
        0.19982910734177445
    ],
    "checked": "indirect",
    "iteration": 16,
    "noise_sensor_0": [
        0.06447830174417817,
        0.03309497991020708,
        -0.06871046465186795,
        0.01508929712597284,
        -0.04701163411757133,
        0.06309108757942765,
        -0.08717100226824065,
        -0.029227141531846867,
        -0.0034490239360705486,
        -0.043076963674532,
        0.0028840559975346217,
        0.04364212304100353,
        0.08118697082733875,
        -0.002448348587485251,
        0.021675449693786982,
        -0.0013528578410706012,
        -0.030462075121058228,
        0.03937356232774926,
        0.050584281620452,
        -0.041475474211289894,
        -0.0293977122757571,
        0.12108940601580849,
        -0.0388581175292702,
        -0.00850888860385787,
        -0.03672490399614992,
        0.0425905778236471,
        -0.036271587447949394,
        -0.05162071038135709,
        -0.011566688050223123,
        0.0339618255791822,
        -0.08149931046290794,
        -0.005368554594876528,
        -0.021215889550368794,
        -0.013874493707519456,
        0.028388573781350523,
        0.03433693683216373,
        -0.03611724850015969,
        -0.004662539394301511,
        0.009380259293515977,
        -0.00660392448070574,
        -0.0868543938310331,
        -0.005251341535625651,
        -0.04511109589695776,
        -0.040897962393697,
        0.10947022239571472,
        -0.08727511300661592,
        0.09873051543316097,
        0.01958254727263564,
        0.04165337142149549,
        0.10426300220780187,
        -0.03528493479380609,
        -0.05191528657811146,
        0.0013927984354782986,
        -0.040868432930082375,
        -0.004250105185351966,
        -0.081269025739256,
        -0.048684367892729674,
        -0.006843922882093685,
        0.05995575122868095,
        0.05776951889455732
    ],
    "noise_sensor_1": [
        0.029605599429464363,
        0.02857241966211455,
        0.04686955136389592,
        0.029013642157854923,
        0.023940391107615554,
        0.0007878219999215758,
        -0.0649856557671205,
        -0.039086084055417525,
        0.09666406520999465,
        -0.04922127717407736,
        -0.16900628155114603,
        0.017549530245891884,
        -0.03487890718247854,
        -0.04267001694955125,
        0.049482374486080616,
        0.0412824866986259,
        0.10728753782680166,
        -0.07386225337719195,
        -0.005611669135105844,
        0.05647492914346245,
        0.10116825942088031,
        0.10317947007073264,
        0.05609629178830153,
        0.021229271694161746,
        -0.09444217773758044,
        -0.04383760409722795,
        -0.034104733383520824,
        -0.05313833363722879,
        -0.08278187399613533,
        0.003984351073859692,
        0.07118457631960598,
        -0.005845866730494223,
        0.028319302604089835,
        0.0028498232432655033,
        -0.040844689384738404,
        -0.02909650316847818,
        0.010730941865089948,
        0.10362724879514905,
        0.032974271802144337,
        -0.07051436651236961,
        0.10530231399942158,
        -0.03664366656366485,
        -0.09626908599661357,
        0.03925992772801688,
        0.050837232395325914,
        0.015116378641257882,
        0.05000723397984476,
        -0.0826478048040346,
        -0.010554214662423969,
        0.11464472178261927,
        -0.04598474448305688,
        -0.08762307262779227,
        0.06887302833616853,
        -0.01360558388168957,
        -0.16407004326720928,
        -0.05777097237668224,
        0.031269702384376354,
        -0.03476640723051011,
        0.025844947289469934,
        0.057327309946812566
    ],