{
    "ParameterSet": [
        0.0,
        0.0,
        0.0,
        0.0,
        0.0,
        0.0,
        0.0,
        0.0,
        0.0,
        0.0,
        0.0,
        0.0,
        0.0,
        0.0,
        0.0,
        0.0,
        0.0,
        0.0,
        0.0,
        0.0,
        0.5044372080402942,
        0.11179573179088269,
        0.22336131133168322,
        0.5238323908959595,
        0.4897837537401469,
        0.23336879209210276,
        0.156900132397411,
        0.2705401047539295,
        0.5045759819857375,
        0.4904423579823461,
        0.2409376907772342,
        0.1710147855545038,
        0.2840915832472842,
        0.5079500341720962,
        0.4593346845127408,
        0.21835216964225468,
        0.1690032511888188,
        0.3258838945822318,
        0.5074750373643965,
        0.2620683981985637,
        -0.04,
        -0.04,
        -0.04,
        -0.04,
        -0.04,
        -0.04,
        -0.04,
        -0.04,
        -0.04,
        -0.04,
        -0.04,
        -0.04,
        -0.04,
        -0.04,
        -0.04,
        -0.04,
        -0.04,
        -0.04,
        -0.04,
        -0.04
    ],
    "SensorParameterSet": [
        -0.026422521119133024,
        -0.061967630993507966,
        0.45632665379065634,
        -0.2944986077619245,
        0.3707159735881379,
        0.2135229833729729,
        -0.040922826176915235,
        -0.24953281773464672,
        0.2844131435269074,
        -0.18036916198332603,
        0.18175767983837862,
        0.03922439149620904,
        0.17232188626190717,
        0.12643407132694695,
        -0.03278724444670935,
        0.3570198431026073,
        0.23106862498548075,
        -0.0323433534331145,
        -0.016911889659275602,
        0.061996574026019255,
        0.1024027266689517,
        0.007249959005651614,
        0.07775749621340299,
        0.08147512316774708,
        -0.021771281916302683,
        -0.08345173226261253,
        -0.2043646772989474,
        -0.15817899293607993,
        -0.03914735216423268,
        0.026521536016685616,
        0.2573017020991279,
        -0.2634589793759241,
        0.08347429861877238,
        -0.022992754963039534,
        -0.23279077365843615,
        -0.12053491784179844,
        -0.2622097021871273,
        0.015287208670544925,
        -0.23985486695103408,
        -0.18343253725890846,
        0.09888225971147645,
        0.23274288108225022,
        -0.14613353821985475,
        0.08643510194534466,
        0.34433179228199967,
        0.29584694397358335,
        0.15383873269026663,
        -0.21000295725887447,
        0.043952738953253925,
        0.24779791765009368,
        0.03673927257702661,
        0.03568433624592139,
        -0.26145159375666727,
        0.0506751348927187,
        -0.20954576561217508,
        0.0893138832430093,
        -0.23967610359160127,
        -0.12309833041196264,
        -0.27590667983522504,
        0.29536022295286063
    ],
    "checked": "indirect",
    "iteration": 21,
    "noise_sensor_0": [
        0.02119988985237142,
        0.07832624301738234,
        -0.027000477186591113,
        0.10731518980685165,
        0.01712182940201319,
        0.07730764791249943,
        -0.02884697932798517,
        0.03333755395587583,
        0.11297015492057348,
        0.02416720794490192,
        -0.10819713732899902,
        -0.023434190123948487,
        -0.00014863909985599134,
        -0.024606854863706024,
        0.03458558412534824,
        0.08414952938623921,
        -0.03217171391100441,
        -0.05849148869535777,
        0.011787326552024984,
        -0.008038289365668309,
        -0.01560017412951708,
        0.059331202952895144,
        -0.02903035031567154,
        0.06927345921779708,
        -0.00919769802325675,
        0.01285529022991157,
        8.893435990551175e-05,
        0.010304260027627297,
        0.06707785240811276,
        0.016660718510557004,
        0.039567925702517964,
        0.06068723365688824,
        0.1605506739766019,
        -0.004019362369744961,
        -0.032439468591891535,
        0.014439300977353778,
        0.10224423070064062,
        0.107471507710686,
        -0.02199930129903173,
        -0.020780613921568797,
        -0.06481525337745937,
        0.026736813765152,
        0.09571982931293065,
        0.043790153527247876,
        0.0008867247808090217,
        -0.07991072053883648,
        0.0641711753426538,
        0.005191298321505241,
        -0.053209256331172676,
        0.025683229287781096,
        -0.1158102144946937,
        0.03520057959192497,
        -0.08940178833173193,
        -0.04999101206948478,
        -0.06527531709973414,
        0.013374494333121706,
        -0.008870190153136896,
        -0.0443045036270387,
        -0.027528726092916594,
        0.00649532871765925
    ],
    "noise_sensor_1": [
        0.029564789397755083,
        -0.02222109048536892,
        0.06927123891697247,
        0.015063880582331985,
        0.02017432205468544,
        -0.08883545875456793,
        -0.08180427581593853,
        0.1050612428580217,
        -0.04681385493210061,
        0.054098219323526514,
        0.06671079918835575,
        0.014918962174363962,
        0.00042681182824383867,
        0.02620174624256272,
        -0.10894257271375474,
        0.06511112880216978,
        -0.02603293220696203,
        -0.045973463851282405,
        0.030536991039860108,
        -0.08274016595338611,
        0.007570861287427756,
        -0.03366568077276955,
        -0.0146384954348513,
        0.00694977531322175,
        -0.04486724245443834,
        -0.0539495640450575,
        0.010792167484667539,
        0.009331585304972183,
        -0.04611529961717735,
        -0.030147474342408363,
        -0.10002267926421626,
        -0.028514812628898416,
        -0.07006298215138497,
        0.05037759180185026,
        0.05768156115994448,
        0.01775872169005571,
        0.04588301599773995,
        -0.039458880143375674,
        -0.07959372766233405,
        -0.06548611506887167,
        -0.002886579865882072,
        -0.0419761286101427,
        0.007278192617590366,
        0.0493184998581562,
        0.065333938988534,
        0.006390029175425176,
        -0.0006186297223233565,
        -0.1041105128007293,
        -0.0998122589880355,
        0.0031492422570738466,
        0.029709778686399707,
        0.04340429862008058,
        -0.07028704721001872,
        -0.0128441781543068,
        -0.06045696361017706,
        0.018604009488109065,
        0.03504340272335028,
        0.0396550370425299,
        0.04716023167731969,
        0.03472755374861407
    ],