{
    "ParameterSet": [
        0.0,
        0.0,
        0.0,
        0.0,
        0.0,
        0.0,
        0.0,
        0.0,
        0.0,
        0.0,
        0.0,
        0.0,
        0.0,
        0.0,
        0.0,
        0.0,
        0.0,
        0.0,
        0.0,
        0.0,
        0.5044372080402942,
        0.11179573179088269,
        0.22336131133168322,
        0.5238323908959595,
        0.4897837537401469,
        0.23336879209210276,
        0.156900132397411,
        0.2705401047539295,
        0.5045759819857375,
        0.4904423579823461,
        0.2409376907772342,
        0.1710147855545038,
        0.2840915832472842,
        0.5079500341720962,
        0.4593346845127408,
        0.21835216964225468,
        0.1690032511888188,
        0.3258838945822318,
        0.5074750373643965,
        0.2620683981985637,
        -0.04,
        -0.04,
        -0.04,
        -0.04,
        -0.04,
        -0.04,
        -0.04,
        -0.04,
        -0.04,
        -0.04,
        -0.04,
        -0.04,
        -0.04,
        -0.04,
        -0.04,
        -0.04,
        -0.04,
        -0.04,
        -0.04,
        -0.04
    ],
    "SensorParameterSet": [
        -0.056788750031533976,
        -0.01655552214615344,
        0.6357377652818873,
        -0.4681661641961472,
        0.42008722752082256,
        0.02210685713249362,
        -0.007254495574918398,
        -0.33204462123520695,
        0.10027624998692856,
        0.0644263199884084,
        0.14100130339308137,
        0.054870688494181655,
        0.21756973379091102,
        0.08735971726178311,
        -0.0020795325877762958,
        0.2847569709541289,
        0.07235526122693876,
        -0.1879085432625921,
        0.10991298431003121,
        0.1464694748002612,
        0.28055442149121457,
        0.03262183774053836,
        0.06593685945799,
        -0.08068667487592592,
        0.1754761261865445,
        -0.28056684096882584,
        0.1262531557528317,
        -0.09268569548717917,
        -0.2890501644892632,
        -0.1200183723871797,
        0.2239325526964773,
        -0.006687012452054079,
        -0.04990322677764004,
        -0.09395785144861989,
        -0.10772875643104561,
        -0.04008255735635892,
        -0.344694418494862,
        -0.03469710078086965,
        -0.2942078542238465,
        -0.1273624941246248,
        0.2799656571882565,
        0.17092027274396446,
        0.20778926027219,
        -0.00678396282513523,
        0.2757626436199928,
        0.36486226796487786,
        0.32755913458999125,
        -0.2541473016381666,
        -0.10084837010817271,
        0.06659022011584192,
        0.27954023557109087,
        0.25179710276009704,
        -0.3491265896191787,
        0.12387662128604407,
        -0.21204288079422356,
        0.015909143075984344,
        -0.22310492765814083,
        0.12770278789169046,
        -0.28799768027109224,
        0.1623890490771767
    ],
    "checked": "indirect",
    "iteration": 37,
    "noise_sensor_0": [
        -0.02690414319314977,
        -0.02937048396907572,
        0.10114139693802486,
        -0.022689549354454996,
        -0.05288984660066244,
        0.11353135339747011,
        -0.027404598530305226,
        0.003389828902683329,
        0.03404279045610745,
        0.04759472974705545,
        -0.01304994672512104,
        -0.002427352405976783,
        -0.023107368460322082,
        -0.08004347916889956,
        0.061752200139003774,
        0.0005267036845646835,
        -0.0011328122054106542,
        -0.009794097776503734,
        -0.06663619255516011,
        -0.03361265713339339,
        0.03900824181741214,
        0.015646292137194675,
        -0.006648407819644001,
        -0.10644987021277968,
        -0.05345448211740049,
        -0.013790419124615148,
        0.010864853661889688,
        -0.07346639148955214,
        -0.05544630484810582,
        -0.01644867074287845,
        0.04229226942923464,
        0.007631830814832663,
        -0.010357223583628745,
        -0.05922833103581051,
        -0.060381020814412434,
        0.09922043071612927,
        -0.0631899346401017,
        0.02747862656211936,
        -0.04758557788447507,
        -0.05648017449831361,
        0.06290374359622793,
        0.012792930975729911,
        -0.024206267108999504,
        -0.015317273686327237,
        -0.005928171231374896,
        -0.02035984378113938,
        -0.0643024974451403,
        -0.005187646881877869,
        -0.05862878973162125,
        0.0456323325189222,
        -0.059596683433452806,
        0.10215707785678906,
        0.00772261468673622,
        0.02160026924644371,
        0.037471809494245466,
        0.14054900132448456,
        -0.03227973911848568,
        -0.027925004075310247,
        0.11240353781384246,
        0.014577580588533746
    ],
    "noise_sensor_1": [
        0.003356379441492389,
        0.007209851427948149,
        -0.030011550679101263,
        0.05051856697587206,
        0.021053776556288203,
        0.05358842143614843,
        0.034727625890567805,
        -0.04657903521046548,
        -0.06144294387882146,
        0.06169691464907379,
        0.027109180729736705,
        0.014621282262301609,
        0.10099466804148777,
        0.06861398952726461,
        -0.007074939474119529,
        -0.06188774486519228,
        -0.025455444342792375,
        0.030237276675279565,
        0.05413553230698029,
        -0.016308221992936783,
        -0.02726405491942984,
        -0.05818263789687361,
        0.10200916316546399,
        -0.08321485102329065,
        0.012282429806015844,
        0.1423172465735499,
        0.05993380919790565,
        0.02572956219768027,
        0.029916311436605676,
        0.005882175506298441,
        0.031376699016919474,
        0.10333990341878259,
        0.03848158172857201,
        0.011595137155238954,
        0.036954892305217354,
        -0.0515874312640654,
        0.06471087250993791,
        0.01743506521570395,
        -0.018922818718227336,
        -0.07825298032956886,
        -0.05567140413495322,
        0.008336637690502455,
        -0.04931304662247052,
        0.020763084352367404,
        -0.010439054145654589,
        0.002770852641557647,
        0.11350705393235372,
        -0.02748640207558567,
        0.12127340303122046,
        -0.05104080462923799,
        -0.02108260674000895,
        -0.014936995517006937,
        -0.006659242571564204,
        -0.020716435664748355,
        -0.03682312761693936,
        0.11567809139956105,
        -0.03271315822699567,
        -0.015017499176768074,
        -0.09878847733387142,
        0.052302566626910275
    ],