{
    "ParameterSet": [
        0.0,
        0.0,
        0.0,
        0.0,
        0.0,
        0.0,
        0.0,
        0.0,
        0.0,
        0.0,
        0.0,
        0.0,
        0.0,
        0.0,
        0.0,
        0.0,
        0.0,
        0.0,
        0.0,
        0.0,
        0.5044372080402942,
        0.11179573179088269,
        0.22336131133168322,
        0.5238323908959595,
        0.4897837537401469,
        0.23336879209210276,
        0.156900132397411,
        0.2705401047539295,
        0.5045759819857375,
        0.4904423579823461,
        0.2409376907772342,
        0.1710147855545038,
        0.2840915832472842,
        0.5079500341720962,
        0.4593346845127408,
        0.21835216964225468,
        0.1690032511888188,
        0.3258838945822318,
        0.5074750373643965,
        0.2620683981985637,
        -0.04,
        -0.04,
        -0.04,
        -0.04,
        -0.04,
        -0.04,
        -0.04,
        -0.04,
        -0.04,
        -0.04,
        -0.04,
        -0.04,
        -0.04,
        -0.04,
        -0.04,
        -0.04,
        -0.04,
        -0.04,
        -0.04,
        -0.04
    ],
    "SensorParameterSet": [
        -0.14926059996131763,
        -0.014356923449110286,
        0.8139002834442237,
        -0.7168922874899503,
        0.11706047451154417,
        0.2651993250689468,
        -0.12490374179216203,
        -0.41860960822536014,
        0.45552375523340266,
        0.08912101274125023,
        0.11943349699976853,
        0.2572023412650514,
        0.4048059002457076,
        -0.12695242231196216,
        0.17878753097997976,
        0.22656867012411291,
        0.017854499601930078,
        -0.08809129061805143,
        -0.02138742552668411,
        0.19462557508084974,
        0.06057044288806964,
        0.165479950872233,
        -0.0664135223622951,
        -0.049086373010643114,
        0.07527545046356134,
        -0.3513002493668708,
        0.25508482803673843,
        0.017846343451842286,
        -0.29617464608065736,
        -0.21336831483312174,
        0.10907914617744147,
        -0.0002849389269310755,
        -0.2846782980520087,
        -0.015430716633374773,
        0.07833554726434785,
        -0.033330970088369063,
        -0.1982859485274504,
        -0.011055232011640815,
        -0.42782811508109314,
        -0.18807756411112686,
        0.5878797569385366,
        0.2725524907705061,
        0.1351290215423474,
        0.2554340452890074,
        0.6922326164860525,
        0.09345702048918889,
        0.26402851941072214,
        0.0076128386135933136,
        -0.1061883205580863,
        0.42769220525802176,
        -0.13114902777943235,
        0.28974629224191384,
        -0.3230548373663541,
        0.028017527914503404,
        -0.2645374787862264,
        0.14366198454198317,
        -0.1422181965632475,
        0.06394799377373617,
        -0.16547247848314625,
        0.14532437672015439
    ],
    "checked": "indirect",
    "iteration": 58,
    "noise_sensor_0": [
        -0.026629070416945864,
        0.05900244386625094,
        -0.12646616734273497,
        0.010749756958633097,
        0.029252671101735038,
        -0.027128175597480823,
        -0.030119292850212122,
        -0.005166095597811874,
        0.0014307855909413468,
        -0.06737451596302921,
        0.0753206279606422,
        -0.012652102130676296,
        0.005715253008908622,
        -0.06016503055561721,
        -0.014722736970563166,
        -0.015982560044818312,
        -0.038735931769504864,
        0.03605701699337424,
        -0.018590960620332782,
        -0.010024240766630256,
        0.00038277845685332634,
        -0.013241845667481197,
        0.008147957570784348,
        -0.10468208715903775,
        -0.07040193399773324,
        0.006578852528961448,
        0.05043927044725408,
        -0.014896504350584922,
        -0.07260470506331074,
        -0.0175866501358048,
        -0.039325882084146745,
        -0.024886168473680668,
        -0.012096327374541258,
        0.018250819930434897,
        -0.022909980066961176,
        0.08644577780910388,
        0.01582220609118241,
        -0.004249707474718429,
        -0.03390208726536623,
        0.046919753707549076,
        0.05219529474067706,
        -0.06157176620195434,
        -0.0011160060310996236,
        -0.11021449655218415,
        0.011548656281048385,
        0.06950193308133559,
        0.03541914468270503,
        0.01418637879574191,
        -0.0523910602010125,
        -0.0014799943674458388,
        -0.030253047483084064,
        0.027378380320813463,
        -0.02305823112991998,
        -0.023976636802452565,
        -0.05152080633083626,
        -0.023219780323234435,
        -0.00852613154935646,
        0.010446868409049409,
        -0.009011958053802524,
        0.0024901194465140075
    ],
    "noise_sensor_1": [
        0.023493924733434805,
        -0.004077487983624525,
        0.0005745202517500597,
        -0.014662305623486015,
        -0.047054078167503906,
        -0.02405773841827637,
        -0.021611147867374,
        -0.08145823878106,
        -0.06672498870796725,
        0.025144724396350713,
        0.08657794789302854,
        0.0424433115062812,
        0.019781854937967573,
        -0.01869150856313614,
        0.03870893243537906,
        0.003129907421406563,
        -0.03376976821398163,
        0.02339455439283083,
        0.10442021625592857,
        -0.013699466386264035,
        0.09849156296871259,
        0.024338867722888156,
        0.01638650009867979,
        0.06340728111542045,
        0.020823796906363524,
        -0.047824563837060595,
        0.036584238703093,
        -0.03980937101220587,
        0.00828742889033301,
        0.01685241724833732,
        0.02392946917934709,
        -0.023161909895911454,
        -0.06591851475347021,
        -0.03445586812914971,
        -0.008426642925985526,
        0.04860457802226236,
        -0.06801626600163851,
        -0.07894632922226848,
        0.03391925909866494,
        0.00023643539185436028,
        0.030272142968428253,
        -0.02997902187123911,
        -0.07618075128393925,
        -0.05261980452279909,
        -0.000790504247696411,
        0.032177032084680784,
        -0.09594705701168582,
        -0.035461064060036185,
        -0.04939975567649002,
        0.017943846124587246,
        -0.02808538292432905,
        0.08877688014871694,
        0.059135267941398874,
        -0.026877295662677672,
        -0.05999448110884911,
        -0.04060553638171993,
        0.04064880252376884,
        -0.029183535410146563,
        0.03270758033711129,
        0.07114545713861141
    ],