{
    "ParameterSet": [
        0.0,
        0.0,
        0.0,
        0.0,
        0.0,
        0.0,
        0.0,
        0.0,
        0.0,
        0.0,
        0.0,
        0.0,
        0.0,
        0.0,
        0.0,
        0.0,
        0.0,
        0.0,
        0.0,
        0.0,
        0.5044372080402942,
        0.11179573179088269,
        0.22336131133168322,
        0.5238323908959595,
        0.4897837537401469,
        0.23336879209210276,
        0.156900132397411,
        0.2705401047539295,
        0.5045759819857375,
        0.4904423579823461,
        0.2409376907772342,
        0.1710147855545038,
        0.2840915832472842,
        0.5079500341720962,
        0.4593346845127408,
        0.21835216964225468,
        0.1690032511888188,
        0.3258838945822318,
        0.5074750373643965,
        0.2620683981985637,
        -0.04,
        -0.04,
        -0.04,
        -0.04,
        -0.04,
        -0.04,
        -0.04,
        -0.04,
        -0.04,
        -0.04,
        -0.04,
        -0.04,
        -0.04,
        -0.04,
        -0.04,
        -0.04,
        -0.04,
        -0.04,
        -0.04,
        -0.04
    ],
    "SensorParameterSet": [
        -0.1773673807633078,
        -0.08542782625416037,
        0.7351101983981527,
        -0.6112622091213848,
        0.13391121583622517,
        0.3356747001775431,
        -0.19373695914186678,
        -0.45835680429304276,
        0.35840821894471725,
        0.05257947371100392,
        0.22317838296498593,
        0.26754888931295007,
        0.42989961124588094,
        -0.1716364850904907,
        0.21519635017472707,
        0.2503286379695015,
        -0.0396254785625505,
        -0.055390401760612454,
        -0.019622427989455193,
        0.22700221866887677,
        0.0971172149340315,
        0.10301135352572913,
        -0.041233629744837005,
        -0.009309178317621482,
        -0.010395524890805141,
        -0.43296248777380786,
        0.29452884090486675,
        0.15032568176554875,
        -0.3375152559507835,
        -0.06328134781252401,
        0.0505715658823286,
        -0.03343212360722685,
        -0.27106455714644134,
        0.021152672131476733,
        0.08335800986446729,
        -0.018250813929117083,
        -0.32795008604419196,
        0.05036573769673534,
        -0.4098654051685706,
        -0.20750111351087186,
        0.6529930005300274,
        0.3066125959709032,
        0.08080522564993264,
        0.28828541843778605,
        0.7326020235913115,
        0.09472862842977905,
        0.274468913908189,
        0.07526293373908427,
        -0.1629002212309925,
        0.3634178266865909,
        -0.05739311785073594,
        0.24125047057781235,
        -0.21698338223209077,
        0.035126834069753456,
        -0.2912147950001261,
        0.19326484161564791,
        -0.10802298056191785,
        0.07211282260924125,
        -0.25102906922955504,
        0.07769790988913328
    ],
    "checked": "indirect",
    "iteration": 62,
    "noise_sensor_0": [
        -0.013182174658275677,
        0.008818120459905883,
        0.08263400311980394,
        -0.05040852293633628,
        0.026397038177147805,
        0.0025401589927541287,
        0.03368939251957221,
        -0.026146351301571974,
        -0.01672934954866912,
        0.011415224302299588,
        -0.018880133280880076,
        -0.06048390580322568,
        0.002871628867469701,
        -0.0337906514134656,
        -0.035344963371028,
        -0.06089395506395451,
        -0.08183732375025451,
        0.024258922091927176,
        0.014566472002383176,
        0.050198117817126166,
        0.016402439424583037,
        -0.1019732507548719,
        0.03244202599400074,
        0.008474516662973336,
        0.019750175772444003,
        0.056953307038424515,
        -0.06433765058284303,
        -0.02444748925528637,
        -0.02995369058073328,
        -0.06154389436884106,
        -0.06961282334472099,
        -0.033725133347009474,
        -0.0627425911487105,
        -0.024850027638867553,
        0.00819974117561939,
        -0.03005865918986368,
        0.11870566201509092,
        -0.023554440584224044,
        0.0006955518084455352,
        0.0658406368251494,
        0.02311660425368955,
        0.02920516521039594,
        -0.05987764481945652,
        -0.07363874514266273,
        0.06204387753828665,
        -0.034209042050631536,
        0.055299300546435795,
        0.01840722704333296,
        0.04400926009777273,
        0.06394444961592263,
        -0.06753060004072851,
        0.04046216246642043,
        0.06794260626384004,
        0.06567701791018234,
        -0.0035482896285358692,
        0.0033976364440585177,
        -0.039052445522824865,
        0.05790057308793312,
        -0.003673262483144709,
        -0.01481619858129527
    ],
    "noise_sensor_1": [
        0.030576209307705948,
        0.014290794058400487,
        0.06702226911322905,
        -0.025211489506205963,
        0.05850990598205822,
        0.04797126361664465,
        0.01548067392054328,
        -0.0008579022776352804,
        -0.0031561922556173744,
        0.0031019525189308365,
        0.02509352176663053,
        0.025005916113665254,
        0.07666234952712059,
        0.05381492941651239,
        -0.004515924363275989,
        0.05408111754869847,
        0.04371891608621695,
        0.01687638413468346,
        0.001978564710480269,
        -0.0003573759467795981,
        -0.012705940685886435,
        0.02036853428860325,
        0.02271383097753058,
        -0.046948855482527585,
        0.05172532524281778,
        0.024595686479514083,
        -0.023453035085036242,
        -0.035213765639614175,
        0.07133193999458781,
        -0.10386359165998786,
        -0.005354481960626493,
        0.049762378287018606,
        -0.009382353735051255,
        -0.01863612469822268,
        0.010538111708979074,
        -0.12154720678730091,
        0.034966496844875176,
        -0.03338295814483049,
        0.03787257641312764,
        0.04813313394068112,
        0.027200873334541645,
        0.11611969106072989,
        0.02394824980790819,
        -0.021260195102521556,
        0.0487289929703491,
        -0.03257927191413782,
        0.0022965441706437936,
        -0.046868539095076885,
        0.047085258659439445,
        -0.019801019326166118,
        -0.056326584879833864,
        0.06060732279142189,
        0.05171640907604061,
        0.03202021018916124,
        0.008917079027784295,
        -0.053113564255233815,
        -0.0404966437108008,
        -0.011810491533473234,
        -0.019194105577734145,
        -0.0118472520887301
    ],