{
    "ParameterSet": [
        0.0,
        0.0,
        0.0,
        0.0,
        0.0,
        0.0,
        0.0,
        0.0,
        0.0,
        0.0,
        0.0,
        0.0,
        0.0,
        0.0,
        0.0,
        0.0,
        0.0,
        0.0,
        0.0,
        0.0,
        0.5044372080402942,
        0.11179573179088269,
        0.22336131133168322,
        0.5238323908959595,
        0.4897837537401469,
        0.23336879209210276,
        0.156900132397411,
        0.2705401047539295,
        0.5045759819857375,
        0.4904423579823461,
        0.2409376907772342,
        0.1710147855545038,
        0.2840915832472842,
        0.5079500341720962,
        0.4593346845127408,
        0.21835216964225468,
        0.1690032511888188,
        0.3258838945822318,
        0.5074750373643965,
        0.2620683981985637,
        -0.04,
        -0.04,
        -0.04,
        -0.04,
        -0.04,
        -0.04,
        -0.04,
        -0.04,
        -0.04,
        -0.04,
        -0.04,
        -0.04,
        -0.04,
        -0.04,
        -0.04,
        -0.04,
        -0.04,
        -0.04,
        -0.04,
        -0.04
    ],
    "SensorParameterSet": [
        -0.05556400804615011,
        -0.03610608789459769,
        0.7551969339180457,
        -0.6340842535410103,
        -0.14057823579576137,
        0.2408918499235531,
        -0.2316674139842054,
        -0.5596580270300736,
        0.3321949570883118,
        -0.07389241969247763,
        0.38571140371783635,
        0.3170329387372253,
        0.3164793994946124,
        -0.2782397573535992,
        0.308435813852028,
        0.11394359234600178,
        0.2190979799134223,
        -0.18182093232436394,
        -0.09930540239118754,
        0.07988459027313867,
        0.22484205550092093,
        0.11325966740827537,
        -0.041762728872167164,
        0.11613792564530578,
        0.0662709870905805,
        -0.47512765901709303,
        0.1867952854135425,
        0.18080114124259788,
        -0.25836842973595797,
        -0.16345122138586146,
        0.22310397493372006,
        0.020653744580478976,
        -0.21078709266886508,
        0.012638551039243634,
        0.06639734438698564,
        -0.03958268705646099,
        -0.3135332960554195,
        0.008211562140042518,
        -0.35504793810501317,
        -0.22905617425494193,
        0.6005439816573751,
        0.3707139863312404,
        0.3629686483198913,
        0.42597020684439457,
        0.9972263047245755,
        -0.06012348084436146,
        0.197959879978635,
        0.14097323576102402,
        -0.19199134950119634,
        0.23179258776787073,
        -0.2978966550029058,
        0.2757709314713723,
        -0.3012476208646781,
        0.19094840669774132,
        -0.411457191786402,
        0.06093509014339035,
        -0.2996827642616921,
        0.08660204940682072,
        -0.08734472436968962,
        0.23511106292118547
    ],
    "checked": "indirect",
    "iteration": 86,
    "noise_sensor_0": [
        -0.016596608852021254,
        0.021656464034293943,
        -0.011098094287198145,
        0.0521182341131478,
        -0.04068656650729146,
        0.020522922953784783,
        -0.07755756642574556,
        0.04131766764651836,
        -0.06682432148778325,
        0.026149364307992685,
        0.03978761478692501,
        0.04418752296864263,
        -0.005151691779660682,
        -0.041618756844223476,
        -0.05851500233073407,
        0.015804700064656778,
        0.03520397663653777,
        0.016227868483872147,
        -0.0069505458596039685,
        0.04024569330758222,
        -0.029223679314912796,
        0.01360883485741311,
        -0.02031704061097598,
        -0.032871166180086404,
        -0.04309510025989692,
        -0.06661862417631509,
        -0.05325168273792279,
        -0.03575802192793848,
        0.025109033671744743,
        -0.04293360307968604,
        0.0815963140806232,
        -0.030962310340312316,
        0.04155477980947421,
        0.0017001408217678475,
        0.050839939947680615,
        -0.040487368408749114,
        -0.02000973732151145,
        0.05776099782313763,
        0.016146892255248874,
        0.02902002099441388,
        0.033055032916642205,
        -0.002975418098312359,
        0.002989643423791499,
        0.02573557288919012,
        0.05061810554796844,
        -0.07612836891914437,
        0.046084312447700136,
        -0.0318605977133973,
        -0.011666592116145631,
        0.011340557411956704,
        0.0052389549593938,
        0.04089949279250104,
        0.00022203714980741993,
        0.059829263968827276,
        0.10539666093968367,
        -0.024543490952587052,
        -0.10074418304695422,
        -0.01608068487399647,
        0.013221644331824893,
        0.027527775428700895
    ],
    "noise_sensor_1": [
        0.06589596127107118,
        -0.027912027701449748,
        0.017934708174905323,
        0.05109674577618932,
        -0.011500945752219504,
        0.03223861489083097,
        0.012619680872271518,
        0.02222536659810142,
        -0.016478219946811933,
        -0.014533744289798485,
        0.0011526478484611311,
        -0.05234765312397543,
        0.003385019707511665,
        0.006027567006625718,
        -0.0066130759804385085,
        -0.056622971656294235,
        -0.05950853661419371,
        0.001081995613531314,
        -0.021019518559312896,
        0.011960936957324593,
        0.003933878868816871,
        -0.021593343770415118,
        -0.07009558697794822,
        -0.022854535535040004,
        0.031510107927316684,
        0.03354815618323714,
        -0.01850591274921507,
        -0.048229966609216496,
        0.06324190741266664,
        0.00487687267269471,
        -0.039132186016437746,
        -0.010720490413735833,
        -0.008325156161602253,
        0.04912961390945798,
        -0.03635391599831873,
        0.054916569811968866,
        -0.007961479265048898,
        0.03510082834550398,
        0.023067801455633755,
        0.06265286250761011,
        -0.015442865217798621,
        -0.007826228278403855,
        0.02201382680422641,
        0.03233597128067192,
        -0.02623825912256758,
        0.03536635662175315,
        -0.04261319519618494,
        0.04915529483303469,
        0.009008493008729463,
        -0.021588975753027366,
        -0.017826086890862448,
        -0.030763175814517065,
        -0.013629398416805601,
        -0.03672316463504904,
        0.09688464202091208,
        -0.0018903727108961215,
        -0.057546433444141135,
        0.005271686442884421,
        -0.08927521551996635,
        0.042900524051232784
    ],