{
    "ParameterSet": [
        0.0,
        0.0,
        0.0,
        0.0,
        0.0,
        0.0,
        0.0,
        0.0,
        0.0,
        0.0,
        0.0,
        0.0,
        0.0,
        0.0,
        0.0,
        0.0,
        0.0,
        0.0,
        0.0,
        0.0,
        0.5044372080402942,
        0.11179573179088269,
        0.22336131133168322,
        0.5238323908959595,
        0.4897837537401469,
        0.23336879209210276,
        0.156900132397411,
        0.2705401047539295,
        0.5045759819857375,
        0.4904423579823461,
        0.2409376907772342,
        0.1710147855545038,
        0.2840915832472842,
        0.5079500341720962,
        0.4593346845127408,
        0.21835216964225468,
        0.1690032511888188,
        0.3258838945822318,
        0.5074750373643965,
        0.2620683981985637,
        -0.04,
        -0.04,
        -0.04,
        -0.04,
        -0.04,
        -0.04,
        -0.04,
        -0.04,
        -0.04,
        -0.04,
        -0.04,
        -0.04,
        -0.04,
        -0.04,
        -0.04,
        -0.04,
        -0.04,
        -0.04,
        -0.04,
        -0.04
    ],
    "SensorParameterSet": [
        -0.05925555183574696,
        0.053522731823665404,
        0.8110056109200465,
        -0.5548205159109327,
        -0.06379347295859995,
        0.27882113391457275,
        -0.2118314907128353,
        -0.5660518704402201,
        0.3612509966629327,
        -0.023612345989647517,
        0.3848652268030902,
        0.20190200893138646,
        0.32179113014866084,
        -0.23768169186201443,
        0.27159344178797595,
        0.2167272988556838,
        0.10505570017724591,
        -0.06306183413931643,
        -0.03512556053456455,
        0.20161092937370922,
        0.2732839145201325,
        0.15197896138032072,
        -0.10040154795598084,
        0.08276165065321235,
        -0.006851398945341274,
        -0.5277227335660392,
        0.19967862591429242,
        0.12831987706991246,
        -0.20119276750622944,
        -0.1473344124425642,
        0.04449908032200199,
        -0.03489916558250985,
        -0.202884801973038,
        0.0394546493958884,
        0.03866378043579133,
        -0.035070528849279275,
        -0.3429914229839026,
        -0.06013875907673512,
        -0.3631237663373057,
        -0.15532155892185778,
        0.611453937370685,
        0.36764912436319197,
        0.3729551978267429,
        0.3402487561159215,
        0.8695889376048181,
        -0.016921858041183124,
        0.23555238136538525,
        0.09487448646783854,
        -0.2706657584121373,
        0.3750618293511954,
        -0.14646262521475595,
        0.24127498916717138,
        -0.3453282040354039,
        0.188487481674525,
        -0.3861072817845889,
        -0.024445472376959345,
        -0.2895844135096736,
        0.16177019266077158,
        -0.08500771461040327,
        0.309987192378172
    ],
    "checked": "indirect",
    "iteration": 80,
    "noise_sensor_0": [
        0.0631991032728643,
        0.041260297592495616,
        -0.008692895119899183,
        -0.04179287540274284,
        0.03919832795143418,
        -0.054217310849815806,
        0.026542860468745145,
        -0.0493315262167983,
        0.047628291256509275,
        -0.04076558413942718,
        -0.0021383785232541464,
        0.01796561184081852,
        0.016521600189877198,
        -0.0013199468576083118,
        -0.03058619400679355,
        -0.015016246440672195,
        -0.03113977135069484,
        -0.09239520455256282,
        -0.07769979017521574,
        -0.0713762392700955,
        0.03447953606295437,
        0.0031352922319966598,
        0.02042253611561936,
        0.026121132075722045,
        -0.024142314026196213,
        0.03643021471135837,
        0.08096426131636739,
        -0.012404240816329999,
        -0.014921745471701461,
        0.007417893364614307,
        0.08665649588300185,
        -0.03132828925873327,
        0.00016128360090668674,
        -0.08672707460924717,
        0.028909610822701742,
        0.08042139935530022,
        0.022285516027283233,
        0.004037732268452151,
        0.030994512475375588,
        -0.03326637322355644,
        -0.012527978349981279,
        0.011330639941551436,
        -0.009187789225997698,
        0.08568418809394074,
        0.007471083225556328,
        -0.056384185353039844,
        -0.0008721652756682449,
        -0.008979284754568162,
        0.08907400009958347,
        0.03026302594567075,
        0.007144386555530784,
        -0.007660291287640977,
        -0.0026363912204906367,
        0.02652417852920302,
        0.007475607195872453,
        -0.010540274169239038,
        0.019856951346808458,
        -0.056961713622940766,
        -0.038014624975049725,
        -0.08756109642265529
    ],
    "noise_sensor_1": [
        -0.008791478869312449,
        0.07475152712454804,
        -0.06348267364168039,
        0.03665303664650495,
        0.03278371175971271,
        0.03654586059277431,
        0.014406794823559735,
        -0.0019864031333774947,
        -0.021998447942196235,
        -0.02713204344343598,
        0.02348795448412824,
        0.017526572753471567,
        -0.021204286559950707,
        -0.06660530659936176,
        -0.038079237602469854,
        -0.017634032129507975,
        0.014702316485131778,
        -0.010159990690283146,
        0.021804751040010062,
        0.029664431050855176,
        -0.043497807519296355,
        -0.0175761230247613,
        -0.023432319247979817,
        -0.05897525764928275,
        0.03858703651305538,
        0.04335854344238457,
        -0.05368513401785515,
        0.004089039386366339,
        0.010762873407045914,
        0.00847252621876194,
        -0.002137406924458645,
        0.006723497911690196,
        -0.06678460246353875,
        -0.0013944317363605108,
        -0.06609085591827035,
        -0.031351526925958995,
        0.011141593734219723,
        -0.0680111997102809,
        0.0414098067232967,
        -0.005064634762756496,
        -0.026856678389157555,
        -0.006930824806584353,
        0.025046165443522058,
        0.005691006444481947,
        -0.06334802567830422,
        -0.028793320470151304,
        0.006489630137653022,
        -0.00440298723831835,
        -0.02142878668117616,
        0.029890073324636692,
        -3.766628911198614e-05,
        0.010790206332561782,
        0.06153988510494188,
        -0.002668950697874249,
        -0.027167769915920736,
        0.01867720838336526,
        -2.527018665698604e-05,
        -0.015111971458341903,
        0.003951386038695156,
        0.02972897091033925
    ],