{
    "ParameterSet": [
        0.0,
        0.0,
        0.0,
        0.0,
        0.0,
        0.0,
        0.0,
        0.0,
        0.0,
        0.0,
        0.0,
        0.0,
        0.0,
        0.0,
        0.0,
        0.0,
        0.0,
        0.0,
        0.0,
        0.0,
        0.5044372080402942,
        0.11179573179088269,
        0.22336131133168322,
        0.5238323908959595,
        0.4897837537401469,
        0.23336879209210276,
        0.156900132397411,
        0.2705401047539295,
        0.5045759819857375,
        0.4904423579823461,
        0.2409376907772342,
        0.1710147855545038,
        0.2840915832472842,
        0.5079500341720962,
        0.4593346845127408,
        0.21835216964225468,
        0.1690032511888188,
        0.3258838945822318,
        0.5074750373643965,
        0.2620683981985637,
        -0.04,
        -0.04,
        -0.04,
        -0.04,
        -0.04,
        -0.04,
        -0.04,
        -0.04,
        -0.04,
        -0.04,
        -0.04,
        -0.04,
        -0.04,
        -0.04,
        -0.04,
        -0.04,
        -0.04,
        -0.04,
        -0.04,
        -0.04
    ],
    "SensorParameterSet": [
        -0.07235444375768525,
        -0.03789104950023805,
        0.6920398141066074,
        -0.4442300386335044,
        0.2573400857339049,
        0.0875204476477215,
        0.006632900349396759,
        -0.3246521752663176,
        0.20959617280519585,
        0.16588507786389792,
        0.11012161741886921,
        -0.01462024916356766,
        0.2520584145208165,
        -0.0314843126285063,
        -0.06178122766230605,
        0.25137442324734255,
        0.07485853693553185,
        -0.16763936024455445,
        0.16526755873076573,
        0.14087750839625177,
        0.23495792898568163,
        0.0545119479666766,
        0.11328676571790447,
        -0.05093679463513862,
        0.20482663269549553,
        -0.3772530934975431,
        0.22713682581189967,
        0.04339856131259805,
        -0.2764671805651181,
        -0.13879488680201954,
        0.14329911787379077,
        -0.02801938381016317,
        -0.14596307181997817,
        -0.07912826614632555,
        0.06042602033996602,
        0.03379622230033072,
        -0.4743896945404531,
        -0.0628283952986298,
        -0.29673318892879885,
        -0.16616884669466717,
        0.20921988582543857,
        0.15483687340198315,
        0.19604823081579284,
        -0.010341504770441323,
        0.33307548887446475,
        0.24519374737734193,
        0.3074574332644962,
        -0.1878402221967221,
        -0.09003672513273946,
        0.1426175582005236,
        0.23690162637707407,
        0.2993631970321565,
        -0.4402148025670891,
        0.08968321604596831,
        -0.2035954625743796,
        0.15046655848315424,
        -0.1503348921774687,
        0.18155363102950944,
        -0.2430886612738848,
        0.1533511087726335
    ],
    "checked": "indirect",
    "iteration": 40,
    "noise_sensor_0": [
        0.013881596308402841,
        -0.03320991615068368,
        0.008059256926706898,
        -0.050394533416533556,
        -0.04196164338264027,
        -0.0983871886450681,
        0.014005916665549192,
        0.05244506177336344,
        -0.029132036004489624,
        0.030767655229223336,
        -0.01088497783032653,
        0.009131361206310841,
        -0.00571569732834395,
        -0.06816793576706358,
        -0.006062396556341325,
        0.0006571115146599872,
        -0.05296871434753517,
        0.045916572016743165,
        -0.06335943899712326,
        -0.006819388777820803,
        -0.009274852325228684,
        -0.028101117809702616,
        0.06490873629020319,
        -0.05733937452201215,
        -0.018175026884417616,
        -0.003960309555923758,
        0.0042550807509880995,
        0.02127299833251766,
        0.0471075152702064,
        -0.04471000569203273,
        -0.011895387440044012,
        0.025529123726817232,
        0.04092747805181301,
        0.009749574287636316,
        0.03547404366620381,
        0.03359559413671432,
        -0.04651110968079015,
        0.04593875488926379,
        -0.03479285199243933,
        0.0327810729124223,
        -0.01327290083617355,
        -0.026079712745201197,
        0.0509124506169934,
        0.007374921683070776,
        0.1123604121169955,
        -0.044941808611263886,
        -0.03534248520635278,
        0.005815286647358992,
        -0.009114899627546086,
        -0.022351803022743925,
        -0.05514959535626273,
        0.09549836435573819,
        0.09032720024608369,
        -0.007280038807570709,
        0.062355643073853495,
        -0.03289276502135057,
        -0.00412238099323876,
        -0.06349581286042641,
        0.010830916496364286,
        -0.03409449194690224
    ],
    "noise_sensor_1": [
        -0.031966000716680196,
        -0.015703905451661452,
        0.04214288468157779,
        0.03484788457929233,
        0.04558138527124302,
        0.01284454029417826,
        -0.08665487482128503,
        0.008111562385836806,
        0.0506666739288952,
        -0.12724171828985958,
        -0.0028160507409706074,
        0.0169728323406815,
        0.06980247895983638,
        0.002429278365320502,
        0.015220268215574099,
        0.03714595439358297,
        0.04637741434036602,
        0.012719539489274198,
        0.058332646827752764,
        -0.06087926041071527,
        -0.01129046626312703,
        0.004558779357765701,
        -0.015314188558292908,
        0.007535763039987213,
        -0.006811480160105257,
        -0.0376241521993162,
        0.0030911115986214334,
        0.026716542018835252,
        0.021997857945231916,
        0.06647011480487817,
        -0.0014181881146796429,
        -0.035490845511956956,
        0.02094968685533489,
        -0.018272007668265314,
        -0.027199661370430867,
        -0.04814873306768496,
        -0.01109395040498984,
        0.005418846177314833,
        0.006578950789051164,
        -0.05412906086173996,
        0.0643383347016279,
        0.0040085894239345644,
        0.06616076253193716,
        -0.07035150802232351,
        -0.027536473832639363,
        0.01504660549744394,
        0.08183169752303662,
        -0.04815172440766334,
        -0.005146279276481117,
        -0.049337501719524876,
        0.04136799844112968,
        -0.02901635534094744,
        0.02847290421228939,
        -0.0015261241966717995,
        -0.053236043136914345,
        -0.027128115214391586,
        -0.03909619220363779,
        -0.011294079156179509,
        -0.00631441444818398,
        -0.0467167695049858
    ],