{
    "ParameterSet": [
        0.0,
        0.0,
        0.0,
        0.0,
        0.0,
        0.0,
        0.0,
        0.0,
        0.0,
        0.0,
        0.0,
        0.0,
        0.0,
        0.0,
        0.0,
        0.0,
        0.0,
        0.0,
        0.0,
        0.0,
        0.5044372080402942,
        0.11179573179088269,
        0.22336131133168322,
        0.5238323908959595,
        0.4897837537401469,
        0.23336879209210276,
        0.156900132397411,
        0.2705401047539295,
        0.5045759819857375,
        0.4904423579823461,
        0.2409376907772342,
        0.1710147855545038,
        0.2840915832472842,
        0.5079500341720962,
        0.4593346845127408,
        0.21835216964225468,
        0.1690032511888188,
        0.3258838945822318,
        0.5074750373643965,
        0.2620683981985637,
        -0.04,
        -0.04,
        -0.04,
        -0.04,
        -0.04,
        -0.04,
        -0.04,
        -0.04,
        -0.04,
        -0.04,
        -0.04,
        -0.04,
        -0.04,
        -0.04,
        -0.04,
        -0.04,
        -0.04,
        -0.04,
        -0.04,
        -0.04
    ],
    "SensorParameterSet": [
        -0.09810538891545911,
        0.11144341871766532,
        0.539038129129837,
        -0.5495940274030953,
        0.1059246119603621,
        0.07508814057980132,
        -0.08940070422967619,
        -0.4000471704635193,
        0.39471907705311865,
        0.058456936321610455,
        0.16193788992441874,
        0.1909024652057165,
        0.32192122627567027,
        -0.173729810299554,
        0.0031058282395313675,
        0.09556484360719272,
        0.058379209345046076,
        -0.10551798042170639,
        0.05013037123709599,
        0.20775862673947185,
        0.1657632734333906,
        0.14853630333359147,
        0.035479001008961966,
        -0.2039529766406923,
        0.2059074307690503,
        -0.4019656235579656,
        0.2910166313799416,
        0.06255966024924789,
        -0.3062384120944768,
        -0.11481238211869409,
        0.06747320784491516,
        0.07407657844049868,
        -0.1971673901293556,
        -0.08834610755040351,
        0.06499384638396621,
        -0.00045878374715215833,
        -0.2763967299857387,
        -0.061529787123401576,
        -0.3623452975553546,
        -0.08572786077934642,
        0.45707228861051274,
        0.263389580313903,
        0.06701890116685282,
        0.1849250114186215,
        0.6422386269808594,
        0.039258783188558105,
        0.2518076127800214,
        0.09622734070364104,
        -0.10464557766090384,
        0.1728128251392422,
        0.07922847939028742,
        0.36552445122703925,
        -0.41110724239036256,
        0.08690020494940508,
        -0.19663649082651585,
        0.1763445191968056,
        -0.2236296956588335,
        0.129867470625705,
        -0.1822649322912234,
        0.18520385427639013
    ],
    "checked": "indirect",
    "iteration": 50,
    "noise_sensor_0": [
        0.05345241217184417,
        0.039468172670857456,
        -0.03639375986151209,
        0.009764544687802384,
        -0.03650191130692177,
        -0.02350994249162968,
        -0.01714264121318634,
        -0.03837507905519409,
        0.05511046117477973,
        -0.07530747371999452,
        0.04344616998557295,
        0.050586680086056365,
        -0.012864679250155959,
        0.04780765583196109,
        0.04231691015086487,
        -0.06568755491363505,
        -0.05814137654079762,
        0.0650843178815879,
        0.009946608216585343,
        0.027750440247438668,
        0.010836764225971981,
        -0.03022058358544238,
        -0.039805372070424054,
        0.05473624830770521,
        -0.005903501026632599,
        -0.04600928538522096,
        -0.11442940360123396,
        0.0642596890282498,
        -0.057239844680507974,
        -0.08680841925627217,
        -0.01741274790427188,
        0.04353003659871973,
        0.017944842902597753,
        -0.023647746181328273,
        -0.0019388654737388664,
        0.02056355665877472,
        0.03868768115376343,
        -0.026820900542120107,
        -0.09671384617745049,
        0.051712265306779186,
        0.04207411740005367,
        0.04851091299999789,
        0.027911310126431887,
        -0.02523880402876783,
        0.07322170957982078,
        0.06325038868478526,
        0.028411233277365677,
        -0.07988497699958057,
        -0.009850720037647106,
        0.027501176668603015,
        0.0902400914033588,
        0.06055941867687686,
        0.030318661006178554,
        -0.05726354056196526,
        -0.015315451205395032,
        0.02674573075548768,
        -0.05025224023694456,
        0.006745658268973624,
        0.09038103261732183,
        -0.03282970324891624
    ],
    "noise_sensor_1": [
        -0.06444373495568399,
        0.002076868414283595,
        -0.005180323300676868,
        0.05629337469312261,
        0.02820943544524756,
        0.000986650503051477,
        0.02034775753277885,
        -0.013471231206234942,
        -0.00337601109978804,
        0.03348664542588575,
        0.0783462620618085,
        -0.024436290878679923,
        0.027714203783542998,
        -0.013256381316463898,
        -0.001993875780135346,
        0.014955616133437162,
        0.055139958169437654,
        0.05976234002823862,
        0.01751313870621307,
        0.04157260382513979,
        0.013185305190064788,
        -0.011933051888098217,
        -0.0318770659207396,
        -0.005888374290675064,
        -0.05432785531154444,
        0.0440266316242835,
        0.07867863140765242,
        -0.04590491023307363,
        0.01763938199797438,
        -0.021794397177239928,
        -0.0023561368819366452,
        0.0311524541137121,
        -0.0007919402399299142,
        -0.09099149147327461,
        0.0017571574529221675,
        0.06540642379594921,
        0.0065340766543387045,
        -0.07782540258921344,
        -0.0383779578964977,
        0.04990488699258051,
        0.06494236509082624,
        0.036112113771821205,
        -0.0446038398908769,
        0.01981711712727116,
        -0.020963152209163356,
        0.002830727590886626,
        0.08809262539637176,
        -0.00754074744774176,
        0.07523614173335895,
        -0.009419532169770015,
        0.06782316979438471,
        -0.058842392865535234,
        -0.019672548816367076,
        0.038020132586121566,
        -0.05236865953948068,
        0.0027538390687091557,
        -0.07253750055678164,
        -0.07437894489598719,
        0.024812649905578393,
        0.04969574869660529
    ],