{
    "ParameterSet": [
        0.0,
        0.0,
        0.0,
        0.0,
        0.0,
        0.0,
        0.0,
        0.0,
        0.0,
        0.0,
        0.0,
        0.0,
        0.0,
        0.0,
        0.0,
        0.0,
        0.0,
        0.0,
        0.0,
        0.0,
        0.5044372080402942,
        0.11179573179088269,
        0.22336131133168322,
        0.5238323908959595,
        0.4897837537401469,
        0.23336879209210276,
        0.156900132397411,
        0.2705401047539295,
        0.5045759819857375,
        0.4904423579823461,
        0.2409376907772342,
        0.1710147855545038,
        0.2840915832472842,
        0.5079500341720962,
        0.4593346845127408,
        0.21835216964225468,
        0.1690032511888188,
        0.3258838945822318,
        0.5074750373643965,
        0.2620683981985637,
        -0.04,
        -0.04,
        -0.04,
        -0.04,
        -0.04,
        -0.04,
        -0.04,
        -0.04,
        -0.04,
        -0.04,
        -0.04,
        -0.04,
        -0.04,
        -0.04,
        -0.04,
        -0.04,
        -0.04,
        -0.04,
        -0.04,
        -0.04
    ],
    "SensorParameterSet": [
        -0.014712776243591467,
        0.2631991993966306,
        0.09772264110187077,
        0.22749887036149266,
        -0.4048949818612886,
        0.004861877383552858,
        0.07375805298530787,
        0.1959446752527758,
        -0.0889359465949503,
        -0.05759566242666403,
        0.04168440842377188,
        -0.20398213641540025,
        0.04218775434373311,
        0.06921630173473753,
        -0.05581782145337141,
        -0.026194222936652176,
        -0.17134641478825371,
        -0.12970903745741094,
        0.043534487835909394,
        -0.19431081915213774,
        -0.07939652226833739,
        -0.008692214229822243,
        -0.08298851870182407,
        -0.01672906020151498,
        -0.15478491659804183,
        -0.11828370382597161,
        -0.07553997460495027,
        -0.0063999962144268,
        0.22409341763119983,
        0.016786927872341217,
        0.056090541239833334,
        0.1694682423552372,
        0.043558964986952324,
        0.2587929168114171,
        -0.017603789685246906,
        0.10434732058939179,
        0.08463058088613393,
        0.010758696381703433,
        0.12134015076663773,
        -0.02868563957730469,
        0.11575834342327493,
        -0.0686356566682257,
        -0.1429443799773733,
        0.30331673723138497,
        0.25600966673647935,
        -0.013770161247687849,
        0.31375476194917495,
        0.25435982896738707,
        -0.07754021106647811,
        -0.198645770763789,
        -0.07477530052792468,
        0.16655280126096292,
        -0.1443552942091833,
        -0.09519263438017492,
        -0.1054892991575937,
        -0.4906561594928817,
        0.13695175265695858,
        0.015322357910488091,
        -0.1419685249265468,
        0.1515590855816052
    ],
    "checked": "indirect",
    "iteration": 81,
    "noise_sensor_0": [
        -0.014037421383359866,
        0.0018221535016480887,
        -0.019094895003743704,
        0.010647018033524814,
        0.0007488734204946054,
        -0.008272193262021707,
        0.0016444718083114783,
        0.011157083594239732,
        -0.002310016988234702,
        0.0011223505666879787,
        -0.0005279642124591829,
        0.013523747013224766,
        0.005687205213092628,
        0.012667268543798038,
        0.010411231827336413,
        -0.005374137276335235,
        0.020556713760361826,
        -0.000912670984123671,
        -0.00472736252404253,
        0.010327479649866191,
        -0.011057368885832742,
        -0.007916127395561967,
        0.012448238803520075,
        0.010327165511725564,
        0.003712652366522776,
        0.03387239097374829,
        -0.014839815323611132,
        0.0006183905108107131,
        -0.006549939709784394,
        0.010089964224942167,
        0.011916922113508114,
        0.009744835035949456,
        0.012392918685752857,
        -0.009572101212997087,
        -0.002010608850018531,
        0.011866978126799972,
        -0.013854460563582992,
        0.013865542428511467,
        0.006518189349878398,
        -0.011030564762641283,
        -0.00809184858148907,
        0.010261608601430277,
        -0.013051637506776098,
        0.00332431986872557,
        -0.0030036354248921876,
        -0.007917389445187255,
        -0.03336013258147108,
        -0.01774129468888903,
        -0.0026180852818993745,
        -0.00045867041904559954,
        -0.03922852204527938,
        -0.005943045764592967,
        -0.027336308295405516,
        -0.0022918057544187784,
        -0.00617888077150454,
        0.019714842372800866,
        -0.0027892222509597565,
        0.0016589556827737953,
        0.01158827405963953,
        -0.004704234859923733
    ],
    "noise_sensor_1": [
        -0.005317000739765328,
        0.0179116140200747,
        -0.012428596796982404,
        -0.008845921353244541,
        -0.010915422629720496,
        -0.020262409507103722,
        0.0008756013887883076,
        -0.00901274109173487,
        -0.015467461498699929,
        0.006875430876371189,
        -0.001852903464205086,
        0.023488033170909292,
        -0.0017637816017337558,
        -0.0034143427688092262,
        0.013305553741142723,
        0.011841346927166315,
        0.022873761766299926,
        -0.001991049511510054,
        0.012990691408379475,
        0.003723872361391218,
        -0.015443003880923655,
        0.008794545346415838,
        -0.0057718534794119055,
        0.0016213854045730566,
        -0.020487618689533936,
        0.012254926983949031,
        -0.015870660451427043,
        0.00391070265522673,
        0.0016539069088259202,
        -0.017795773480736233,
        -0.02220740609980544,
        -0.01514281500102335,
        0.009303299729150971,
        -0.016342450366752696,
        0.007042819720903965,
        -0.010588539766368478,
        0.0023106650030729784,
        -0.005981552849235896,
        -0.008897614425582553,
        -0.012068137549977202,
        0.01431924218123109,
        0.016395639049795446,
        -0.0027980440938952847,
        -0.008723564166309062,
        0.017521584480720147,
        -0.0006527077103909474,
        -0.012910183685374397,
        -0.011815667141787849,
        0.018618891742587733,
        0.020528219236542182,
        0.009512590700155683,
        -0.00890532061734051,
        0.011779776425946888,
        -0.01704622374346288,
        0.005780025158035316,
        -0.016085571893624986,
        0.000657941800308383,
        0.011221947355831662,
        -0.016407764123799844,
        -0.00024652106943226325
    ],