{
    "ParameterSet": [
        0.0,
        0.0,
        0.0,
        0.0,
        0.0,
        0.0,
        0.0,
        0.0,
        0.0,
        0.0,
        0.0,
        0.0,
        0.0,
        0.0,
        0.0,
        0.0,
        0.0,
        0.0,
        0.0,
        0.0,
        0.5044372080402942,
        0.11179573179088269,
        0.22336131133168322,
        0.5238323908959595,
        0.4897837537401469,
        0.23336879209210276,
        0.156900132397411,
        0.2705401047539295,
        0.5045759819857375,
        0.4904423579823461,
        0.2409376907772342,
        0.1710147855545038,
        0.2840915832472842,
        0.5079500341720962,
        0.4593346845127408,
        0.21835216964225468,
        0.1690032511888188,
        0.3258838945822318,
        0.5074750373643965,
        0.2620683981985637,
        -0.04,
        -0.04,
        -0.04,
        -0.04,
        -0.04,
        -0.04,
        -0.04,
        -0.04,
        -0.04,
        -0.04,
        -0.04,
        -0.04,
        -0.04,
        -0.04,
        -0.04,
        -0.04,
        -0.04,
        -0.04,
        -0.04,
        -0.04
    ],
    "SensorParameterSet": [
        -0.007745236931241616,
        0.09724613612253678,
        -0.02934666566309069,
        0.06610737542313096,
        -0.15551427588108768,
        0.018318775899283178,
        0.038362307255922684,
        0.06373717259387444,
        -0.10036081003931846,
        0.07962877030557262,
        -0.004128763023016384,
        -0.048174246562070526,
        0.07970271246522087,
        -0.008517363850922373,
        0.027316841722775532,
        0.09526833548786139,
        -0.030780075349748696,
        -0.05242311121977203,
        0.060874019736814014,
        -0.04705030864734528,
        -0.11497511532679038,
        0.03219701184970702,
        -0.09751291121592925,
        -0.06770083671237982,
        -0.03192505259348816,
        -0.049163011811389365,
        0.057018517804476726,
        -0.04600551549402898,
        0.15439243056624183,
        0.027150450308772587,
        -0.0005984107791543973,
        0.0511249001790234,
        0.13799818548150017,
        0.09397151195798498,
        0.02539869776063045,
        0.13955792668580203,
        -0.024324080794422373,
        0.008833938058911509,
        0.057201722728907015,
        0.08988008030042784,
        0.01733466740652053,
        0.0190546461405757,
        -0.03916848309816485,
        0.017643141526358742,
        0.05543502299152781,
        0.0642067375117699,
        0.06033489192042405,
        0.15026207496677466,
        0.009081183402054199,
        -0.030896623885266847,
        -0.05692276893038653,
        0.04664554375640504,
        -0.03898853328666486,
        0.01789153268236997,
        -0.016651027633114643,
        -0.15347935042362215,
        -0.03677662929546102,
        -0.017090227729141712,
        -0.03970730746094505,
        0.004265921681848215
    ],
    "checked": "indirect",
    "iteration": 16,
    "noise_sensor_0": [
        -0.031164531025692447,
        -0.009369610416386573,
        0.0029724529649849786,
        -0.010459757303768663,
        -0.014500148906458147,
        0.011361540986183702,
        -0.025224468627422586,
        -0.003192805517314069,
        0.02301812244366578,
        0.01893857624753838,
        0.02736748878584859,
        -0.017840484169788572,
        -0.026152945896498615,
        0.01730184191893017,
        -0.0004999952268089344,
        0.01704881085998684,
        0.024644601339690264,
        0.0029020408985945237,
        0.012383469236462547,
        0.007071879181100848,
        0.011825115726997504,
        -0.00965144243424696,
        -0.007321754542454808,
        0.0520799786076845,
        0.003167981630417483,
        0.02836708052835294,
        0.0010842274302947953,
        0.022759652116200842,
        0.02652846755624165,
        0.025668584652384644,
        -0.025422743589119275,
        0.009533013212895635,
        0.0009640615030735339,
        0.0009346941505973723,
        0.04338832368585201,
        0.0037509319601770627,
        0.029754910827311572,
        0.012160958629223083,
        -0.01991310292736292,
        -0.02341583883265287,
        0.012187414125314502,
        -0.017277297512708636,
        0.007677479811323527,
        -0.01880722968394357,
        0.029951954353624778,
        0.011410682185648908,
        -0.0028345470450708873,
        -0.00926336452935778,
        -0.013503144103563023,
        -0.0032055681966593227,
        -0.0064758211844270904,
        0.016785384096153544,
        -0.0031246409006681023,
        -0.011236229921428822,
        -0.0007457619011168539,
        -0.0046298888063593625,
        0.007145572813452011,
        0.004938166281589198,
        -0.018483221285924795,
        -0.021848422395880685
    ],
    "noise_sensor_1": [
        0.015687094767506248,
        -0.022804547867748874,
        -0.006136674814154425,
        -0.00308170431303154,
        0.01505035081952988,
        0.020130167443308488,
        0.02012825184458304,
        0.002307527648293238,
        -0.027991580200692857,
        -0.0018099077512965338,
        -0.01903616179198259,
        0.0025152010311522643,
        0.005348071161963344,
        0.03746920701466186,
        -0.021790834981307457,
        0.004394233140124549,
        0.017716747120276335,
        0.00781718384046917,
        -0.03671382759414667,
        -0.019755602405857112,
        -0.009977814426975243,
        -0.018384219141942357,
        0.0051934511300867105,
        0.00025082069915994794,
        0.0021037134361246374,
        -0.008442146973246864,
        0.0074838577722737285,
        -0.0241434655610788,
        0.003408809672925604,
        -0.01910469640758467,
        0.0060825085729527975,
        -0.006560498322655975,
        -7.985068341838562e-05,
        -0.014209995361308706,
        -0.0008017420468779611,
        -0.008097136340385098,
        -0.004520893100954348,
        0.0026343460641946623,
        0.016160533744170157,
        0.013648249555474572,
        0.044287016697437245,
        -0.02313541251454842,
        -0.00942489062728969,
        0.007039002533807888,
        0.005901230549354158,
        0.006034239885999887,
        0.021706110740076823,
        0.013289490872428892,
        0.020606459733581883,
        -0.0064083072043559135,
        -0.013369207915125256,
        0.02265698522155878,
        0.0010699035834564638,
        -0.01537085076497059,
        0.0012360648012994875,
        -0.004670104315386994,
        -0.029828054639730952,
        0.01874745941572715,
        0.0038714156397002355,
        -0.008149381205624364
    ],