{
    "ParameterSet": [
        0.0,
        0.0,
        0.0,
        0.0,
        0.0,
        0.0,
        0.0,
        0.0,
        0.0,
        0.0,
        0.0,
        0.0,
        0.0,
        0.0,
        0.0,
        0.0,
        0.0,
        0.0,
        0.0,
        0.0,
        0.5044372080402942,
        0.11179573179088269,
        0.22336131133168322,
        0.5238323908959595,
        0.4897837537401469,
        0.23336879209210276,
        0.156900132397411,
        0.2705401047539295,
        0.5045759819857375,
        0.4904423579823461,
        0.2409376907772342,
        0.1710147855545038,
        0.2840915832472842,
        0.5079500341720962,
        0.4593346845127408,
        0.21835216964225468,
        0.1690032511888188,
        0.3258838945822318,
        0.5074750373643965,
        0.2620683981985637,
        -0.04,
        -0.04,
        -0.04,
        -0.04,
        -0.04,
        -0.04,
        -0.04,
        -0.04,
        -0.04,
        -0.04,
        -0.04,
        -0.04,
        -0.04,
        -0.04,
        -0.04,
        -0.04,
        -0.04,
        -0.04,
        -0.04,
        -0.04
    ],
    "SensorParameterSet": [
        0.006299224407505168,
        0.19912237891705023,
        0.11679769120227498,
        0.2288466245879761,
        -0.355691809628566,
        0.05901440642019745,
        0.14893725339095568,
        0.18305568283653542,
        -0.10216530013096851,
        0.01841712369805086,
        0.033283665209673644,
        -0.12309738581458889,
        0.052425652263087354,
        -0.010380920051421464,
        0.005856023649946931,
        -0.01911927970458793,
        -0.22679510566178085,
        -0.1967243994517829,
        0.11111455315574856,
        -0.1761358720300096,
        -0.11586624903447916,
        -0.06469411465959926,
        -0.07812269010815824,
        -0.026558182032252225,
        -0.18265393934112054,
        -0.1018447702167575,
        -0.07081663117293847,
        0.037757883700579274,
        0.21813404572427209,
        -0.03629345700159931,
        0.08564339709089308,
        0.1403876583297799,
        0.045516093427997284,
        0.24118596838997367,
        0.017396734965892207,
        0.1317042243308409,
        0.11648588959230044,
        0.06466782930463164,
        0.06069130961736108,
        -0.02552570675602415,
        0.12112137903362706,
        -0.04834558629888656,
        -0.06770328325761109,
        0.22926060090558506,
        0.19918354341006503,
        0.08652708631971039,
        0.2379399862479538,
        0.20130435910965802,
        -0.06104027790526021,
        -0.11896240881107208,
        -0.08411662266169892,
        0.1078539723834396,
        -0.10748134220868488,
        -0.0938282598300405,
        -0.11155924185161055,
        -0.4133534988275683,
        0.05058423229743519,
        -0.009225784470313452,
        -0.03862358560775183,
        0.14034969942074146
    ],
    "checked": "indirect",
    "iteration": 62,
    "noise_sensor_0": [
        0.010317798959802917,
        -0.00866445256947187,
        0.018766934713670233,
        0.007460601268038558,
        0.016817183902155787,
        -0.012440317276159744,
        0.008634187769663687,
        0.012056039820248238,
        -0.000946035215227129,
        -0.009436178744620077,
        0.0015071717043069071,
        -0.01806136561541023,
        0.014564803292255242,
        0.02965212529483317,
        0.0026836594679217358,
        -0.006586115481808973,
        0.019460665397700635,
        -0.016110517121392238,
        -0.0015601938824942561,
        -0.007285255998148758,
        -0.018615102735105502,
        -0.01356728892887953,
        0.017623250255713166,
        -0.0042677118684506,
        0.021892001730157404,
        0.010668783857754927,
        0.0002297242897038608,
        -0.01906503717062225,
        0.015824178099917055,
        0.00036005064122217144,
        -0.0012970993936215539,
        -0.014426402175179574,
        0.022522431845777912,
        0.012906187932373315,
        -0.0006357662900947923,
        0.012286874056914978,
        -0.005494005804884831,
        -0.03659455960588505,
        0.00044174976553147254,
        0.004560806115283671,
        -0.014968272541705343,
        0.009663148455205429,
        0.0025207348183510234,
        0.00793257189629177,
        -0.03877125762814551,
        -0.024039100027807226,
        -0.0004656206350119037,
        -0.01986259682019746,
        0.010324902982878187,
        -0.002792378616037206,
        0.01022017883145367,
        0.012303823520269546,
        0.023247047545269062,
        0.0148463364222907,
        -0.0015956234070019916,
        0.00963420594388074,
        -0.00216599291899918,
        0.0028017364814151057,
        -0.02684510210090971,
        -0.00542179046971142
    ],
    "noise_sensor_1": [
        -0.017488281234126695,
        0.019184140972848,
        0.01164251094578587,
        0.0006608578173379813,
        0.00713174107046919,
        -0.004686648858833945,
        0.01746923444687336,
        -0.04058799753307177,
        0.013962476664894391,
        -0.005048059246059437,
        -0.015347382098366424,
        0.0023160480714087502,
        0.0021757532733612966,
        0.010811406721694972,
        -0.016687109614129645,
        0.001109562110008072,
        0.005235729290629198,
        0.0054142814264523,
        -0.0051448720981652615,
        0.000804582497614448,
        -0.024821916320009244,
        0.008005045951308099,
        0.006628792245044353,
        0.0072449942848427165,
        -0.010717960530351532,
        -0.020652446338135105,
        0.022470668246654474,
        0.020072389788111124,
        0.010085488276174294,
        0.015446164094687444,
        0.017695706858128633,
        -0.0030703779400501315,
        0.00841837535604067,
        0.0014624234624136673,
        0.012174990596053682,
        -0.007979814314341964,
        0.01296003627309845,
        0.00018068627216487074,
        -0.010719716412696235,
        0.021067954881649656,
        0.017890595745831545,
        -0.030890854934975915,
        -0.015632000132335205,
        0.0029111746343338536,
        -0.031596521568827404,
        0.020518519073073834,
        -0.013411007465826878,
        -0.005916815449064924,
        -0.0028076706447251213,
        -0.013849671740321133,
        -0.016749945865278566,
        0.004731998317426437,
        0.0011386757835077676,
        -0.016316498327462518,
        -0.004322280789506539,
        -0.01998412211186674,
        0.009172559191963742,
        -0.00448058686438134,
        0.003302106954925436,
        -0.005593637965845675
    ],