{
    "ParameterSet": [
        0.0,
        0.0,
        0.0,
        0.0,
        0.0,
        0.0,
        0.0,
        0.0,
        0.0,
        0.0,
        0.0,
        0.0,
        0.0,
        0.0,
        0.0,
        0.0,
        0.0,
        0.0,
        0.0,
        0.0,
        0.5044372080402942,
        0.11179573179088269,
        0.22336131133168322,
        0.5238323908959595,
        0.4897837537401469,
        0.23336879209210276,
        0.156900132397411,
        0.2705401047539295,
        0.5045759819857375,
        0.4904423579823461,
        0.2409376907772342,
        0.1710147855545038,
        0.2840915832472842,
        0.5079500341720962,
        0.4593346845127408,
        0.21835216964225468,
        0.1690032511888188,
        0.3258838945822318,
        0.5074750373643965,
        0.2620683981985637,
        -0.04,
        -0.04,
        -0.04,
        -0.04,
        -0.04,
        -0.04,
        -0.04,
        -0.04,
        -0.04,
        -0.04,
        -0.04,
        -0.04,
        -0.04,
        -0.04,
        -0.04,
        -0.04,
        -0.04,
        -0.04,
        -0.04,
        -0.04
    ],
    "SensorParameterSet": [
        0.01786831898957293,
        0.06099867640678816,
        -0.03145485651284235,
        0.054158374910895445,
        -0.11579464247129541,
        0.0017829735347018772,
        0.02145841887873345,
        0.0730116609849371,
        -0.03678250533532479,
        0.08042343912308247,
        -0.033674287692231714,
        -0.03600357790123806,
        0.033719754199866725,
        -0.013106779001241539,
        0.025077879801449165,
        0.09344811318011632,
        -0.057463518815196075,
        -0.06580975813073872,
        0.04077194693592528,
        -0.029806775170176585,
        -0.07760884649597352,
        0.04274452356837499,
        -0.09680669031354804,
        -0.05023320157501775,
        -0.05377462767958567,
        -0.02246747565933875,
        0.043010125713674095,
        -0.047589146858926595,
        0.13064391862852215,
        0.06517910405094339,
        -0.013573529661937757,
        0.04522803172872338,
        0.15367712565385952,
        0.08327723411739058,
        0.04140250529508461,
        0.08439521642494423,
        0.006205096777918517,
        -0.008397146720976325,
        0.036821539923708124,
        0.09356498182816961,
        0.024220945247966683,
        0.05084846255319242,
        -0.025523757358166674,
        0.0027017723371817745,
        0.03314714493361152,
        0.04776355392492511,
        0.06015361852553917,
        0.17557018267300425,
        0.013153119854204528,
        -0.008600923705818013,
        -0.0268361504689844,
        0.04311021202946849,
        -0.049889749442842725,
        0.01371575064434818,
        -0.029791239554948983,
        -0.17414469125117457,
        -0.05030586817169619,
        0.0015795100708687658,
        -0.010817820410887961,
        0.0012918041297663935
    ],
    "checked": "indirect",
    "iteration": 13,
    "noise_sensor_0": [
        0.021564382504953645,
        -0.051422558773773004,
        -0.01196378323424324,
        -0.03846465079059459,
        0.0037834681855883874,
        0.0016409854670970205,
        -0.0031042327454305426,
        0.02801420605047822,
        0.015852003499173768,
        -0.00267474383917265,
        0.009297386353566868,
        -0.026399482745544794,
        0.022170328237722393,
        0.004692019443845493,
        -0.027236666932176353,
        0.02364003002450475,
        -0.03126987870183438,
        0.006088207862598362,
        0.017469025429638893,
        0.002435936295849745,
        -0.030590451087119063,
        0.01699801427453743,
        -0.005382168193060327,
        -0.003963608895421789,
        0.0023281533245436588,
        0.008262090750074206,
        -0.010980345930648368,
        0.0224774918945554,
        -0.02600823181276929,
        0.02250303025245806,
        0.03430741433191605,
        -0.01188069807375248,
        0.00013881281949282376,
        0.005250595115750793,
        0.031110678615846633,
        0.01399917067359176,
        -0.025911460375900416,
        0.017904639686665395,
        -0.03566053589856409,
        -5.751967302926432e-05,
        -0.00585060038018023,
        0.019286500755156328,
        0.008537056487574229,
        -0.01851106058348936,
        0.043949575321203145,
        0.0035978287545201117,
        0.009850075741537768,
        -0.017580358036872946,
        -0.01832892977791102,
        0.04544895794811024,
        0.0015667419496910493,
        0.0023460988209291697,
        -0.03729048550837083,
        -0.02345990386947238,
        0.036811282704588916,
        0.0370709442881678,
        0.018064815200339847,
        0.006594350771904009,
        -0.016380513562391133,
        0.0004657037435459927
    ],
    "noise_sensor_1": [
        0.01440531988834245,
        0.01568426199467063,
        0.003080927179444118,
        -0.03004412878336178,
        -0.007602433374411513,
        0.02208310656262331,
        0.004554784137663698,
        0.0006972516943654688,
        -0.016609723131766854,
        0.012761961788097192,
        0.008480455565930238,
        -0.013553773627899592,
        0.00488107979809275,
        -0.0003931704866786565,
        0.019408202164376956,
        0.021426973353626727,
        0.021528101950270183,
        -0.024162658321617004,
        -0.015495956089554829,
        0.011471462818373402,
        0.01892519988159914,
        -0.009713351508346554,
        -0.001258329251670875,
        0.0018233941532399707,
        0.0274305960227821,
        0.018379413375567828,
        -0.007780990127332829,
        -0.0036390449328582864,
        -0.012865528020355963,
        -0.027175092566298662,
        0.014610801288387723,
        -0.004942615542392641,
        -0.017125905920971584,
        -0.017321102953412174,
        -0.010789949352779552,
        0.023445127546601448,
        0.0065937302915650515,
        -0.005185533711759955,
        0.0023278785191592033,
        0.005588238720525682,
        -0.004255329994054418,
        -0.026563787473413748,
        0.014566836354413784,
        0.004219237039220733,
        -0.02402929533705548,
        -0.006296362185289462,
        0.01302300381902539,
        0.001632293896750477,
        0.005386263612819452,
        0.025339092203207313,
        0.02993309136807758,
        -0.0017167611467651615,
        -0.008945701781485675,
        -0.01761926349698651,
        -0.026732466302522725,
        0.00376590685964473,
        -0.013745939904971999,
        0.017154413560112027,
        0.02636780304210797,
        -0.011386495219167908
    ],