{
    "ParameterSet": [
        0.0,
        0.0,
        0.0,
        0.0,
        0.0,
        0.0,
        0.0,
        0.0,
        0.0,
        0.0,
        0.0,
        0.0,
        0.0,
        0.0,
        0.0,
        0.0,
        0.0,
        0.0,
        0.0,
        0.0,
        0.5044372080402942,
        0.11179573179088269,
        0.22336131133168322,
        0.5238323908959595,
        0.4897837537401469,
        0.23336879209210276,
        0.156900132397411,
        0.2705401047539295,
        0.5045759819857375,
        0.4904423579823461,
        0.2409376907772342,
        0.1710147855545038,
        0.2840915832472842,
        0.5079500341720962,
        0.4593346845127408,
        0.21835216964225468,
        0.1690032511888188,
        0.3258838945822318,
        0.5074750373643965,
        0.2620683981985637,
        -0.04,
        -0.04,
        -0.04,
        -0.04,
        -0.04,
        -0.04,
        -0.04,
        -0.04,
        -0.04,
        -0.04,
        -0.04,
        -0.04,
        -0.04,
        -0.04,
        -0.04,
        -0.04,
        -0.04,
        -0.04,
        -0.04,
        -0.04
    ],
    "SensorParameterSet": [
        0.015110606685658686,
        0.2031569237388046,
        0.10688079139910195,
        0.22315618619299407,
        -0.3308306662231898,
        0.08447973139299057,
        0.14131362349216228,
        0.19080086755521702,
        -0.110466357402874,
        0.03290960844310198,
        0.0603181674775379,
        -0.1210229213376059,
        0.06650018355897044,
        -0.0024300407286516217,
        0.02138484192974247,
        -0.01715833639007044,
        -0.2048418124721171,
        -0.21933519110822194,
        0.11051658713689384,
        -0.1672406800762768,
        -0.10230517129927211,
        -0.08736286677907806,
        -0.08413679237888258,
        -0.050012749536946,
        -0.20286516464649026,
        -0.09057879871389884,
        -0.07256124025662061,
        0.05104863631175551,
        0.22054818155112504,
        -0.050967792952073876,
        0.08147224725625894,
        0.1637311252546208,
        0.07845504493789607,
        0.20687233404466437,
        -0.019439524347239265,
        0.14044336972497204,
        0.10243796158922595,
        0.05314037674127031,
        0.033539608108546656,
        -0.03485621622490596,
        0.11445215366170339,
        -0.08918596211400397,
        -0.03674491010532115,
        0.1859457817843893,
        0.20573466643381672,
        0.05102273493816675,
        0.23669917226866383,
        0.20339643610976074,
        -0.031898064163659715,
        -0.1504219909435112,
        -0.10686800514000737,
        0.07034399807244321,
        -0.10000790539831217,
        -0.061684804919143986,
        -0.11353550439348604,
        -0.39445762615094343,
        0.055098646919539494,
        0.01358919116345925,
        -0.057396246595550565,
        0.13602617869029338
    ],
    "checked": "indirect",
    "iteration": 58,
    "noise_sensor_0": [
        0.0058729032302991665,
        -0.014930880723214829,
        -0.012225798899328144,
        0.025340457473327076,
        -0.005475346424606643,
        -0.0011407570298721484,
        0.017878610362320295,
        -0.0028597132208057576,
        0.010912525107019427,
        0.029734611367609,
        -0.0011213724304721358,
        -0.008081052991449499,
        0.016390315988163456,
        -0.012136418411547644,
        -0.004601087822235042,
        -0.005426809156044718,
        -0.006461150936555616,
        -0.0008137469187548861,
        -0.008453356296522904,
        0.01858464841658103,
        -0.004901866730817854,
        0.003969684603316206,
        -0.0026570171407547254,
        -0.005779316294882271,
        0.014191288126648473,
        0.01021203025447116,
        0.02992897304114974,
        -0.004125858309989393,
        -0.006614420697218038,
        0.010837806756089455,
        -0.009496529882668865,
        0.012767321394809395,
        0.0040778897719152,
        0.009660830185854292,
        0.018022644885463197,
        0.015401405737298944,
        -0.004523873634078611,
        0.023642404793466545,
        0.015329381141935834,
        -0.0019048660041802552,
        -0.0023650777604698413,
        0.019897840942202042,
        -0.005151914181794909,
        -0.0021807895937769437,
        0.009321500514566261,
        -0.0035026476096975076,
        -0.003777615753883238,
        -0.04594522424175142,
        0.002312694525616858,
        0.0049302061677011936,
        -0.011154304649078687,
        0.03041701064705117,
        -0.007602737701108442,
        0.01064304075276703,
        -0.020127347908217047,
        0.02968232456358625,
        0.016706614215938206,
        0.013275475041569377,
        0.001675564059838484,
        0.030393165910219705
    ],
    "noise_sensor_1": [
        -0.023730171779947514,
        0.0009727979941120679,
        0.007978009017159988,
        0.01564826477471087,
        -0.029202661741893576,
        -0.017140735867628317,
        -0.003926057049482349,
        -0.00990965725173545,
        -0.03005876148351481,
        0.007411444893036323,
        0.020924445838703166,
        0.005644699035882209,
        0.029656393304117293,
        0.008822812133625594,
        0.014386904563209025,
        -0.02680685959499188,
        0.0021128680040070993,
        -0.03498032640973404,
        0.015709172758060504,
        -0.014061724082084785,
        -0.02156639427101308,
        -0.012460136763828568,
        -0.01419388999711602,
        0.0013595573607198162,
        0.0031851934026053685,
        0.010750673562752862,
        0.008915588638291201,
        -0.010823646162396436,
        0.0015161747368730133,
        0.0069414822590266306,
        -0.001969508928039624,
        -0.024232721183339672,
        -0.012775908235830273,
        0.013307361471980658,
        0.014575717122848143,
        -0.012618751430218091,
        0.0015731713081547798,
        0.02033989339505006,
        -0.029003753099086156,
        -0.01225452590723775,
        0.018717443001832063,
        -0.012458948032244578,
        -0.018643968151058597,
        -0.013615200313649028,
        0.018688214942979807,
        0.0005250813661261854,
        0.00031405197205786213,
        0.022637888210436153,
        0.015981420705818976,
        -0.011190782742264857,
        0.00261089897027585,
        0.0001400315708908721,
        -0.0010555803567628109,
        0.01471317260639325,
        -0.0011463248950334937,
        -0.010361099580135721,
        0.0065159754874842745,
        0.000859645732643959,
        0.014511705792830685,
        0.0024248587681081186
    ],