{
    "ParameterSet": [
        0.0,
        0.0,
        0.0,
        0.0,
        0.0,
        0.0,
        0.0,
        0.0,
        0.0,
        0.0,
        0.0,
        0.0,
        0.0,
        0.0,
        0.0,
        0.0,
        0.0,
        0.0,
        0.0,
        0.0,
        0.5044372080402942,
        0.11179573179088269,
        0.22336131133168322,
        0.5238323908959595,
        0.4897837537401469,
        0.23336879209210276,
        0.156900132397411,
        0.2705401047539295,
        0.5045759819857375,
        0.4904423579823461,
        0.2409376907772342,
        0.1710147855545038,
        0.2840915832472842,
        0.5079500341720962,
        0.4593346845127408,
        0.21835216964225468,
        0.1690032511888188,
        0.3258838945822318,
        0.5074750373643965,
        0.2620683981985637,
        -0.04,
        -0.04,
        -0.04,
        -0.04,
        -0.04,
        -0.04,
        -0.04,
        -0.04,
        -0.04,
        -0.04,
        -0.04,
        -0.04,
        -0.04,
        -0.04,
        -0.04,
        -0.04,
        -0.04,
        -0.04,
        -0.04,
        -0.04
    ],
    "SensorParameterSet": [
        0.026407749714229423,
        0.1988380825109033,
        0.09940763228547209,
        0.20286834559048508,
        -0.29679689890511196,
        0.05487764021020316,
        0.0948636028936962,
        0.16556637801619886,
        -0.0895557114564712,
        0.024136047067447777,
        0.04855927674073143,
        -0.13066631245692867,
        0.05454578305842174,
        -0.036051386851810245,
        0.0206982954629376,
        -0.004415405785013393,
        -0.2105260719738727,
        -0.23407453034285305,
        0.052612861546995404,
        -0.14973814177657024,
        -0.10889129784127954,
        -0.069611741729926,
        -0.07305479114723396,
        -0.07392354680734811,
        -0.16123295010265098,
        -0.08470747372809709,
        -0.06277557749927623,
        0.019862514684749644,
        0.2470457577401416,
        -0.07578046015454458,
        0.04554621808167631,
        0.11660592731361621,
        0.09237934587815132,
        0.2180235149258861,
        -0.05146238259071597,
        0.13640865740966884,
        0.10307987768952996,
        0.07592730506762797,
        0.033246489311973534,
        -0.036398267661112677,
        0.07909046472489134,
        -0.09968815711834221,
        -0.016139102456504083,
        0.1981256384957151,
        0.18278346704581575,
        0.0362419521520124,
        0.2149649701023515,
        0.1952734459602032,
        -0.023421665319290453,
        -0.13358672251075004,
        -0.10371746184576786,
        0.028382611449838304,
        -0.07866148410455057,
        -0.05988130275427415,
        -0.15106463503216014,
        -0.3594707068907509,
        0.023781757004113266,
        0.0283455980879325,
        -0.0750318114401726,
        0.11289831100605605
    ],
    "checked": "indirect",
    "iteration": 54,
    "noise_sensor_0": [
        -0.00802587494504236,
        0.011798273715903309,
        -0.014045540662310554,
        -0.023247859107952833,
        0.020207392990585916,
        0.03853235956236858,
        0.01945299337301494,
        -0.00273566144395808,
        -0.032141619557918104,
        0.013546464640606343,
        0.008790104203027425,
        -0.02158972181817283,
        -0.00036217040768757856,
        0.010328431631266514,
        0.0002757270717548182,
        -0.0005540269965015974,
        0.01965710200521833,
        0.023250572352057523,
        0.02081602621573712,
        0.003667363520372698,
        -0.002319709640748728,
        0.0069544687778337515,
        -0.0081672350597475,
        -0.009525681598028087,
        0.0060032341587802325,
        -0.021540739833150968,
        -0.00830153302629317,
        0.04181244357778607,
        -0.028080605411589892,
        0.004272289416235808,
        -0.012463543686206455,
        -0.012812758385247112,
        0.006080751543212081,
        0.027610470032989477,
        8.296542441349178e-05,
        -0.00970531690122351,
        -0.01448006257940863,
        -0.004370793147588278,
        0.024799651738691225,
        -0.007469820309232166,
        -0.011765159110925537,
        0.021382990328089362,
        -0.00978376475465645,
        -0.018211493173618552,
        0.013622550231852793,
        0.02426267900780709,
        -0.0072374382712734105,
        0.007380707623348148,
        0.003231822677153186,
        0.014398291202841446,
        0.003581620132736846,
        -0.0062614765008274596,
        -0.02318971505014591,
        0.00565703200759169,
        0.01032328594644908,
        -0.0025956778694263202,
        -0.0047659806899936555,
        0.009032549443752381,
        0.024887972247708817,
        -0.011267463375727878
    ],
    "noise_sensor_1": [
        0.010899605217408072,
        -0.03232449849069008,
        0.00031377059050778216,
        0.017270294222940425,
        -0.011108971651501565,
        0.006447900833934465,
        0.007438344236112442,
        0.013620013403898795,
        -0.007977150974609163,
        -0.01156172386836476,
        0.010971522133806085,
        0.006766126205072968,
        -0.006590278368643334,
        -0.009659353426211093,
        0.014712118640384167,
        -0.005112246271169564,
        0.03211459859421881,
        0.003426497858500055,
        -0.018593144258423434,
        0.025905808664140002,
        0.030386188624826685,
        -0.017279131050417076,
        -0.010219080946139963,
        0.019708386572332925,
        0.00982106453135762,
        0.019524208889487443,
        0.00013736931896141254,
        -0.00858583129363323,
        -0.011570178868095603,
        -0.006879969195603081,
        -0.0034005888401460213,
        -0.004513345922634314,
        0.006834049664953388,
        -0.0025486516126737918,
        -0.003487738479454859,
        0.00966158679656962,
        -0.009571357184262252,
        0.02136590331703174,
        -0.026813960114098333,
        0.032299449098777466,
        0.016412309465839707,
        -0.0029318464310338983,
        -0.02153552515675269,
        -0.005667671034281109,
        -0.02141372386579075,
        -0.021165744286879406,
        0.020372715950772096,
        -0.02127460711853478,
        -0.01962206280361197,
        0.013052411166517308,
        0.029786159514119743,
        -0.003827527963560452,
        -0.03008331457848969,
        -0.006722447479201107,
        -0.012479735028659688,
        -0.0038264930302938684,
        -0.008826007224079615,
        -0.017408833555566446,
        -0.011262893065239985,
        -0.005045301760645944
    ],