{
    "ParameterSet": [
        0.0,
        0.0,
        0.0,
        0.0,
        0.0,
        0.0,
        0.0,
        0.0,
        0.0,
        0.0,
        0.0,
        0.0,
        0.0,
        0.0,
        0.0,
        0.0,
        0.0,
        0.0,
        0.0,
        0.0,
        0.5044372080402942,
        0.11179573179088269,
        0.22336131133168322,
        0.5238323908959595,
        0.4897837537401469,
        0.23336879209210276,
        0.156900132397411,
        0.2705401047539295,
        0.5045759819857375,
        0.4904423579823461,
        0.2409376907772342,
        0.1710147855545038,
        0.2840915832472842,
        0.5079500341720962,
        0.4593346845127408,
        0.21835216964225468,
        0.1690032511888188,
        0.3258838945822318,
        0.5074750373643965,
        0.2620683981985637,
        -0.04,
        -0.04,
        -0.04,
        -0.04,
        -0.04,
        -0.04,
        -0.04,
        -0.04,
        -0.04,
        -0.04,
        -0.04,
        -0.04,
        -0.04,
        -0.04,
        -0.04,
        -0.04,
        -0.04,
        -0.04,
        -0.04,
        -0.04
    ],
    "SensorParameterSet": [
        0.033378364748631484,
        0.15071071401392838,
        0.05149783707366868,
        0.1960541307532919,
        -0.3192682356147177,
        0.018384363477905747,
        0.055907460301418764,
        0.18990396407521354,
        -0.0984486549465633,
        0.03972524895990251,
        0.04193336980005327,
        -0.13837347823333274,
        0.04323575999126695,
        -0.042938725359481705,
        0.014728511531405615,
        -0.021417522678782677,
        -0.17616087237786726,
        -0.23450709143183793,
        0.05161248146482123,
        -0.11801732012115498,
        -0.062395261175326615,
        -0.09525047152708373,
        -0.04852491639977572,
        -0.07334462064229608,
        -0.16967445422482613,
        -0.0774266091299919,
        -0.05083288355625251,
        -0.03277312967736897,
        0.2605173832240993,
        -0.1032965563298404,
        0.05207895068332474,
        0.0736970869970299,
        0.09797281151960485,
        0.24796110714042513,
        -0.03823248560417925,
        0.12949700445801546,
        0.02990276767510327,
        0.10784784974972356,
        0.04649809711720372,
        -0.0716982897305307,
        0.06787603111294298,
        -0.06817890999990935,
        -0.03316536240237438,
        0.16223392905201325,
        0.16610258077870832,
        0.03804230213054822,
        0.20586155321958471,
        0.18350035578857204,
        -0.011178683375977556,
        -0.0717508286919844,
        -0.13764990544060673,
        0.012636557318131679,
        -0.06746558352023613,
        -0.040562517087120505,
        -0.12992458852842687,
        -0.33965744241060025,
        0.033665234136891445,
        0.046806077516213636,
        -0.10174500181448748,
        0.10795472093387472
    ],
    "checked": "indirect",
    "iteration": 50,
    "noise_sensor_0": [
        -0.00016601712646001354,
        0.0005073342137667748,
        -0.019186469492641172,
        -0.018827419908291024,
        -0.006661441172045477,
        -0.002611548810003737,
        -0.026699381204633433,
        -0.006827347275240811,
        0.013979950314610879,
        0.018941134979963564,
        -0.009220800711921918,
        -0.01910687882537183,
        0.010178486301664406,
        -0.002173214996668014,
        -0.016259227620798136,
        0.0017846814646121747,
        0.03086560311369875,
        0.0006356825696945054,
        -0.019280692266027646,
        0.004605699495665396,
        0.01812909263675223,
        -0.012059944485384626,
        0.01026767284472279,
        0.026119682706496315,
        -0.017350275098064385,
        0.002773088004341193,
        0.0039367816148494625,
        0.03751080285294418,
        -0.002918679577190338,
        0.033290344977615495,
        0.012986470222069453,
        -0.005238383640974142,
        -0.015486848382130151,
        0.01032125450344283,
        0.009070984204932101,
        0.012647879885323796,
        -0.004403840610313171,
        0.01663074209293342,
        0.02661247156306541,
        0.006791598755402024,
        -0.0008992360093018921,
        0.01763234177400967,
        0.007423056427537822,
        -0.004359995318027098,
        0.010471238625547183,
        0.0013202014399964566,
        0.020196810892100427,
        -0.014137909672176959,
        0.009575920336230496,
        0.029908020101722492,
        0.01620887338595304,
        -0.019492319525795658,
        0.015308153853368155,
        -0.006411898964042513,
        0.010056126066278582,
        0.005991258417603819,
        0.005916157013954728,
        0.03455230609617279,
        0.009580418289687084,
        -0.02405135505853846
    ],
    "noise_sensor_1": [
        -0.008972141266486796,
        -0.01433589634829192,
        0.007263114747618257,
        -0.03080090131513647,
        -0.019984277946079255,
        -0.00628376059064025,
        -0.0022254128406830483,
        0.005047732690920877,
        0.0011783393552534487,
        0.021138216026319216,
        -0.0005424192875970347,
        0.020633571997745133,
        0.017284223692438108,
        0.015625166760292835,
        0.019596011676396095,
        0.02439732752780407,
        0.006976747633926005,
        -0.02847250267963973,
        0.020017775676518995,
        -0.0067945043900615966,
        -0.00941643456889044,
        -0.0012831422619012424,
        -0.020485794182144152,
        0.0027461807956206544,
        0.011251461750617022,
        8.812008836280434e-05,
        -0.006443670747442921,
        0.0006903310440719107,
        -0.01092530175221795,
        -0.02201953623590144,
        -0.005287066461225586,
        -0.001964805237837398,
        0.001062751371812539,
        -0.0013578966414761156,
        0.005557956708208472,
        -0.011160015549421028,
        0.003494639651852291,
        0.01477541216917834,
        0.025754928721588133,
        -0.019386634564317027,
        0.016509671059995283,
        0.0018876366922226191,
        -0.004140764691578084,
        0.0135110473908698,
        -0.014131640734664235,
        0.005142420396514695,
        -0.017786125482803037,
        0.02888434481269951,
        0.014152356768557632,
        0.013641841875211976,
        -0.018369276555963314,
        0.03192824002093249,
        0.011373783141157773,
        -0.015005899394640197,
        0.02107235265788598,
        0.006956431923772298,
        0.006085566928807928,
        -0.009847038800720133,
        -0.0039474129109756785,
        -0.013274518201421724
    ],