{
    "ParameterSet": [
        0.0,
        0.0,
        0.0,
        0.0,
        0.0,
        0.0,
        0.0,
        0.0,
        0.0,
        0.0,
        0.0,
        0.0,
        0.0,
        0.0,
        0.0,
        0.0,
        0.0,
        0.0,
        0.0,
        0.0,
        0.5044372080402942,
        0.11179573179088269,
        0.22336131133168322,
        0.5238323908959595,
        0.4897837537401469,
        0.23336879209210276,
        0.156900132397411,
        0.2705401047539295,
        0.5045759819857375,
        0.4904423579823461,
        0.2409376907772342,
        0.1710147855545038,
        0.2840915832472842,
        0.5079500341720962,
        0.4593346845127408,
        0.21835216964225468,
        0.1690032511888188,
        0.3258838945822318,
        0.5074750373643965,
        0.2620683981985637,
        -0.04,
        -0.04,
        -0.04,
        -0.04,
        -0.04,
        -0.04,
        -0.04,
        -0.04,
        -0.04,
        -0.04,
        -0.04,
        -0.04,
        -0.04,
        -0.04,
        -0.04,
        -0.04,
        -0.04,
        -0.04,
        -0.04,
        -0.04
    ],
    "SensorParameterSet": [
        -0.27921460812636,
        0.24436086252084904,
        -0.3397789779537652,
        -0.2489574297897891,
        0.09596270877671097,
        0.5655413133093435,
        -0.4036168481622535,
        -0.14609723659674737,
        0.017685632890438632,
        -0.05506809003603731,
        -0.3362104408621908,
        0.4022241511417563,
        0.12987578875913952,
        0.027933805273007647,
        -0.31962843681219566,
        0.06295146915443696,
        0.2389381451660888,
        0.006522892976301054,
        -0.22713746715529456,
        0.27204459631039785,
        0.26796462112077724,
        -0.13588798309244246,
        0.0589418619264005,
        -0.43111947082363167,
        0.3866982840256323,
        0.1405402342563694,
        0.1527589076857146,
        0.06038052158880983,
        0.27154767638184457,
        -0.6805174743541852,
        0.6940512895149434,
        0.23928101562207332,
        -0.1265368891760334,
        0.23362236114171503,
        0.05109544123018312,
        0.31841524498502893,
        0.22541798454579048,
        0.1647721473404881,
        -0.07749974764128714,
        -0.524768489904938,
        -0.24988964654319046,
        -0.4633366667234423,
        -0.20714978080205942,
        -0.28454570867842655,
        0.028192757540691057,
        0.4751172920996124,
        -0.247116940653803,
        -0.10951955821714432,
        0.045167220569030664,
        0.3764379114371716,
        -0.40930621455707344,
        0.3197795746738855,
        0.19676691592307202,
        -0.3248683568458931,
        -0.03550533380989959,
        0.09521890831891525,
        0.259712074689307,
        0.05629316188449491,
        -0.2329137444888332,
        -0.08767486338009348
    ],
    "checked": "indirect",
    "iteration": 82,
    "noise_sensor_0": [
        -0.06584384124519267,
        0.035341056254537505,
        0.05502053742147489,
        -0.01839167243625047,
        -0.02741970908679673,
        -0.012449147654637106,
        0.00887443208439229,
        0.011845473730919268,
        -0.1097619602515744,
        0.04659023342152759,
        0.09536710763659942,
        0.07802049808783076,
        -0.014524020255640936,
        2.9088200036185065e-05,
        -0.005378033184857197,
        0.04963179167608016,
        -0.038926228483329856,
        0.03179272360736284,
        0.01612669119796068,
        0.0554498241532922,
        -0.013985665814647923,
        0.01234541397565328,
        0.01978708309122818,
        -0.06860401574074608,
        0.060769955726596256,
        -0.004286199302083686,
        -0.006522907243068228,
        -0.03942156821316452,
        -0.020592117364715907,
        -0.08155164134768603,
        -0.047517845057641825,
        -0.015957792549067998,
        0.05343560251319272,
        -0.03156223224072154,
        -0.029776620767341125,
        -0.0052398669701717495,
        0.0272053145426021,
        -0.0032351170028008633,
        0.03134788275473694,
        -0.025755972750072204,
        -0.05685411550123586,
        0.084114714677457,
        0.014904025240450067,
        -0.008896892524372643,
        0.0009625845104073725,
        -0.002029122200728122,
        -0.010462808135168242,
        -0.015018422267272827,
        -0.005585087205115778,
        0.031942593467000784,
        -0.07033469135203202,
        -0.03955512925482814,
        0.007748090570756448,
        -0.02754407023934589,
        0.01718968970083846,
        0.00039861230177427946,
        -0.005951066918035474,
        -0.029782771679999216,
        -0.0048119629392855265,
        0.00723218703335671
    ],
    "noise_sensor_1": [
        0.00538876434849401,
        0.006618721241613153,
        0.019087459264382014,
        -0.03771977580912504,
        -0.024800463966525244,
        -0.027338493712730134,
        -0.10540296009031834,
        -0.02749430427402148,
        0.001689951948465419,
        0.06568138648544339,
        -0.007849370186944373,
        -0.015963483334157015,
        0.01588203473977363,
        -0.05092057536914582,
        -0.005831935603328843,
        -0.07057011853567899,
        0.020279142040718026,
        -0.0027632736557919218,
        0.035603450681575916,
        -0.013920090089726982,
        0.004449887776032865,
        0.027458493303990833,
        0.052828314859734146,
        0.0404880557404889,
        -0.00889326407530362,
        0.03140209682119898,
        -0.044069112025251926,
        -0.011700288137392966,
        -0.008774562925334396,
        -0.0530311455814883,
        -0.04229924509394431,
        0.009827022176499908,
        -0.043470243176300064,
        0.07527263642398734,
        0.014687905232994507,
        0.05524001480075789,
        -0.013834358584475211,
        0.04166271535475139,
        -0.05776279622942873,
        -0.028127413539344885,
        -0.064312374086753,
        0.02863986233105161,
        0.029915552763419295,
        0.0032464845440448825,
        0.08432113768908865,
        -0.03360502132880162,
        -0.04906444631995946,
        0.007332070193832355,
        -0.004996229059532892,
        0.0003429388999674347,
        -0.02109560038735356,
        -0.02011269389398212,
        -0.04843709223419849,
        -0.004715387798330473,
        0.002706058294237762,
        -0.05244877460400979,
        0.0309685421927227,
        -0.022320457134429428,
        0.03934382748099421,
        -0.0371043962914487
    ],