{
    "ParameterSet": [
        0.0,
        0.0,
        0.0,
        0.0,
        0.0,
        0.0,
        0.0,
        0.0,
        0.0,
        0.0,
        0.0,
        0.0,
        0.0,
        0.0,
        0.0,
        0.0,
        0.0,
        0.0,
        0.0,
        0.0,
        0.5044372080402942,
        0.11179573179088269,
        0.22336131133168322,
        0.5238323908959595,
        0.4897837537401469,
        0.23336879209210276,
        0.156900132397411,
        0.2705401047539295,
        0.5045759819857375,
        0.4904423579823461,
        0.2409376907772342,
        0.1710147855545038,
        0.2840915832472842,
        0.5079500341720962,
        0.4593346845127408,
        0.21835216964225468,
        0.1690032511888188,
        0.3258838945822318,
        0.5074750373643965,
        0.2620683981985637,
        -0.04,
        -0.04,
        -0.04,
        -0.04,
        -0.04,
        -0.04,
        -0.04,
        -0.04,
        -0.04,
        -0.04,
        -0.04,
        -0.04,
        -0.04,
        -0.04,
        -0.04,
        -0.04,
        -0.04,
        -0.04,
        -0.04,
        -0.04
    ],
    "SensorParameterSet": [
        -0.03776029169259886,
        -0.011230305993390527,
        -0.07476821277837076,
        0.033848276642462524,
        -0.012187473792425445,
        0.07096420373599906,
        -0.00048753967455459225,
        -0.0027746605818792036,
        -0.02185167154026123,
        0.13871334148880105,
        -0.0709131163225164,
        -0.06841844349122943,
        0.013532272980545561,
        -0.050354413072028356,
        -0.11639662493134795,
        -0.07343992863385597,
        -0.1495928510199562,
        0.13391277866446377,
        0.03737043775553824,
        0.0372926824404768,
        0.061967948166028644,
        0.0843041667390984,
        0.09878488903186589,
        -0.13630717884527938,
        -0.09712402790897685,
        0.05956425154060911,
        0.03998593489843534,
        0.026663579793924513,
        0.02562427239824759,
        -0.2891570730454951,
        0.09471501143877119,
        0.11930745919692813,
        0.002462705172414049,
        -0.0227983841324445,
        -0.025916493259922825,
        -0.004205229890254364,
        -6.880354383918428e-05,
        0.08820454435412126,
        -0.044523916533163656,
        -0.2180969831032256,
        0.02684550413950801,
        -0.21123897471736605,
        0.05201764766045116,
        -0.06624541619749982,
        0.09297799732299163,
        0.15443044350652593,
        -0.06048551686998433,
        -0.06149518477862075,
        0.1818515539529547,
        0.037217453571134936,
        -0.07378739517074827,
        0.1358216890759852,
        0.03308806354488086,
        -0.020821261106275878,
        0.08219328020899498,
        0.10170026593710643,
        0.05539145610189421,
        -0.043801143090841474,
        0.09110303751064623,
        -0.004954984524396869
    ],
    "checked": "indirect",
    "iteration": 2,
    "noise_sensor_0": [
        -0.028316060674886772,
        -0.014820281343505957,
        0.06034451464663322,
        0.04090301265206832,
        -0.038368673080237954,
        0.1018298528638823,
        0.006370820252798844,
        0.031029928271272357,
        0.022842765258680207,
        0.04135091758435644,
        -0.018100408779746956,
        -0.05647426389061407,
        -0.026591270661905878,
        -0.05585432318450831,
        -0.06379631064822355,
        0.02367752732903575,
        0.035251155397205185,
        0.0027326562665177714,
        -0.017665503025503147,
        -0.0430042265925742,
        0.0015753601350701376,
        -0.018036027133228123,
        -0.06567420495905733,
        -0.0032698735484856627,
        0.032794461131062026,
        0.00657321393382466,
        -0.09056388252096535,
        0.048440491551393246,
        0.0656782045018144,
        0.003201844209071068,
        0.003906853994317925,
        -0.1095672285733727,
        0.013127081546046315,
        -0.09657188484144441,
        0.041326043462657246,
        -0.022768823641230857,
        -0.05211720266032258,
        -0.1269654424238181,
        0.1220887443111881,
        0.080525432742946,
        0.14117322322734702,
        -0.08279767555083381,
        0.053118340233225536,
        0.09084076785910139,
        -0.025947424596145074,
        -0.03179280584841485,
        -0.027063663969777715,
        0.03694692250422777,
        -0.06565904917189123,
        -0.041893227989696226,
        -0.05147288025958544,
        0.11957640156877228,
        -0.009625164877485739,
        -0.015349765672714453,
        0.0017892074700722861,
        0.10439112754235678,
        -0.05962753412532773,
        -0.023028499070617967,
        0.05926633927438251,
        0.017945779899090252
    ],
    "noise_sensor_1": [
        0.14182024951377328,
        0.00882703619721689,
        0.0771637997614241,
        0.023496839499822862,
        -0.13285263535766337,
        0.02694893808864281,
        0.01877358514073217,
        -0.007353397374643046,
        -0.0312604632017729,
        -0.07734628154095953,
        0.027367180829326883,
        0.045009105505380724,
        -0.0939171888737622,
        0.06122395407200569,
        0.050191735940373704,
        0.03589942399555699,
        -0.03097851152457554,
        -0.0841433009951986,
        -0.08590334392106803,
        0.07799529740387155,
        -0.09513166759938611,
        0.014156240365754,
        0.10602377175049692,
        0.02100154005239919,
        -0.004102888544992247,
        0.016830142226287894,
        0.04811964282480087,
        0.0212460647343213,
        -0.059372690012089085,
        -0.04827686441037343,
        -0.02626516838549201,
        -0.0049377987601772555,
        -0.018105572412852124,
        0.04096230664971216,
        0.03984814700708457,
        -0.04255523410935938,
        0.10698316049776692,
        0.02834690631519757,
        -0.010523789765233653,
        0.06566784699317108,
        -0.084398757734657,
        -0.058522175792172025,
        0.0374884341658397,
        0.021107516501111943,
        0.0880146034369274,
        0.04325161847633685,
        -0.06128119707732428,
        0.01907609343484365,
        -0.10250726654238287,
        0.04163573574689438,
        -0.042184073049691365,
        -0.09593982785644764,
        -0.06038210041111461,
        -0.022217020057446146,
        -0.01521884441055152,
        -0.046120159346198134,
        0.04468644553079961,
        -0.03595545945048135,
        0.03467856591994074,
        0.06265870287579911
    ],