{
    "ParameterSet": [
        0.0,
        0.0,
        0.0,
        0.0,
        0.0,
        0.0,
        0.0,
        0.0,
        0.0,
        0.0,
        0.0,
        0.0,
        0.0,
        0.0,
        0.0,
        0.0,
        0.0,
        0.0,
        0.0,
        0.0,
        0.5044372080402942,
        0.11179573179088269,
        0.22336131133168322,
        0.5238323908959595,
        0.4897837537401469,
        0.23336879209210276,
        0.156900132397411,
        0.2705401047539295,
        0.5045759819857375,
        0.4904423579823461,
        0.2409376907772342,
        0.1710147855545038,
        0.2840915832472842,
        0.5079500341720962,
        0.4593346845127408,
        0.21835216964225468,
        0.1690032511888188,
        0.3258838945822318,
        0.5074750373643965,
        0.2620683981985637,
        -0.04,
        -0.04,
        -0.04,
        -0.04,
        -0.04,
        -0.04,
        -0.04,
        -0.04,
        -0.04,
        -0.04,
        -0.04,
        -0.04,
        -0.04,
        -0.04,
        -0.04,
        -0.04,
        -0.04,
        -0.04,
        -0.04,
        -0.04
    ],
    "SensorParameterSet": [
        -0.14889434689107708,
        -0.03861765030899686,
        -0.4348528427529191,
        -0.4387378087868893,
        0.1465444022906174,
        0.6041177324524026,
        -0.3434977167871014,
        -0.1998036442681723,
        0.021645768803587765,
        -0.08624659743074031,
        -0.28428337225711364,
        0.46000639974288143,
        0.30922112051407813,
        0.04124340573738504,
        -0.3964997417791769,
        0.08688783264470337,
        0.2013732964262946,
        -0.024697100975949293,
        -0.1900453424556702,
        0.15148779264665327,
        0.09978467903515802,
        0.07748807010998658,
        0.06115060087296386,
        -0.38372891298459527,
        0.31834865077689334,
        0.0028256989913905133,
        0.3068253707803739,
        -0.09621623078359808,
        0.29329448424556454,
        -0.641084431879506,
        0.4897163999813077,
        0.314941461588349,
        -0.06027878613377657,
        0.41228971675280957,
        0.15422654613999215,
        0.29741761396574806,
        0.17644816261420693,
        0.37888448629983384,
        0.06559537464341378,
        -0.4834434057144147,
        -0.4576473858044604,
        -0.30060673405205307,
        -0.07128377842316164,
        -0.26987161955782807,
        0.22541263992161598,
        0.40298708061619093,
        -0.08391362485604421,
        -0.22533780911896426,
        -0.12598295670113147,
        0.5360311907510957,
        -0.43883206960028426,
        0.2965503775564915,
        0.21437405284548428,
        -0.3813729326690888,
        -0.12426810314922622,
        0.2635616908197474,
        0.2709674510299839,
        0.061713948459330294,
        -0.19433800813370358,
        0.07047505377108906
    ],
    "checked": "indirect",
    "iteration": 95,
    "noise_sensor_0": [
        0.018666714253960215,
        -0.0061826413144282985,
        0.04721079337221191,
        0.06267266828930664,
        -0.058587030919451506,
        -0.009833184889466431,
        -0.011129147708801197,
        0.02613424418207187,
        0.020539623795748207,
        0.03234611325249944,
        0.008844902766589984,
        -0.011960306047811967,
        -0.027362263996405543,
        0.029708229345560822,
        0.017836738955001735,
        -0.01784392959949831,
        0.020776273233873276,
        0.032004795053002896,
        0.021517451637609642,
        -0.055954295838551875,
        -0.006050783550370493,
        0.036857347742358625,
        -0.038927905872088685,
        -0.023088938609543946,
        -0.028899798272494788,
        -0.0033216584736023656,
        0.048250686078703545,
        -0.050673004384711534,
        0.028429901384622834,
        -0.046365532663303274,
        0.017307903481128813,
        0.0721826321216943,
        0.0038932425151551927,
        -0.0416934635217114,
        0.02070024309682217,
        -0.006473344185633988,
        0.038009756055141806,
        0.07706057708758372,
        -0.027379593275836337,
        0.024589881029556497,
        0.00691196901502442,
        0.0005680328097667662,
        0.0238277280658977,
        0.007350233120856856,
        0.048113472016243906,
        -0.0033305172552882322,
        -0.03554164656578726,
        0.013615833264591424,
        -0.01765792526715151,
        0.010278082973464994,
        -0.05180857555013368,
        -0.09587412751908703,
        -0.014648899229671289,
        -0.01768760412121875,
        0.005698464621328971,
        -0.014854707540132676,
        -0.026319725845793618,
        -0.0722756386543607,
        -0.012195142925295775,
        -0.07051872890896568
    ],
    "noise_sensor_1": [
        0.03058900950635871,
        0.06705772207431043,
        -0.06209534093335117,
        -0.05192427087032824,
        0.041490728138782906,
        0.036936984319979715,
        0.0322026073157027,
        -0.04458426680378308,
        0.002401718341827041,
        0.036724431002263976,
        0.012478644951849884,
        -0.03112302482733039,
        0.0021585613938291,
        -0.04995682922361467,
        0.01875272402645127,
        0.006352048484010437,
        -0.0019526197859142066,
        -0.016814186045257425,
        -0.03817620099905868,
        0.02689317056206983,
        0.005090748625384068,
        0.025792920553866328,
        -0.0035282717749815823,
        0.07029558299070778,
        -0.023140642674571468,
        -0.04331966033873707,
        0.05120874061429696,
        0.03028052813524383,
        0.010098832903170755,
        -0.00588219681966108,
        0.07452667153138737,
        -0.04323082614658688,
        -0.09891200175409533,
        -0.0032086850556986204,
        -0.04961787017619946,
        -0.00011717367392910967,
        0.050749810221487696,
        -0.010662922028741795,
        -0.042087883328578594,
        -0.012751809036658046,
        0.03364677223271559,
        -0.04156857302580811,
        0.02283095766610385,
        0.03999262660473126,
        -0.044791945715674665,
        0.006881935453537947,
        -0.0035967643948871036,
        -0.016113047727028942,
        0.026869730949835878,
        -0.03457078803731222,
        0.04924649979698297,
        0.029298753703874063,
        0.03841242886932024,
        0.04345939053666142,
        0.03328091643490448,
        -0.016129703832243762,
        -0.030884816012281713,
        -0.05269512512181822,
        -0.047356737947804775,
        -0.008717011367820158
    ],