{
    "ParameterSet": [
        0.0,
        0.0,
        0.0,
        0.0,
        0.0,
        0.0,
        0.0,
        0.0,
        0.0,
        0.0,
        0.0,
        0.0,
        0.0,
        0.0,
        0.0,
        0.0,
        0.0,
        0.0,
        0.0,
        0.0,
        0.5044372080402942,
        0.11179573179088269,
        0.22336131133168322,
        0.5238323908959595,
        0.4897837537401469,
        0.23336879209210276,
        0.156900132397411,
        0.2705401047539295,
        0.5045759819857375,
        0.4904423579823461,
        0.2409376907772342,
        0.1710147855545038,
        0.2840915832472842,
        0.5079500341720962,
        0.4593346845127408,
        0.21835216964225468,
        0.1690032511888188,
        0.3258838945822318,
        0.5074750373643965,
        0.2620683981985637,
        -0.04,
        -0.04,
        -0.04,
        -0.04,
        -0.04,
        -0.04,
        -0.04,
        -0.04,
        -0.04,
        -0.04,
        -0.04,
        -0.04,
        -0.04,
        -0.04,
        -0.04,
        -0.04,
        -0.04,
        -0.04,
        -0.04,
        -0.04
    ],
    "SensorParameterSet": [
        -0.14255728664071945,
        0.18820981972924472,
        -0.2833497047306163,
        -0.10403419231987648,
        -0.05352780397493462,
        0.5484301308219551,
        -0.3983564561026152,
        0.06977799786078037,
        0.03651091169000846,
        -0.13524217927179868,
        -0.3957836351474972,
        0.1159839443827249,
        0.2373761943657966,
        0.10974185965139076,
        -0.37537426180218014,
        -0.05268962796904209,
        0.22329330380469692,
        -0.008005500624979124,
        -0.2026298290503399,
        0.34987651730905506,
        0.15813404948816415,
        -0.2988999254091283,
        0.015901870532316877,
        -0.18937338869498146,
        0.3045525713902566,
        0.23118857011636154,
        0.16414201496956762,
        0.04460852170774561,
        0.22517312346799553,
        -0.4423471152835412,
        0.5386893126418542,
        -0.0036375030500334074,
        -0.0018241074246848517,
        0.1420255012712729,
        0.13642426636445626,
        0.043458995461946925,
        0.45660205308026075,
        0.09389367124978185,
        -0.17863169322105824,
        -0.37122698722836733,
        -0.2897840326720627,
        -0.4369812038518225,
        -0.0798139944687398,
        -0.27780590341132094,
        0.13871250363325105,
        0.6862347846981666,
        -0.2422943535008679,
        -0.04239763999817362,
        0.0065403085714947845,
        0.35254998701732665,
        -0.38376745261634865,
        0.3564706758542938,
        0.10701480930847186,
        -0.3360794433784104,
        0.21770677835915292,
        0.1736319801286744,
        0.27191157350235773,
        -0.16843539527939044,
        -0.1089654275946598,
        -0.01888850778072861
    ],
    "checked": "indirect",
    "iteration": 53,
    "noise_sensor_0": [
        -0.008421672960730256,
        -0.024474139308628618,
        0.006690317537891611,
        0.025592763949285734,
        0.003458966485000344,
        0.0786969757678724,
        -0.02652120150522484,
        -0.04759948125876462,
        -0.00107441346787929,
        0.09866869091245041,
        -0.053992260966890006,
        -0.06073226884710984,
        -0.04841777314044975,
        -0.025145915109007006,
        0.0737002762579693,
        0.02648693461710227,
        0.011399855643588773,
        0.005603438114495066,
        -0.02583274366629478,
        0.0015907720349353028,
        0.01922439025951903,
        -0.005417938175736113,
        -0.036957126840633674,
        0.004407298688501228,
        0.024913120721107435,
        -0.010068435728937501,
        0.0425500331093497,
        0.03283889373015692,
        -0.05673008959812015,
        -0.019319100321431557,
        -0.009301320489758411,
        0.06943896710324872,
        0.013972854251214552,
        0.10193423735278294,
        -0.03570094407672597,
        0.02436237223027899,
        -0.06105968954374056,
        0.0025185208461029106,
        -0.045784314806138676,
        -0.06219617438342001,
        -0.001017405655651991,
        0.009304802470754134,
        -0.0682057795964659,
        -0.0961913519185677,
        -0.00693574464062876,
        -0.006050441582835717,
        -0.006456723275141551,
        -0.02681560830260704,
        0.0015327431692799443,
        -0.03672966665535019,
        -0.017204890639742215,
        -0.04855261115159435,
        -0.034809412574491105,
        -0.054495689701742046,
        -0.021431323354121193,
        -0.06316915532142808,
        0.002862255668757154,
        0.07756633331057657,
        -0.03530322078578313,
        -0.010394030960259535
    ],
    "noise_sensor_1": [
        -0.021227974496964876,
        -0.03958930516846838,
        0.0019126149236710708,
        0.016802167827821304,
        0.029294672151473366,
        -0.02884770617580759,
        0.05359515043376796,
        -0.02793570238028536,
        0.08242512474390438,
        0.009804958551293605,
        0.04636324857705533,
        0.045376733956595694,
        0.029176819482991535,
        0.020201111460913322,
        0.052481539432848855,
        0.06415524931148463,
        -0.009684426629810327,
        -0.021231813717806396,
        -0.05545606478163036,
        -0.0008948615548277218,
        -0.014954929199796687,
        0.02408100811629838,
        0.06683062014242143,
        -0.015783012380793163,
        -0.08554485610844277,
        -0.040556956238663275,
        -0.005337943150127561,
        0.02550351755825616,
        -0.041599089148376185,
        -0.03150592039544614,
        -0.017296966090636506,
        0.01569542908925895,
        -0.009220576507699167,
        -0.0093490690227345,
        0.009768047494863303,
        -0.008707235548991788,
        0.019471315709231655,
        0.09842398905160922,
        0.09695900622256474,
        -0.04653074380173402,
        0.04415068763036359,
        0.004581138606946597,
        -0.021012584319299903,
        0.005280915419080189,
        0.004015839943473341,
        0.0915712738741174,
        -0.004255419634625211,
        -0.04794770132512049,
        -0.06512499460439164,
        -0.05101571995849491,
        -0.05024647120709706,
        -0.10210180815482318,
        -0.04135801325459955,
        -0.0032829145448166016,
        0.0967141004740373,
        -0.029514081071718875,
        -0.07220634159276312,
        0.07908575762485533,
        -0.09951141547055273,
        0.07361515150426996
    ],