{
    "ParameterSet": [
        0.0,
        0.0,
        0.0,
        0.0,
        0.0,
        0.0,
        0.0,
        0.0,
        0.0,
        0.0,
        0.0,
        0.0,
        0.0,
        0.0,
        0.0,
        0.0,
        0.0,
        0.0,
        0.0,
        0.0,
        0.5044372080402942,
        0.11179573179088269,
        0.22336131133168322,
        0.5238323908959595,
        0.4897837537401469,
        0.23336879209210276,
        0.156900132397411,
        0.2705401047539295,
        0.5045759819857375,
        0.4904423579823461,
        0.2409376907772342,
        0.1710147855545038,
        0.2840915832472842,
        0.5079500341720962,
        0.4593346845127408,
        0.21835216964225468,
        0.1690032511888188,
        0.3258838945822318,
        0.5074750373643965,
        0.2620683981985637,
        -0.04,
        -0.04,
        -0.04,
        -0.04,
        -0.04,
        -0.04,
        -0.04,
        -0.04,
        -0.04,
        -0.04,
        -0.04,
        -0.04,
        -0.04,
        -0.04,
        -0.04,
        -0.04,
        -0.04,
        -0.04,
        -0.04,
        -0.04
    ],
    "SensorParameterSet": [
        -0.26312530582029353,
        0.25642969479643163,
        -0.4064755791683523,
        -0.30511761847968144,
        0.11843657350687228,
        0.5444945496210646,
        -0.36833864142126077,
        -0.2177880682352503,
        0.06042786875118036,
        -0.13496013206999805,
        -0.25904988078481667,
        0.49456186527299173,
        0.18610807160858792,
        0.09088506000743471,
        -0.3666030342336391,
        0.004324834680211651,
        0.24969435454943964,
        0.05366976905097612,
        -0.19468851460648964,
        0.20988685309559427,
        0.19176831601703268,
        -0.02084539466285299,
        0.08955070299508228,
        -0.4110921624673433,
        0.3676606417868693,
        0.12469204413476422,
        0.17072002619995424,
        0.05403904529767082,
        0.34050988554943706,
        -0.646635321837676,
        0.675037711632906,
        0.2629222266138528,
        -0.12555017616022393,
        0.25485588860116504,
        0.1274615734315771,
        0.30264819814711563,
        0.21923307259122068,
        0.19828469449977207,
        0.06324892722981953,
        -0.5199716628470675,
        -0.37642807744691864,
        -0.3324826747381492,
        -0.1818336513731662,
        -0.20813040337231636,
        0.060953598194751483,
        0.4611313378253189,
        -0.1898575948493158,
        -0.09887571224942815,
        -0.04310451291077683,
        0.4907645589151739,
        -0.4829701143344246,
        0.3772093519545323,
        0.1600376208429251,
        -0.27871455929324507,
        -0.11615575035071166,
        0.10547478028693584,
        0.27088051187411705,
        0.11680531168666007,
        -0.18389003531907575,
        -0.07735391106864123
    ],
    "checked": "indirect",
    "iteration": 86,
    "noise_sensor_0": [
        0.024281276231830858,
        -0.009124450508190262,
        0.01609233032637175,
        -0.09457681890973046,
        0.02961895864077949,
        0.013394943313941175,
        0.0001305817261253921,
        -0.017147001382104413,
        -0.04197171023298335,
        0.029956989553223685,
        -0.015329938136613777,
        -0.016802297343552007,
        0.060581860990559865,
        0.07027943005090038,
        -0.050734038259,
        0.015726832997649848,
        -0.009177895722882424,
        -0.016646880307405795,
        0.03789733052172927,
        -0.05814069681301971,
        0.01763259009541326,
        0.048992249746884445,
        0.026859273296733644,
        -0.03608338746006778,
        0.0038473179295618687,
        -0.004243804839542909,
        -0.045216933514580525,
        -0.008196921104626822,
        -0.023912336010033924,
        -0.007408715501319542,
        0.02460117460695109,
        -0.07960578072755405,
        0.028184022194341234,
        0.007031413630923511,
        -0.009445058012082758,
        0.04105829532666912,
        -0.018865284653970454,
        0.05339048843805053,
        -0.05224865978177947,
        0.00841673248336273,
        0.03135870259648378,
        0.030222217934191744,
        -0.016470636031510683,
        -0.013077066548866112,
        -0.01031590482288483,
        0.06016833454964502,
        -0.014958560915303886,
        0.053972225459468615,
        0.018103839294672124,
        -0.03496030600622379,
        0.01659568516540227,
        -0.020097720679091043,
        0.008606799650876051,
        0.050807651717806115,
        -0.051499809760625515,
        0.053760027748790504,
        0.028689264362023657,
        0.006220149738474522,
        -0.036901134559431774,
        0.026576210815590154
    ],
    "noise_sensor_1": [
        0.05884552432741537,
        -0.04993613867654974,
        0.037451392644126356,
        0.035918979635639454,
        0.08608012482303504,
        -0.0026277155840537265,
        -0.023912832658073212,
        0.020509200139813576,
        -0.05003437102716793,
        -0.008992752817103584,
        -0.002648914289601034,
        -0.05673282797255253,
        -0.09183050074024361,
        0.038197277193444276,
        0.0002882467355366026,
        0.01651869085572521,
        -0.0190229005067366,
        -0.002281576854990251,
        0.022601388668082898,
        0.04490778625114037,
        0.0030543635566527066,
        0.03464458587931032,
        0.007454832405710402,
        0.027576642887384168,
        -0.029535609453509762,
        0.055586062877853865,
        0.08882828985620024,
        -0.03401665671676378,
        -0.010695129651411603,
        0.02518198106991968,
        0.02428811911905021,
        0.021433424487794842,
        0.019825626854882577,
        0.0011225878038338187,
        0.018721682646506598,
        -0.0113517993589895,
        0.0787982572966434,
        0.01894619338916206,
        0.009703879962745248,
        -0.06184985364815424,
        0.03649758780375796,
        0.017593179385800555,
        0.007025955871701263,
        0.02188540530735244,
        -0.00778874068189031,
        -0.035899673651849366,
        -0.018253945623445598,
        0.011426027020391676,
        0.02317261326240355,
        0.05732012436839018,
        0.0024392960783691537,
        0.013940977580752011,
        -0.054717830628683024,
        0.017900683326803838,
        -0.026141176133224194,
        0.006138834245718691,
        0.06313551040535689,
        0.027499055492616522,
        0.021755491500915453,
        0.06479275745339869
    ],