{
    "ParameterSet": [
        0.0,
        0.0,
        0.0,
        0.0,
        0.0,
        0.0,
        0.0,
        0.0,
        0.0,
        0.0,
        0.0,
        0.0,
        0.0,
        0.0,
        0.0,
        0.0,
        0.0,
        0.0,
        0.0,
        0.0,
        0.5044372080402942,
        0.11179573179088269,
        0.22336131133168322,
        0.5238323908959595,
        0.4897837537401469,
        0.23336879209210276,
        0.156900132397411,
        0.2705401047539295,
        0.5045759819857375,
        0.4904423579823461,
        0.2409376907772342,
        0.1710147855545038,
        0.2840915832472842,
        0.5079500341720962,
        0.4593346845127408,
        0.21835216964225468,
        0.1690032511888188,
        0.3258838945822318,
        0.5074750373643965,
        0.2620683981985637,
        -0.04,
        -0.04,
        -0.04,
        -0.04,
        -0.04,
        -0.04,
        -0.04,
        -0.04,
        -0.04,
        -0.04,
        -0.04,
        -0.04,
        -0.04,
        -0.04,
        -0.04,
        -0.04,
        -0.04,
        -0.04,
        -0.04,
        -0.04
    ],
    "SensorParameterSet": [
        0.01281763081363782,
        0.08323909718187486,
        0.010286496612021648,
        0.007111358714870918,
        -0.12997153776023623,
        0.11866745787043195,
        -0.022751083469975456,
        -0.09241404817916027,
        0.06778006965443481,
        0.090284203698777,
        -0.12268723975064652,
        -0.08702527854517247,
        -0.03210289490733401,
        0.004019197670287487,
        -0.14240183119981742,
        0.08618525265197716,
        -0.11474920235841096,
        0.05663234533781981,
        0.04703104280730072,
        0.06328850569918858,
        -0.10504865311753565,
        0.004472290704406454,
        0.26299602210669176,
        -0.16484250123110863,
        -0.10902456455702753,
        0.19505809627890092,
        0.14407849552516627,
        0.14943659168314788,
        -0.09072844585500148,
        -0.35252341583892377,
        0.14173706858218232,
        0.0558354637862712,
        0.02851739135270779,
        0.11160757696971414,
        -0.05461174596844928,
        -0.02577071400875875,
        -0.016937475047431434,
        0.08338008994453819,
        -0.08559999590891978,
        -0.2327625627123198,
        0.06870427751285857,
        -0.23878641825765523,
        0.029823926969891487,
        -0.026225044608017112,
        0.23075161317465662,
        0.20486361258801672,
        -0.11748886254437076,
        -0.04014354157432798,
        0.06995292499768807,
        0.13123342788204195,
        -0.03252729351781624,
        0.02091410179523935,
        -0.08914918172026706,
        -0.012893284416846056,
        0.04064459434274372,
        0.05679529301501188,
        0.09845469306870604,
        -0.13991033006147946,
        0.06744733620501836,
        -0.05696658945423725
    ],
    "checked": "indirect",
    "iteration": 5,
    "noise_sensor_0": [
        -0.06006893142142217,
        -0.003531393934513403,
        0.13624549529806787,
        0.061553731034653135,
        0.04251047863417495,
        0.04732602521885698,
        0.05912671829216361,
        -0.01880081685495451,
        0.016680476783888027,
        0.014496771287605225,
        -0.003261597384303109,
        -0.02395046070354066,
        0.020015680864597228,
        0.05625856661142265,
        0.06716260481422485,
        0.026013430717773255,
        0.06467774347403427,
        0.07181050747444742,
        -0.00784203806092969,
        -0.002288817240946699,
        -0.027875505464222083,
        0.016224551100782157,
        -0.03853734812225722,
        -0.03128210973998027,
        -0.13507696593704377,
        0.06277515174700876,
        0.053662176619933326,
        -0.03880066961969809,
        -0.04029426620104862,
        0.13835324206734442,
        0.06237765641125362,
        0.008829690186215582,
        0.0028078210364342413,
        0.01971939477735093,
        -0.021025913462928845,
        0.07591958982380698,
        -0.04359982010354596,
        0.15418502030855546,
        -0.0014615078391423558,
        0.026594658838152683,
        -0.021789054650875883,
        0.11650610494384714,
        0.03181411638597813,
        0.08501990087305038,
        0.04842720960685333,
        -0.008780730705593638,
        0.006168277381699946,
        0.048587688209562926,
        -0.003537345420362406,
        0.03867899683445283,
        0.051278588182254815,
        -0.003941648527965119,
        -0.06761901504797813,
        0.0167261368047103,
        0.03937643198490949,
        0.0343125146710451,
        0.06899004636071562,
        0.0004704048003404178,
        -0.0006347958186193192,
        0.0533307439996599
    ],
    "noise_sensor_1": [
        -0.06674118967459393,
        0.005888659581478715,
        0.06522729902480222,
        0.09312317896931205,
        0.06847848760378927,
        0.014313642227214278,
        0.019280159286386545,
        0.02037126220641883,
        0.04109640472564022,
        0.1006657328979491,
        -0.007886185645743652,
        0.022675153980751362,
        0.12199202388555892,
        -0.09547321322597407,
        -0.044680569771727345,
        -0.0007681334745436555,
        0.040230773697723404,
        0.015766663814095267,
        0.054492861917711154,
        0.0641086894229317,
        0.06189403945472032,
        0.0012952989071347955,
        -0.02206139549992494,
        -0.09421940556987965,
        -0.11971154639277207,
        0.06198049844897465,
        -0.058349420023801356,
        -0.047201233008862066,
        0.03991659191229881,
        -0.03225303744206821,
        0.0315592735782515,
        -0.003990240208150217,
        0.04148325026894286,
        0.006417188773464584,
        -0.017597647399896617,
        0.03433307515045145,
        0.07154844865054676,
        -0.014165036705128278,
        -0.01690819474012525,
        -0.011150683187009682,
        0.027040681002396542,
        0.010808199620334438,
        0.03853623352072983,
        -0.002305302958601054,
        0.11088145702765295,
        -0.03571281884813296,
        -0.03247850839468321,
        -0.058883676117639235,
        0.08855490472205219,
        -0.14631470194221247,
        -0.009039514983890261,
        0.034833027708869424,
        -0.03880102663299799,
        0.03727506323218769,
        -0.04107159573017407,
        -0.11536046017423512,
        -0.03260402638032429,
        -0.040832166010129865,
        0.04060374036504043,
        -0.03696853963627008
    ],