{
    "ParameterSet": [
        0.0,
        0.0,
        0.0,
        0.0,
        0.0,
        0.0,
        0.0,
        0.0,
        0.0,
        0.0,
        0.0,
        0.0,
        0.0,
        0.0,
        0.0,
        0.0,
        0.0,
        0.0,
        0.0,
        0.0,
        0.5044372080402942,
        0.11179573179088269,
        0.22336131133168322,
        0.5238323908959595,
        0.4897837537401469,
        0.23336879209210276,
        0.156900132397411,
        0.2705401047539295,
        0.5045759819857375,
        0.4904423579823461,
        0.2409376907772342,
        0.1710147855545038,
        0.2840915832472842,
        0.5079500341720962,
        0.4593346845127408,
        0.21835216964225468,
        0.1690032511888188,
        0.3258838945822318,
        0.5074750373643965,
        0.2620683981985637,
        -0.04,
        -0.04,
        -0.04,
        -0.04,
        -0.04,
        -0.04,
        -0.04,
        -0.04,
        -0.04,
        -0.04,
        -0.04,
        -0.04,
        -0.04,
        -0.04,
        -0.04,
        -0.04,
        -0.04,
        -0.04,
        -0.04,
        -0.04
    ],
    "SensorParameterSet": [
        -0.2028665109183662,
        0.10964442235897705,
        -0.2533830900422772,
        -0.07846512242458326,
        -0.03439433041634165,
        0.6096447868963678,
        -0.33401107907846866,
        -0.02266162458748497,
        0.0864512843423476,
        -0.03512264506193217,
        -0.32754506832815306,
        0.13002868172564125,
        0.23053594636497005,
        0.0717974368760929,
        -0.3330101580414924,
        -0.11085390684148949,
        0.2966293750201443,
        -0.008022842855169996,
        -0.22881721194691051,
        0.34551821534125327,
        0.1709361221545721,
        -0.2522767044696931,
        0.052157584332284616,
        -0.17577035989692907,
        0.40901118139795756,
        0.21879927026120774,
        0.19219399121156147,
        0.09012986155451584,
        0.2116173026542912,
        -0.43033756077593693,
        0.5730502336035299,
        0.04006768729145582,
        0.06668443583749091,
        0.18967789646429098,
        0.061779674152318456,
        0.06720874795408598,
        0.4519881432901744,
        0.10289086389836792,
        -0.23096379025555025,
        -0.38553232323315273,
        -0.25055579822390134,
        -0.4612822576072292,
        -0.09227568642241007,
        -0.3408041026946511,
        0.10206455499612055,
        0.6875145655450408,
        -0.285697086620251,
        -0.030368146534864266,
        -0.024735215472822883,
        0.3760339527700313,
        -0.4475500197923505,
        0.3722860221283855,
        0.10915655266663249,
        -0.3188292390338637,
        0.21118104487269843,
        0.2270343138527837,
        0.2524534398727522,
        -0.20334431932803584,
        -0.21213100187686457,
        0.11150015430223971
    ],
    "checked": "indirect",
    "iteration": 57,
    "noise_sensor_0": [
        0.04035494626462864,
        0.033354643851769845,
        -0.03539963008464295,
        0.046121778639351234,
        0.04067836204292138,
        -0.006622932455900147,
        -0.04609882044738265,
        0.027424398123691747,
        0.050667823390170626,
        -0.030769972463832476,
        -0.010067552674232745,
        -0.022797902625208467,
        -0.016659936854533135,
        -0.03976785645541338,
        0.023620387490106746,
        -0.010935733727772701,
        0.023562812444304134,
        0.03368029401141125,
        0.022126817051562945,
        -0.036466840034670114,
        -0.024016296465503885,
        0.02581147681075132,
        0.07930472231375496,
        0.07647003397381923,
        0.05908431188013298,
        -0.005072709649452355,
        0.0414497016604433,
        0.03381678580324441,
        -0.05889280357242978,
        -0.007057874827148659,
        0.0796384925580072,
        -0.0889741388504102,
        0.03959836630536612,
        0.06364717014926019,
        -0.009758980428017802,
        0.039917772242095945,
        -0.015544745708994508,
        -0.0025155864419443277,
        0.10629811068543013,
        -0.07277688334382681,
        -0.07343361057600516,
        0.05598692613441295,
        -0.00864980299949929,
        0.03747300900086965,
        -0.045355663039079265,
        0.014163372404292371,
        -0.02816837255472035,
        0.04391998172589267,
        0.03324208773858382,
        -0.003849648307454392,
        -0.03939329232320457,
        0.09171960775548789,
        0.015984369896700903,
        0.06274256163483222,
        -0.014779444445180413,
        -0.004806054236882158,
        -0.02364968454056511,
        -0.0006984118607251466,
        -0.04038766227477568,
        -0.0405515608607982
    ],
    "noise_sensor_1": [
        0.008699865864391003,
        0.02741927620034435,
        -0.07398132760622741,
        0.059642364394799634,
        -0.01476871503115846,
        -0.0089000968311772,
        0.017798575430740746,
        -0.04650769759260637,
        -0.06261697328120303,
        -0.0004615550911214215,
        -0.025192805725361277,
        0.07843043034321567,
        0.03280503397656823,
        0.010496284738232494,
        -0.01640915622512056,
        0.026044523585673808,
        -0.014866424014715047,
        0.023728356032812623,
        -0.00788685586733143,
        -0.027216514581790013,
        0.013534407757564567,
        0.018722095112945702,
        -0.03442974864768179,
        -0.016205121529590222,
        -0.06593622180191969,
        0.051762294652918574,
        -0.06599667617043897,
        -0.008318795685114047,
        0.03377905128413731,
        0.010483705707485757,
        -0.016509159085310827,
        -0.023356937047008416,
        0.050363884451898926,
        0.01942037781088729,
        0.01415966223480096,
        0.0027214376354624484,
        0.07594185777255139,
        0.015994809387478177,
        -0.06584025967770712,
        -0.02972883025796497,
        0.03496605712240794,
        -0.04651350351703408,
        -0.027912603129697105,
        -0.028785052542070342,
        -0.01483043923475579,
        0.03134260167092994,
        0.0008023003773546998,
        0.009899502218166326,
        0.09216990142618882,
        -0.06838410220342425,
        -0.12064110623205139,
        -0.04244593013729146,
        0.00766215415868393,
        -0.0317804358325118,
        -0.042343652803108374,
        0.0776915394997557,
        -0.00026696684249886325,
        0.008887702529235729,
        0.0030594425163572012,
        -0.012452076433373906
    ],