{
    "ParameterSet": [
        0.0,
        0.0,
        0.0,
        0.0,
        0.0,
        0.0,
        0.0,
        0.0,
        0.0,
        0.0,
        0.0,
        0.0,
        0.0,
        0.0,
        0.0,
        0.0,
        0.0,
        0.0,
        0.0,
        0.0,
        0.5044372080402942,
        0.11179573179088269,
        0.22336131133168322,
        0.5238323908959595,
        0.4897837537401469,
        0.23336879209210276,
        0.156900132397411,
        0.2705401047539295,
        0.5045759819857375,
        0.4904423579823461,
        0.2409376907772342,
        0.1710147855545038,
        0.2840915832472842,
        0.5079500341720962,
        0.4593346845127408,
        0.21835216964225468,
        0.1690032511888188,
        0.3258838945822318,
        0.5074750373643965,
        0.2620683981985637,
        -0.04,
        -0.04,
        -0.04,
        -0.04,
        -0.04,
        -0.04,
        -0.04,
        -0.04,
        -0.04,
        -0.04,
        -0.04,
        -0.04,
        -0.04,
        -0.04,
        -0.04,
        -0.04,
        -0.04,
        -0.04,
        -0.04,
        -0.04
    ],
    "SensorParameterSet": [
        -0.2861100180981409,
        0.20000196022534694,
        -0.3784311911509135,
        -0.28103691089054905,
        0.16105871954647633,
        0.570723438156693,
        -0.36840004537443666,
        -0.20382884566326484,
        0.10325008298590829,
        -0.14255083572754207,
        -0.2760455832374148,
        0.4657579740461719,
        0.19806775521695993,
        0.09029294362108309,
        -0.35594715558050966,
        0.032469617286639746,
        0.27516484226207505,
        0.027921257253206648,
        -0.14751283525776157,
        0.17413882288410434,
        0.19484786720743624,
        -0.009211701023253676,
        0.10577893657073284,
        -0.4230235168448372,
        0.38329252441957556,
        0.09373782244996776,
        0.21084669910164874,
        0.022563255285542462,
        0.34641402174640357,
        -0.668561938114954,
        0.6479517190530141,
        0.21767305582551233,
        -0.15248418785612292,
        0.2830622176299381,
        0.1421768550486716,
        0.29525234333043127,
        0.2336559568252768,
        0.24506863281869007,
        0.04978304203014113,
        -0.5258861539414933,
        -0.3238752976041201,
        -0.30968932100499535,
        -0.11552919517840564,
        -0.2543706552463445,
        0.08479599714108646,
        0.46663162780129075,
        -0.18561093065985554,
        -0.09207251911076461,
        -0.09944028962338045,
        0.5043282317332859,
        -0.4526919123308003,
        0.3021477247969312,
        0.20076349169556,
        -0.26749491920034885,
        -0.10912224705849091,
        0.1299568344672658,
        0.2484949099855608,
        0.09427667039576756,
        -0.2263683142225751,
        -0.0826288679377575
    ],
    "checked": "indirect",
    "iteration": 87,
    "noise_sensor_0": [
        -0.009481106752921643,
        -0.050526452673835806,
        -0.02345697208235665,
        0.04837289888500667,
        0.022193809318022853,
        -0.01844073269960281,
        0.09867524398570411,
        0.06971413299756009,
        0.022241565121188314,
        -0.04273021535866868,
        -0.013240071741978167,
        -0.006430345883894833,
        0.08319731314859959,
        -0.002740502861304918,
        0.07925132428585474,
        -0.015279573269956397,
        -0.04670883319003376,
        0.015631091861875456,
        0.055883904224236905,
        0.05122174498880825,
        0.026388521171253874,
        -0.026954271182549002,
        -0.05554502657527314,
        0.011144851769626997,
        0.0696262320076773,
        0.04771509409110044,
        0.020721885922035242,
        -0.031919712482194156,
        0.043273620872116746,
        -0.047721003161171116,
        0.006943056429979221,
        0.03511053822110564,
        -0.02397435352881444,
        0.0048576640041245655,
        0.008415164182341138,
        -0.02363436474636949,
        -0.02534402175522639,
        0.0291865674427368,
        -0.034281630636672486,
        -0.010327344150326644,
        0.005989115271811101,
        -0.04602929553399192,
        0.04690943791719289,
        0.033073274275740215,
        0.1019601205877409,
        -0.018328084670006416,
        0.01146658311118084,
        -0.00763301244827529,
        -0.04250438125266751,
        -0.01734843151049094,
        -0.00011097409829094821,
        -0.011304300580770053,
        0.004291007392736074,
        0.0063883202615337255,
        0.003184140491131842,
        0.005316376994468444,
        0.0026063037628101214,
        -0.04563631318045324,
        0.015893737722412718,
        0.0039111201236657085
    ],
    "noise_sensor_1": [
        -0.009871361553303731,
        0.003266975102556904,
        0.021369963872976492,
        -0.053718464084088834,
        -0.029239514288767945,
        0.018782047782317,
        0.024215598607076942,
        0.026511305431156373,
        0.00302894731382319,
        -0.025246004631938143,
        0.0018802016434322822,
        0.08838089059521213,
        -0.010647606781007707,
        -0.05517475850780253,
        -0.025268709990585274,
        0.0799719276864161,
        0.018182278080212222,
        0.011711123548729602,
        -0.02979172698351261,
        -0.046754312080169065,
        -0.12618566758802421,
        0.06882338526072078,
        0.030972471278016354,
        0.014598983756723442,
        -0.049344393475625865,
        0.054743807271142836,
        0.013626021560504416,
        0.025640632540732084,
        0.0034443371049988256,
        0.046241984010210235,
        0.0009056347721521916,
        0.006123483350064428,
        -0.048293155327432356,
        -0.04916414106726617,
        -0.04128177581083914,
        0.08696264518647666,
        0.004533693722019389,
        -0.021324643392151354,
        -0.015120114438341457,
        0.07292510651054397,
        0.004856517494371204,
        0.014980456737189956,
        0.034685151579902686,
        0.01575809451870902,
        -0.00423547241856609,
        -0.03869668287071709,
        -0.0021953235343362635,
        0.0017500247881558466,
        0.005317286321123516,
        -0.033767313166094506,
        -0.02601513482383974,
        -0.041532668859812404,
        -0.026945902528695734,
        -0.030484919215688907,
        0.022468999064718338,
        -0.016884790636496953,
        0.0060915029805943535,
        0.0686210365409584,
        -0.0503597601313704,
        0.017233362327104214
    ],