{
    "ParameterSet": [
        0.0,
        0.0,
        0.0,
        0.0,
        0.0,
        0.0,
        0.0,
        0.0,
        0.0,
        0.0,
        0.0,
        0.0,
        0.0,
        0.0,
        0.0,
        0.0,
        0.0,
        0.0,
        0.0,
        0.0,
        0.5044372080402942,
        0.11179573179088269,
        0.22336131133168322,
        0.5238323908959595,
        0.4897837537401469,
        0.23336879209210276,
        0.156900132397411,
        0.2705401047539295,
        0.5045759819857375,
        0.4904423579823461,
        0.2409376907772342,
        0.1710147855545038,
        0.2840915832472842,
        0.5079500341720962,
        0.4593346845127408,
        0.21835216964225468,
        0.1690032511888188,
        0.3258838945822318,
        0.5074750373643965,
        0.2620683981985637,
        -0.04,
        -0.04,
        -0.04,
        -0.04,
        -0.04,
        -0.04,
        -0.04,
        -0.04,
        -0.04,
        -0.04,
        -0.04,
        -0.04,
        -0.04,
        -0.04,
        -0.04,
        -0.04,
        -0.04,
        -0.04,
        -0.04,
        -0.04
    ],
    "SensorParameterSet": [
        -0.14630036603156393,
        0.15353788051489276,
        -0.2763049546205364,
        -0.09181534456855903,
        -0.05286461712994518,
        0.5871683728598261,
        -0.3898977131212183,
        0.0387678395728768,
        0.03309504822125674,
        -0.047951567794489,
        -0.4088946041207172,
        0.10708413473845417,
        0.2108902291358294,
        0.12376387850803806,
        -0.28783928249769714,
        -0.0748437586332868,
        0.23887877568976226,
        0.002574190200582421,
        -0.23424855389504162,
        0.35186474401408285,
        0.18733435277833974,
        -0.26065488589421165,
        0.017790085011324765,
        -0.14427170979467613,
        0.3054555906615923,
        0.21415167251954334,
        0.197455922741423,
        0.026219851914954965,
        0.1959698189116492,
        -0.4226588764244161,
        0.5475387599206106,
        0.004927762517425378,
        0.02660766951920215,
        0.15246961924404495,
        0.12466282641768701,
        0.04607666619818151,
        0.4301305855885084,
        0.09626171827069654,
        -0.1903219120167034,
        -0.3886434032744857,
        -0.24352183438015926,
        -0.4497094062007527,
        -0.08470898838138395,
        -0.30621388281848544,
        0.15709297892390678,
        0.6982757491051397,
        -0.24537095026204478,
        -0.08246295030533884,
        0.02517406296502071,
        0.3886217694399388,
        -0.4358257013449426,
        0.3334150396251271,
        0.11955552159735856,
        -0.3295952684435982,
        0.2170706512810053,
        0.1836713806578425,
        0.2729603912689089,
        -0.17814023731254972,
        -0.14265286922010126,
        -0.030401090317728176
    ],
    "checked": "indirect",
    "iteration": 55,
    "noise_sensor_0": [
        0.008089671878074025,
        -0.014466048674193613,
        0.0018867456447918673,
        -0.0018994143175762553,
        0.04028708865208901,
        -0.032222285910851765,
        0.014138323755493277,
        -0.05071211959061553,
        -0.0171555006903052,
        -0.04996663190242968,
        -0.04272140992496984,
        0.018703794544476026,
        0.035599079376793775,
        -0.02083873626934702,
        0.04296686179397314,
        0.019939860356656618,
        0.004359220272868538,
        -0.08248640674335109,
        -0.04227692563478615,
        -0.04288759619861726,
        -0.09622414129772924,
        0.03198189660539446,
        0.028149152272963114,
        0.004777824488494542,
        0.0777188275148434,
        -0.01912645109225782,
        0.02181953598003776,
        -0.043136034276517146,
        -0.01699066835727521,
        0.007983762365982604,
        0.019233521487935983,
        -0.13633690957334024,
        -0.02617393320869907,
        -0.04605816866487907,
        0.05972162616710185,
        0.01263787459896973,
        0.07336117504514919,
        0.015948959670474466,
        0.007041712524349387,
        0.006545003963317276,
        0.06892148268216378,
        -0.010207501321678122,
        -0.009524715379870837,
        0.03794155521415661,
        -0.025270040321717875,
        -0.04305576288642873,
        0.030767611858750116,
        -0.004331106615867372,
        0.03520754705528832,
        0.038983713419140274,
        -0.06545924767067832,
        -0.033325721999262446,
        0.04169949034866642,
        -0.030770500652325394,
        0.019802694862817206,
        -0.05927614445071159,
        -0.12078880464202961,
        0.011494163261646857,
        -0.13923918805826116,
        -0.04404894320429381
    ],
    "noise_sensor_1": [
        0.011569040773373401,
        -0.06587193265182463,
        0.007021722939877938,
        -0.04956664452492864,
        -0.020536374499559903,
        -0.030936784552027537,
        0.11007875244114937,
        -0.0010738175200352966,
        -0.1048112860312828,
        0.025498150024358405,
        -0.07161149608090918,
        -0.0008381591332979263,
        -0.05222923193939348,
        0.02925170922283037,
        0.07856629558945151,
        -0.005256531455566,
        0.026914661639693933,
        0.03778214387938873,
        0.031005563148390636,
        -0.025430313281059342,
        -0.009320847933450437,
        -0.019428697133095797,
        -0.026224328613990044,
        -0.01677280021134907,
        -0.02315792579588722,
        0.03339934173187176,
        -0.02626941142495765,
        0.025868519734950905,
        -0.031047588156896355,
        0.021716423943730277,
        0.031739117321547404,
        -0.03945871266717957,
        -0.0016335682266443924,
        0.04581941178497599,
        -0.0017053958632383226,
        -0.030365572844530696,
        -0.054376607666134655,
        -0.11309238067100412,
        -0.0389283360652458,
        0.009959860261458162,
        0.05095566472748992,
        0.02465101025029609,
        -0.06981612593481928,
        -0.014523029161184697,
        0.04122174204169012,
        0.05705833484941809,
        -0.001965929225415718,
        0.051127202360307045,
        -0.00808771726465839,
        -0.009198457114775918,
        0.07988844903735014,
        -0.035225458788168164,
        -0.051609884793399216,
        0.023197402946204822,
        -0.008229707328635498,
        -0.028994989629559712,
        -0.03310463839433358,
        -0.00779128990618184,
        0.016218884770846265,
        -0.0069612280388609525
    ],