{
    "ParameterSet": [
        0.046785361199688805,
        0.07337372874042969,
        -0.02519998848132657,
        -0.017634908945741077,
        0.015274893197402026,
        0.013142438655594096,
        0.043701673622464625,
        -0.11713785469471884,
        -0.05434682114929338,
        -0.07324665463297003,
        -0.153518835324523,
        -0.1088962744837339,
        -0.10141777295823144,
        -0.002948149847986844,
        0.010027554071507525,
        0.07685172642954602,
        0.07704159185528722,
        0.05127391895308167,
        0.02075121475485168,
        0.04563032793797472,
        0.5328272679319119,
        0.09008519194819242,
        0.2172246719834977,
        0.598795683559191,
        0.4636617689786595,
        0.21546344177418691,
        0.19559133255262412,
        0.33890097986661627,
        0.5173498204300966,
        0.48673187262223677,
        0.2411023386720172,
        0.1161449878848636,
        0.2569304513270015,
        0.4597951981855051,
        0.44336458773643206,
        0.2559524970420854,
        0.16804364378405942,
        0.32059163996308476,
        0.5109122121956694,
        0.2858215662847947,
        -0.09469945428793558,
        -0.061012969376018494,
        -0.015003772827775486,
        -0.09663929210276587,
        -0.02810711303652944,
        -0.046678719787694924,
        -0.10389996913364218,
        -0.0498504295964764,
        -0.06241583920057706,
        -0.045291759866584916,
        -0.12216180258574662,
        -0.05911577332999093,
        -0.003749080762397799,
        -0.12975561943323397,
        -0.09102657835171267,
        -0.016467795780951814,
        -0.005921716262676168,
        -0.008051531092635988,
        -0.08600273941589257,
        -0.05131779058764973
    ],
    "SensorParameterSet": [
        0.0,
        0.0,
        0.0,
        0.0,
        0.0,
        0.0,
        0.0,
        0.0,
        0.0,
        0.0,
        0.0,
        0.0,
        0.0,
        0.0,
        0.0,
        0.0,
        0.0,
        0.0,
        0.0,
        0.0,
        0.0,
        0.0,
        0.0,
        0.0,
        0.0,
        0.0,
        0.0,
        0.0,
        0.0,
        0.0,
        0.0,
        0.0,
        0.0,
        0.0,
        0.0,
        0.0,
        0.0,
        0.0,
        0.0,
        0.0,
        0.0,
        0.0,
        0.0,
        0.0,
        0.0,
        0.0,
        0.0,
        0.0,
        0.0,
        0.0,
        0.0,
        0.0,
        0.0,
        0.0,
        0.0,
        0.0,
        0.0,
        0.0,
        0.0,
        0.0
    ],
    "checked": "indirect",
    "iteration": 19,
    "noise_0": [
        0.023147764564580668,
        0.01826883292993299,
        -0.003079828754995065,
        -0.009873588384219662,
        0.006722303390204484,
        -0.0031371763292295978,
        -0.013198565520667263,
        0.0017580646594481067,
        0.024519600826573534,
        -0.013635654278718235,
        -0.010228723557681504,
        -0.010222702329754498,
        -0.00846222945544621,
        -0.00022392502932617613,
        0.018674279129850424,
        0.025741404079638278,
        0.00345937707621164,
        0.03969565696775318,
        -0.009882957270253236,
        0.010907308743065502,
        -0.0060979203103707115,
        0.020607691700625638,
        0.006342396972524301,
        -0.006277153571447739,
        0.026127591525043195,
        -0.013767195303195512,
        0.011809299750047339,
        0.008519838988477368,
        0.021078568912374213,
        0.0011660799911259263,
        -0.014088937684170218,
        -0.010857501109346895,
        -0.017301874029273627,
        -0.001985029687663102,
        -0.007440724536651507,
        0.007629502501514158,
        0.01995400318941368,
        0.0032177038512002177,
        0.016665905392986666,
        -9.414142487824918e-05,
        -0.010569364929820387,
        0.0034469770572597568,
        0.012063420053151077,
        -0.0036838915694834963,
        0.012490289897091125,
        0.009688921670841084,
        -0.023789445748914482,
        -0.013633058405580524,
        0.027804291240028346,
        0.031186438707356514,
        0.001406995392507722,
        0.0020101028353135247,
        -0.004822157963458057,
        0.0001435778168800128,
        -0.006214812540992517,
        -0.022507579940438987,
        0.0069349799111415025,
        0.01684525799275301,
        -0.00015791962666271393,
        -0.004758211061694013
    ],
    "noise_1": [
        -0.008850058894635974,
        0.011127194544975714,
        -0.005371920016928797,
        -0.013349686260876093,
        0.017217516062660625,
        -0.0053860697465976165,
        -0.016951862188757504,
        0.008472731531807654,
        -0.00968661221335661,
        0.0030081811961229304,
        -0.007835960908349393,
        0.006124028484798618,
        0.0005706226113117022,
        -0.026618687383289444,
        -0.00589212727902893,
        -0.007556476889139429,
        -0.0018113697100524567,
        -0.011451437493956596,
        0.013416760487915555,
        -0.013251192062271539,
        0.02937869709192049,
        0.01788268537862332,
        0.01494138505443973,
        -0.008953545620308846,
        0.020418195134298933,
        -0.01331194373962263,
        0.006428615129272978,
        -0.007334311497683501,
        -0.003501154215025846,
        0.000429005252501581,
        0.02827902340075214,
        -0.006999340414446027,
        -0.01862034701625475,
        0.010791027517728764,
        0.0036441661447294492,
        0.005655805895651173,
        -0.004569873111569288,
        0.019014469426478393,
        0.01511233830857245,
        0.018984902159852855,
        0.014710913505454615,
        0.0051167321863475135,
        0.009902390984768477,
        0.008904598865647694,
        -0.009301000834060573,
        0.01678076469202414,
        -0.03140959903699401,
        0.009265666184588506,
        -0.010215486702483978,
        -0.008068434257340936,
        0.0047832536383957515,
        0.007994208324521202,
        0.008090502222701901,
        0.002293374474570933,
        0.00899739900764337,
        0.006624915125227996,
        0.005293975298435043,
        0.02126231914132828,
        0.002725477822862673,
        0.004596309942160487
    ],