{
    "ParameterSet": [
        0.05469433396604739,
        0.0720330127042523,
        0.018583476115690774,
        -0.01617345002307678,
        -0.006725848912690485,
        0.00034000864807554564,
        0.029567748072056605,
        -0.11146275963977664,
        -0.02015280929285827,
        -0.05391386433588649,
        -0.099532721899752,
        -0.026211294777890207,
        -0.08210156129738695,
        -0.009022856291042141,
        -0.016406009277017304,
        0.0637646441723408,
        0.019660920687426073,
        0.025410606473885152,
        0.028888027031433672,
        0.019200066133001854,
        0.5258499894473944,
        0.13452154476668696,
        0.18786841491134598,
        0.5667396925594589,
        0.47820522630139994,
        0.19279083205775677,
        0.1521248601622424,
        0.3037630750152994,
        0.5464545435139081,
        0.47099337185841966,
        0.31931964230726834,
        0.15317966559189378,
        0.27559527178126714,
        0.4562683321751974,
        0.44709468491357957,
        0.2260823730812293,
        0.19469352084087804,
        0.3051025740869067,
        0.5036098131039468,
        0.2582002583783265,
        -0.04742472115828424,
        -0.0560305619967296,
        -0.01266089260633675,
        -0.09467422110361397,
        -0.05968997208841813,
        -0.04074302299676433,
        -0.07867945336602168,
        -0.04625650797050389,
        -0.06474774790300666,
        0.01563295458388482,
        -0.049049756785747876,
        -0.025849050135814657,
        -0.03766086637893608,
        -0.08185120289129542,
        -0.055691432070120346,
        -0.012210094105594031,
        -0.018604625245891113,
        -0.03906998370493016,
        -0.07105977119562394,
        -0.04611003798728109
    ],
    "SensorParameterSet": [
        0.0,
        0.0,
        0.0,
        0.0,
        0.0,
        0.0,
        0.0,
        0.0,
        0.0,
        0.0,
        0.0,
        0.0,
        0.0,
        0.0,
        0.0,
        0.0,
        0.0,
        0.0,
        0.0,
        0.0,
        0.0,
        0.0,
        0.0,
        0.0,
        0.0,
        0.0,
        0.0,
        0.0,
        0.0,
        0.0,
        0.0,
        0.0,
        0.0,
        0.0,
        0.0,
        0.0,
        0.0,
        0.0,
        0.0,
        0.0,
        0.0,
        0.0,
        0.0,
        0.0,
        0.0,
        0.0,
        0.0,
        0.0,
        0.0,
        0.0,
        0.0,
        0.0,
        0.0,
        0.0,
        0.0,
        0.0,
        0.0,
        0.0,
        0.0,
        0.0
    ],
    "checked": "indirect",
    "iteration": 11,
    "noise_0": [
        0.008552934199587654,
        0.011232853030463685,
        -0.015462144043698311,
        0.015276649552047869,
        -0.0023746544829312977,
        -0.00530303477289997,
        0.01678474713607369,
        -0.028193553053582083,
        -0.01388272137458728,
        0.02232780290635998,
        -0.029426376861016953,
        -0.029326844408621624,
        -0.00437982158529495,
        -0.0004464088100231978,
        0.003589238074834617,
        -0.017261267677102392,
        0.018500750500805716,
        -0.0009663428019393494,
        -0.0037606649442681983,
        0.009991569372838727,
        -0.011802783961786209,
        -0.015993292812252508,
        -0.012994505633529874,
        0.03158411928670426,
        0.005182627317633683,
        0.04214358552350245,
        -0.0032734234989031173,
        0.015960867835704343,
        -0.01154736355609135,
        -0.0006484047509630198,
        -0.002872452058229998,
        -0.0018332558373596302,
        0.008883221527226834,
        -0.007454366106354108,
        0.0062603486883204594,
        0.029623725875253082,
        -0.011973405897938732,
        -0.01995874677435604,
        -0.013411722901752191,
        -0.0011425801272643818,
        -0.0017648789134838945,
        -0.015658946871557135,
        0.00437134364173517,
        -0.03281156472276118,
        0.0017896039482002777,
        -0.01316137368905746,
        0.01002014628803514,
        0.0004343559121734127,
        0.013808058654018657,
        0.008197300195506503,
        -0.02544912398944992,
        0.034407962706363475,
        0.007812432468683502,
        0.007136718597395019,
        -0.010222486332853192,
        0.009283095234879048,
        -0.018366416213499947,
        0.021692288712224114,
        0.011343936073096335,
        0.01061217115408612
    ],
    "noise_1": [
        -0.0021263446980494946,
        -0.013620927560608363,
        -0.009279193897745926,
        -0.01253605344412354,
        0.0037454767378501106,
        0.019481029404199778,
        -0.005085194303548633,
        -0.009118688478690707,
        -0.004266312182895415,
        -0.002361546998450113,
        -0.012934192072149691,
        0.00322459840834564,
        -0.0022221960624467184,
        0.02239493071145443,
        0.009593920958955336,
        0.01633815877251032,
        -0.00511866096948452,
        0.0031669368427114843,
        -0.00892596974514418,
        -0.029189290686133212,
        -0.014406954322628921,
        0.027706358576900337,
        0.005869360042224899,
        -0.013164871131687326,
        0.004068298905345949,
        -0.007979904897889191,
        -0.005836895546657343,
        -0.004199130305716037,
        -0.01146430370960492,
        0.020448503607561754,
        0.0038607864073409797,
        -0.017344271300043377,
        -0.007504175857408346,
        0.017295483270930848,
        0.0004989216157981965,
        -0.006660699031469856,
        -0.006363174773023694,
        -0.008385128128306163,
        -0.003581947972639794,
        0.0392971096732595,
        0.004362451435258124,
        -0.005706890890832013,
        0.017122613244219032,
        0.0052359817381012145,
        0.0013970968487344402,
        0.020317987600959948,
        -0.005576989163491308,
        -0.007316208636088297,
        0.017781902612032947,
        -0.012910373480364666,
        0.020647171447910034,
        0.0024393483056420195,
        0.013978039434418279,
        0.020853647665338333,
        -0.01682236628158025,
        0.012833021649554757,
        0.0036216336442343156,
        -0.008885807329299847,
        0.006914213497027449,
        -0.0203375656117503
    ],