{
    "ParameterSet": [
        0.05238956474744004,
        0.0810933117304923,
        0.004761078704637942,
        -0.0016047720325007744,
        0.006980254973888061,
        -0.002347199099937079,
        0.03781692241205181,
        -0.13603068828377768,
        -0.03701409436714652,
        -0.04228706207819499,
        -0.1161739464858061,
        -0.045982542085090526,
        -0.09030276822332521,
        0.004246022129875765,
        -0.009078985583884874,
        0.04779670778823151,
        0.04800548917938917,
        0.0274010469806054,
        0.01439861001892822,
        0.0363816243962788,
        0.5213718613055924,
        0.12754675506081845,
        0.1823210968596777,
        0.5939863815061207,
        0.48802968831841204,
        0.23056723302638873,
        0.1499921525976582,
        0.31273365840113365,
        0.5315657192355168,
        0.4807590466482907,
        0.31384076002563105,
        0.14093165356929185,
        0.2900581461090161,
        0.46303059847803374,
        0.45108556133930894,
        0.2506413313139331,
        0.19484437523232068,
        0.2883048470952492,
        0.4880832623909843,
        0.2629491641429776,
        -0.04775180225312359,
        -0.07111859970019549,
        -0.02697603763528069,
        -0.11577531018754572,
        -0.054763792916949515,
        -0.057442474380676914,
        -0.08047838210813524,
        -0.03255729424801413,
        -0.05873065319282189,
        0.035956731155008345,
        -0.0772400100456311,
        -0.002578130282754418,
        -0.025010900935983873,
        -0.0809719846637987,
        -0.07391635523150548,
        0.0004755408029757974,
        -0.036719509742043945,
        -0.02897052417527342,
        -0.05167227093803059,
        -0.040735846267783156
    ],
    "SensorParameterSet": [
        0.0,
        0.0,
        0.0,
        0.0,
        0.0,
        0.0,
        0.0,
        0.0,
        0.0,
        0.0,
        0.0,
        0.0,
        0.0,
        0.0,
        0.0,
        0.0,
        0.0,
        0.0,
        0.0,
        0.0,
        0.0,
        0.0,
        0.0,
        0.0,
        0.0,
        0.0,
        0.0,
        0.0,
        0.0,
        0.0,
        0.0,
        0.0,
        0.0,
        0.0,
        0.0,
        0.0,
        0.0,
        0.0,
        0.0,
        0.0,
        0.0,
        0.0,
        0.0,
        0.0,
        0.0,
        0.0,
        0.0,
        0.0,
        0.0,
        0.0,
        0.0,
        0.0,
        0.0,
        0.0,
        0.0,
        0.0,
        0.0,
        0.0,
        0.0,
        0.0
    ],
    "checked": "indirect",
    "iteration": 13,
    "noise_0": [
        -0.018616296519841067,
        0.009517406405176426,
        -0.0010393470744783748,
        -0.018995762107320596,
        0.021695161677163788,
        -0.007044471362398142,
        -0.0033690385744027888,
        -0.021581632297190723,
        -0.01134761934820393,
        0.010291041460668376,
        -0.012290667468434973,
        -0.006735109874142648,
        0.017886935872752717,
        0.002030819911078769,
        -0.009690264136925452,
        0.019225177493788298,
        0.003948140153968455,
        -0.005818626619739612,
        0.00130342019646661,
        -0.030595999913606228,
        -0.033839060761440075,
        -0.011254648847501256,
        0.006698670326335779,
        0.011976627213797775,
        -0.0035768602731508906,
        0.007767064171904038,
        0.004696817882529841,
        0.010909650281818025,
        -0.004733488423422756,
        -0.008990094900383933,
        0.03402858503943731,
        -0.019165431808657936,
        -0.01658621898829446,
        0.0016953796081623368,
        -0.004949717154710807,
        -0.021193987982753883,
        -0.0031855187828908832,
        -0.014017550071324197,
        0.0018360606962594345,
        -0.00390657263203993,
        -0.024305536723276348,
        -0.0013014528281467639,
        -0.001588692675528825,
        0.00018382789496455834,
        -0.0016576558546608229,
        0.0021229656880571057,
        0.0044753891699504155,
        0.022962543121851458,
        -0.004639382707172572,
        -0.014711238363670356,
        -0.0018683206182687148,
        -0.011206798852002322,
        0.010511467206952375,
        -0.009032454939423194,
        0.001186161426128324,
        0.0157974616641811,
        -0.012220100304644372,
        -0.027045795410539114,
        0.003817393929685859,
        0.01897978670715014
    ],
    "noise_1": [
        -0.010767515640596035,
        6.88060907726201e-05,
        -0.004363527546475279,
        -0.02702864580406086,
        -0.00732136920933827,
        0.01769689495829406,
        -0.007940382984624638,
        -0.007162854301657015,
        -0.01905441175849766,
        -0.0075688758814875055,
        0.008030579776341012,
        -0.006481827472039833,
        0.01588085569874593,
        0.007946119489397286,
        0.012181122604781224,
        -0.005022144418065945,
        -0.005705799627383434,
        0.003368128428096885,
        -0.005433581064402637,
        0.011388595583439335,
        -0.009833958159485104,
        -0.0012804763324848743,
        -0.007525562430980727,
        0.006208619065182441,
        0.012638415417873212,
        -2.8994614621331823e-05,
        0.02147134684546382,
        -0.013712366756673085,
        0.004286093903460599,
        -0.04892251991352704,
        0.001980453541273729,
        -0.023262738250062164,
        0.01140724684135098,
        0.009032588134232945,
        0.004066935418224289,
        0.009650438430322717,
        -0.01173106440397869,
        0.007455576872583986,
        -0.027713262571582926,
        0.006017453877286711,
        -0.005614809472605897,
        0.004909251580792698,
        -0.03061215451867805,
        0.02181658106307025,
        -0.01158584714819322,
        -0.010682405300272285,
        -0.010254119105232473,
        -0.004520122404643713,
        -0.006606271365461229,
        0.007512399440206222,
        0.010134977775189784,
        -0.02819032844187451,
        -0.010584476163212444,
        0.01841611504816969,
        -0.011816152183018888,
        -0.005746625734018149,
        -0.007171569730420703,
        -0.0028483878351036854,
        -0.0020367662531494083,
        0.019408443790087514
    ],