{
    "ParameterSet": [
        0.0790403083408892,
        0.12778022481536683,
        -0.0053430558224274345,
        0.0844813166696435,
        0.03781405968742109,
        -0.09329107369118331,
        0.01118318434402749,
        -0.16572702265274314,
        0.006192077345394322,
        -0.18643155869298927,
        -0.14793445321073168,
        -0.14210506604170464,
        0.019526670054069217,
        -0.048880338958492864,
        0.06826393297337174,
        0.1295415156825289,
        0.1061656016156044,
        0.09087327078655849,
        0.007923601866450743,
        -0.053558980275138016,
        0.5108815900272328,
        0.1558766340297361,
        0.32678334072665494,
        0.7030006217780329,
        0.5099105159477982,
        0.13689825871715247,
        0.3933871368720661,
        0.3000996678521871,
        0.5496400010177654,
        0.39443026576176426,
        0.334240870801548,
        0.0744693993015378,
        0.22601878137556708,
        0.3836180542080106,
        0.43676756616333656,
        0.2176576239819959,
        0.04987913098019448,
        0.2951886698401704,
        0.422297886709763,
        0.3275031699592747,
        -0.07717844036545987,
        -0.10360019626415558,
        -0.03083371896030047,
        -0.017182812312140826,
        -0.048817153784486686,
        0.06462869417727193,
        -0.09619276913371107,
        -0.157404569250906,
        -0.11825054470502638,
        -0.14858220848765982,
        -0.04813899551664561,
        -0.08040103122946807,
        -0.024648460466632723,
        -0.07331210442878429,
        -0.07118045040414936,
        -0.07821924615998767,
        -0.09333995212431265,
        -0.06343092610367648,
        -0.16282434045265887,
        0.019088284927101493
    ],
    "SensorParameterSet": [
        0.0,
        0.0,
        0.0,
        0.0,
        0.0,
        0.0,
        0.0,
        0.0,
        0.0,
        0.0,
        0.0,
        0.0,
        0.0,
        0.0,
        0.0,
        0.0,
        0.0,
        0.0,
        0.0,
        0.0,
        0.0,
        0.0,
        0.0,
        0.0,
        0.0,
        0.0,
        0.0,
        0.0,
        0.0,
        0.0,
        0.0,
        0.0,
        0.0,
        0.0,
        0.0,
        0.0,
        0.0,
        0.0,
        0.0,
        0.0,
        0.0,
        0.0,
        0.0,
        0.0,
        0.0,
        0.0,
        0.0,
        0.0,
        0.0,
        0.0,
        0.0,
        0.0,
        0.0,
        0.0,
        0.0,
        0.0,
        0.0,
        0.0,
        0.0,
        0.0
    ],
    "checked": "indirect",
    "iteration": 98,
    "noise_0": [
        0.014134640530181734,
        -0.006959163995387544,
        -0.0011845563819511955,
        0.007871193473473348,
        -0.004275841129605826,
        0.014846667503720056,
        -0.008204513374126369,
        0.001491704173096296,
        -0.00013334721685432133,
        -0.006500259471891903,
        -0.000999875616265436,
        0.008074495982848123,
        0.003808193471348387,
        0.0020182360944186665,
        0.005219374422394032,
        -0.002256438099980511,
        -0.004901276302272193,
        -0.00200996419476723,
        -0.0035890336720693955,
        -0.0011972828151108194,
        -0.005240968062894585,
        0.012650446706431203,
        0.00632761847998925,
        0.005387630920167662,
        -0.01361026215426361,
        0.004756629145569182,
        0.012865751087444179,
        -0.010543503772458572,
        0.016656463964294183,
        0.003268196138367234,
        0.0008263912245049348,
        -0.002540777674820268,
        -0.0023662607725881187,
        -0.010414899719410281,
        0.003660157735198944,
        0.010477583033905268,
        -0.015401835282398347,
        -0.0042423154862005754,
        -0.0018956593041394153,
        -0.008702753071286996,
        0.009051445835754533,
        -0.008308031972453361,
        0.006363112658198448,
        0.00727865747660155,
        0.002027034926356211,
        -0.006992851382802961,
        0.0148509803615373,
        -0.0030991516122297236,
        -0.0007094094783233545,
        0.00909595823266445,
        0.007999332487977578,
        0.017766239303402362,
        -0.005544029039792585,
        -0.006344265916982866,
        -0.00808152113907702,
        0.00214845128344578,
        0.01836325072244589,
        -0.0014313885168498624,
        -0.002925621634843897,
        -0.0024095604605844797
    ],
    "noise_1": [
        -0.00882371725743462,
        0.0132348199906355,
        -0.0016663981279403859,
        -0.00977735821415847,
        0.00285529783172954,
        0.008067499089990014,
        0.0006266597834045404,
        -0.020761175424868484,
        -0.00013677590747051876,
        0.003025542588574683,
        0.0002934366750998085,
        0.007959298446119941,
        -0.008214055370102025,
        -0.007122068826728998,
        -0.0031813753652249546,
        -0.014571740193193511,
        0.00850913795756229,
        0.0015033013476968941,
        0.00644041266716718,
        0.017385636966878195,
        -0.012834812118394068,
        -0.010338376032466599,
        -0.0032760316223159084,
        -0.021209995938731768,
        -0.0019403037615570648,
        -0.011287690200424421,
        0.01190286587804347,
        0.011243245363115025,
        -0.013877806599251275,
        -0.0028724521551812764,
        -0.011459210032165568,
        0.008600094289638021,
        -0.02245636408873399,
        0.003005726856532629,
        0.007406550186860325,
        0.005286380405917595,
        -0.00539824388416367,
        -0.0011686610525528112,
        0.014257455710973211,
        0.021424476678618364,
        0.005062080110630493,
        0.012557564009720927,
        0.002906044544711852,
        -0.004604695432054499,
        0.008134113685716713,
        -0.003458553035492118,
        -0.0014853953494276292,
        -0.012864233983352328,
        -0.007742575167070493,
        -0.010809862446876888,
        -0.002803637538819672,
        0.006265566999455044,
        0.006587748471280332,
        -0.006109902526261669,
        -0.00699327625488061,
        0.005143793168646193,
        -0.022040460466411657,
        0.009393446533878117,
        0.00042357429665195216,
        0.0022144001990753097
    ],