{
    "ParameterSet": [
        0.06701925866066492,
        0.12276013165474774,
        0.0003765049525445023,
        0.05795549443198605,
        0.018635997741467333,
        -0.08468555592317559,
        0.0028589177618265514,
        -0.10683049044659218,
        -0.02531744920315153,
        -0.16879246502881237,
        -0.13840550738104632,
        -0.1256755537856606,
        -0.042731265314878406,
        -0.058058824688797965,
        0.05406259519992214,
        0.1262735561924339,
        0.0916745740882025,
        0.038302641193000614,
        0.017874383498385178,
        0.004366822257925472,
        0.4911001582010228,
        0.10950967026487264,
        0.2554163291141243,
        0.7474909570360011,
        0.47884066733479913,
        0.15555660009675784,
        0.2617493791568326,
        0.34793578724290125,
        0.5186594752616311,
        0.4193571657239032,
        0.28917981140808113,
        0.09061996410797493,
        0.2211063188444104,
        0.4755919158169498,
        0.4606334322014186,
        0.25982086295204015,
        0.13354812223904172,
        0.3332072439054415,
        0.48118158113266546,
        0.33215068554158,
        -0.09144523294307591,
        -0.06619175045469268,
        0.02053254490107639,
        -0.10517699177317882,
        0.018946258336263268,
        0.033488180433495704,
        -0.13581178533361576,
        -0.15676894079692696,
        -0.14036705190865167,
        -0.05296333944006884,
        -0.09522046713465836,
        -0.10540386407758225,
        -0.036227555048843556,
        -0.08270020489888467,
        -0.05331880523422056,
        -0.012919598024500517,
        -0.09828962193770918,
        -0.008533743334327925,
        -0.17112680263007296,
        0.001860980417155322
    ],
    "SensorParameterSet": [
        0.0,
        0.0,
        0.0,
        0.0,
        0.0,
        0.0,
        0.0,
        0.0,
        0.0,
        0.0,
        0.0,
        0.0,
        0.0,
        0.0,
        0.0,
        0.0,
        0.0,
        0.0,
        0.0,
        0.0,
        0.0,
        0.0,
        0.0,
        0.0,
        0.0,
        0.0,
        0.0,
        0.0,
        0.0,
        0.0,
        0.0,
        0.0,
        0.0,
        0.0,
        0.0,
        0.0,
        0.0,
        0.0,
        0.0,
        0.0,
        0.0,
        0.0,
        0.0,
        0.0,
        0.0,
        0.0,
        0.0,
        0.0,
        0.0,
        0.0,
        0.0,
        0.0,
        0.0,
        0.0,
        0.0,
        0.0,
        0.0,
        0.0,
        0.0,
        0.0
    ],
    "checked": "indirect",
    "iteration": 47,
    "noise_0": [
        0.014006708829126238,
        0.015056031439722492,
        0.006604135489480488,
        -0.0010142322798253828,
        -0.0011606425301884122,
        -0.018009791170943933,
        0.006396124927710264,
        0.0026080007506153226,
        0.0058010360011714395,
        0.0004302628578491171,
        -0.0027208633022742,
        -0.00854227688735581,
        0.003984411199269964,
        0.009901308385152411,
        -0.0070463628778922325,
        -0.010856045642661327,
        0.008388697846415107,
        0.009006308300297727,
        -0.0027720853527731337,
        0.018342331282530655,
        0.013583063879533501,
        -0.014925127584569297,
        -0.006607436964966301,
        -0.016197694281676972,
        0.0013418013041234667,
        0.0025601170990994116,
        -0.008228221919384882,
        0.011305826649397199,
        0.007434836108950517,
        -0.0019595755527103647,
        -0.008560359016158271,
        -0.012784871880556381,
        -0.0035961654836872844,
        0.011827925146534747,
        0.00788580332284794,
        0.010636504542755306,
        -0.016398214748768444,
        0.004198918350037847,
        -0.014071331577529246,
        -0.007343256363871371,
        0.008591247720485308,
        0.0037285619425100605,
        0.0071419037339149815,
        0.0048613412047865635,
        0.010984359161897907,
        0.026203260038859588,
        0.01568006685812852,
        -0.006054340889702631,
        -0.001977185319686237,
        0.001422036765677693,
        -0.0026697598313247138,
        0.015079762394778174,
        0.021192976489005397,
        0.013455997249547626,
        -0.01944816850008873,
        -0.011812128952130444,
        -0.009997877225883611,
        0.014819669651813968,
        -0.00432989271467829,
        0.008394685224930008
    ],
    "noise_1": [
        0.005518658983208107,
        0.01113182002053482,
        0.009466744946726282,
        0.005039593745385405,
        0.012124202264758376,
        -0.0037355570106811036,
        -0.0040431493689942815,
        -0.00611489910384751,
        -0.0037961919338795817,
        0.024924830379128852,
        -0.006989137856593205,
        -0.010285880261826969,
        0.006295623322974017,
        0.0003975648239479639,
        0.011125748162621454,
        0.011507422256195606,
        0.00449290117288771,
        0.014024856776143397,
        -0.02595175826821954,
        0.005612201553557304,
        -0.0011484760284582649,
        -0.012209705185962972,
        0.0007131938983503688,
        0.0025431064468289166,
        0.010223618384445283,
        0.004635420920044,
        -0.009547899351604704,
        -0.01550393888608223,
        0.007920061207870439,
        0.012843168707688498,
        -0.0014480944252079123,
        0.014904140796282677,
        0.007989880751739536,
        -0.0015695206275816063,
        0.0068086602201378995,
        -0.0017765213933145334,
        0.001607806081962363,
        0.014459376028088358,
        0.024497818602804065,
        0.010195787276449415,
        -0.0015971603654054678,
        -0.006099001266593649,
        0.0008273338993284859,
        0.016763899798501743,
        0.006862981011023644,
        -0.011120001762125208,
        0.0036827843706235693,
        0.002049544687317598,
        -0.0066764102929689866,
        0.011337415129428088,
        0.007639868908462152,
        -0.0010112372537670609,
        -0.004175674186677748,
        -0.02239245213889819,
        -0.005786845214350393,
        -0.005229962497748869,
        0.0063773659113203615,
        -0.00420158329487058,
        0.0041062356849832895,
        -0.009227068913564295
    ],