{
    "ParameterSet": [
        0.0964080970467836,
        0.14917245593410636,
        -0.003276195880390783,
        0.0824556324653555,
        0.06888686094211718,
        -0.10587945412609008,
        0.011631987877050658,
        -0.10733239714441829,
        -0.04824870308001828,
        -0.16073991469618545,
        -0.16053770945978235,
        -0.11955906832244702,
        0.06286158778870528,
        -0.02973493464834145,
        0.08284233490546507,
        0.11609642267841469,
        0.1086620383119882,
        0.03240545907463529,
        0.06104961689821015,
        -0.046257722300001164,
        0.5004706785703769,
        0.13749637454834296,
        0.2977551195689081,
        0.7474198581220488,
        0.4796645666841905,
        0.10988090507568957,
        0.34679560403978227,
        0.3138877736984225,
        0.48583021106543917,
        0.37862218877089926,
        0.26903625179125323,
        0.06718212590072442,
        0.2540780419935492,
        0.4436126647760038,
        0.443658833534708,
        0.2945780702816364,
        0.10073329191335209,
        0.29903497621309716,
        0.3860669617251307,
        0.30566230961329566,
        -0.07094904447007255,
        -0.06489369564622088,
        -0.004003944742539149,
        -0.05695477101036603,
        0.011567001489014534,
        0.04780776142349667,
        -0.09618241893493785,
        -0.1824781640118395,
        -0.12097988151752051,
        -0.06296287671979818,
        -0.11261334178709481,
        -0.09965164686852368,
        -0.030755026128120644,
        -0.06532779263579269,
        -0.052419050128409056,
        -0.04039454915446679,
        -0.11940078945617838,
        -0.05836968567523813,
        -0.19164366864804255,
        0.004168478506615462
    ],
    "SensorParameterSet": [
        0.0,
        0.0,
        0.0,
        0.0,
        0.0,
        0.0,
        0.0,
        0.0,
        0.0,
        0.0,
        0.0,
        0.0,
        0.0,
        0.0,
        0.0,
        0.0,
        0.0,
        0.0,
        0.0,
        0.0,
        0.0,
        0.0,
        0.0,
        0.0,
        0.0,
        0.0,
        0.0,
        0.0,
        0.0,
        0.0,
        0.0,
        0.0,
        0.0,
        0.0,
        0.0,
        0.0,
        0.0,
        0.0,
        0.0,
        0.0,
        0.0,
        0.0,
        0.0,
        0.0,
        0.0,
        0.0,
        0.0,
        0.0,
        0.0,
        0.0,
        0.0,
        0.0,
        0.0,
        0.0,
        0.0,
        0.0,
        0.0,
        0.0,
        0.0,
        0.0
    ],
    "checked": "indirect",
    "iteration": 68,
    "noise_0": [
        0.03533617746679956,
        0.0014791081935509398,
        -0.008622403506972883,
        0.010078255048931522,
        -0.00987099453145473,
        0.015356820502023834,
        -0.004955492416819374,
        0.0034290268736059354,
        0.008408440317576878,
        -0.010118187945047505,
        0.005533755039562394,
        0.007634764902907859,
        0.0006442284502464797,
        0.015920914981879003,
        0.012167179700769533,
        0.01692086233529211,
        -0.002718334674826224,
        0.0012816073294605057,
        -0.02025782974018225,
        -0.012336877957617565,
        0.005174005462410238,
        0.0007183555123983998,
        -0.011743378998341778,
        -0.027247567778551886,
        -0.004889811972205293,
        0.01347944894277583,
        -0.0060449337476799255,
        0.005521181326769826,
        -0.009186641410641076,
        -0.007846927610462953,
        0.009549956505874674,
        -0.004605295836038767,
        0.006301826839703333,
        0.015228416907983352,
        -0.02013200572765784,
        0.014893399884813134,
        -0.010980823983842253,
        -0.004201669232089063,
        0.026975473845130292,
        -0.006176871817401896,
        0.018760728025423737,
        -0.006055689660952935,
        0.011567033652758374,
        0.0006591679228726252,
        0.016462046180243953,
        -0.0015160546510510678,
        0.009893746652375836,
        -0.0021100807126880517,
        0.01187469612589461,
        -0.019919758654194628,
        0.005563584014870047,
        0.014287977078020039,
        -0.0027889207535462006,
        0.01586704158235187,
        0.01808549736059945,
        0.0009528961700579137,
        0.002353057498201127,
        -0.015397223279504567,
        -0.007289903231362674,
        0.002465955920734602
    ],
    "noise_1": [
        -0.005021684281151689,
        -0.0144443678858594,
        -0.006455998440499652,
        0.010991596377457705,
        -0.021154716783582612,
        -0.01938172846483877,
        0.023677405154724,
        0.006923840799025645,
        0.015976790385288053,
        0.0036682253160517167,
        0.005367962983936733,
        0.006567100506573991,
        -0.003466996485979764,
        0.02961095971164407,
        -0.0002528752092023032,
        0.014128443737803247,
        0.00310270209343967,
        0.0018963090406175125,
        -0.006760512789345664,
        0.022236346819019565,
        0.004546607106111672,
        0.004188276583681806,
        0.011322376501381954,
        -0.008617034263176135,
        0.004329006856275548,
        -0.01839378109292387,
        -0.00020863312079689967,
        -0.007927933183481634,
        0.004146746872314757,
        -0.02133792295237199,
        0.007559206543415653,
        0.0023751731434658867,
        -0.02010013281369912,
        0.015501596656283298,
        -0.01912528791576715,
        -0.001940846942126054,
        0.0028125859234610887,
        -0.004394218732670803,
        0.00634248291613652,
        -0.004625533173129717,
        0.014962390350295998,
        -0.00829513833141407,
        0.006812592433079306,
        -0.007332914920400285,
        0.00023811506752284035,
        -0.007318413790900464,
        -0.02435364833514233,
        0.017031783527428943,
        0.004566242133182468,
        -0.0009445170773566717,
        0.00824451204384459,
        -0.011160120087361346,
        -0.020843782050267896,
        0.014146489122775413,
        0.007696056832034694,
        0.0033754968111621214,
        0.006714502853085607,
        -0.007297714654065329,
        0.004306367784194981,
        0.0037150473396803424
    ],