{
    "ParameterSet": [
        0.06306483777834716,
        0.08032828817686569,
        0.022469962808790336,
        -0.016320086740001315,
        -0.0017625567911476402,
        0.002596856745018447,
        0.037779448625185987,
        -0.11426951078084892,
        -0.016964056929427127,
        -0.052136929639722204,
        -0.10387585735734531,
        -0.031948812185598176,
        -0.08018105382507597,
        -0.010366166917794593,
        -0.01606413400693575,
        0.05912136345482713,
        0.013466349275233873,
        0.028166371076581934,
        0.023623503653874757,
        0.014410800106570035,
        0.5169893787691621,
        0.14149691153810212,
        0.19185544637230115,
        0.5690090503784255,
        0.47881351621669876,
        0.19196551494343364,
        0.1563835671018401,
        0.3055505377032133,
        0.5413983159135337,
        0.4741915708470755,
        0.31232384707115,
        0.1524872010445367,
        0.2699450443253783,
        0.46379803211604,
        0.4374763710807489,
        0.23303761947935886,
        0.198679099184972,
        0.30855756350330865,
        0.5019561127218465,
        0.26710570137797857,
        -0.046567748914583984,
        -0.05555797737604221,
        -0.022019092070362834,
        -0.08365345764303916,
        -0.057083755215734076,
        -0.042629419183710514,
        -0.07060815340919638,
        -0.04166614763222095,
        -0.06916843380660823,
        0.013805706358127917,
        -0.048223764352302426,
        -0.028659049640820534,
        -0.03777567973209305,
        -0.08133188817920002,
        -0.044228801055990204,
        -0.016712701948285103,
        -0.012168904135874035,
        -0.0487175955779849,
        -0.06576289207260148,
        -0.03938302154651906
    ],
    "SensorParameterSet": [
        0.0,
        0.0,
        0.0,
        0.0,
        0.0,
        0.0,
        0.0,
        0.0,
        0.0,
        0.0,
        0.0,
        0.0,
        0.0,
        0.0,
        0.0,
        0.0,
        0.0,
        0.0,
        0.0,
        0.0,
        0.0,
        0.0,
        0.0,
        0.0,
        0.0,
        0.0,
        0.0,
        0.0,
        0.0,
        0.0,
        0.0,
        0.0,
        0.0,
        0.0,
        0.0,
        0.0,
        0.0,
        0.0,
        0.0,
        0.0,
        0.0,
        0.0,
        0.0,
        0.0,
        0.0,
        0.0,
        0.0,
        0.0,
        0.0,
        0.0,
        0.0,
        0.0,
        0.0,
        0.0,
        0.0,
        0.0,
        0.0,
        0.0,
        0.0,
        0.0
    ],
    "checked": "indirect",
    "iteration": 10,
    "noise_0": [
        -0.013259734075015274,
        -0.007079075168287013,
        0.0006392266821862332,
        0.004955575817759571,
        0.015282013764182733,
        -0.00609099613494345,
        -0.020438055793380493,
        -0.007091664494503487,
        0.0037959261832470658,
        0.0309294666476351,
        -0.004871305451574956,
        -0.007921272157172417,
        0.0005865573068431716,
        0.01419003202320669,
        0.011250570549820914,
        -0.013449457038037621,
        -0.014705464233429073,
        0.038913370959943,
        0.014119031685939016,
        -0.007092226504451401,
        0.030342999581797793,
        0.024403201639075493,
        -0.0009146857899679069,
        0.00442967429804426,
        -0.017502771256595658,
        0.020635572001936303,
        -0.032342417530430795,
        0.005844066864519726,
        -0.006476436657311965,
        0.004154254903585174,
        -0.004340921304475961,
        -0.004918589064303679,
        -0.013767963037139485,
        -0.012594893083528453,
        -0.0033350840740037193,
        0.018413149697593483,
        0.03199642168246583,
        -0.0018356379253497842,
        0.015513474267328124,
        0.00645667142719205,
        0.030862824766053006,
        0.01274659766519593,
        -0.02505260466447598,
        0.029628662829288086,
        0.018515183134494632,
        0.008858486226626305,
        0.01663485884593554,
        -0.00359104646261043,
        0.002040258789688069,
        0.02043318778046606,
        -0.0009288993101969117,
        -0.002837741324074756,
        -0.012064921886720929,
        0.01684208563565375,
        0.01526027533561548,
        -0.006070050948482226,
        0.004520142794997032,
        -0.00579308649004311,
        0.002777359600696685,
        -0.015284464440143317
    ],
    "noise_1": [
        -0.01665468176343413,
        0.005496768528093475,
        0.0007123736501730714,
        0.0015841016740226806,
        -0.005179261694079793,
        0.017763602621622333,
        0.0001583762529415101,
        0.025747886966612073,
        0.020819762856834536,
        -0.018704024073608917,
        -0.0035918187124319044,
        0.00013125651614712255,
        0.004987692444337463,
        0.0030544339531915887,
        0.006911082625524628,
        -0.0007334700423596767,
        0.023752394400354964,
        -0.00583408513691647,
        -0.001255628081135052,
        -0.004215862292671101,
        -0.007708278673647492,
        -0.01464846084614638,
        -0.025579340180922346,
        0.008658444616041596,
        0.015258280639807569,
        -0.010052098059861686,
        -0.007190697114717278,
        -0.02702580589682263,
        -0.0041412802523725575,
        -0.0026138528628131216,
        -0.012239851438294362,
        0.005403654254654303,
        0.009563462430186905,
        -0.01332951251499051,
        0.0017827642476047907,
        -0.013303483750147407,
        0.006030278937533491,
        -0.02264038047816756,
        0.007404089389269884,
        -0.02240804835352895,
        0.008726314589646674,
        0.0024216227759923004,
        0.0006741184765688246,
        0.00010342004719978935,
        0.005686819435972058,
        0.002314716248434182,
        -0.014057389567872546,
        0.019114680395350588,
        0.009965552151994768,
        -0.0038398799828802425,
        0.013139530642922644,
        0.016476186346293137,
        -0.0008009904912512624,
        -0.0013526283070064752,
        -0.006967319829899663,
        0.002410314445857495,
        -0.005537137920371637,
        0.016867638171922553,
        -0.016324530200707024,
        0.0040073236250368315
    ],