{
    "ParameterSet": [
        0.0,
        0.0,
        0.0,
        0.0,
        0.0,
        0.0,
        0.0,
        0.0,
        0.0,
        0.0,
        0.0,
        0.0,
        0.0,
        0.0,
        0.0,
        0.0,
        0.0,
        0.0,
        0.0,
        0.0,
        0.5044372080402942,
        0.11179573179088269,
        0.22336131133168322,
        0.5238323908959595,
        0.4897837537401469,
        0.23336879209210276,
        0.156900132397411,
        0.2705401047539295,
        0.5045759819857375,
        0.4904423579823461,
        0.2409376907772342,
        0.1710147855545038,
        0.2840915832472842,
        0.5079500341720962,
        0.4593346845127408,
        0.21835216964225468,
        0.1690032511888188,
        0.3258838945822318,
        0.5074750373643965,
        0.2620683981985637,
        -0.04,
        -0.04,
        -0.04,
        -0.04,
        -0.04,
        -0.04,
        -0.04,
        -0.04,
        -0.04,
        -0.04,
        -0.04,
        -0.04,
        -0.04,
        -0.04,
        -0.04,
        -0.04,
        -0.04,
        -0.04,
        -0.04,
        -0.04
    ],
    "SensorParameterSet": [
        0.0,
        0.0,
        0.0,
        0.0,
        0.0,
        0.0,
        0.0,
        0.0,
        0.0,
        0.0,
        0.0,
        0.0,
        0.0,
        0.0,
        0.0,
        0.0,
        0.0,
        0.0,
        0.0,
        0.0,
        0.0,
        0.0,
        0.0,
        0.0,
        0.0,
        0.0,
        0.0,
        0.0,
        0.0,
        0.0,
        0.0,
        0.0,
        0.0,
        0.0,
        0.0,
        0.0,
        0.0,
        0.0,
        0.0,
        0.0,
        0.0,
        0.0,
        0.0,
        0.0,
        0.0,
        0.0,
        0.0,
        0.0,
        0.0,
        0.0,
        0.0,
        0.0,
        0.0,
        0.0,
        0.0,
        0.0,
        0.0,
        0.0,
        0.0,
        0.0
    ],
    "checked": "indirect",
    "iteration": 1,
    "noise_sensor_0": [
        -0.20379637363186648,
        -0.02501896159251944,
        -0.04030039481800109,
        0.18978547047692482,
        -0.1159045538244563,
        -0.03404703076924203,
        0.0306543014091412,
        -0.15976116823023698,
        -0.22850256666445254,
        0.005038702835437019,
        -0.08485977680953674,
        0.35361265806495845,
        0.10305351726023583,
        0.018596753315710347,
        0.15071867673313025,
        0.06985749994011226,
        0.22828154250264157,
        0.006863392816125149,
        0.18484855096414532,
        0.07572440102420924,
        -0.19573086045511554,
        -0.0030809617885557885,
        -0.14501894875396562,
        0.13513025911844373,
        -0.02392264744012105,
        0.13963486663719207,
        -0.0919609036067161,
        -0.07595982343901166,
        -0.07855601508477823,
        -0.07103383461216435,
        0.06252705341039805,
        0.18683695253479402,
        -0.05431603264185693,
        0.059680542413014855,
        -0.3184242852820346,
        0.05187802787471941,
        -0.21238750791426533,
        0.03940854446670555,
        0.1996015900931364,
        -0.09113127684962186,
        -0.10147766470865213,
        0.0025228829967455665,
        0.03573246426802777,
        -0.03447053574008108,
        -0.13099582267782356,
        -0.04315984495062706,
        0.06758101521487901,
        0.16744934439378503,
        -0.08426038374536345,
        0.24652322389048067,
        0.22421050392900876,
        0.2887124805335183,
        -0.07490515040536812,
        -0.055040473170908384,
        -0.13642069058520478,
        0.01210359869570166,
        0.0747234673489588,
        0.27928876243821554,
        0.12634743432271806,
        0.16461207920515314
    ],
    "noise_sensor_1": [
        -0.12328962393949719,
        0.18136499710022613,
        0.06727728543068007,
        -0.021013778422417164,
        0.03154189018471437,
        -0.10791611301322517,
        0.039893523733614725,
        -0.13478463782074115,
        -0.12252750680326754,
        -0.11908956267362446,
        -0.13192592555324306,
        -0.0165645556834384,
        -0.28220417341671367,
        0.17180542632503665,
        0.05371054228188908,
        0.06909863619330131,
        0.07935870236499402,
        0.17661850107751292,
        -0.14642623723242792,
        0.0848260303601017,
        -0.005614406695427197,
        -0.21337727698565337,
        0.15133789273964854,
        -0.11584898421665522,
        -0.00380819736313403,
        0.10495655901409043,
        -0.08741217451030965,
        -0.13812908187577552,
        -0.12231589732388497,
        0.09580057871569339,
        -0.10093178338216272,
        -0.09272604459344737,
        0.1273354759003038,
        -0.029932167114989628,
        0.17401218185812936,
        -0.17886380043687514,
        0.013860807206863918,
        0.15778689043773797,
        0.04477612193132106,
        -0.014754373078775964,
        -0.1653741747945298,
        -0.1383282828163416,
        0.1610899704467243,
        0.007945098946007532,
        0.12326876943557968,
        0.029047768274782088,
        0.18264686458472182,
        -0.10826542848412264,
        0.08898118103713935,
        -0.1754598702364524,
        0.02549160212003278,
        -0.037724020417091914,
        -0.060812908918879444,
        0.07864334010321568,
        0.07881571590033914,
        0.09028605664515203,
        0.045867032747584156,
        0.1480711807027302,
        0.030878026190510287,
        0.019003924787526345
    ],
    "noise_sensor_2": [
        0.025962773766006208,
        -0.17078769332953486,
        -0.01972071469577527,
        -0.07058045852084398,
        0.18292888717138953,
        -0.06411876921444622,
        0.02755744733746308,
        -0.0160423531552542,
        0.17076506488244206,
        0.006197494330908858,
        -0.1442499704569326,
        -0.0929626232852164,
        0.07824485945822712,
        -0.0529114027516539,
        -0.045397284674395445,
        0.06136362651606018,
        -0.06470089449489638,
        -0.104996950475786,
        0.26035996804404354,
        0.07504305724063143,
        -0.07479448430580436,
        0.01136578926152796,
        -0.06632381908687737,
        0.15945259292924818,
        -0.2510942957957295,
        -0.025150994516696553,
        -0.09596239537727515,
        0.013656925021568686,
        -0.1222539658990982,
        0.006991839962537109,
        -0.08257085370792787,
        0.016781173870382155,
        0.06084823771965128,
        -0.16914754281693004,
        -0.1255148361713626,
        -0.003302317806728553,
        -0.002268915855541985,
        -0.07651023487563632,
        -0.04445549024850486,
        -0.04558181194550927,
        0.032831721629584795,
        -0.0031579616570809386,
        -0.03290113563866897,
        -0.04772986692787355,
        0.04064243771131784,
        -0.038360483712598765,
        0.03640204641013133,
        0.06318989203855793,
        -0.26205872550039633,
        0.033831874454831525,
        -0.13757523908161629,
        0.07424292773457741,
        0.04865766617556796,
        0.054398061619273526,
        0.04886434055587493,
        -0.22398574070016622,
        -0.074429955964451,
        -0.16857041349093438,
        -0.09041691253340256,
        -0.04442153975808614
    ],