{
    "ParameterSet": [
        0.0,
        0.0,
        0.0,
        0.0,
        0.0,
        0.0,
        0.0,
        0.0,
        0.0,
        0.0,
        0.0,
        0.0,
        0.0,
        0.0,
        0.0,
        0.0,
        0.0,
        0.0,
        0.0,
        0.0,
        0.5044372080402942,
        0.11179573179088269,
        0.22336131133168322,
        0.5238323908959595,
        0.4897837537401469,
        0.23336879209210276,
        0.156900132397411,
        0.2705401047539295,
        0.5045759819857375,
        0.4904423579823461,
        0.2409376907772342,
        0.1710147855545038,
        0.2840915832472842,
        0.5079500341720962,
        0.4593346845127408,
        0.21835216964225468,
        0.1690032511888188,
        0.3258838945822318,
        0.5074750373643965,
        0.2620683981985637,
        -0.04,
        -0.04,
        -0.04,
        -0.04,
        -0.04,
        -0.04,
        -0.04,
        -0.04,
        -0.04,
        -0.04,
        -0.04,
        -0.04,
        -0.04,
        -0.04,
        -0.04,
        -0.04,
        -0.04,
        -0.04,
        -0.04,
        -0.04
    ],
    "SensorParameterSet": [
        0.007887645664988606,
        -0.13275254857985536,
        0.5381022553237633,
        -0.09513537592094376,
        -0.04369910522120414,
        -0.1644330517733373,
        -0.08880300739243185,
        -0.07062907485327138,
        0.00303772820907414,
        0.09862504697378385,
        -0.07143234999656045,
        0.27722964398917893,
        -0.5526204746992304,
        0.14237487833014323,
        -0.2894037635307624,
        0.1962278564315232,
        -0.020901970816382037,
        -0.14697853481318787,
        0.36990505994312795,
        0.035578842046097195,
        0.06985057818984884,
        0.33162839089155277,
        -0.035227916212936354,
        0.0681825931426099,
        -0.4275772195936432,
        -0.2526442450929015,
        0.1592968613652276,
        0.1622537862392206,
        -0.05415530870172907,
        -0.22209077287996853,
        -0.004281853796116323,
        -0.06256521556353167,
        -0.10895271726470454,
        0.0026855399280471806,
        0.1157679427014353,
        -0.3787925580049442,
        0.16511793931901475,
        -0.09630688226872111,
        -0.3570643953775682,
        -0.16873898329405554,
        0.10082310200371232,
        0.49056444549694667,
        0.07429414413840539,
        0.04899486850745745,
        -0.5294771443517425,
        -0.1457241798789218,
        0.06316752352514622,
        0.18580974244562493,
        -0.046331766709656656,
        0.22562519901947573,
        -0.3575027388750531,
        0.04401525720713271,
        0.005372160825919135,
        0.06043797478885605,
        0.10915002107828854,
        -0.13173263703351745,
        -0.02597466713439171,
        -0.4566920432541304,
        -0.2840429828859873,
        0.2299218932290927
    ],
    "checked": "indirect",
    "iteration": 47,
    "noise_sensor_0": [
        0.0019423363547688348,
        0.033358374862982716,
        0.02910419431146928,
        0.047068823107593374,
        0.024958805507563613,
        0.006347292504083531,
        0.07455460280224192,
        0.015162945960897335,
        0.0834368394488144,
        -0.03023530581715923,
        -0.013122912226490268,
        0.06369149909086111,
        -0.038270577604909775,
        -0.05373791893179626,
        -0.02530888211057002,
        -0.12089166870470336,
        0.004701975718763315,
        0.08356028310419353,
        0.0190923210513629,
        0.07133090596556589,
        0.013550140035750096,
        -0.014783267773004915,
        -0.031145119197102424,
        -0.023146100954270152,
        -0.0544928510967478,
        -0.03263088271150142,
        -0.028586355547361653,
        0.03813158386520207,
        -0.007572861276837212,
        -0.06368441502057685,
        0.020713323051774705,
        0.03924272838133373,
        -0.027568141201717394,
        -0.02694433890161776,
        0.11082831660362677,
        0.09845110827269195,
        0.09291649820588091,
        0.016438767173034365,
        0.037553040171992416,
        -0.006908318338334917,
        0.043090203978066656,
        -0.023945142202013117,
        -0.02768491716006255,
        0.08965301424503241,
        -0.012065513920165515,
        0.021627340150694816,
        0.0030510550333980348,
        0.0030996952962002717,
        0.08743951527902237,
        -0.019101313780227672,
        0.007247402677205511,
        0.059947280731656484,
        0.04597683419681322,
        -0.008487828660630982,
        0.05239565629007784,
        0.06465743888289192,
        0.030343785693222665,
        -0.026189517499057152,
        -0.03926211896915476,
        -0.024659057384003497
    ],
    "noise_sensor_1": [
        -0.011486986734930347,
        0.03848039748934476,
        0.11093319030368817,
        -0.07236237330522106,
        0.004799363523868225,
        -0.020378607202943887,
        0.0025332854052351203,
        -0.04002863814496163,
        -0.016852909121108768,
        0.06344465861777644,
        0.03798553902979058,
        -0.003974858710552487,
        -0.017664425774554342,
        0.02714766942207738,
        0.0966970596659961,
        0.03642324617191315,
        0.1264802741649096,
        0.09201922730153218,
        -0.07797896277657311,
        0.06265101991101493,
        0.022760814259921523,
        0.04464697708371303,
        -0.03899356516656113,
        -0.006469380597667988,
        0.08029162129906908,
        0.04347486032765799,
        0.011542702425398437,
        0.044334323856345996,
        -0.04261335397988241,
        -0.03552057871466203,
        -0.021253858006834308,
        0.02620719892012951,
        0.007127908269599729,
        -0.04395682219831086,
        -0.004878820748601272,
        -0.06629968834156484,
        0.01197329557864302,
        0.023395880189661468,
        -0.11197586596625406,
        -0.017615148539204397,
        0.02570409017320808,
        0.08200764162521074,
        -0.024882297061775877,
        0.0008867150312123874,
        -0.010123721057095211,
        -0.05073237839556682,
        -0.05197394825256676,
        0.13674279912559817,
        0.03795959364134125,
        0.007687341048853252,
        0.06336925512344156,
        0.04473778921918397,
        -0.09250085608640962,
        0.008858502831126203,
        0.0229922301558022,
        -0.0126215740985446,
        0.013068302956784201,
        0.052177182344931315,
        -0.057505517237187026,
        0.08001510083648171
    ],