{
    "ParameterSet": [
        0.0,
        0.0,
        0.0,
        0.0,
        0.0,
        0.0,
        0.0,
        0.0,
        0.0,
        0.0,
        0.0,
        0.0,
        0.0,
        0.0,
        0.0,
        0.0,
        0.0,
        0.0,
        0.0,
        0.0,
        0.5044372080402942,
        0.11179573179088269,
        0.22336131133168322,
        0.5238323908959595,
        0.4897837537401469,
        0.23336879209210276,
        0.156900132397411,
        0.2705401047539295,
        0.5045759819857375,
        0.4904423579823461,
        0.2409376907772342,
        0.1710147855545038,
        0.2840915832472842,
        0.5079500341720962,
        0.4593346845127408,
        0.21835216964225468,
        0.1690032511888188,
        0.3258838945822318,
        0.5074750373643965,
        0.2620683981985637,
        -0.04,
        -0.04,
        -0.04,
        -0.04,
        -0.04,
        -0.04,
        -0.04,
        -0.04,
        -0.04,
        -0.04,
        -0.04,
        -0.04,
        -0.04,
        -0.04,
        -0.04,
        -0.04,
        -0.04,
        -0.04,
        -0.04,
        -0.04
    ],
    "SensorParameterSet": [
        -0.020613018898671995,
        -0.13179603654639307,
        0.5383642768966808,
        -0.1064807626027007,
        -0.060466797466382435,
        -0.1875072783550662,
        -0.11809330830582507,
        -0.05448544823795975,
        -0.026299118930892856,
        0.12318675821863276,
        -0.07824693517630606,
        0.27470172552674166,
        -0.5357756144846749,
        0.18309535080116907,
        -0.2735609143607538,
        0.20846587315243548,
        -0.008475562081642716,
        -0.14408559742986143,
        0.3989510772425846,
        0.040074795711934466,
        0.08504902262291107,
        0.29824264134935174,
        -0.06174609535270788,
        0.08142146277964789,
        -0.45290378728940706,
        -0.2761857621438814,
        0.13983563507723115,
        0.17990397556288162,
        -0.05590389053521897,
        -0.19051517633709414,
        -0.04385148227745888,
        -0.04871806524223582,
        -0.11716575336531163,
        0.03331371501992877,
        0.11689392694394307,
        -0.39733244324893485,
        0.11693371086045871,
        -0.09211129357708242,
        -0.3607034942090988,
        -0.10887942422188555,
        0.0834450793532845,
        0.5255169848512256,
        0.08975155817332368,
        0.023247761642570922,
        -0.4908634871698246,
        -0.09321543196648735,
        0.08124151701272692,
        0.1888781617084788,
        -0.04679570159645499,
        0.22301870533323734,
        -0.39881587718139433,
        0.059589454468202255,
        0.050654030818067845,
        0.08870497308628311,
        0.09436565489345021,
        -0.12172731298655425,
        -0.032935035737823325,
        -0.48001955069243574,
        -0.30077068007288305,
        0.20648046903797534
    ],
    "checked": "indirect",
    "iteration": 46,
    "noise_sensor_0": [
        0.08725694753802206,
        -0.01617988641789111,
        0.004174143005730008,
        -0.013841214430682884,
        -0.016393175282881967,
        0.0203393338556875,
        0.06357890958587754,
        0.04084526184668304,
        -0.025200824851797764,
        -0.06378521757722014,
        -0.0314380705881907,
        -0.010000725564311082,
        0.03449668988662944,
        -0.019740138539425345,
        -0.0019143030489119405,
        -0.014840569321430169,
        -0.04718844219649336,
        0.07861186671545806,
        -0.04495745464237944,
        0.004755965549674578,
        -0.01093976832467093,
        0.020454071763841158,
        0.09320369250093459,
        0.026455131593750836,
        0.08346141809038558,
        0.0060540935745978415,
        -0.031962968658635196,
        -0.0011688675769006697,
        -0.006586543176104055,
        -0.014725905518086519,
        0.012657426864148098,
        0.006132706596027747,
        -0.026179365434428288,
        -0.03934773590580004,
        -0.08333697340684434,
        0.06653257789472784,
        0.07862432347319438,
        -0.03023394559658481,
        -0.027736826121791736,
        -0.09405531050414201,
        0.024464710363605847,
        -0.013063460127751295,
        -0.006775622886849051,
        -0.0027692259326338275,
        -0.04067996210323608,
        -0.05276498051994185,
        -0.011345415768180935,
        -0.019350110770930087,
        0.0034656358827580614,
        0.023854914634440064,
        0.04426889439471235,
        -0.02423806798959932,
        -0.03477199206757726,
        -0.12539379797721772,
        0.0038753246099516164,
        -0.04227234449607938,
        0.013957912225187703,
        0.06456563557894461,
        0.04226972043006329,
        0.04872676473053292
    ],
    "noise_sensor_1": [
        0.00848419527219907,
        -0.00944348125450333,
        -0.005180093062474664,
        0.028488909434867118,
        0.08972728505554523,
        0.04018206619411661,
        0.03620835128967826,
        -0.07969299282538235,
        0.022819198318061222,
        0.0631293768320917,
        0.0723623812115673,
        -0.006781900026415787,
        -0.0760942579202159,
        -0.05710071009837742,
        -0.05759049494051023,
        -0.005758629816183337,
        0.020383691651606035,
        -0.0864851229371661,
        0.00047323987200049636,
        -0.017451967403837303,
        -0.009422200082694282,
        0.06471257472601569,
        0.02299567313684272,
        0.02046481681882332,
        0.003014543520783091,
        0.04806594993781494,
        0.05648547729827367,
        -0.07953238739450744,
        0.04430555635398699,
        -0.04973991039708096,
        0.0671481511512211,
        -0.07109824139915166,
        0.0035935904550782618,
        -0.028757635614775054,
        0.09960345835722055,
        0.02937789426956901,
        0.07068418211843168,
        0.0037147049331102485,
        0.027161897303150415,
        -0.07988954138396395,
        0.022749591534235915,
        -0.04046432820144378,
        -0.06013357339414512,
        0.06029692255263825,
        -0.04026732125419582,
        -0.05837143428137986,
        -0.004774928595656614,
        -0.016126103718778276,
        -0.048318584009539305,
        0.052499975734127416,
        0.07833986497609746,
        -0.03190859884655141,
        -0.09886158394267985,
        0.029787533068283627,
        -0.0025079244062558175,
        0.027876475553143605,
        -0.022086539573656597,
        -0.0003564848594178936,
        0.03807114417168981,
        0.023911829320313074
    ],