{
    "ParameterSet": [
        0.0,
        0.0,
        0.0,
        0.0,
        0.0,
        0.0,
        0.0,
        0.0,
        0.0,
        0.0,
        0.0,
        0.0,
        0.0,
        0.0,
        0.0,
        0.0,
        0.0,
        0.0,
        0.0,
        0.0,
        0.5044372080402942,
        0.11179573179088269,
        0.22336131133168322,
        0.5238323908959595,
        0.4897837537401469,
        0.23336879209210276,
        0.156900132397411,
        0.2705401047539295,
        0.5045759819857375,
        0.4904423579823461,
        0.2409376907772342,
        0.1710147855545038,
        0.2840915832472842,
        0.5079500341720962,
        0.4593346845127408,
        0.21835216964225468,
        0.1690032511888188,
        0.3258838945822318,
        0.5074750373643965,
        0.2620683981985637,
        -0.04,
        -0.04,
        -0.04,
        -0.04,
        -0.04,
        -0.04,
        -0.04,
        -0.04,
        -0.04,
        -0.04,
        -0.04,
        -0.04,
        -0.04,
        -0.04,
        -0.04,
        -0.04,
        -0.04,
        -0.04,
        -0.04,
        -0.04
    ],
    "SensorParameterSet": [
        0.06271509391338864,
        -0.1342827644515063,
        0.4902118739177739,
        -0.12087766763923123,
        -0.04561511982649436,
        -0.12675648028793546,
        -0.08445371019250959,
        -0.04633912159220957,
        0.0010075154926596152,
        0.1843204336908007,
        -0.05282766285406721,
        0.25769029619677036,
        -0.5394883143039418,
        0.1879242061983468,
        -0.29010808501223806,
        0.22244294448163832,
        0.041087022349026746,
        -0.1762826802516245,
        0.439676879730518,
        0.10227427918550559,
        0.12655525117596364,
        0.32809141869771163,
        -0.09537528152870628,
        0.08450417251061969,
        -0.4162869600293311,
        -0.2618180129818858,
        0.1304854768447558,
        0.19139065345563436,
        -0.061435949454259155,
        -0.21716292528211611,
        -0.0390581742675165,
        -0.05646585259658704,
        -0.12349971778292952,
        -0.0050438857561772065,
        0.16762119564383732,
        -0.3895984645431243,
        0.13228453382549551,
        -0.12805971080590856,
        -0.30616166361567465,
        -0.1509513296143045,
        0.1046009659356671,
        0.47481446249505765,
        0.0655057598002067,
        0.013031235780081763,
        -0.46684168329055803,
        -0.0953431545911938,
        0.05553831324092583,
        0.26548143581525935,
        -0.025501472339391474,
        0.1862309644064069,
        -0.40479545151402946,
        0.06828287380859337,
        -0.03641449486996082,
        0.06953802386572666,
        0.21165054693122717,
        -0.07804694959152127,
        -0.08227065650173557,
        -0.5123625164715561,
        -0.29304761799622003,
        0.21454404797753943
    ],
    "checked": "indirect",
    "iteration": 45,
    "noise_sensor_0": [
        -0.032897116211163466,
        -0.01634041974498056,
        0.11108627805842923,
        -0.04320728022830858,
        0.011317274606805252,
        -0.04246854938386495,
        -0.04876891100995758,
        0.05258504552094937,
        0.006448126053180844,
        -0.019563598357540322,
        -0.025379834597143106,
        0.054585756847424054,
        0.03176740346223784,
        -0.017824331694099037,
        0.03413415144062643,
        -0.00890533718859469,
        -0.01765979598419256,
        -0.05562039878291621,
        -0.0677675057354279,
        -0.06851863180611491,
        -0.04068560280684605,
        0.01741890485853018,
        -0.04427492858453741,
        -0.03244147993556886,
        -0.03626956558777677,
        0.04012719712571682,
        -0.020815560920158988,
        0.018356674949281237,
        0.056634159140617535,
        0.004056063646795158,
        -0.04370995500671721,
        -0.017496778789647206,
        0.1061610449947851,
        0.0550652924489716,
        0.00040432187601857216,
        -0.03601650616995144,
        0.007412929114257069,
        0.06912429431988064,
        -0.012175830177222399,
        -0.03930689945814501,
        -0.019348823250577026,
        0.05976686161782411,
        -0.020440663198257603,
        0.014234804245656874,
        -0.043876274679318324,
        -0.03254448431087821,
        -0.08623839447534848,
        0.006629027306025956,
        0.006756861920288655,
        0.01696951501896422,
        -0.017332280104303464,
        0.03750526115161968,
        0.08272678340093474,
        0.050661031087542344,
        0.061598790269737747,
        -0.03102933431029047,
        0.01779434566003617,
        0.06087433783553581,
        -0.005532781182109299,
        -0.004552397488961293
    ],
    "noise_sensor_1": [
        -0.033286336773092395,
        -0.08259196498939043,
        0.10835625423794458,
        -0.003038603948861436,
        -0.08145634179665735,
        -0.01087519028617812,
        -0.01348092949476412,
        -0.018317918434547734,
        -0.050867660399539945,
        -0.026721040048153098,
        -0.043599623416675434,
        -0.031083033099711655,
        -0.006712407935975823,
        -0.029430007453703354,
        -0.02217792484775997,
        -0.0019771150436110213,
        0.06500322761096451,
        -0.013751372640746348,
        0.028349764311924014,
        0.0020185432772823826,
        0.036007707488739146,
        0.03600325855471266,
        -0.03164478995181283,
        0.00759958355948144,
        0.07510819366705708,
        0.02797310296204067,
        -0.011795132180159753,
        0.10196066976977558,
        -0.06438948957656801,
        -0.010139821029412893,
        -0.05805650175100125,
        -0.03302287573787765,
        -0.03888533756339463,
        -0.013625332857231325,
        -0.0165328296300611,
        0.021137113372038174,
        -0.007595834162472292,
        0.03129115327277986,
        0.021466858877663794,
        0.007003643936671374,
        -0.036351402490064286,
        0.014247555365372415,
        -0.044557286199295075,
        0.046375216485110504,
        -0.1303572893090384,
        0.10419498345370411,
        -0.03538947185863002,
        0.05038427436068579,
        -0.01475709261494809,
        -0.04180847996214014,
        0.006036482607101637,
        -0.02214416918091612,
        0.0695117899140507,
        0.08185443758891164,
        0.0389790857064677,
        0.012724891385181895,
        -0.03930009258800122,
        -0.025503879579886986,
        0.013076640075089921,
        -0.06403332919296338
    ],