{
    "ParameterSet": [
        0.0,
        0.0,
        0.0,
        0.0,
        0.0,
        0.0,
        0.0,
        0.0,
        0.0,
        0.0,
        0.0,
        0.0,
        0.0,
        0.0,
        0.0,
        0.0,
        0.0,
        0.0,
        0.0,
        0.0,
        0.5044372080402942,
        0.11179573179088269,
        0.22336131133168322,
        0.5238323908959595,
        0.4897837537401469,
        0.23336879209210276,
        0.156900132397411,
        0.2705401047539295,
        0.5045759819857375,
        0.4904423579823461,
        0.2409376907772342,
        0.1710147855545038,
        0.2840915832472842,
        0.5079500341720962,
        0.4593346845127408,
        0.21835216964225468,
        0.1690032511888188,
        0.3258838945822318,
        0.5074750373643965,
        0.2620683981985637,
        -0.04,
        -0.04,
        -0.04,
        -0.04,
        -0.04,
        -0.04,
        -0.04,
        -0.04,
        -0.04,
        -0.04,
        -0.04,
        -0.04,
        -0.04,
        -0.04,
        -0.04,
        -0.04,
        -0.04,
        -0.04,
        -0.04,
        -0.04
    ],
    "SensorParameterSet": [
        -0.19904537519257054,
        -0.35920987274707783,
        0.20483758542563918,
        0.19853662640439912,
        -0.2872516063806585,
        -0.052579473875986646,
        0.06058072637134156,
        0.03348067395713846,
        0.23602090359065128,
        -0.0317237347054239,
        -0.25865105803887795,
        0.08944673650676917,
        -0.4867727694400542,
        0.2666331840115559,
        -0.16201194061681837,
        0.43302089091247936,
        -0.046911702095569524,
        -0.14557919387867035,
        0.45973251532395165,
        0.09615929544288765,
        -0.005178405314059139,
        0.4966940123956502,
        0.14481041189605398,
        -0.017261907114522988,
        -0.3067810245564318,
        -0.33066605893112316,
        0.031146187528504718,
        0.11098187766250425,
        0.1033478741340662,
        0.07680636781376599,
        -0.3414046798855485,
        -0.13958595959238201,
        0.06302803457889604,
        0.07485406903735634,
        0.09448928730147517,
        -0.3511389616107064,
        0.06347806693177756,
        -0.06284470215539371,
        -0.33553843051550203,
        -0.2655669238857716,
        0.19622148949695636,
        0.3789500597064762,
        0.23710148481574175,
        0.2044189281872299,
        -0.5065464458597229,
        -0.21992320051156436,
        -0.06537002199231523,
        0.463752749695498,
        -0.15714873179689773,
        0.20633384692498277,
        -0.3859147271906969,
        -0.11330092651848071,
        0.1922287678912094,
        0.1546968722187264,
        -0.12036899124334806,
        0.04126281051898233,
        -0.3783843255348598,
        -0.5892145391308088,
        -0.38216187215100633,
        0.2374917487484209
    ],
    "checked": "indirect",
    "iteration": 79,
    "noise_sensor_0": [
        0.01369653066274732,
        0.004907995618919934,
        -0.016816910436590653,
        0.03684136378562068,
        0.06098968188722877,
        0.014540486308647571,
        0.09094271877250801,
        -0.03890876388540963,
        -0.026060763197254685,
        0.048734855678015054,
        -0.018994656052859032,
        0.05934318252102872,
        0.03330153441904797,
        0.03196839470499416,
        0.002732002540062018,
        0.04588496529680671,
        -0.022322531915715378,
        0.08945601173898798,
        -0.048206121373270835,
        0.031208032021600256,
        -0.02081585202143703,
        -0.041448591975343826,
        0.029945836154808253,
        -0.002552937112723261,
        -0.04512632802446896,
        -0.0001110501452432154,
        -0.007664716325503494,
        -0.018495419514943087,
        0.02218083112190418,
        0.013347573067116324,
        0.024728914533081563,
        0.01256445093607506,
        0.009783841991035717,
        0.004554370049067522,
        -0.016596394184008063,
        0.04886907595930936,
        -0.006327408968761064,
        -0.10322437268497765,
        0.0001993344511996887,
        0.07738251737568373,
        -0.032616775185697694,
        -0.019456188347262728,
        -0.03462243498105376,
        -0.04142602857528503,
        -0.030397482968627956,
        0.04740258633360499,
        0.05240785891630137,
        -0.021924195684670553,
        -0.02889295061446657,
        -0.020805719179335574,
        -0.046539728535226144,
        -0.007133589245960772,
        -0.04348903690006593,
        -0.007668215810572652,
        0.029581669020325645,
        0.00011759563064329288,
        -0.017574769365231918,
        -0.0014557612060347952,
        -0.01518449959502339,
        -0.06361972979507545
    ],
    "noise_sensor_1": [
        -0.024794165196344704,
        0.05611761421091349,
        0.05747947519167995,
        0.024287744364177907,
        0.021647270442797933,
        0.05463046546144757,
        0.025274183927724767,
        -0.042201555483444994,
        0.0076504833815687085,
        0.006173488179247228,
        -0.005838083507877914,
        -0.0509647318515468,
        0.05255664959428174,
        -0.06801992328471544,
        0.07036538247210324,
        -0.030082836541781253,
        -0.06879945162753057,
        -0.040057706821033295,
        -0.01756960654974151,
        0.05334905116477955,
        -0.02246171717641527,
        -0.01993138838084655,
        -0.06729630547575567,
        -0.07687401865959836,
        0.08551159643756728,
        0.004504819518885371,
        0.0046266146405328345,
        0.02289159951128094,
        0.05890501329413697,
        -0.1070042479036648,
        -0.05053349666071078,
        0.053656576550053695,
        0.00865977751224375,
        -0.0036943849838688165,
        -0.015965474178297474,
        0.0018217125776874804,
        0.007920314941195194,
        -0.09503685377232075,
        -0.019688800298758195,
        0.06158304745961696,
        -0.016437170725890737,
        -0.024165167123275058,
        0.03937301294063078,
        -0.036674026049902726,
        0.10518961209743838,
        0.05833526934634889,
        0.020591466151203032,
        0.015404547485996251,
        -0.014139792585035059,
        0.02508804389720784,
        0.04914237111093233,
        0.032404490196941825,
        0.0018146898335774416,
        -0.023408811674136568,
        -0.020371381632461234,
        -0.05756249652043588,
        0.08556468382645242,
        0.018310298682706044,
        -0.03585532023582185,
        -0.032556031795469946
    ],