{
    "ParameterSet": [
        0.0,
        0.0,
        0.0,
        0.0,
        0.0,
        0.0,
        0.0,
        0.0,
        0.0,
        0.0,
        0.0,
        0.0,
        0.0,
        0.0,
        0.0,
        0.0,
        0.0,
        0.0,
        0.0,
        0.0,
        0.5044372080402942,
        0.11179573179088269,
        0.22336131133168322,
        0.5238323908959595,
        0.4897837537401469,
        0.23336879209210276,
        0.156900132397411,
        0.2705401047539295,
        0.5045759819857375,
        0.4904423579823461,
        0.2409376907772342,
        0.1710147855545038,
        0.2840915832472842,
        0.5079500341720962,
        0.4593346845127408,
        0.21835216964225468,
        0.1690032511888188,
        0.3258838945822318,
        0.5074750373643965,
        0.2620683981985637,
        -0.04,
        -0.04,
        -0.04,
        -0.04,
        -0.04,
        -0.04,
        -0.04,
        -0.04,
        -0.04,
        -0.04,
        -0.04,
        -0.04,
        -0.04,
        -0.04,
        -0.04,
        -0.04,
        -0.04,
        -0.04,
        -0.04,
        -0.04
    ],
    "SensorParameterSet": [
        0.26068872788861475,
        -0.07316399372510268,
        0.11527321576291193,
        -0.2509137876781644,
        -0.025735063670038215,
        0.17577955309113644,
        -0.09047358917498644,
        -0.06711035277709347,
        -0.010776541964296851,
        -0.0649850086629988,
        -0.07942802111429398,
        0.16582537602041225,
        -0.1623695405322522,
        -0.014472462410355817,
        -0.13385775278431244,
        -0.056162881512178034,
        0.12493091137897727,
        -0.284411443019263,
        0.4331639979555413,
        0.3198389168159835,
        0.08326044892483678,
        0.30026890341306994,
        -0.2494213311640542,
        0.04963138845357923,
        -0.42288069029474434,
        -0.27904311766314355,
        0.09306599387035029,
        -0.0027604841884223195,
        0.010755394924099706,
        -0.1337305977483961,
        -0.1618191226244395,
        0.06519886571230904,
        -0.07000986824672374,
        -0.1601504262737378,
        -0.13801308175414295,
        -0.30511511373640465,
        0.02926722842198645,
        0.046999727199555516,
        0.03229463817750342,
        0.13917386007114743,
        0.365505678574708,
        0.3004140782628141,
        -0.06716737975340151,
        -0.013125481527891428,
        -0.2672425245468056,
        -0.1565986550803239,
        -0.0922073287146278,
        0.004426363138128049,
        0.07895107213321734,
        0.17246206171045195,
        -0.21638943234755817,
        -0.024001930582384378,
        -0.22487346947151884,
        -0.1714726338067179,
        0.28591776227817794,
        0.020356046010751114,
        -0.07327676770483664,
        -0.1574656036556096,
        -0.11251135335103096,
        0.18421562409757392
    ],
    "checked": "indirect",
    "iteration": 19,
    "noise_sensor_0": [
        0.005796243273949996,
        0.0019507220046887683,
        0.01904601352132553,
        0.0734133732611374,
        0.015163520366725346,
        0.006280424666077041,
        0.03671260362856088,
        -0.03175831127260578,
        -0.09641977787393484,
        -0.041553496604538005,
        0.008320196829798466,
        0.08407770987185956,
        -0.0295389958221231,
        -0.00012374839548506684,
        -0.1356689977233872,
        -0.08039783082425171,
        0.09040511065921132,
        0.05371383712746618,
        -0.057477757464021326,
        -0.008151791628551158,
        -0.09446406092327854,
        -0.06194582329235025,
        0.001047459129694506,
        0.10783850368767428,
        0.009901914665365883,
        -0.008395543916305537,
        0.0667901752161359,
        0.05514865038279189,
        0.019531641666142695,
        -0.11078889008918862,
        -0.007325418235116122,
        -0.037791818775150705,
        -0.07706267166183894,
        0.014035851504804178,
        -0.049779223050556896,
        0.07334767428675804,
        -0.016613077934361113,
        -0.05646379095577091,
        -0.03682472417506218,
        -0.09763784324553837,
        0.029822445075283602,
        -0.042054372481420035,
        -0.05964592023949809,
        0.059186211898512954,
        0.03241943303190084,
        -0.022408473013680735,
        0.008010635828014255,
        0.01769981116210134,
        -0.026465176906368258,
        -0.06270250585884693,
        -0.02057061232004258,
        0.07701003881317722,
        0.04922451246936983,
        0.02340849727005774,
        -0.026295026325844083,
        0.04356728571157904,
        0.09550634227350303,
        0.04826222099040453,
        0.02125346772637805,
        -0.0021588610903135537
    ],
    "noise_sensor_1": [
        -0.11089466560680997,
        -0.0405045418735586,
        0.08531490638076271,
        0.02566456955142767,
        0.014511511364739119,
        0.004449134412281603,
        0.007036199960196094,
        -0.026489358435484202,
        0.04240523090044976,
        -0.15462871963599387,
        -0.02356166964808095,
        -0.004756290687429755,
        -0.015345819140888325,
        -0.011373709496586181,
        -0.0034688655178331355,
        0.059106401879353655,
        0.08194939266644012,
        0.010433253589672523,
        0.0038770442095576937,
        0.010619632786221512,
        -0.013658520718316807,
        -0.049978658929766565,
        0.044149980982938014,
        0.0006246154587787822,
        0.05129819085605455,
        0.010478968483995935,
        0.07143636133698353,
        0.03101633366579302,
        0.0835570542563148,
        -0.023284260970527142,
        -0.07547040045076774,
        -0.06441164148672697,
        -0.01725442592469454,
        0.030450672727708152,
        0.034411335510256984,
        -0.021630844999231128,
        0.03510759361609959,
        0.03564329943052862,
        0.058198662351714614,
        -0.04361125283650638,
        0.04929748915843042,
        -0.03187805667976782,
        -0.026550401267686322,
        -0.058817885580262776,
        -0.051052756228958406,
        -0.0033981335146102327,
        -0.012710170328792736,
        -0.1114325545622514,
        -0.042371693139676425,
        -0.08926095779394069,
        -0.014703959980937624,
        0.006416022071351405,
        0.052230456913880785,
        0.0463048119534979,
        -0.06778360221163308,
        0.003792765594023605,
        -0.02718176846324767,
        0.05852976953660404,
        -0.03390541127978241,
        -0.009459971526717344
    ],