{
    "ParameterSet": [
        0.0,
        0.0,
        0.0,
        0.0,
        0.0,
        0.0,
        0.0,
        0.0,
        0.0,
        0.0,
        0.0,
        0.0,
        0.0,
        0.0,
        0.0,
        0.0,
        0.0,
        0.0,
        0.0,
        0.0,
        0.5044372080402942,
        0.11179573179088269,
        0.22336131133168322,
        0.5238323908959595,
        0.4897837537401469,
        0.23336879209210276,
        0.156900132397411,
        0.2705401047539295,
        0.5045759819857375,
        0.4904423579823461,
        0.2409376907772342,
        0.1710147855545038,
        0.2840915832472842,
        0.5079500341720962,
        0.4593346845127408,
        0.21835216964225468,
        0.1690032511888188,
        0.3258838945822318,
        0.5074750373643965,
        0.2620683981985637,
        -0.04,
        -0.04,
        -0.04,
        -0.04,
        -0.04,
        -0.04,
        -0.04,
        -0.04,
        -0.04,
        -0.04,
        -0.04,
        -0.04,
        -0.04,
        -0.04,
        -0.04,
        -0.04,
        -0.04,
        -0.04,
        -0.04,
        -0.04
    ],
    "SensorParameterSet": [
        -0.15925451275381242,
        -0.4081320829424693,
        0.34415551214132395,
        0.36207476209806283,
        -0.45334259381291575,
        -0.25526988120254374,
        0.1294259972098763,
        0.07973002753471115,
        0.27938170499908094,
        0.09950975957403144,
        -0.40169264721498615,
        -0.01785544379645862,
        -0.24117876243022845,
        0.18130911666216726,
        -0.14172755309584553,
        0.336955272086647,
        -0.001900252801697958,
        -0.21948997830269332,
        0.42377370478517684,
        0.07404863547916334,
        0.1708908012700289,
        0.5086521817813867,
        0.16167837661266332,
        -0.16296848187880308,
        -0.09366399140248081,
        -0.48634832167237635,
        -0.09012986309815199,
        0.13617436278392056,
        0.3027656971459727,
        0.09592581262346427,
        -0.27688617891074546,
        -0.09732635048371277,
        0.02671235913172898,
        -0.08156327960389657,
        0.0004388628033718267,
        -0.3592828903830116,
        0.1040731203412615,
        -0.0040286145612944005,
        -0.43231525049998953,
        -0.11416267055333056,
        -0.017072646290262252,
        0.3359398270803624,
        0.1760706483053626,
        0.35509553717770453,
        -0.4647616450424408,
        -0.15119896869942764,
        0.11755633938566024,
        0.26277320123524617,
        -0.2306845631917654,
        0.49856418234045596,
        -0.4203457086544994,
        0.06718902520606929,
        -0.02949854702501332,
        0.2806661022284223,
        -0.24960885142362435,
        0.12856824951328283,
        -0.5572114286822126,
        -0.5878498880606879,
        -0.2685481114818576,
        0.172481264519671
    ],
    "checked": "indirect",
    "iteration": 100,
    "noise_sensor_0": [
        0.035898740447561014,
        0.0018253425415156379,
        -0.06804437142084038,
        0.0194078947987648,
        -0.060676743051112,
        -0.004980663489720139,
        0.017497022821979243,
        0.008554096283394137,
        -0.02686956179498748,
        -0.015404779558653355,
        0.012070814273361782,
        -0.020823386482392205,
        -0.07260873927798611,
        0.005424167250897755,
        0.018850810209539083,
        -0.007295525686901084,
        0.001131317475102922,
        -0.04429127672369569,
        0.04047488696256545,
        0.003916251475200208,
        0.003831075547355019,
        -0.028194902367922027,
        0.0532594919161459,
        -0.053111548168191074,
        0.020784252364494056,
        -0.06785314907572412,
        0.011096853619713125,
        -0.003019631726375814,
        -0.040017323640586244,
        -0.028280002725938343,
        -0.04505797926329945,
        0.021680104109769352,
        0.03626029929177965,
        0.016274618519019676,
        -0.02277424866925819,
        0.03420412591993416,
        0.003495783853065592,
        -0.003959564737274992,
        -0.038397917659126396,
        -0.02896574616146045,
        -0.035821873243503013,
        0.04891204240802198,
        0.015260002432436134,
        -0.04095014465545077,
        0.05319779746555149,
        0.02479407647842184,
        0.004657827331653194,
        0.053189228646175535,
        -0.008576420003650498,
        0.04754279808953908,
        0.017573917058474522,
        0.037655975323734776,
        0.06215357535821396,
        -0.002267646506744206,
        0.0017314736333012646,
        0.044081288605229946,
        -0.028184432427870845,
        0.035446257937336155,
        0.06745943115458378,
        -0.03904554268904115
    ],
    "noise_sensor_1": [
        -0.018398000178076458,
        -0.0062531073277743736,
        -0.028485908646839767,
        0.06955062273184541,
        0.04039521423943164,
        -0.0190998348975462,
        -0.012104299547204746,
        0.01399504320086742,
        -0.029609091513831853,
        -0.010933142429660574,
        -0.04024172907701455,
        0.010231612127881737,
        0.017608859839362202,
        -0.03844018103873242,
        -0.017915376160838787,
        0.007339155318962297,
        -0.06368587697140562,
        -0.009153327612255242,
        -0.0772053141734016,
        -0.020932897314760533,
        -0.021549803436885465,
        0.01732235709101881,
        -0.0827567232649696,
        -0.03362891895825618,
        -0.010246624169621564,
        -0.01304928515829282,
        0.01977786405116701,
        -0.03771083002406,
        -0.02420219343074947,
        -0.0011979506545523255,
        -0.036889480562704594,
        -0.012529531048885602,
        0.044813623124824155,
        -0.024875575190924024,
        -0.014273616235652535,
        -0.029668065720655386,
        -0.01623501205505951,
        -0.004363725419299756,
        -0.014258774437214754,
        0.00990109671515068,
        0.12034714153656313,
        -0.0022394690138494116,
        0.040034938184853014,
        0.0064076905829516485,
        0.013714294856594818,
        0.09483765524916647,
        0.037176589371560376,
        0.009602243254767958,
        0.028628607248999925,
        -0.019930956071956784,
        -0.05708451797649472,
        -0.016962262379909304,
        0.008425103551492879,
        0.0013097674157777832,
        -0.005716331495169792,
        -0.0002504620946601055,
        -0.0007832780561087372,
        -0.02721137470635784,
        0.00695443408221541,
        0.0064062154545132715
    ],