{
    "ParameterSet": [
        0.0,
        0.0,
        0.0,
        0.0,
        0.0,
        0.0,
        0.0,
        0.0,
        0.0,
        0.0,
        0.0,
        0.0,
        0.0,
        0.0,
        0.0,
        0.0,
        0.0,
        0.0,
        0.0,
        0.0,
        0.5044372080402942,
        0.11179573179088269,
        0.22336131133168322,
        0.5238323908959595,
        0.4897837537401469,
        0.23336879209210276,
        0.156900132397411,
        0.2705401047539295,
        0.5045759819857375,
        0.4904423579823461,
        0.2409376907772342,
        0.1710147855545038,
        0.2840915832472842,
        0.5079500341720962,
        0.4593346845127408,
        0.21835216964225468,
        0.1690032511888188,
        0.3258838945822318,
        0.5074750373643965,
        0.2620683981985637,
        -0.04,
        -0.04,
        -0.04,
        -0.04,
        -0.04,
        -0.04,
        -0.04,
        -0.04,
        -0.04,
        -0.04,
        -0.04,
        -0.04,
        -0.04,
        -0.04,
        -0.04,
        -0.04,
        -0.04,
        -0.04,
        -0.04,
        -0.04
    ],
    "SensorParameterSet": [
        -0.1965193231303323,
        0.11528326400707783,
        0.5539961480511071,
        -0.2821941773648251,
        0.2719283321738301,
        -0.2913431488102062,
        -0.11012065077400736,
        0.11437191048814424,
        0.2512347264007563,
        -0.0025711036801933677,
        0.20093995325534625,
        0.21133637010608425,
        -0.27336839019736064,
        0.4828909248111287,
        -0.34606981427995337,
        -0.11867865271607769,
        0.013294732740090541,
        0.22691336438549234,
        -0.5044241538000818,
        -0.2611071964566187,
        0.4967874546007599,
        0.8312632822539794,
        0.18151254899814784,
        -0.01687462384256227,
        0.09397660180959991,
        0.013892806697280694,
        -0.6565110947368583,
        0.04567657310012987,
        0.18910653061212054,
        0.3708581821190077,
        -0.38007346241220724,
        -0.05618647751181873,
        0.2892964254338529,
        -0.4063421255550487,
        -0.11264795481027436,
        0.2254035037617534,
        0.3926042652201225,
        -0.4872314808218983,
        -0.10375649638364487,
        -0.46054689319533354,
        0.4275178113433423,
        0.22038989285358696,
        -0.21985926671142605,
        -0.4111311882627661,
        -0.037814542086519395,
        -0.014838640311191222,
        -0.1334580973607934,
        -0.36828810064954304,
        -0.30006686185411235,
        0.12146470183649717,
        -0.19006034781076564,
        0.19006476595035685,
        0.00929433959035791,
        0.1731033452207322,
        -0.04828060583559775,
        0.23152168153335467,
        0.5028061572650838,
        0.46649470023488127,
        -0.19315598085733046,
        -0.2585930715537797
    ],
    "checked": "indirect",
    "iteration": 83,
    "noise_sensor_0": [
        0.027137028620010294,
        0.057952706033915724,
        -0.03936414637429609,
        -0.0035382625016154574,
        0.021758669196404325,
        -0.06786227961062831,
        0.027906294322401066,
        0.0039001685457377517,
        0.021811570794617166,
        0.012298677700472507,
        -0.02216799384969768,
        0.020469433522149628,
        -0.027104985559149933,
        -0.04760231298238101,
        0.023947929063754484,
        -0.031678683716593735,
        0.04242110405953126,
        0.025404775748944716,
        -0.015644245399500326,
        -0.01276751015654394,
        -0.031363815932563044,
        0.018167602033068463,
        -0.07401794636821482,
        -0.07249504874824651,
        0.06056276257790541,
        0.0595677655428748,
        0.0170563034034212,
        -0.055339246469891884,
        0.02759408475124251,
        -0.016919198012988947,
        -0.007929787340351692,
        -0.06862080105092408,
        0.01213336548332169,
        -0.022725753278686492,
        0.06076207986201881,
        -0.08270008087922417,
        0.06208073414301441,
        -0.06605725215794739,
        0.01977578626080069,
        -0.0005893064169982418,
        -0.036377970829774356,
        -0.013563907074024554,
        0.007823024294005033,
        0.0036538705874733526,
        0.060705691435719494,
        0.00283332113818543,
        0.0020145868979555715,
        0.012467425573958418,
        -0.04258183132213741,
        -0.04503460935953681,
        0.016863451904288545,
        -0.03940306813392181,
        0.03264887646864645,
        -0.026848208718552254,
        0.019211602614625428,
        0.013246805713922468,
        -0.06603814797610351,
        -0.014140789197104112,
        -0.02607050968838972,
        -0.0020856202788091358
    ],
    "noise_sensor_1": [
        -0.05298131716078092,
        0.05911607074039788,
        -0.03817342633396101,
        0.03725101612067568,
        -0.02446991969756886,
        0.0276059032060675,
        0.021197630037167823,
        -0.03153353216874023,
        -0.05737393677679481,
        -0.04760414539176658,
        0.016113080785823203,
        -0.03342765756686722,
        0.015140039984861553,
        -0.056835619285738756,
        0.02508881905126893,
        0.030276842181610603,
        -0.06490757965368196,
        0.04561469495417396,
        -0.015018305607687214,
        -0.0017369651797572824,
        0.08946926245579162,
        0.020009119715210903,
        -0.03875754207620704,
        0.07740891032230958,
        -0.0013943022576584654,
        0.012295447630571,
        -0.06484136790963435,
        0.058501137228652626,
        -0.04044466812890374,
        -0.02143828396669668,
        -0.0033631613067052722,
        0.02110949733285501,
        0.04180372365075256,
        0.02525022751959567,
        -0.025705708121097882,
        0.09384216070679237,
        -0.009770376770680562,
        0.0750766943649403,
        0.023350697790767365,
        -0.02696149617282596,
        -0.0023262535924475575,
        -0.03609761988113647,
        -0.0037510391472988227,
        0.015172853157448318,
        -0.015292370387537104,
        -0.056035693917545586,
        -0.035595781936863524,
        0.008341130128246582,
        0.04719228022756702,
        -0.000712031151802172,
        0.022860540945142054,
        0.06775836226485897,
        -0.038892843204910675,
        0.020708676698199174,
        0.03355214079434802,
        -0.020388145601273208,
        0.09230692443241315,
        -0.02031157415374654,
        0.00767528738872397,
        -0.025956313672800775
    ],