{
    "ParameterSet": [
        0.0,
        0.0,
        0.0,
        0.0,
        0.0,
        0.0,
        0.0,
        0.0,
        0.0,
        0.0,
        0.0,
        0.0,
        0.0,
        0.0,
        0.0,
        0.0,
        0.0,
        0.0,
        0.0,
        0.0,
        0.5044372080402942,
        0.11179573179088269,
        0.22336131133168322,
        0.5238323908959595,
        0.4897837537401469,
        0.23336879209210276,
        0.156900132397411,
        0.2705401047539295,
        0.5045759819857375,
        0.4904423579823461,
        0.2409376907772342,
        0.1710147855545038,
        0.2840915832472842,
        0.5079500341720962,
        0.4593346845127408,
        0.21835216964225468,
        0.1690032511888188,
        0.3258838945822318,
        0.5074750373643965,
        0.2620683981985637,
        -0.04,
        -0.04,
        -0.04,
        -0.04,
        -0.04,
        -0.04,
        -0.04,
        -0.04,
        -0.04,
        -0.04,
        -0.04,
        -0.04,
        -0.04,
        -0.04,
        -0.04,
        -0.04,
        -0.04,
        -0.04,
        -0.04,
        -0.04
    ],
    "SensorParameterSet": [
        -0.28492340137737987,
        0.10406349347343044,
        0.3677056845143082,
        -0.08978343732783833,
        0.38484676743357665,
        -0.36253149416432573,
        0.040671774832236926,
        -0.020309504442531365,
        0.18212825323369747,
        0.07113879543351258,
        0.29698685563686944,
        0.16456874661063184,
        -0.3820024520614051,
        0.623507434260221,
        -0.3182069230236505,
        -0.034846857825739645,
        0.02716890891177338,
        0.27396408379074677,
        -0.5628072751058627,
        -0.444476064603718,
        0.5338957092368145,
        1.0814309684932966,
        -0.09362888702069454,
        -0.05433893526064025,
        0.1619312190058345,
        0.07598983882080607,
        -0.7452765223114907,
        0.02498759961180133,
        0.3053247430552678,
        0.3446041064460119,
        -0.3804933593165517,
        -0.1489423483564249,
        0.3160878472995917,
        -0.4219178722216441,
        -0.1812831460154904,
        0.17231263890332188,
        0.3848903993127547,
        -0.5201434735079914,
        -0.16297789257634088,
        -0.23732694270724886,
        0.4068724864179801,
        0.2477487790342591,
        -0.07606349319519982,
        -0.5092530096435952,
        -0.058786442284551696,
        0.0662189256541854,
        -0.17859637884378363,
        -0.429583345827668,
        -0.286568912399331,
        0.13531566545551518,
        -0.18599278088042182,
        0.25190262620322484,
        -0.04950762186608636,
        0.13950819552902666,
        0.23092934234138304,
        0.3058410285240988,
        0.554312255481038,
        0.31825856972564803,
        -0.10186143446435199,
        -0.26516232480590207
    ],
    "checked": "indirect",
    "iteration": 98,
    "noise_sensor_0": [
        -0.014390312105641883,
        0.015425194735316602,
        -0.01130531456155164,
        0.05660642061394028,
        -0.021453283854403028,
        0.010483690266236132,
        0.004283668043527892,
        0.0015150846568774236,
        0.01566270731908337,
        0.015740447561113518,
        0.04431368083216165,
        -0.01743620470101295,
        -0.03968284532365274,
        0.11500158167860884,
        0.055700223546012326,
        -0.02539244730455054,
        -8.459245532887526e-06,
        0.018846209282385715,
        0.021057257682156046,
        -0.042187976122479605,
        0.017096998623966412,
        0.053032509326516326,
        0.0619965079198456,
        0.018810754953126292,
        -0.007755979001260926,
        0.0112001897676339,
        -0.005537825606610433,
        0.006675048236761473,
        -0.013795602294660172,
        -0.00041239783523229425,
        0.020443287918105964,
        0.09271007005346961,
        -0.047972926879334445,
        -0.013698836207784015,
        0.017134521588305363,
        -0.0008327890678808723,
        0.004344733536820253,
        0.11560684006408393,
        0.02220011558658535,
        0.005554311286915485,
        -0.02420847451177872,
        0.02126951220328081,
        -0.016488738632040034,
        -0.033309486217839655,
        -0.022929711149793922,
        -0.05193034779124435,
        0.015742078760867834,
        -0.037646664216467444,
        0.04258019830754759,
        -0.07015528515817224,
        -0.06160184502174997,
        0.025867136174509142,
        0.02161638521945346,
        -0.03463764898108899,
        -0.08582570861328633,
        0.026982600955293534,
        -0.016243199286793932,
        0.014941699063110653,
        -0.0082601287520445,
        -0.053022749355210765
    ],
    "noise_sensor_1": [
        -0.03453618307506553,
        -0.0010935560723871042,
        0.06750058885153708,
        0.025041597457221253,
        -0.04748317181475975,
        0.009610081303245706,
        -0.026177850684648955,
        0.04937828423183517,
        -0.014607010025936248,
        0.008477018662284602,
        0.01091405388658352,
        0.030615093317200238,
        -0.02807081982381246,
        -0.03773084907979981,
        0.02946107632549078,
        -0.011517225522292972,
        -0.021454945496544815,
        0.030145038598817526,
        0.01945772494156355,
        0.013131907802882306,
        -0.021241568340984018,
        -0.0163661874722977,
        0.01085078708878321,
        0.023878390003450895,
        0.08666224695089497,
        0.04944413730435402,
        0.019432528840460636,
        0.006177611995018631,
        0.03159559152038844,
        0.035088060585246376,
        -0.024610268522544942,
        0.010693551272945375,
        0.00849332280704009,
        -0.027503274196054545,
        0.05557875221781599,
        -0.04358053264049537,
        0.11631248982506844,
        -0.0023205731891471136,
        0.0448045403377076,
        -0.010356156252772088,
        0.014366024877180718,
        -0.03173413862213943,
        0.0295615502902119,
        -0.023464503596471054,
        0.005081581063663438,
        -0.039662004687273475,
        0.0164475366405374,
        -0.03424881581643005,
        0.07533926439321773,
        -0.02588695765489283,
        0.08118790122391728,
        -0.0035410388800638055,
        -0.010060846734780955,
        -0.04108053788923494,
        0.005871372603671844,
        0.012643199985467193,
        0.0019221611236856608,
        0.05329488521571023,
        0.06098192148314411,
        0.05470583905335254
    ],