{
    "ParameterSet": [
        0.0,
        0.0,
        0.0,
        0.0,
        0.0,
        0.0,
        0.0,
        0.0,
        0.0,
        0.0,
        0.0,
        0.0,
        0.0,
        0.0,
        0.0,
        0.0,
        0.0,
        0.0,
        0.0,
        0.0,
        0.5044372080402942,
        0.11179573179088269,
        0.22336131133168322,
        0.5238323908959595,
        0.4897837537401469,
        0.23336879209210276,
        0.156900132397411,
        0.2705401047539295,
        0.5045759819857375,
        0.4904423579823461,
        0.2409376907772342,
        0.1710147855545038,
        0.2840915832472842,
        0.5079500341720962,
        0.4593346845127408,
        0.21835216964225468,
        0.1690032511888188,
        0.3258838945822318,
        0.5074750373643965,
        0.2620683981985637,
        -0.04,
        -0.04,
        -0.04,
        -0.04,
        -0.04,
        -0.04,
        -0.04,
        -0.04,
        -0.04,
        -0.04,
        -0.04,
        -0.04,
        -0.04,
        -0.04,
        -0.04,
        -0.04,
        -0.04,
        -0.04,
        -0.04,
        -0.04
    ],
    "SensorParameterSet": [
        -0.09891491273464605,
        0.12666971147237074,
        0.4666969675841904,
        -0.4026136445655511,
        0.4217555329137332,
        -0.3278223983674044,
        0.05339095872331348,
        0.16952568996132697,
        0.5308374062482683,
        -0.275087768597713,
        -0.0006263882657273996,
        0.024077023382741883,
        0.04487952019110818,
        0.34780076647125563,
        0.07178903079825182,
        -0.06906721198381642,
        -0.22266830450460262,
        0.1274039464953308,
        -0.47448835584002147,
        -0.24551250272268577,
        0.516378557914829,
        0.5897503222320076,
        0.19075605484598662,
        0.11612274228303938,
        0.23314997855361352,
        0.11531558635208564,
        -0.6862068278396835,
        0.15817885262183182,
        -0.07193630942063693,
        0.10214633540106018,
        -0.22477553479961282,
        0.08724940296910519,
        0.10151022302411183,
        -0.17304323065552274,
        -0.23403044430409017,
        0.1848684994476578,
        0.29872991734600673,
        -0.48466960961312083,
        -0.09941492105822433,
        -0.39456572298066744,
        0.3441702749652337,
        0.4383389267787698,
        -0.045399775317649264,
        -0.41484235072023223,
        0.06697190223829562,
        0.22723974325322643,
        -0.2018918524932832,
        -0.08889642503004058,
        -0.20382436009912777,
        -0.023214291504322873,
        -0.32635677613423886,
        0.2534706222786731,
        0.08295366062099874,
        -0.007097430876016735,
        -0.19831922933395651,
        0.2590744974161917,
        0.3699473000989304,
        0.4409415229790229,
        -0.18160899570672298,
        -0.022611237671961226
    ],
    "checked": "indirect",
    "iteration": 52,
    "noise_sensor_0": [
        -0.026809691154219925,
        -0.05303569364443886,
        -0.012265684304924016,
        0.07830983543438715,
        -0.0284548613951058,
        -0.012597427222066191,
        0.0015937516979659934,
        -0.013916871299417773,
        -0.05041125633688269,
        -0.01929665993441928,
        -0.02935931084358694,
        0.03606806570142769,
        0.04754431314991346,
        -0.046855631102179836,
        0.0006795595527051286,
        0.10228941645222296,
        0.0001861465063159433,
        0.01738301385910109,
        0.0025050037607911033,
        -0.042225344399382275,
        -0.027395729534918836,
        0.10438971844868246,
        -0.010016974721950136,
        0.004580445559787013,
        -0.01628758758902645,
        0.016397233016622853,
        0.07081201999328615,
        -0.018523942246849653,
        0.06619266634420286,
        0.08115164075185256,
        -0.09151103405010173,
        0.020719173985630203,
        -0.017957273633503763,
        0.02552392537871455,
        0.03764392587999559,
        0.02494030011011718,
        0.008151171754631696,
        0.027595715685495605,
        0.03375525979701047,
        0.002094207968628152,
        -0.13088795883344612,
        0.048168587360028006,
        0.0419205838980156,
        -0.0829715309347177,
        0.02842561282955109,
        0.022977282411228737,
        0.006925091667483882,
        -0.009084610813985419,
        -0.049875205751865735,
        -0.029486654020580982,
        -0.026859418546462895,
        -0.06664065937630859,
        0.012297944437481702,
        -0.012274896956792005,
        0.027453677052041908,
        -0.027452461846780605,
        0.026020094438409594,
        -0.06867890146967631,
        -0.002384218109870905,
        0.05336552815428648
    ],
    "noise_sensor_1": [
        -0.04613006103723939,
        0.0012208617176050268,
        -0.022917772988783384,
        -0.05840111352645142,
        -0.053129819125898,
        -0.0017980497013167826,
        0.012169893748324912,
        -0.029773943728188736,
        0.008587834977257638,
        -0.004726170412972909,
        0.040781211289651904,
        -0.041367392168388674,
        -0.04662022305198537,
        -0.05160935273514675,
        -0.016349614800581246,
        0.03440643418519484,
        -0.028339637600997024,
        -0.02947894832755263,
        0.022374038287293882,
        -0.02056639461037424,
        0.04909419050074276,
        0.010308245575971417,
        0.02601168814585104,
        0.009964554288272283,
        -0.0079526423751859,
        -0.012387857470223144,
        -0.0018003416079822828,
        0.01299063836183997,
        -0.016053865999127247,
        0.016337368408795322,
        0.00508392796445585,
        0.011146313762870732,
        -0.01686993019810049,
        0.038206218688858366,
        0.06654459602060252,
        -0.0005898859121331572,
        -0.002962130571675208,
        0.0065522830736529725,
        0.08861815057179598,
        -0.037693113732516006,
        -0.08178368751203222,
        -0.06965251679407954,
        -0.0007266125151150874,
        -0.05351840290938849,
        -0.020021028486864385,
        -0.10625816058567954,
        -0.06542481718072327,
        0.018698511812830516,
        0.0641825632453609,
        0.0914983132476889,
        -0.056070391398985626,
        0.026373728266985225,
        0.0026350392469558915,
        0.08454098527936005,
        0.04586975145648081,
        -0.0028585091346995956,
        0.033901292098037265,
        0.04440064380856431,
        -0.08538186589048607,
        0.007716365979652877
    ],