{
    "ParameterSet": [
        0.0,
        0.0,
        0.0,
        0.0,
        0.0,
        0.0,
        0.0,
        0.0,
        0.0,
        0.0,
        0.0,
        0.0,
        0.0,
        0.0,
        0.0,
        0.0,
        0.0,
        0.0,
        0.0,
        0.0,
        0.5044372080402942,
        0.11179573179088269,
        0.22336131133168322,
        0.5238323908959595,
        0.4897837537401469,
        0.23336879209210276,
        0.156900132397411,
        0.2705401047539295,
        0.5045759819857375,
        0.4904423579823461,
        0.2409376907772342,
        0.1710147855545038,
        0.2840915832472842,
        0.5079500341720962,
        0.4593346845127408,
        0.21835216964225468,
        0.1690032511888188,
        0.3258838945822318,
        0.5074750373643965,
        0.2620683981985637,
        -0.04,
        -0.04,
        -0.04,
        -0.04,
        -0.04,
        -0.04,
        -0.04,
        -0.04,
        -0.04,
        -0.04,
        -0.04,
        -0.04,
        -0.04,
        -0.04,
        -0.04,
        -0.04,
        -0.04,
        -0.04,
        -0.04,
        -0.04
    ],
    "SensorParameterSet": [
        -0.08136335415951884,
        0.03270356932913536,
        0.46624715480733375,
        -0.4980926793668709,
        0.43247028947060173,
        -0.35122013860526824,
        0.015265608594329372,
        -0.017910965673771824,
        0.3917420501617031,
        -0.2026424269409885,
        0.048452158700720616,
        0.05592832610308002,
        -0.026835562158153248,
        0.283464948868809,
        -0.02486040379490562,
        -0.02053918007432842,
        -0.07180383014317988,
        0.175420316167494,
        -0.5172138239923739,
        -0.40877845185118783,
        0.46863395012688963,
        0.5581857265698571,
        0.16029112205976706,
        0.09774055702296097,
        0.1287144352126682,
        0.01775759032119703,
        -0.6725813434268534,
        0.16436692087051102,
        0.12120901361183052,
        0.25660056165847756,
        -0.39196098222890474,
        0.0797279611241647,
        0.23610045736160376,
        -0.15896066832814496,
        -0.2270630232901758,
        0.1553871157402658,
        0.16814526539183147,
        -0.309750147824806,
        -0.087218399676108,
        -0.3942601967653554,
        0.27538675538754204,
        0.3701577351257083,
        -0.15889363181704433,
        -0.37630057076041623,
        0.05555659318487802,
        0.06153308654671758,
        -0.2277915539508935,
        -0.3759171223346496,
        -0.07520913636182905,
        0.1316048656061015,
        -0.30222457387522766,
        0.302631638554259,
        0.07496685597448267,
        0.03602228768341967,
        -0.10795723961799684,
        0.23081968074497006,
        0.42622831797824784,
        0.43918680172079205,
        -0.24382232935454975,
        -0.21886033908468805
    ],
    "checked": "indirect",
    "iteration": 61,
    "noise_sensor_0": [
        0.11345225251070054,
        -0.03166759925635288,
        -0.004730709511917849,
        -0.015199582771085825,
        0.009071371828383128,
        -0.005372897006532731,
        -0.02421850449738512,
        -0.06540161938127705,
        0.00960623310392214,
        0.0470631255381962,
        -0.027325577068422077,
        0.027505319319906234,
        0.021152975051555716,
        0.048608105879919816,
        -0.03887502179655474,
        0.05275163575158885,
        -0.011658976290545908,
        -0.05635502303389767,
        0.02150920461162664,
        -0.032960015303468274,
        -0.018945962874679603,
        0.031946726006484634,
        0.09208749758487701,
        -0.014887643459061487,
        0.03286441555041356,
        0.08436075249763085,
        -0.017024380725910636,
        0.018862328601052084,
        -0.061566881888845924,
        -0.0427011946889358,
        -0.07402830175930618,
        0.049724030120132066,
        -0.009950218443588007,
        -0.05485883010512974,
        0.02074990206558178,
        0.00686912740295422,
        0.13428918482893332,
        -0.07804897525051607,
        0.02852743880428504,
        -0.03940384074044589,
        0.03143981681494799,
        -0.037289992565429454,
        0.04085929837534625,
        0.001249611807987589,
        0.08805775048173127,
        -0.004174337651701358,
        0.029475297086467993,
        -0.057523575617194594,
        0.012997483456449568,
        -0.024601944728654186,
        -0.020356050251485493,
        0.041352068939783326,
        -0.01811966113214429,
        -0.024937480899266826,
        -0.03844625801810522,
        -0.05528529875100944,
        0.0030678700780763144,
        0.04409505167168857,
        -0.06827347577580502,
        -0.077738806869434
    ],
    "noise_sensor_1": [
        0.0316921830043339,
        -0.010544151515298188,
        -0.008290753006937952,
        -0.03498982659825996,
        0.002793283237913307,
        0.026014168147813443,
        -0.011740413430708575,
        -0.03182584817146654,
        0.008545815982138693,
        -0.03990180623588512,
        0.020498324198323235,
        -0.0543898582983254,
        0.002175798120252896,
        -0.050329550195843537,
        0.006572947047988131,
        -0.030939520124818886,
        -0.021128793711770556,
        0.06611845241984682,
        0.044883109385851064,
        0.00885084258607731,
        0.0367023737050764,
        -0.10715193979982868,
        -0.014091606889587166,
        0.022401526063200054,
        0.044314326722570116,
        0.007319318154773687,
        0.034732448643242805,
        -0.02380224144142544,
        -0.03434792638999937,
        0.032754009467711453,
        0.012731655851663942,
        -0.09145039303076014,
        0.03744275905037929,
        -0.0642259092256419,
        0.026424366087355367,
        -0.053787091918469705,
        -0.03511302133997869,
        -0.06866939980012056,
        0.06700808183075516,
        -0.010654053455053521,
        0.02766500265732933,
        0.014771150103985848,
        -0.02477640334137973,
        0.011619084750831983,
        0.05960808628073363,
        -0.019620309063754417,
        0.02469777725876237,
        0.019760954599694798,
        0.004204572129146974,
        0.025838257220517077,
        0.0969170134550836,
        0.01770392359490708,
        -0.017735390159906526,
        -0.0191953359576684,
        0.004130410693372655,
        -0.07006123179724863,
        0.056672152510726354,
        0.026380533671254258,
        -0.04052461564372202,
        -0.01005670302085796
    ],