{
    "ParameterSet": [
        -0.11316100498076463,
        -0.0441795770249069,
        0.05219031640861359,
        -0.07830422540453116,
        -0.0042910546027170714,
        0.09838906002808054,
        0.2255941937031542,
        -0.024823832320066432,
        0.11270080294189624,
        0.05045497425945029,
        0.13512696566419188,
        0.10551905836895355,
        0.09505535986371377,
        0.08304763801753448,
        -0.014675289231059202,
        0.02141964602626145,
        -0.010735268888761203,
        -0.05126402901799808,
        -0.08272633843746272,
        -0.12026073232425916,
        0.41784081479063334,
        0.004230782570624934,
        0.1555966910846365,
        0.47377694316435437,
        0.3679309515705207,
        0.13372762113049774,
        0.13846528957933238,
        0.18436417774424807,
        0.5622441745117693,
        0.41571357594804503,
        0.2303498337367404,
        0.06923546073948429,
        0.18992932148879124,
        0.5537312097950028,
        0.49729167686023806,
        0.211952018278164,
        0.1509819456157591,
        0.3188117313860635,
        0.5082098906881631,
        0.310487651207801,
        -0.0702522781907412,
        -0.0639189536327854,
        -0.060343355540408324,
        -0.0665442444519427,
        -0.10369169737786942,
        0.012275509407492453,
        -0.078922168554711,
        -0.14300326147750084,
        -0.04542760463885285,
        -0.04293451895304246,
        -0.1070660534654676,
        0.031779350923067926,
        -0.12582959911909716,
        -0.19181530322525678,
        -0.09742426519302333,
        -0.0914860604637445,
        -0.04902117500872154,
        -0.07264092300482926,
        -0.1299300630236494,
        0.057210160465057884
    ],
    "SensorParameterSet": [
        0.0,
        0.0,
        0.0,
        0.0,
        0.0,
        0.0,
        0.0,
        0.0,
        0.0,
        0.0,
        0.0,
        0.0,
        0.0,
        0.0,
        0.0,
        0.0,
        0.0,
        0.0,
        0.0,
        0.0,
        0.0,
        0.0,
        0.0,
        0.0,
        0.0,
        0.0,
        0.0,
        0.0,
        0.0,
        0.0,
        0.0,
        0.0,
        0.0,
        0.0,
        0.0,
        0.0,
        0.0,
        0.0,
        0.0,
        0.0,
        0.0,
        0.0,
        0.0,
        0.0,
        0.0,
        0.0,
        0.0,
        0.0,
        0.0,
        0.0,
        0.0,
        0.0,
        0.0,
        0.0,
        0.0,
        0.0,
        0.0,
        0.0,
        0.0,
        0.0
    ],
    "checked": "indirect",
    "iteration": 93,
    "noise_0": [
        -0.013476975469692792,
        -2.6325239842071028e-05,
        0.01028173721406852,
        -0.007836817025824856,
        -0.0017215402784535893,
        0.0075593590778585615,
        0.0030821276190830214,
        -0.014756921003195199,
        -0.006257750997737441,
        0.008177654044937565,
        -0.01242179384836067,
        -0.015892251871073383,
        -0.004774237660811487,
        0.0041205146633193435,
        -0.009091634530233287,
        0.012071871292909311,
        -0.007986381876371336,
        0.009726252696007945,
        -0.01645202360505689,
        0.007258323393437366,
        -0.017482928448668323,
        0.010670688435204457,
        0.010162904779277107,
        0.008248979066362069,
        -0.008959615520159104,
        -0.02759473595202848,
        0.0019467737421673755,
        0.015979835584070564,
        0.007283932352416778,
        -0.01927101664507545,
        -0.0031316795762009776,
        0.009560547329845617,
        -0.005211332527690487,
        -0.008710460882530413,
        0.025142287203151273,
        0.015447430995837745,
        0.00737646967369894,
        -0.001057652298261828,
        0.005016849860469352,
        0.014014327601016015,
        0.005760362324531873,
        -0.006829293351400135,
        0.004989838678707576,
        -0.002431168065904793,
        -0.0022373345173364537,
        0.0025598434854305113,
        -0.0015479749152012732,
        -0.010833618586440493,
        0.003973938468962175,
        0.011989697454044861,
        0.010269674180755157,
        0.0033145338895184994,
        -0.0048674474239533815,
        -0.012307597276211935,
        -0.009946039402399773,
        0.00988249685583929,
        -0.002858848991285208,
        -0.007831831673976147,
        0.009913082737551513,
        -0.009605328987575809
    ],
    "noise_1": [
        -0.014329859955150072,
        -0.007564872057402572,
        -0.003491458273137041,
        0.004633450785135441,
        -0.0022270702445320754,
        -0.004401233144390253,
        0.0029119548653029413,
        -0.0057687163980378936,
        -0.0026532365144456174,
        -0.006597389219435373,
        0.008634800832063735,
        -0.003066004252810591,
        -0.0011832576736164847,
        -0.011020343153979909,
        0.0074702916040517995,
        0.01301307637407366,
        -0.005147961273751218,
        -0.010586991906239164,
        -0.0030048221953213575,
        -0.01367678535984265,
        0.0007200875456024881,
        -0.00784206013681955,
        -0.004684419551577787,
        -0.012522966951752828,
        0.022001774745673056,
        0.015756715085020953,
        -0.009913128325560282,
        -0.0010803471545162103,
        -0.00041611896532370437,
        -0.0045722616416105895,
        0.014822990085702193,
        -0.003141664563419473,
        -0.008558336877055794,
        -8.311534675040251e-05,
        0.012154434605380753,
        -0.0036091084807792005,
        0.002565823560176146,
        -0.013341509838893872,
        -0.001820061954209761,
        0.006348678626368847,
        0.0029519837295333006,
        0.0007095223266258125,
        0.005111638721774507,
        -0.02081923149190635,
        0.00998127312096082,
        -0.011039648358377768,
        -0.0035080346891736194,
        -0.005288675865949563,
        0.005280466749529689,
        0.002928229066099681,
        -0.0016401446423860836,
        0.010222559596069384,
        0.004069221258522496,
        -0.009282094625299634,
        -0.007807629666567334,
        -0.0017597899624447466,
        0.00039762651570628523,
        -0.002439649365543416,
        0.009701606471182254,
        -0.012283282765858192
    ],