{
    "ParameterSet": [
        0.02120405714070651,
        -0.013894383210463294,
        -0.002484385565946384,
        -0.015304432411320158,
        -0.021585501906540964,
        0.05442870107229603,
        0.0435320274463917,
        -0.010360895129954075,
        0.024400264587280958,
        0.007201436711337517,
        0.020174669159002966,
        -0.012798199980709697,
        0.01867357741806786,
        0.0134376640635884,
        -0.009895071150476302,
        0.03325498415670751,
        0.04786750099340328,
        0.03793241110072803,
        -0.0364934597185344,
        -0.03768245722018328,
        0.500178362189676,
        0.08620144847639821,
        0.21972750914436417,
        0.5062955834670537,
        0.48974294382631484,
        0.23977616215574474,
        0.17716516215433062,
        0.234453566279836,
        0.49888690542783615,
        0.453777938544332,
        0.22757981364179292,
        0.20805185690547973,
        0.2796021980071614,
        0.5236249985311142,
        0.46768533140561425,
        0.21547746524958977,
        0.1702436494545868,
        0.34278165092823454,
        0.5515742248349809,
        0.23697819615415355,
        -0.03990490283124222,
        -0.03495499389049848,
        -0.059197365250464484,
        -0.03072671171349117,
        -0.057056612951933164,
        -0.02073330797743195,
        -0.07843965829293507,
        -0.046280677845915635,
        -0.05541571163933643,
        -0.04402422595295422,
        -0.04826689333540446,
        -0.03448109514601699,
        -0.07937969899995027,
        -0.08482283698980721,
        -0.06984742929887285,
        -0.07713185890094386,
        -0.07910968001452624,
        -0.04025200437951206,
        -0.0499662788706123,
        0.00014695816035126854
    ],
    "SensorParameterSet": [
        0.0,
        0.0,
        0.0,
        0.0,
        0.0,
        0.0,
        0.0,
        0.0,
        0.0,
        0.0,
        0.0,
        0.0,
        0.0,
        0.0,
        0.0,
        0.0,
        0.0,
        0.0,
        0.0,
        0.0,
        0.0,
        0.0,
        0.0,
        0.0,
        0.0,
        0.0,
        0.0,
        0.0,
        0.0,
        0.0,
        0.0,
        0.0,
        0.0,
        0.0,
        0.0,
        0.0,
        0.0,
        0.0,
        0.0,
        0.0,
        0.0,
        0.0,
        0.0,
        0.0,
        0.0,
        0.0,
        0.0,
        0.0,
        0.0,
        0.0,
        0.0,
        0.0,
        0.0,
        0.0,
        0.0,
        0.0,
        0.0,
        0.0,
        0.0,
        0.0
    ],
    "checked": "indirect",
    "iteration": 4,
    "noise_0": [
        0.0034894623610698,
        0.004551787132742134,
        0.008413921148078162,
        -0.026780094481782795,
        -0.017643070849647467,
        -0.02149713461496258,
        -0.013501187987260995,
        -0.0033878406600380113,
        -0.03280806030693305,
        0.005390514065143158,
        -0.02479385832705821,
        -0.008858015189573914,
        0.01706795214618994,
        0.028116123832969034,
        -0.010058324028441257,
        0.006088104545004707,
        0.006935510071298849,
        -0.0006916705300818204,
        0.011290915507686832,
        -0.014522663077542667,
        -0.014651258832346218,
        0.01731248407920393,
        -0.0032340262363735254,
        0.0023751748352269586,
        -0.006316776850082924,
        -0.023116239223287753,
        -0.014692455605648374,
        0.02795844852423902,
        -0.010780561067052276,
        0.006976584986856096,
        0.00045861043250760674,
        -0.008885416226617135,
        -0.013628314202181345,
        0.0029661440773379203,
        -0.029617553867337047,
        -0.007502701025499201,
        -0.023897769137354086,
        0.015576769226385283,
        0.005499641356474935,
        0.00020553680569004182,
        -0.03670982485228306,
        -0.03782558246056997,
        -0.010692631586988133,
        -0.01083433059864021,
        -0.00799333235970564,
        -0.0001767780217307106,
        -0.005848189849867379,
        -0.023023641914658277,
        0.016710281169181943,
        0.01909616348126546,
        -0.013899945007495692,
        0.028155857380451677,
        0.0027900633375134375,
        0.03231681624520245,
        0.007164108508125649,
        -0.017199788545624674,
        -0.000166384038193989,
        0.02549746729958784,
        0.03812375224453069,
        -0.004830914850279574
    ],
    "noise_1": [
        0.02374753870109676,
        -0.019454650941725223,
        -0.032647031989948755,
        -0.014953574311726801,
        -0.008079936126494207,
        -0.006094466841924311,
        -0.023653905153321105,
        -0.012361887539846213,
        -0.0017154757731260924,
        -0.000985063222372927,
        -0.013684921366943019,
        0.006732683664935479,
        0.023752921942444494,
        0.0021927159150290122,
        0.009996789793801288,
        0.008602052800354058,
        -0.014059774451972956,
        0.009087300293421169,
        -0.020292131093121047,
        0.002187784458847098,
        0.0334407055488122,
        0.009985542580672612,
        -0.0013501924620372859,
        0.018164935110347218,
        0.002463918458607388,
        0.024672283195833984,
        -0.005407022269903651,
        -0.01960638562334036,
        0.011099538348420833,
        -0.0016600798897007647,
        -0.008516252756695939,
        -0.007149140906085617,
        0.008523149507468774,
        -2.4097726833762637e-05,
        -0.02916745523725181,
        -0.008829589866187659,
        0.005972623970242614,
        0.011176390020769767,
        0.00958282576307752,
        0.005834984949933167,
        -0.009395773977406232,
        0.01695796060076995,
        0.005797919186587289,
        0.004546835179621308,
        0.01401311076711135,
        -0.018166754399301495,
        -0.0003343766260125468,
        -0.008094104932051777,
        -0.0028725875921714076,
        0.024925276988611144,
        0.004601290247909232,
        0.00381914551264579,
        -0.015201174243823766,
        -0.009496658882380367,
        0.006515372200564062,
        -0.014240406049243948,
        0.025165179402964442,
        0.000278736272391709,
        -0.010103734043091455,
        -0.00047141929461250523
    ],