{
    "ParameterSet": [
        -0.09158716738907428,
        -0.06926322882195626,
        0.06689370151084267,
        -0.07127485222770022,
        -0.019725072662634374,
        0.10250073629319496,
        0.18190280909088125,
        -0.03320059299164999,
        0.11781061681783689,
        0.06465891114949943,
        0.16365109134337985,
        0.058784180090793024,
        0.09747477511314381,
        0.08416777958637173,
        -0.01055306746778334,
        0.006902656284880966,
        -0.04584285918361802,
        -0.020257424752724847,
        -0.08301047026653555,
        -0.13504311972591235,
        0.3999879428887919,
        -0.006007977401566696,
        0.17817737468631017,
        0.526377205659989,
        0.35350268435248466,
        0.15309902387868676,
        0.16547188085487413,
        0.16812719029712178,
        0.6134066954229421,
        0.3959156482481251,
        0.21873035218619286,
        0.08930287408677577,
        0.20298721240305773,
        0.5628164174177589,
        0.5060299653242116,
        0.26075290588656175,
        0.1942364934928746,
        0.311394868294762,
        0.48848958007214455,
        0.31087314499089536,
        -0.07448177580561346,
        -0.09830603833873884,
        -0.05532122625240957,
        -0.07713378572961134,
        -0.08840974911011241,
        -0.014122291510620857,
        -0.05867249998634049,
        -0.11364470426365203,
        -0.04520287595058394,
        -0.04476559371519703,
        -0.08817706861264529,
        0.0036522404443781577,
        -0.1318485062912706,
        -0.1729844404690032,
        -0.04695902655235386,
        -0.09845471222707902,
        -0.08537411798402259,
        -0.08066593793532717,
        -0.1189468887886723,
        0.0226134673296519
    ],
    "SensorParameterSet": [
        0.0,
        0.0,
        0.0,
        0.0,
        0.0,
        0.0,
        0.0,
        0.0,
        0.0,
        0.0,
        0.0,
        0.0,
        0.0,
        0.0,
        0.0,
        0.0,
        0.0,
        0.0,
        0.0,
        0.0,
        0.0,
        0.0,
        0.0,
        0.0,
        0.0,
        0.0,
        0.0,
        0.0,
        0.0,
        0.0,
        0.0,
        0.0,
        0.0,
        0.0,
        0.0,
        0.0,
        0.0,
        0.0,
        0.0,
        0.0,
        0.0,
        0.0,
        0.0,
        0.0,
        0.0,
        0.0,
        0.0,
        0.0,
        0.0,
        0.0,
        0.0,
        0.0,
        0.0,
        0.0,
        0.0,
        0.0,
        0.0,
        0.0,
        0.0,
        0.0
    ],
    "checked": "indirect",
    "iteration": 78,
    "noise_0": [
        -0.017699553679236705,
        0.0029613998055413294,
        0.0017176955486678635,
        -0.0006839559112889953,
        0.014757013226722468,
        -0.01830152187112319,
        0.016908682622833467,
        -0.0036237334549961927,
        0.006491903208738157,
        -0.0042335739512558285,
        0.008693106612630893,
        0.0018519385431838293,
        0.013685289649730585,
        -0.014215399472382087,
        0.008215034938305815,
        -0.0019435399876411065,
        -0.018691319218441433,
        -0.006711168586760605,
        0.009937316953201925,
        -0.001074385729240816,
        0.014997834390083621,
        -0.016607880045275452,
        -0.016753777736074848,
        0.01826230321631147,
        -0.018873712182122724,
        -0.006552335543908935,
        -0.004374688925852783,
        -0.002259245907632714,
        0.006117177800314734,
        -0.011222817434572378,
        0.0009105771422984654,
        0.01241269400439387,
        0.017630123985365367,
        0.004686715222441255,
        2.8434381708049028e-05,
        0.005452459829213603,
        0.009345628510806458,
        -0.0009213771564584452,
        0.0037997670202342794,
        -0.014026119916529089,
        -0.0029991877334408137,
        -0.015849332954177453,
        -0.002452493745780736,
        -0.017707828684544062,
        -0.010534982847108304,
        0.011998637349436176,
        0.013982491450633981,
        0.002572648752366997,
        0.003314045311202989,
        0.008183300472928472,
        -0.012452711844753316,
        0.008511910267674897,
        0.007538558476494943,
        -0.006134893374628619,
        0.007550503939767663,
        -0.012575085824719228,
        0.006044907280468574,
        -0.0050666626107577,
        -0.017137267600856078,
        0.0058087712951209606
    ],
    "noise_1": [
        -0.0021943177157154694,
        -0.004661193787367885,
        0.00852655734084332,
        0.005756485633483276,
        0.00894003152404092,
        0.0006741159156224272,
        0.014489227678986676,
        2.3657701209056522e-05,
        0.004993936201572228,
        9.108504044920491e-05,
        0.030373442730393923,
        -0.028298362547070213,
        -0.007991796839169847,
        -0.0057409556173907625,
        0.00489907754755901,
        0.0038089571106765647,
        0.0070041168367950745,
        0.011969832378707778,
        0.00544144063458979,
        -0.010647585480382507,
        0.0004912783742294778,
        -0.013790223618189056,
        0.004800501496684358,
        0.004073027635192599,
        0.000691178055061234,
        -0.00570578976783168,
        0.008864096264498201,
        -0.015321281420729603,
        -0.006110809214653518,
        0.016591988995471187,
        0.002234385088721306,
        0.0032747999267885336,
        -0.0028019433950985085,
        0.025365436944131084,
        -0.005145124606133666,
        0.003192205577634796,
        -0.0040328607326029775,
        -0.0014979241686294193,
        0.007502335641451755,
        -0.005141190470198461,
        0.009355675394448535,
        0.0076935737797555566,
        -0.008187475740005104,
        0.022355725322884497,
        -0.010294301110866226,
        -0.00872284145062898,
        -0.0054470940231754784,
        -0.0054341409936830036,
        0.0045579563120199725,
        0.006573570268394892,
        0.009043953801532601,
        -0.0024326408592148085,
        -0.003853983157055718,
        -0.010597640506280613,
        -0.005129406543848021,
        0.009475612412802205,
        -0.003884163842052764,
        0.0018453927848498851,
        -0.012971452821252975,
        0.006089496944944118
    ],