{
    "ParameterSet": [
        -0.07325894636984345,
        -0.08408288684093893,
        0.0237346098064291,
        -0.11046131349586884,
        -0.07135687788094638,
        0.06019026832968897,
        0.1066832106403786,
        -0.010004431048868327,
        0.07436997403645028,
        0.12691647345688664,
        0.1408055369303919,
        0.026723237644814275,
        0.10030646077523628,
        0.07215468194767388,
        -0.006383958752851134,
        -0.004293971434376216,
        0.011219170289069866,
        0.02066107657448695,
        -0.12213871976594104,
        -0.15445087821246106,
        0.4898307365288332,
        0.05934480910088346,
        0.20308152261889767,
        0.4481935756755558,
        0.4086965012907546,
        0.16970742445824458,
        0.18473768421732523,
        0.1868766356447182,
        0.5130456682915316,
        0.37495921243655683,
        0.20151644949008482,
        0.1636633133831932,
        0.25299397330586865,
        0.5439184428772825,
        0.4528984418563974,
        0.24426252026765188,
        0.1474641104572108,
        0.26896340877588015,
        0.5239003483291781,
        0.23336632324966258,
        -0.027969617582722796,
        -0.10358501782569303,
        -0.0769341398757438,
        -0.023786147528978282,
        -0.07853774292165999,
        0.05694883998655036,
        -0.08335819540729315,
        -0.05297601381486615,
        -0.06725506124245263,
        -0.0750919978075376,
        -0.02092192796511379,
        -0.04208732886997929,
        -0.10307077626624711,
        -0.14272232949140387,
        0.03116933092982492,
        -0.06864908034144541,
        -0.015216010737481116,
        -0.08276997660007031,
        -0.05350792521172425,
        -0.0031012287882495188
    ],
    "SensorParameterSet": [
        0.0,
        0.0,
        0.0,
        0.0,
        0.0,
        0.0,
        0.0,
        0.0,
        0.0,
        0.0,
        0.0,
        0.0,
        0.0,
        0.0,
        0.0,
        0.0,
        0.0,
        0.0,
        0.0,
        0.0,
        0.0,
        0.0,
        0.0,
        0.0,
        0.0,
        0.0,
        0.0,
        0.0,
        0.0,
        0.0,
        0.0,
        0.0,
        0.0,
        0.0,
        0.0,
        0.0,
        0.0,
        0.0,
        0.0,
        0.0,
        0.0,
        0.0,
        0.0,
        0.0,
        0.0,
        0.0,
        0.0,
        0.0,
        0.0,
        0.0,
        0.0,
        0.0,
        0.0,
        0.0,
        0.0,
        0.0,
        0.0,
        0.0,
        0.0,
        0.0
    ],
    "checked": "indirect",
    "iteration": 34,
    "noise_0": [
        0.0015444013116673017,
        -0.01150589616752357,
        -0.0067677957074663425,
        -0.014100167098231614,
        0.007008800828471318,
        0.009878368815524853,
        0.00400142527423666,
        -0.0052158016630833096,
        -0.024222813669425865,
        0.004665116943284757,
        -0.015173118784994626,
        -0.005911152251888279,
        0.0019459365868116165,
        0.02328691843443514,
        0.004630829463090735,
        0.0067883574141937705,
        0.020323862683798686,
        0.0004903525222393889,
        0.021329631838379617,
        0.01371851849626951,
        0.003559869120178675,
        0.017475676353620857,
        -0.002079522430106719,
        0.017266748544401224,
        0.010483555013382084,
        -0.006209751756278689,
        0.016608234599086235,
        -0.005595946539286289,
        0.0123279207660465,
        0.003121209337450458,
        0.010386250908209436,
        -0.012266902255579441,
        -0.017331232263485454,
        0.017184093416983594,
        -0.003685979386643442,
        0.012087881193352122,
        -0.0033876762727573294,
        0.011571274277562545,
        0.010550856359298512,
        0.006819803897321938,
        -0.008926067624252866,
        -0.0021067418606487984,
        -0.012896890526817827,
        -0.0028733078514197492,
        0.0006832512650238747,
        0.02825682665235893,
        -0.024698824834389458,
        -0.005946781471405201,
        -0.00019140287952887879,
        0.0025088678039188886,
        0.003622631976137536,
        0.01897527189951927,
        -0.004210898865640571,
        0.008384216177219227,
        0.0011183113871084086,
        -0.012532650741671588,
        0.013753764457620386,
        0.014032542277996572,
        0.02162124387974346,
        0.0016062986157683791
    ],
    "noise_1": [
        -0.005364401708313453,
        -0.005273114536328074,
        0.004202272814264562,
        0.021208554096171516,
        0.006175047708404295,
        -0.0013307228989507737,
        -0.012503824987804389,
        0.00020742122864889052,
        -0.02628210412475449,
        -0.013863597803187532,
        0.009932815883832373,
        -7.5859851507038475e-06,
        -0.006895558133981191,
        0.021098724990203602,
        0.003833084175874584,
        -0.013335401123476507,
        -0.010230997332833239,
        0.021878921888531508,
        -0.030683237542510716,
        -0.0006947729036267104,
        0.009990055631778448,
        -0.011176963699990203,
        0.006695701741173163,
        -0.005981869888557636,
        0.01863308344655582,
        -0.004521457205217065,
        -0.001548659519581264,
        0.01558511885777499,
        -0.030064249713716826,
        -0.004335224913261828,
        0.006488564360554965,
        -0.013921049771255493,
        -0.008643901227578348,
        0.01962543313024781,
        -0.00047867197871747616,
        0.00459166011207477,
        -0.011684748890821292,
        -0.013944932732339349,
        0.01972516475381493,
        0.003154628781421162,
        -0.00034357621270091006,
        -0.019469985205836725,
        0.01007931488911351,
        0.0034050777564987385,
        -0.0002839758599959506,
        0.005416841554199384,
        0.005696025525189375,
        0.002203811342945048,
        -0.00922787548885531,
        0.014910060170019604,
        -0.003433358627199139,
        -0.004982623469293603,
        -0.009470147766240663,
        -0.02020193136845961,
        0.010610969782636858,
        -0.019796121538276392,
        -0.016834308138603947,
        0.005211365458019302,
        0.016662203891676063,
        -0.005350986274356235
    ],