{
    "ParameterSet": [
        -0.09644087321720869,
        -0.03868032658032682,
        0.056579851130264563,
        -0.09752116518015004,
        -0.015153895608533235,
        0.08801580128974712,
        0.2201811883572479,
        -0.013308598117326141,
        0.1030922777925,
        0.04615910862129345,
        0.16361145732588428,
        0.08677740556817308,
        0.09563463476630488,
        0.05382299709278139,
        -0.02158317306810313,
        0.02485799470939535,
        -0.034640238879521806,
        -0.05883842366742513,
        -0.08560457317367012,
        -0.13426101023909584,
        0.41662089431245114,
        0.0035593208753760086,
        0.16364282915467526,
        0.4989645047079335,
        0.3720792669772639,
        0.1304531114559915,
        0.14880107306628412,
        0.18016624791052135,
        0.6071874809900762,
        0.4094711589813713,
        0.23036352183930695,
        0.0689016873509284,
        0.1968573978753361,
        0.5688417187987156,
        0.47375178409181623,
        0.21654981073835566,
        0.15937890125929968,
        0.30574200659687145,
        0.4853556110944558,
        0.29685071686967096,
        -0.07842009442800439,
        -0.07331862592799783,
        -0.06743152691746872,
        -0.05532281922803611,
        -0.11004256613749726,
        -0.014169228980140383,
        -0.06886055622083558,
        -0.1346842682520398,
        -0.052896143681972464,
        -0.008268638479708431,
        -0.09486792281092078,
        -0.0016460634881864961,
        -0.1279119455092979,
        -0.18650643404556622,
        -0.10135020150116945,
        -0.08516641150124565,
        -0.06782650375310277,
        -0.08802313178407598,
        -0.1241417520420725,
        0.015454705867108695
    ],
    "SensorParameterSet": [
        0.0,
        0.0,
        0.0,
        0.0,
        0.0,
        0.0,
        0.0,
        0.0,
        0.0,
        0.0,
        0.0,
        0.0,
        0.0,
        0.0,
        0.0,
        0.0,
        0.0,
        0.0,
        0.0,
        0.0,
        0.0,
        0.0,
        0.0,
        0.0,
        0.0,
        0.0,
        0.0,
        0.0,
        0.0,
        0.0,
        0.0,
        0.0,
        0.0,
        0.0,
        0.0,
        0.0,
        0.0,
        0.0,
        0.0,
        0.0,
        0.0,
        0.0,
        0.0,
        0.0,
        0.0,
        0.0,
        0.0,
        0.0,
        0.0,
        0.0,
        0.0,
        0.0,
        0.0,
        0.0,
        0.0,
        0.0,
        0.0,
        0.0,
        0.0,
        0.0
    ],
    "checked": "indirect",
    "iteration": 85,
    "noise_0": [
        0.011156479042987322,
        -0.002686496346863618,
        -0.000909264084110134,
        0.006657977572026854,
        0.013899083608658405,
        -0.00483914798552961,
        -0.009852800913557709,
        0.0035332930740350544,
        -0.005443006465164594,
        -0.013037248203523793,
        -0.007531099703542716,
        0.005003523358850959,
        0.0003265565086247772,
        -0.004245655353324144,
        0.007132046505989298,
        -0.007004759998456494,
        -0.015295669941755864,
        -0.008995220580548538,
        0.006528083982021234,
        -0.0021921028139464194,
        0.007702124531712822,
        -0.011518119937044087,
        -0.001102523124544408,
        -0.013951129735938192,
        0.00141053281534715,
        -0.0012136668646005782,
        -0.010622833286494812,
        0.00654934047209491,
        0.013579301366875338,
        0.0028527873141974435,
        -0.0003238625543674695,
        0.010307029947249578,
        0.006288682638631743,
        0.0028547063973459203,
        -0.01716414324465929,
        -0.003949656337851296,
        -0.012979295889041311,
        0.01168537886146661,
        0.0065506251961065295,
        0.019060174860630788,
        0.0024644703839951272,
        0.009691415980795861,
        0.0044911747532442765,
        -0.005407452828793244,
        -0.004872360677546776,
        0.00031279064146943477,
        -0.008109443448684776,
        0.013856399999441145,
        0.002166829652432524,
        0.003950867356261356,
        -0.0021062847191002662,
        0.011159467756740893,
        -0.0028582615517959856,
        0.006813947336498955,
        0.019480925984559586,
        -0.012819800637179166,
        0.0038499416327639007,
        0.003628629829887025,
        -0.011870394903180984,
        -0.015226271886164865
    ],
    "noise_1": [
        0.009944381753836641,
        -0.0014343252489018112,
        -0.0041373653134942935,
        -0.010808523613803252,
        -0.0037341880858751627,
        -0.007285773473903765,
        -0.005160864620153607,
        0.0022251770867655687,
        0.00500353138208066,
        -0.014094659184805191,
        -0.011468417725094186,
        -0.0058688381288474105,
        0.00828404200145138,
        0.0008125312671988714,
        -0.014815833008242608,
        -0.0008338123708897399,
        -0.005708084961527952,
        0.019501947935684574,
        0.00047094663298634284,
        -0.0008033183804522563,
        -0.0024635150956256913,
        0.0017514050276971874,
        0.0009764357625732321,
        -0.007289119920001295,
        -0.005206663186700096,
        -0.006261056827283798,
        -0.009724911347044837,
        0.005487073206034763,
        -0.01732117142696799,
        -0.005469806300023556,
        -0.010811114417308323,
        0.0008651706971364968,
        -0.00923401841922438,
        -0.004912209819788057,
        -0.0017068846222687833,
        -0.004580641220848085,
        -0.007792960933930814,
        0.025103338742946558,
        -0.0029238024198664047,
        -0.005492774729681495,
        -0.0024054699966427036,
        0.009534616749287595,
        0.010008610643877496,
        0.013848584041122932,
        0.0040294212006054785,
        0.006835113409220106,
        -0.009319160335233811,
        -0.0052050601820665746,
        -0.004701312698467161,
        -0.020527550932890767,
        0.028215091822351265,
        -0.005144163931288234,
        -7.905891363893865e-05,
        0.006542070436143725,
        0.00875510327340071,
        -0.009450954668580359,
        0.00045101152167473875,
        0.000515874228962464,
        -0.005103781396250595,
        0.004925383968910589
    ],