{
    "ParameterSet": [
        -0.05502551696963838,
        -0.08506254918791542,
        -0.007542978370727248,
        -0.08203638225432847,
        0.00016912047889690827,
        0.05199890364739337,
        0.15596372273564404,
        -0.07363806288588809,
        0.11248936728496312,
        0.08062208079601611,
        0.18557145039868456,
        0.047640472871701804,
        0.09984522855571744,
        0.04416475740312154,
        -0.03186907845092079,
        0.03122895915978153,
        -0.03335775014991904,
        -0.04371772071542258,
        -0.09372195704453216,
        -0.1398873464718038,
        0.4308069219428227,
        0.011526374491608666,
        0.17440065989498327,
        0.47063690649521217,
        0.32330573221135406,
        0.1816838933773463,
        0.1390957956470389,
        0.16389533847536755,
        0.5525676798286586,
        0.3825904940768934,
        0.15739062505963664,
        0.15167563126967015,
        0.241107662377259,
        0.4761755532148964,
        0.4695077519596231,
        0.21196906789440834,
        0.15630486620222195,
        0.27115326166069953,
        0.5012436702726375,
        0.24921905081855303,
        -0.08229644060449247,
        -0.06481259447212388,
        -0.0419827205087381,
        -0.07234041709975979,
        -0.12418193746469187,
        0.015166980282685023,
        -0.072069851190001,
        -0.060562901221269075,
        -0.08452560009424925,
        -0.08585572926123207,
        -0.029275097786732984,
        -0.04691072932117676,
        -0.12087227210866938,
        -0.19595260881399854,
        -0.03371943758661861,
        -0.13390542313233608,
        -0.03857388115192112,
        -0.07371544421043769,
        -0.07247677330872751,
        -0.018081679989392696
    ],
    "SensorParameterSet": [
        0.0,
        0.0,
        0.0,
        0.0,
        0.0,
        0.0,
        0.0,
        0.0,
        0.0,
        0.0,
        0.0,
        0.0,
        0.0,
        0.0,
        0.0,
        0.0,
        0.0,
        0.0,
        0.0,
        0.0,
        0.0,
        0.0,
        0.0,
        0.0,
        0.0,
        0.0,
        0.0,
        0.0,
        0.0,
        0.0,
        0.0,
        0.0,
        0.0,
        0.0,
        0.0,
        0.0,
        0.0,
        0.0,
        0.0,
        0.0,
        0.0,
        0.0,
        0.0,
        0.0,
        0.0,
        0.0,
        0.0,
        0.0,
        0.0,
        0.0,
        0.0,
        0.0,
        0.0,
        0.0,
        0.0,
        0.0,
        0.0,
        0.0,
        0.0,
        0.0
    ],
    "checked": "indirect",
    "iteration": 46,
    "noise_0": [
        -0.006568077213449595,
        -0.00693094781685076,
        0.009346541064510428,
        -0.004076166294452497,
        0.009071093500438247,
        -0.008739221037996734,
        -0.006684266686304019,
        -0.0031477221358539656,
        0.004201031763385104,
        -0.005778186148940209,
        -0.03475675972391078,
        0.015907379002700898,
        -0.005956443243104298,
        -0.005174891493369292,
        0.024263604728464373,
        0.005535416368739751,
        0.021115448433534377,
        0.01649258969629802,
        -0.002997656502468992,
        0.00751969124084315,
        -0.006470922975126955,
        -0.00013254058170048019,
        0.01017353477900343,
        0.006703140785173641,
        0.0004910237706010792,
        0.004879769767625671,
        -0.012579022230884807,
        -0.023439981894404785,
        0.0011271049287241112,
        -0.0047470938162694504,
        -0.014658472049116827,
        -0.002398721257737271,
        0.012149941515448027,
        0.020175248313458714,
        0.016884755862277032,
        -0.013721718985005396,
        -0.007347657976736222,
        -0.021606428155121933,
        -0.015952195866414907,
        0.007621122689423707,
        -0.021024168835215153,
        -0.002142442161678224,
        0.009179936953063232,
        0.003033355096038286,
        0.0036993301269188975,
        -0.004599638895217988,
        -0.0008402684385910466,
        -0.007513213174072764,
        0.001845908669527902,
        -0.01403138492239662,
        -0.001737823505645294,
        0.015939938589040806,
        -0.0018738031676405642,
        0.0007270251976872375,
        0.019074297117228425,
        -0.0026132853929058835,
        -0.024982788129878256,
        -0.0034249818577342123,
        0.0076635558198158765,
        -0.02350576206309934
    ],
    "noise_1": [
        -0.004692973094483191,
        0.0015367771474171467,
        0.007779871487477925,
        -0.002707939405247149,
        -0.017608339834326598,
        0.0071700186579947275,
        -0.013395473566364769,
        -0.011753936971395724,
        -0.00422813385162754,
        -0.008215789079887867,
        -0.016130893373621877,
        0.007604633197179984,
        0.016505301462604614,
        0.005142329924908364,
        -0.010767606622719727,
        0.02745707782547267,
        -0.01697993018342278,
        -0.002048800181729372,
        -0.013567114090567328,
        -0.01431065263205518,
        -0.0018307889854829215,
        0.006059938159609623,
        -0.015972433661296595,
        -0.01922424864939908,
        -0.017782764828385842,
        0.013973998524930427,
        0.01129064324054259,
        0.012913114165926427,
        -0.008012540297531389,
        0.0018191496877288066,
        -0.0013702154621806155,
        0.008941476820163483,
        -0.008955179173991922,
        0.007448392485268699,
        -0.002522017510433222,
        0.013956180894720137,
        -0.004733513115217656,
        0.0017662225904738723,
        -0.011943443822305848,
        -0.011113686574373198,
        0.03282846505478935,
        0.002512989067534332,
        0.004429200575571933,
        0.009948701226226635,
        -0.020726882731387078,
        -0.006552443987654836,
        -0.016477442185076928,
        0.025316904555665883,
        -0.006266299516590161,
        -0.01000077560449806,
        -0.002740569522494048,
        -0.0028664901111727817,
        0.02640778686269478,
        -0.017401657047975305,
        -0.000160630128349353,
        0.005385902623843192,
        -0.014887690425588906,
        -0.004343690637671946,
        -0.012029635680759885,
        -0.00724367310436683
    ],