{
    "ParameterSet": [
        -0.03471474355092099,
        -0.039226657450507615,
        -0.029373668069293812,
        -0.05356255189509712,
        -0.03742310099952806,
        0.0386434701473017,
        0.07824405669305963,
        -0.005510527421417321,
        0.027428449648650648,
        0.003933949032792375,
        0.06102192635891221,
        0.0012366800072317538,
        0.019339134195154345,
        -0.0034021389375418717,
        -0.008427700245083007,
        0.034117508888915946,
        0.038563154350695975,
        0.045759752013971804,
        -0.04798764021591532,
        -0.05572226616461381,
        0.525686529673847,
        0.13572343137636234,
        0.19685740775883045,
        0.48902164643172175,
        0.4722049819818499,
        0.21121674928689663,
        0.16257088374905854,
        0.24347288101777897,
        0.5228866333945457,
        0.45516041372945426,
        0.2195187398076242,
        0.20133649979811366,
        0.2924429924986624,
        0.5351787899599927,
        0.4495753824691884,
        0.22454160132749718,
        0.15999187266550038,
        0.3685356302199502,
        0.5653518542490985,
        0.26517181762975295,
        -0.039387824018804356,
        -0.05850303011063149,
        -0.07284142934098128,
        -0.04841663166820207,
        -0.06669281278663321,
        0.00536393090300133,
        -0.07202315812963549,
        -0.08577299410589449,
        -0.021201180919272797,
        -0.044082219369450636,
        -0.06485887348351659,
        -0.04806216750664795,
        -0.11161895101602623,
        -0.08621498668606284,
        -0.01231758127145011,
        -0.07021219860567061,
        -0.05785268852010571,
        -0.03491597045022313,
        -0.025889294664803733,
        -0.013638241339431846
    ],
    "SensorParameterSet": [
        0.0,
        0.0,
        0.0,
        0.0,
        0.0,
        0.0,
        0.0,
        0.0,
        0.0,
        0.0,
        0.0,
        0.0,
        0.0,
        0.0,
        0.0,
        0.0,
        0.0,
        0.0,
        0.0,
        0.0,
        0.0,
        0.0,
        0.0,
        0.0,
        0.0,
        0.0,
        0.0,
        0.0,
        0.0,
        0.0,
        0.0,
        0.0,
        0.0,
        0.0,
        0.0,
        0.0,
        0.0,
        0.0,
        0.0,
        0.0,
        0.0,
        0.0,
        0.0,
        0.0,
        0.0,
        0.0,
        0.0,
        0.0,
        0.0,
        0.0,
        0.0,
        0.0,
        0.0,
        0.0,
        0.0,
        0.0,
        0.0,
        0.0,
        0.0,
        0.0
    ],
    "checked": "indirect",
    "iteration": 10,
    "noise_0": [
        -0.0010290228836287638,
        0.0039755579040853485,
        0.003709479448830023,
        -0.022143987694742413,
        0.010205741051205145,
        0.0023847264108976373,
        0.022610764550671545,
        0.01780272480664445,
        -0.0019566117869371795,
        0.00014827424208613166,
        -0.003538526469308228,
        -0.0037962585834238048,
        -0.001094690147358631,
        -0.016225819109418976,
        0.0012391687682408808,
        0.0019504948099476392,
        -0.022530834961322826,
        0.016965767622327325,
        -0.00926093775340994,
        -0.010540349901410248,
        -0.001079409923028392,
        -0.011407306054328588,
        -0.003635876176155922,
        -0.017278069217561382,
        -0.00845077315509341,
        -0.007585229299882433,
        0.0023787414680548928,
        -0.014507640536104092,
        -0.016098806794461587,
        -0.006223163387075017,
        0.01655426008835662,
        0.01545956362525145,
        -0.008601118543197441,
        0.0009991434911064737,
        -0.0026516203267414394,
        0.013902365201177758,
        -0.016396172427802048,
        -0.016580957006293744,
        0.020122257036053266,
        -0.013599858902889882,
        0.0036061767925761163,
        -0.016766553338122478,
        -0.004246356420742628,
        -0.011739866174741959,
        0.002213339235920921,
        0.0023931516244850956,
        -0.0003769042151742534,
        -0.007141307969546478,
        -0.010534549801604443,
        0.013929848924774703,
        -0.011186172732021034,
        0.00939121678932972,
        -0.0020173907817509855,
        0.0017495634459867792,
        0.021244937396120846,
        -0.020106503616964717,
        -0.00045698806041065225,
        -0.014652877383039439,
        -0.00012741910405631327,
        -0.013735621005412391
    ],
    "noise_1": [
        0.017550670649126198,
        0.013117982611929042,
        0.01604283179523031,
        0.019380412271172907,
        0.004885450348826854,
        -2.2367476123476956e-05,
        -0.020678772923336617,
        -0.023904190830463017,
        -0.029250418774279804,
        -0.003256527558699504,
        0.003743879332043502,
        -0.0007932965460476177,
        -0.014877996213670138,
        0.0015800509869272994,
        -0.015561441087390077,
        0.018974987925999155,
        -0.00017426953749427696,
        0.000259182886790478,
        -0.01979413269447697,
        0.003627590533382966,
        -0.013584780849768463,
        -0.010102900713644685,
        -0.008434592722946643,
        -0.02181126062391018,
        -0.006786017911681008,
        0.02565565899139598,
        -0.018549956625060652,
        -0.0005465164313769008,
        -0.0014799848574452651,
        -0.013938563217720072,
        -0.010840559349003406,
        -0.019500511371238673,
        0.01729584202822023,
        0.004407659693984949,
        0.0012073124820128878,
        0.002536340019953737,
        0.03056457774685277,
        -0.0037810450106678757,
        0.0014024741704042546,
        0.016061784322067875,
        -0.010232946430758028,
        -0.008750648566600875,
        0.025051614405720832,
        0.0007194343680118105,
        0.010217919318053603,
        0.007916446652576079,
        -0.020558972251605006,
        0.016980662633993174,
        0.006401409529972149,
        -0.004411625371440378,
        -0.008495189900800256,
        0.0043095423736184725,
        0.006118897205512914,
        0.01496287675009303,
        -0.0001881342102857957,
        0.009311740846203644,
        -0.001558938633048871,
        0.006414580143525334,
        -0.0017053421987549098,
        -0.011390599272029624
    ],