{
    "ParameterSet": [
        0.0,
        0.0,
        0.0,
        0.0,
        0.0,
        0.0,
        0.0,
        0.0,
        0.0,
        0.0,
        0.0,
        0.0,
        0.0,
        0.0,
        0.0,
        0.0,
        0.0,
        0.0,
        0.0,
        0.0,
        0.5044372080402942,
        0.11179573179088269,
        0.22336131133168322,
        0.5238323908959595,
        0.4897837537401469,
        0.23336879209210276,
        0.156900132397411,
        0.2705401047539295,
        0.5045759819857375,
        0.4904423579823461,
        0.2409376907772342,
        0.1710147855545038,
        0.2840915832472842,
        0.5079500341720962,
        0.4593346845127408,
        0.21835216964225468,
        0.1690032511888188,
        0.3258838945822318,
        0.5074750373643965,
        0.2620683981985637,
        -0.04,
        -0.04,
        -0.04,
        -0.04,
        -0.04,
        -0.04,
        -0.04,
        -0.04,
        -0.04,
        -0.04,
        -0.04,
        -0.04,
        -0.04,
        -0.04,
        -0.04,
        -0.04,
        -0.04,
        -0.04,
        -0.04,
        -0.04
    ],
    "SensorParameterSet": [
        0.1630114277329156,
        -0.3368022094582988,
        0.04885790080164108,
        -0.2640332588256695,
        0.04562931154325926,
        -0.017937634468201635,
        0.0891308567497915,
        -0.03698313210654773,
        -0.06375026698598184,
        0.02090447654940971,
        -0.25551248013317784,
        0.4628128429206407,
        0.06802132838175558,
        -0.19088051477767973,
        0.15826728879902366,
        -0.1146904137281189,
        0.023686070460885448,
        0.058097197653345985,
        -0.15345798525701126,
        -0.2277182936185927,
        -0.01359125877220449,
        -0.17087597009502198,
        -0.19251309337018557,
        -0.11485021195687996,
        0.06987880621606618,
        0.2934729006274512,
        0.07130999801979465,
        0.22817684746031489,
        -0.21635338678877156,
        -0.2648492541816749,
        0.32455920077362677,
        -0.13676096516140862,
        -0.4590365868246952,
        0.05471946528181671,
        0.5410295812629058,
        -0.2840342867730824,
        0.17493535972213647,
        -0.0882089518872306,
        0.26978870230992347,
        0.14853013446272156,
        0.02272097485087017,
        0.06902919853731802,
        0.24302280343177876,
        0.3398802509653525,
        -0.5239792676544965,
        -0.01572126510553292,
        0.08745532871724376,
        0.19697276433357558,
        0.0036457624686609,
        0.14927228077946972,
        0.15430021784715656,
        0.2829524825873232,
        0.06148446024389925,
        0.21483270566627846,
        -0.1556646015099531,
        0.2126505838839372,
        -0.005858941665722951,
        0.5915210124718256,
        -0.11010075159361518,
        0.14092526583638432
    ],
    "checked": "indirect",
    "iteration": 26,
    "noise_sensor_0": [
        -0.002300368127082272,
        -0.07126457206042955,
        0.019450401227227444,
        -0.0062538314037092185,
        -0.03302138496965585,
        -0.03933621286147379,
        -0.0405448167158616,
        -0.01302780052508457,
        -0.006843175333556442,
        -0.057457613415081384,
        -0.039752719233030864,
        0.09120559421793027,
        -0.026153245704649563,
        0.04085516208513282,
        0.03003872581732658,
        0.01230880685252387,
        -0.014911428177877587,
        0.006373078164803867,
        -0.0071575934008276864,
        -0.018231384166587743,
        -0.05952685696194548,
        0.002777073224097509,
        0.053564792232842766,
        0.027737208963882345,
        0.12254219843643105,
        -0.03605641415084427,
        -0.007227304620165098,
        -0.03215905634861306,
        0.004630756399643486,
        0.010432365217093809,
        -0.022440637067297743,
        0.003928655151965668,
        -0.06441233762003078,
        -0.06696075781319064,
        -0.011119275697434032,
        -0.06292270801398459,
        -0.09106564095961961,
        0.07045582317285344,
        0.025353175287700487,
        0.06679133311181219,
        0.04099299837087054,
        -0.04625499364570962,
        -0.07817444087002359,
        0.08002936130427304,
        0.04138269869378642,
        -0.012814624984034793,
        0.05322145806166328,
        -0.0233229594143294,
        0.031148876501679978,
        0.03957601757114837,
        -0.02274437754946515,
        0.08881132576623041,
        0.015903993723673134,
        0.039189671040944125,
        -0.04899716313773766,
        0.043403948799428035,
        0.022987919314989298,
        0.06568451689000954,
        0.042785840734196584,
        0.019764625930029037
    ],
    "noise_sensor_1": [
        0.014050719874866321,
        -0.039404235964427915,
        0.0016277816686948612,
        0.02557243325405758,
        -0.0471017206303552,
        -0.013548856072262343,
        -0.010332616273545727,
        0.007300794398222657,
        -0.005578651675776653,
        0.07165043110171118,
        0.05383071160576503,
        -0.04529988090159971,
        -0.128284484663686,
        0.10846502911832069,
        0.03640981083868518,
        0.09251015343933894,
        -0.040779872131296586,
        -0.04626609714587226,
        -0.0021285865060907475,
        0.04514663621062024,
        0.042406492289118,
        -0.03211135633380593,
        -0.11666271390885467,
        -0.004941952745477389,
        -0.04717786666775981,
        -0.03514547211641959,
        0.06337157667691845,
        0.00020726203313458692,
        -0.009680082702931922,
        0.031004130321596757,
        0.059271383215403886,
        0.07508176132480723,
        -0.044358686811237225,
        0.02309298099023493,
        0.008086798272916664,
        -0.0952817721883407,
        0.08930126177305522,
        0.041219720155143975,
        0.048216208854025555,
        -0.043286165764051,
        0.03100767163764106,
        -0.06049239673706104,
        -0.041008242333939855,
        -0.022393384268774207,
        -0.04284162064860305,
        0.05626358594225723,
        -0.044534732864594605,
        0.043990786192371574,
        -0.019229527341713532,
        -0.022661749200295088,
        0.016185536246832746,
        -0.09018501329004192,
        0.023064878176810404,
        -0.03389437575519391,
        -0.06042620900791217,
        -0.026691782563436236,
        0.08388036966227451,
        -0.04500235134272521,
        -0.063786259470039,
        0.06312921362425733
    ],