{
    "ParameterSet": [
        0.0,
        0.0,
        0.0,
        0.0,
        0.0,
        0.0,
        0.0,
        0.0,
        0.0,
        0.0,
        0.0,
        0.0,
        0.0,
        0.0,
        0.0,
        0.0,
        0.0,
        0.0,
        0.0,
        0.0,
        0.5044372080402942,
        0.11179573179088269,
        0.22336131133168322,
        0.5238323908959595,
        0.4897837537401469,
        0.23336879209210276,
        0.156900132397411,
        0.2705401047539295,
        0.5045759819857375,
        0.4904423579823461,
        0.2409376907772342,
        0.1710147855545038,
        0.2840915832472842,
        0.5079500341720962,
        0.4593346845127408,
        0.21835216964225468,
        0.1690032511888188,
        0.3258838945822318,
        0.5074750373643965,
        0.2620683981985637,
        -0.04,
        -0.04,
        -0.04,
        -0.04,
        -0.04,
        -0.04,
        -0.04,
        -0.04,
        -0.04,
        -0.04,
        -0.04,
        -0.04,
        -0.04,
        -0.04,
        -0.04,
        -0.04,
        -0.04,
        -0.04,
        -0.04,
        -0.04
    ],
    "SensorParameterSet": [
        0.5504449949850297,
        -0.36405181022313227,
        0.2123784058306264,
        -0.8238267048219426,
        -0.23099524035456936,
        0.022563592213849806,
        -0.04089954511913567,
        0.17280881638269566,
        0.1601692652087188,
        -0.13215820897441347,
        -0.25247806915301296,
        0.48803911971702757,
        0.2248803810446271,
        -0.2102794474216946,
        0.25259115114722114,
        -0.1615433371254697,
        0.1474794295011518,
        0.23257222966220076,
        0.07432577603373777,
        0.4615205934001643,
        -0.3400258805629287,
        0.01470397045605431,
        -0.1582812947488207,
        -0.2322074383180077,
        0.18061085957215786,
        0.3820585122046727,
        -0.21339949729930582,
        0.22105576513650002,
        -0.1306185045376328,
        -0.15731744151307922,
        0.6446497198454948,
        -0.35985244597600197,
        -0.6544805788577414,
        0.08926413770294792,
        0.30785440336501463,
        -0.38521341083066646,
        0.2770604169192188,
        0.09739089346529588,
        0.2641197540087296,
        0.34957989389008043,
        -0.011191474029701519,
        -0.2705259318304494,
        0.5067625450848388,
        0.24807491766677756,
        -0.6947367131480443,
        0.18100914297595536,
        0.18475943529763464,
        -0.4284176447923812,
        0.4354014711751774,
        0.44203340114421646,
        0.3917909640815784,
        0.2956722874940435,
        0.016293537448676357,
        0.17630341072704778,
        -0.1255199638167894,
        0.32766266525521287,
        -0.19947476887580406,
        0.7504975048880557,
        -0.24070588468381868,
        0.5233161342296476
    ],
    "checked": "indirect",
    "iteration": 92,
    "noise_sensor_0": [
        -0.02844733768342891,
        0.04841523185151301,
        -0.03243289814972696,
        0.010300548161919134,
        0.02951585720499098,
        -0.0055395118671273825,
        -0.016929924844392805,
        0.047792225966682464,
        -0.050422472175491534,
        0.025808585202985772,
        0.02784022983928872,
        -0.01871581189164811,
        -0.05739784778638356,
        -0.023706601702274985,
        -0.08155692850458736,
        -0.04904198413122224,
        -0.04057117993391455,
        -0.04309379835774943,
        -0.017472971020791768,
        0.04484151183712188,
        -0.053554079699365986,
        0.0012071153139419286,
        0.020240583711291085,
        -0.04557516350168129,
        -0.037060326708540425,
        -0.09115735406982384,
        0.02353741161394511,
        -0.006498719732472907,
        -0.01685724025082617,
        0.006487164506141285,
        -0.02705058286211385,
        -0.015479745775963036,
        -0.031958111618021944,
        -0.026627655295313614,
        -0.014850935711851655,
        0.01951417154861907,
        -0.02548500300279322,
        -0.0006337749219592579,
        0.017206839954762788,
        -0.008131548004213774,
        0.025377192160060787,
        0.011830729589670195,
        -0.0017546540648305951,
        -0.024012373139208662,
        0.03233792983627275,
        -0.017439874641716355,
        -0.041721252393084905,
        0.010490305325744416,
        0.012373277503735902,
        0.019789304232021663,
        0.0052359001916315795,
        -0.04197005985266595,
        0.014059738993500373,
        -0.017123314344730065,
        0.014651461610996754,
        -0.07950468743464485,
        0.01349310327471676,
        -0.0004303310404325473,
        0.010408489926508878,
        0.07497893404144935
    ],
    "noise_sensor_1": [
        0.0063349022262894515,
        -0.04448247945344686,
        -0.0014740748942756144,
        0.11415204926832107,
        0.020574514996947898,
        -0.005007510891481633,
        -0.015083183297237191,
        -0.07128966675075372,
        0.001307821003079874,
        -0.008743396362825001,
        -0.013680876033243356,
        0.016152135129516812,
        0.05003749363945046,
        -0.029356262169048738,
        -0.005612011989209946,
        0.019309986960776352,
        0.014228982478210667,
        0.03911275973145203,
        -0.039137866873033944,
        0.02349477834649271,
        0.009788059584084654,
        -0.029744194410401766,
        0.04956322544054854,
        -0.016959215110976235,
        -0.041608449167555184,
        -0.04304935670772729,
        0.0897556021938706,
        0.004073561653199498,
        -0.010785843579214228,
        0.09532193605376796,
        0.01354259353761316,
        0.01627412279390959,
        -0.007365688249544786,
        -0.010007672500925265,
        0.016406856174862098,
        -0.05467758275884169,
        -0.04425373168430363,
        -0.01964040646751892,
        -0.05853005978969516,
        -0.01570186148093398,
        0.010237040435231349,
        0.008460890918059943,
        0.015614585192691455,
        -0.0645144210553109,
        -0.04792368724532748,
        0.031573890813808875,
        0.0464047185995297,
        0.02686230412023024,
        -0.011460394023827144,
        -0.01718623281017586,
        0.037520314920441805,
        0.09402882481834518,
        -0.0354105774857224,
        -0.0034255929458610005,
        -0.03036235541371695,
        -0.004109834864753907,
        -0.05904715865680523,
        0.016433213120435466,
        0.018983609470889267,
        0.00140338918093703
    ],