{
    "ParameterSet": [
        0.0,
        0.0,
        0.0,
        0.0,
        0.0,
        0.0,
        0.0,
        0.0,
        0.0,
        0.0,
        0.0,
        0.0,
        0.0,
        0.0,
        0.0,
        0.0,
        0.0,
        0.0,
        0.0,
        0.0,
        0.5044372080402942,
        0.11179573179088269,
        0.22336131133168322,
        0.5238323908959595,
        0.4897837537401469,
        0.23336879209210276,
        0.156900132397411,
        0.2705401047539295,
        0.5045759819857375,
        0.4904423579823461,
        0.2409376907772342,
        0.1710147855545038,
        0.2840915832472842,
        0.5079500341720962,
        0.4593346845127408,
        0.21835216964225468,
        0.1690032511888188,
        0.3258838945822318,
        0.5074750373643965,
        0.2620683981985637,
        -0.04,
        -0.04,
        -0.04,
        -0.04,
        -0.04,
        -0.04,
        -0.04,
        -0.04,
        -0.04,
        -0.04,
        -0.04,
        -0.04,
        -0.04,
        -0.04,
        -0.04,
        -0.04,
        -0.04,
        -0.04,
        -0.04,
        -0.04
    ],
    "SensorParameterSet": [
        0.21923827135802357,
        -0.30440169953517315,
        0.02569727428330207,
        -0.2508129271606542,
        0.0182207753345245,
        -0.05663277861342103,
        0.10879801758501398,
        -0.04218756387697157,
        0.029150141912266607,
        0.08082459412021094,
        -0.2999917220582429,
        0.3853999970426232,
        0.13833237914634705,
        -0.0963618502056584,
        0.12763591061694404,
        -0.17365347759130115,
        -0.009081401960775271,
        -0.1057039214812317,
        -0.0987809500349843,
        -0.1861736076631446,
        0.07426990646245496,
        -0.1658579203516153,
        -0.14254200037039375,
        -0.05983220650369846,
        0.05506306181055159,
        0.3451336131209434,
        0.036297507752268005,
        0.11096394788261157,
        -0.17889331529449298,
        -0.24968121631063933,
        0.30018373476642113,
        -0.11502433504905296,
        -0.4461733485124537,
        -0.01246965618355331,
        0.4467052144397916,
        -0.2530759941707292,
        0.20429934289082438,
        -0.17166796536222695,
        0.29423970610069744,
        0.18894786078427203,
        -0.0351419448742093,
        0.03249310863903214,
        0.1099853172838926,
        0.2985148793399108,
        -0.41830786700265693,
        -0.05867445700530994,
        0.046476295439404895,
        0.16934854827384158,
        0.11678440886623435,
        0.11660221429891438,
        0.13812960948665326,
        0.15178998386234263,
        0.12016495386677908,
        0.10567044359394034,
        -0.2736782289808575,
        0.1630253057236661,
        -0.050591749191755825,
        0.4834267737351562,
        -0.15394238292468673,
        0.08134943785959943
    ],
    "checked": "indirect",
    "iteration": 21,
    "noise_sensor_0": [
        0.03148157586025691,
        0.056866445453836616,
        0.07373422740142682,
        -0.023667263702304476,
        -0.0007585992135863293,
        0.02069712864731033,
        0.006575350991441989,
        -0.07056301575351197,
        0.001431792916223451,
        0.044361290598032455,
        -0.012345691352572657,
        0.05739752422295661,
        0.016380987379828564,
        0.06961900215413636,
        -0.03864950415093251,
        -0.06255475258083464,
        0.032000694430285866,
        -0.015109916999586562,
        0.012351126683220116,
        -0.001839419093704747,
        -0.01887925183018588,
        -0.09992192214956419,
        -0.06076050243021035,
        -0.024768936047101536,
        0.0002686686306310487,
        0.047509627757417856,
        0.0512381846480238,
        0.024735708994318692,
        0.07305607898817744,
        0.03312332215418278,
        0.011120151300740991,
        -0.092275745899645,
        -0.13752258576477283,
        -0.118426973254341,
        0.03102190775976331,
        0.10079619646755883,
        -0.08319337470943786,
        -0.02304963088403669,
        0.004781172068793627,
        -0.024875763545524943,
        0.062377217662233135,
        0.039251571719088704,
        0.015827284693706645,
        0.02482961050111436,
        0.04390066698469287,
        -0.10606987826588751,
        0.006065431478713597,
        -0.04649017705694388,
        -0.0034877202841350156,
        0.030564473810955853,
        -0.028965082741542945,
        0.014750538366034982,
        0.0198229123842877,
        -0.030614142546038912,
        0.02918154827801352,
        0.04708361700133038,
        -0.14448807341045106,
        -0.026828763977536346,
        -0.12377285680656815,
        0.10654275376371154
    ],
    "noise_sensor_1": [
        -0.05650692086181531,
        -0.010523353975211314,
        -0.03444294426758625,
        -0.027706359576014142,
        -0.011715876992848182,
        -0.03634330324185539,
        0.021479594042557743,
        0.01889065998752353,
        0.021568254112675718,
        -0.029060890920766354,
        -0.03980060225117193,
        -0.011688973065802286,
        0.010630696011967951,
        -0.01706467671790796,
        -0.133230752544317,
        -0.025328348790333598,
        0.054271257571592686,
        -0.011812410354992154,
        0.012300812445226367,
        -0.07315138352186099,
        0.04895034742344444,
        -0.016627961268819404,
        -0.028564585358928387,
        0.03480967420036614,
        0.024197220026339856,
        0.0077020954870137305,
        -0.11792211430674368,
        0.0083173078239115,
        -0.07937763104305132,
        0.01612179527574213,
        0.0365355100786498,
        0.005068360180098806,
        0.07766089084724234,
        0.0009522844707322791,
        0.016502298415080233,
        0.03005193880366412,
        -0.08739481280094762,
        -0.00528319684331024,
        -0.07524795907967498,
        0.056568696359619114,
        -0.05371785986818859,
        -0.09330701543136344,
        0.007207133493775794,
        0.032023999622714884,
        -0.0891094539166331,
        0.04933587272927517,
        0.08836254015000923,
        0.02596639911188934,
        0.03634456677252878,
        -0.03848919808839054,
        0.03682605523189866,
        -0.0797767206672178,
        0.010977116248594413,
        0.004946779220707329,
        -0.024445413758080292,
        -0.03432807466721114,
        0.01609993333162557,
        -0.03201192988121783,
        0.03366374433841529,
        0.0006879845190747673
    ],