{
    "ParameterSet": [
        0.0,
        0.0,
        0.0,
        0.0,
        0.0,
        0.0,
        0.0,
        0.0,
        0.0,
        0.0,
        0.0,
        0.0,
        0.0,
        0.0,
        0.0,
        0.0,
        0.0,
        0.0,
        0.0,
        0.0,
        0.5044372080402942,
        0.11179573179088269,
        0.22336131133168322,
        0.5238323908959595,
        0.4897837537401469,
        0.23336879209210276,
        0.156900132397411,
        0.2705401047539295,
        0.5045759819857375,
        0.4904423579823461,
        0.2409376907772342,
        0.1710147855545038,
        0.2840915832472842,
        0.5079500341720962,
        0.4593346845127408,
        0.21835216964225468,
        0.1690032511888188,
        0.3258838945822318,
        0.5074750373643965,
        0.2620683981985637,
        -0.04,
        -0.04,
        -0.04,
        -0.04,
        -0.04,
        -0.04,
        -0.04,
        -0.04,
        -0.04,
        -0.04,
        -0.04,
        -0.04,
        -0.04,
        -0.04,
        -0.04,
        -0.04,
        -0.04,
        -0.04,
        -0.04,
        -0.04
    ],
    "SensorParameterSet": [
        0.14112157117883986,
        -0.24660509028306946,
        -0.12484028325411019,
        0.00045106701141582606,
        0.021104985950121585,
        -0.11652952416073943,
        -0.1259600464818332,
        0.056083375362445904,
        0.15100818089360157,
        -0.09195799227274,
        -0.08652456222455138,
        0.14721588444045186,
        0.061248497060744235,
        -0.015450761856659683,
        0.14444163136708,
        -0.11663360252329538,
        0.04185824576371239,
        0.005669325440446385,
        -0.10358192883177594,
        -0.059588333826940745,
        -0.08249042901729688,
        -0.13172415805960477,
        -0.1127875947559338,
        -0.09187751924819457,
        0.1267084137175133,
        0.21411507702253868,
        -0.0055109009684279845,
        -0.030952473235912097,
        -0.1387172852125586,
        -0.09547201040579348,
        0.12125036609318336,
        -0.11706557690171679,
        -0.36133063607985366,
        -0.07836467121617352,
        0.30609312323782883,
        -0.2737471802167376,
        0.16661166190139776,
        -0.12098762235102596,
        0.14742351886449198,
        0.056573252426559174,
        -0.11031267010888442,
        -0.15453015395566608,
        0.1324951214624678,
        0.1799455021071873,
        -0.27638287829562275,
        0.013350492168304577,
        0.16506968297728883,
        0.1436225621472591,
        -0.03681802206769488,
        0.18815508224776445,
        0.016625392504323724,
        0.23838247114434957,
        -0.05435106418096502,
        -0.053946863738758566,
        -0.19146339420004932,
        0.16486454853430355,
        -0.13369942359538217,
        0.4717331320504905,
        -0.19171603452463096,
        -0.014238535219243285
    ],
    "checked": "indirect",
    "iteration": 9,
    "noise_sensor_0": [
        0.004620723688841594,
        0.0009001331592378371,
        0.02014133482813648,
        -0.04844392930639397,
        0.04373270521808999,
        -0.02000219625829937,
        -0.020007516526086833,
        -0.04743118373947954,
        -0.02591997397425652,
        -0.017699045441565604,
        -0.08364166610966145,
        0.008887989438025745,
        -0.007719743367847375,
        0.0027549665650893874,
        0.02653033372454699,
        -0.0011851733828792152,
        -0.031065972260295425,
        -0.06468512627927699,
        -0.09410052021299752,
        -0.01891243049379141,
        0.030964415876946285,
        0.10304546111537458,
        -0.005027187610393279,
        -0.017170817407689297,
        0.0018645368399937666,
        0.17471347211488433,
        0.040659698008787555,
        0.028782458568831912,
        0.028128246046603734,
        0.022491279489327772,
        0.019106906170064115,
        -0.012332733240282884,
        0.007647836573501083,
        -0.010692655466918367,
        0.026335453343801506,
        0.04436354816916909,
        -0.11482605823512744,
        0.014338388906370594,
        0.010917077681585145,
        0.07733300731376028,
        -0.07866471904547326,
        0.06848614581557316,
        0.012007679556568902,
        0.05688093732496365,
        0.07045370168851217,
        0.04448409995927326,
        -0.039232298781773256,
        -0.003849136689970029,
        0.029651963843823077,
        -0.03386837562095937,
        -0.03614582711630041,
        -0.06449322497376497,
        -0.03910398491329313,
        -0.01369960542987144,
        -0.0011560986536561452,
        -0.01813368478411161,
        -0.020459272734550317,
        -0.13947456332809358,
        -0.06247406688086551,
        -0.015314164370409666
    ],
    "noise_sensor_1": [
        -0.07406066489702072,
        0.03413657703823843,
        0.02669669524986294,
        -0.05745070184378371,
        -0.022473495938341526,
        0.11550495598179436,
        0.007056735606407993,
        0.05425479585423785,
        0.033773795553114945,
        -0.017679408656087966,
        -0.019230142171204435,
        0.08350264109256425,
        0.011047777675052673,
        0.013777269782560109,
        -0.08953299479123682,
        -0.07488437811536952,
        -0.05340542104410812,
        -0.029585545620725975,
        0.03904740597410156,
        -0.076157640026809,
        0.13634194668533914,
        -0.03203521254686238,
        0.06088325712673294,
        -0.04132474782156115,
        0.003757567619421726,
        -0.09350438664071543,
        -0.010058993398792578,
        0.004923911340915165,
        -0.02315507178162253,
        -0.1031723874475808,
        -0.11224232370697787,
        -0.011461605787925619,
        -0.003944815581114471,
        -0.010453756053854046,
        -0.004621205290002658,
        -0.04870856594845413,
        0.09372017220966831,
        -0.03811802849633883,
        -0.017587472358317688,
        0.010587832531985796,
        0.006306936213836099,
        0.024716915889454214,
        0.10391153138384938,
        0.013883026532060147,
        0.08924011720637928,
        0.026041672761148438,
        0.05360492505944044,
        -0.08969984025923491,
        -0.07026965748200778,
        0.17153678639473968,
        -0.04236327723947624,
        -0.04569591077195096,
        -0.03735084679329456,
        -0.11912809345799205,
        -0.05794961083101817,
        0.07518140129918154,
        0.015736227176012748,
        -0.024390500671084323,
        0.023859202213729846,
        0.03713796254238818
    ],