{
    "ParameterSet": [
        0.0,
        0.0,
        0.0,
        0.0,
        0.0,
        0.0,
        0.0,
        0.0,
        0.0,
        0.0,
        0.0,
        0.0,
        0.0,
        0.0,
        0.0,
        0.0,
        0.0,
        0.0,
        0.0,
        0.0,
        0.5044372080402942,
        0.11179573179088269,
        0.22336131133168322,
        0.5238323908959595,
        0.4897837537401469,
        0.23336879209210276,
        0.156900132397411,
        0.2705401047539295,
        0.5045759819857375,
        0.4904423579823461,
        0.2409376907772342,
        0.1710147855545038,
        0.2840915832472842,
        0.5079500341720962,
        0.4593346845127408,
        0.21835216964225468,
        0.1690032511888188,
        0.3258838945822318,
        0.5074750373643965,
        0.2620683981985637,
        -0.04,
        -0.04,
        -0.04,
        -0.04,
        -0.04,
        -0.04,
        -0.04,
        -0.04,
        -0.04,
        -0.04,
        -0.04,
        -0.04,
        -0.04,
        -0.04,
        -0.04,
        -0.04,
        -0.04,
        -0.04,
        -0.04,
        -0.04
    ],
    "SensorParameterSet": [
        0.4631234259752736,
        -0.44476523086686004,
        0.35209951556173047,
        -0.6154107968213723,
        -0.1307593790456909,
        -0.0017185829137459484,
        -0.018414804604879854,
        0.20530166461411695,
        0.002413554014078285,
        -0.16692886819641564,
        -0.3655342634197991,
        0.5107984600643757,
        0.1269922468108215,
        -0.31619417026263835,
        0.16620195287794481,
        -0.13113082484493352,
        0.3109582679233984,
        0.22118171539871076,
        0.18073265996527582,
        0.22733317138075793,
        -0.171489340790795,
        0.057099849551109645,
        -0.12870943699054047,
        -0.15523608341623815,
        0.18945560417310572,
        0.4367935136893918,
        -0.11133873876038201,
        0.2628660858292711,
        -0.20644073843084274,
        -0.25231897310633594,
        0.588677496904192,
        -0.1824534244197434,
        -0.5252786202952571,
        0.174924004030663,
        0.48689655343330823,
        -0.5119084770875869,
        0.14091332065920598,
        -0.0789320179014126,
        0.3256042141986756,
        0.14907568863769838,
        0.05337122700103984,
        -0.22749234178002534,
        0.5692640108573204,
        0.26767553148021844,
        -0.4951615524737773,
        0.048352800622176055,
        0.08617891314165999,
        -0.24766955835806773,
        0.48720157579793766,
        0.31916176985870365,
        0.3950625546013713,
        0.23360610918307453,
        -0.04942202184061438,
        0.055290866505755626,
        -0.14428822156658716,
        0.3222541751357694,
        -0.21915346853259832,
        0.6919962127311983,
        -0.20942734968255913,
        0.38923261973838597
    ],
    "checked": "indirect",
    "iteration": 73,
    "noise_sensor_0": [
        0.0580760740589796,
        0.02678215854985669,
        0.08138020081646394,
        -0.03608886667239919,
        0.05279479199446435,
        0.041576764628752184,
        0.049681369420610515,
        0.09315111777392153,
        -0.01846085397310366,
        -0.03164364305627956,
        -0.020852691893487218,
        -0.0078048353052801315,
        0.0453752912862696,
        -0.020093157828846592,
        -0.05365741030374016,
        -0.008573702309181808,
        -0.03720518362855963,
        -0.0026585674101119463,
        0.014990970005186167,
        0.06408721777092509,
        0.03265411520831351,
        0.03665530465428088,
        -0.018226680559274854,
        0.04902397509527528,
        0.04176644419632275,
        0.05422170650942486,
        0.002093139851840765,
        -0.010072391747618844,
        0.0015582321863584518,
        -0.050507927768586855,
        0.0550592723773787,
        0.03066034577637072,
        -0.04830923436214536,
        -0.006206921687032916,
        -0.013246719011638264,
        0.03864084670277693,
        0.038867854482093664,
        -0.0037875284804150307,
        0.02963321937470936,
        -0.026920709862670807,
        0.0011277568644036888,
        0.0017423977648893829,
        0.05960562349358225,
        0.023872608241152816,
        0.05551666844873713,
        0.01752390742000455,
        -0.015411621470680231,
        0.017015954162745244,
        0.01498906183434982,
        0.035849819186581075,
        0.007039253965005487,
        0.09314749262151227,
        0.04123318805096006,
        0.03957147542006461,
        0.027828946587942174,
        -0.06565412009412426,
        -0.03576646102220805,
        0.016012098850672923,
        -0.05163942745316909,
        0.005791933277009231
    ],
    "noise_sensor_1": [
        0.012807945100998072,
        0.05362141826631191,
        -0.021430836919131616,
        0.017235894413276016,
        0.02385514489216866,
        0.011317446613323793,
        -0.0480613196074834,
        0.007597521421485994,
        0.04203445468135887,
        -0.008347954133426741,
        -0.0968627390129835,
        -0.059251632734543994,
        0.04040165231637481,
        -0.012696084095635211,
        0.028104207357385724,
        0.014228171842184454,
        -0.04224825430197186,
        -0.012448467503835154,
        0.025785313576901243,
        0.11874946035337491,
        0.0021804876048827533,
        -0.01073464662887015,
        0.013076003824436919,
        0.02779787669975427,
        0.014695901396138144,
        0.011787860882211797,
        -0.021809703571999798,
        0.07634943990139927,
        -0.010677870244320145,
        0.006113602514314693,
        0.036582337739312104,
        -0.002450258933715721,
        -0.015975577394188367,
        0.0046409248628749645,
        -0.048884501255073466,
        0.031724327991829906,
        -0.07312784536333641,
        -0.0191801199329953,
        0.07403010493763304,
        0.03976518448388179,
        0.009142431273673238,
        -0.02052631181971472,
        -0.07110098865102084,
        0.043166421652577405,
        0.020450738957412645,
        -0.07790167746878573,
        -0.06011940349796663,
        -0.005705664947868381,
        -0.06945995219050745,
        0.05290100931471204,
        -0.01244132553430615,
        0.01401731864662092,
        0.04885082933199373,
        -0.02613327649408596,
        0.020692999107309536,
        0.0035627144036644645,
        0.020161853421283273,
        -0.006496086437676518,
        0.05394081504673828,
        0.01758639353343254
    ],