{
    "ParameterSet": [
        0.0,
        0.0,
        0.0,
        0.0,
        0.0,
        0.0,
        0.0,
        0.0,
        0.0,
        0.0,
        0.0,
        0.0,
        0.0,
        0.0,
        0.0,
        0.0,
        0.0,
        0.0,
        0.0,
        0.0,
        0.5044372080402942,
        0.11179573179088269,
        0.22336131133168322,
        0.5238323908959595,
        0.4897837537401469,
        0.23336879209210276,
        0.156900132397411,
        0.2705401047539295,
        0.5045759819857375,
        0.4904423579823461,
        0.2409376907772342,
        0.1710147855545038,
        0.2840915832472842,
        0.5079500341720962,
        0.4593346845127408,
        0.21835216964225468,
        0.1690032511888188,
        0.3258838945822318,
        0.5074750373643965,
        0.2620683981985637,
        -0.04,
        -0.04,
        -0.04,
        -0.04,
        -0.04,
        -0.04,
        -0.04,
        -0.04,
        -0.04,
        -0.04,
        -0.04,
        -0.04,
        -0.04,
        -0.04,
        -0.04,
        -0.04,
        -0.04,
        -0.04,
        -0.04,
        -0.04
    ],
    "SensorParameterSet": [
        0.2685854780962053,
        -0.43281256283813185,
        0.013172578455192555,
        -0.36488206190089917,
        -0.13338618183288778,
        -0.010503554947677378,
        -0.15200889083534183,
        0.05315328588821958,
        -0.008407545922208206,
        -0.08694510852316854,
        -0.3675324602178167,
        0.6022361482000447,
        0.03523188985987346,
        -0.26488201970261965,
        0.24962751465009314,
        -0.041051408288215206,
        0.049275172588690776,
        0.16543904914096524,
        0.22437913558514136,
        0.0838688474172287,
        0.014133915019260692,
        -0.06401918433672688,
        -0.15072292808409798,
        -0.2433133735247423,
        0.15792662032911142,
        0.453347324628067,
        -0.06828397419970432,
        0.1793688973570584,
        -0.16927827915666402,
        -0.2571361027979568,
        0.3233032160215783,
        -0.11052272695516337,
        -0.5479261681195469,
        0.1449552989514488,
        0.5251378711594504,
        -0.298744236135204,
        0.042058731795802995,
        -0.16434833637741503,
        0.4262060325309247,
        0.16783071639551445,
        -0.02255253881200881,
        0.050491130557071495,
        0.27021570713132176,
        0.2895495745557829,
        -0.5004992057770324,
        -0.11987719668213248,
        0.005516969632818202,
        0.018083393228624574,
        0.32598102994857514,
        0.06998378539549478,
        0.45823775813388024,
        0.12023795026395924,
        0.081727411633256,
        0.11158446625420146,
        -0.1801062784349538,
        0.2943395707706794,
        -0.1291840373947779,
        0.5593396672603764,
        -0.09793676564046155,
        0.291158462253616
    ],
    "checked": "indirect",
    "iteration": 45,
    "noise_sensor_0": [
        -0.09193569627794006,
        -0.025626271258373263,
        0.030080634791439104,
        -0.05722676961791354,
        -0.006443615776254691,
        0.06510614227004398,
        0.0015926826651399277,
        0.016206469722694503,
        -0.02426852542257231,
        -0.07511512521651767,
        0.12333388162331212,
        -0.013839281160932866,
        -0.02777463021048958,
        0.04753487259633183,
        -0.0003855445451161444,
        -0.06264529033842685,
        -0.053182152483422014,
        -0.07262538966488136,
        0.018878383971831465,
        0.002141971436384933,
        0.11741330214840542,
        -0.0662806291339112,
        0.01096753522540765,
        -0.027463661212752545,
        0.06914271584011343,
        0.05554364209325909,
        0.021576167934475043,
        0.07174668542904204,
        0.040789440636874334,
        -0.03846800071174956,
        -0.06276356482149102,
        0.02892006721242061,
        0.06767094275601963,
        -0.05679271384425826,
        0.023498269530854658,
        0.0362129312368182,
        -0.013348799077711766,
        0.014264549807135802,
        0.0422120092823052,
        0.05561220450422517,
        0.04678506557528856,
        -0.03914023564609798,
        0.028803335309293646,
        -0.07976617646825823,
        -0.0239986489847523,
        -0.00948762249610045,
        0.021648175931073505,
        0.03349924989547961,
        0.06183492314625331,
        -0.028820731949708883,
        0.07082019108327633,
        0.029328633154352704,
        -0.10027583310884654,
        -0.07094767067842618,
        0.0315601729865959,
        -0.053811536825137445,
        -0.015989189035142088,
        -0.02647672075381402,
        -0.04902499261246033,
        -0.061516791539867374
    ],
    "noise_sensor_1": [
        0.02985068499211234,
        -0.004141141915521613,
        -0.09313908387637726,
        -0.15992733772835557,
        -0.01982135641115416,
        0.03962409661994086,
        -0.010206720625550366,
        -0.04135269394002138,
        -0.035220933302967425,
        -0.128867866754268,
        0.0610400937859658,
        -0.030428558447327274,
        -0.10042825958703697,
        0.029836009113415895,
        0.012035060433323797,
        -0.028652426553383098,
        0.006343091567285454,
        0.09121210961955492,
        -0.030391017117575764,
        0.04500325972767753,
        -0.010468383880058826,
        0.03870270792720103,
        0.04681250457456618,
        -0.020671651754361777,
        -0.017347819496215545,
        0.05157659821936074,
        -0.00881059915923888,
        0.017343641382674094,
        -0.10899451535597185,
        0.05225902717880045,
        0.03270811820834643,
        0.023364529660780262,
        0.041299281264006504,
        -0.0477662871991354,
        -0.05144377386671237,
        -0.07188921989985647,
        0.01712746522409745,
        0.019604680015410467,
        0.05441420471811112,
        -0.08387111950804788,
        -0.010900266464219049,
        0.05373025531279462,
        -0.07767105960243371,
        0.06799725261117955,
        0.022497060457236612,
        -0.05820362221454773,
        0.0067926316968646185,
        0.06299989581122453,
        -0.03665111796499468,
        -0.09806667463131528,
        -0.025348515639412775,
        -0.0014154097833677026,
        -0.016263010522760052,
        0.05749766734500232,
        0.013423787348848346,
        0.002419810342806336,
        -0.03305686188767953,
        -0.025809112804868792,
        0.03562510900836636,
        -0.0328274573135373
    ],