{
    "ParameterSet": [
        0.0,
        0.0,
        0.0,
        0.0,
        0.0,
        0.0,
        0.0,
        0.0,
        0.0,
        0.0,
        0.0,
        0.0,
        0.0,
        0.0,
        0.0,
        0.0,
        0.0,
        0.0,
        0.0,
        0.0,
        0.5044372080402942,
        0.11179573179088269,
        0.22336131133168322,
        0.5238323908959595,
        0.4897837537401469,
        0.23336879209210276,
        0.156900132397411,
        0.2705401047539295,
        0.5045759819857375,
        0.4904423579823461,
        0.2409376907772342,
        0.1710147855545038,
        0.2840915832472842,
        0.5079500341720962,
        0.4593346845127408,
        0.21835216964225468,
        0.1690032511888188,
        0.3258838945822318,
        0.5074750373643965,
        0.2620683981985637,
        -0.04,
        -0.04,
        -0.04,
        -0.04,
        -0.04,
        -0.04,
        -0.04,
        -0.04,
        -0.04,
        -0.04,
        -0.04,
        -0.04,
        -0.04,
        -0.04,
        -0.04,
        -0.04,
        -0.04,
        -0.04,
        -0.04,
        -0.04
    ],
    "SensorParameterSet": [
        0.11861254471299616,
        -0.061700467226216776,
        -0.006289608554094572,
        -0.06609540890053055,
        0.001068363193717826,
        0.0763021061602365,
        0.07660763117769352,
        -0.08365933276664086,
        0.06878071934971577,
        -0.03632764282974832,
        -0.040711272133909876,
        -0.003310733457662877,
        -0.02722877733588479,
        -0.04568609242336983,
        -0.13056273377482502,
        0.01292175998825711,
        0.009884992288364022,
        0.0924769307773452,
        0.1038360406414778,
        0.037283019686329244,
        -0.03662686809694526,
        -0.021123813676623936,
        0.08889807256939963,
        0.037380795750238074,
        0.008072286010285491,
        0.016251574514173625,
        0.015480653129916063,
        -0.030220614066968434,
        0.019314139937341254,
        0.15059223854706566,
        -0.07438018088403721,
        0.01989797349710786,
        0.13459721400476576,
        -0.16196596816997702,
        0.05412514700561618,
        0.10263541143870192,
        -0.07332374745484117,
        -0.06183765172916407,
        0.04056666423923377,
        -0.039796649637228336,
        -0.030604210890586625,
        -0.03401431096979854,
        0.011533668591084793,
        0.028081793941787496,
        -0.014768894026787625,
        -0.007874623011509986,
        0.003086001865868079,
        -0.026957440922869,
        -0.028191177024463027,
        0.02040117525994337,
        -0.11216685579074348,
        0.012375879085111383,
        0.09023741530009788,
        0.19858477852859377,
        0.009501879414370668,
        0.04976939257000227,
        -0.009160161592421253,
        0.09089969789954676,
        -0.1915537228488914,
        0.0001274532008318142
    ],
    "checked": "indirect",
    "iteration": 32,
    "noise_sensor_0": [
        -0.009016452609273749,
        -0.012056954777482835,
        0.030204741296818296,
        -0.013714586287887534,
        0.008752540145294186,
        0.013025106680075347,
        0.004623476977630715,
        0.02632756052870913,
        0.005467582900267431,
        0.009289763852717766,
        0.007928074381613328,
        0.0003578940378029426,
        -0.007299433025485148,
        -0.011205549040494162,
        -0.015153180784055836,
        -0.020347237578280854,
        0.006837459447802288,
        -0.02057637651986743,
        -0.002729358643754814,
        -0.02322878173192915,
        0.009150850383374997,
        0.024443711501183393,
        -0.023447182661785804,
        -0.008925704247476915,
        -0.017890782529469212,
        0.006310617706359837,
        -0.012673089546757669,
        0.012128254521934367,
        0.0038276638925985227,
        0.030668374313425523,
        0.023818797914521392,
        0.008051461301235966,
        -0.008341435176845725,
        -0.013751555828574666,
        -0.017091036876137753,
        -0.003288827339110822,
        0.01799675774252399,
        -0.01742790053646025,
        0.03504483074078496,
        -0.027083833969957574,
        0.03591729779092305,
        -0.004849773112605685,
        0.041568755783741716,
        0.018729944853885516,
        0.023852939855700587,
        0.002900975424096676,
        0.011186395285435278,
        0.02046976638062813,
        0.01900074470955462,
        0.02632440794336154,
        0.02254600279774283,
        0.016901744453388864,
        0.02048258211931598,
        -0.008942246742167316,
        -0.008417713904716462,
        -0.006415140662280783,
        -0.0026693995361347753,
        0.02301156699682898,
        0.01989824648101217,
        -0.02151874284468336
    ],
    "noise_sensor_1": [
        0.031480593510673054,
        -0.028419343763632234,
        -0.011327063077259154,
        -0.0028310632147869655,
        0.01360738383885295,
        0.015957488388453605,
        0.009840039913523013,
        0.017132989609256927,
        0.0038414931599232817,
        -0.041518094023133514,
        -0.011944429816865302,
        0.03204320798772753,
        0.005010037091250971,
        -0.00034083900140512754,
        0.0006833562239234412,
        0.0011764970852221695,
        0.021750100088819807,
        0.014010703558954951,
        0.036354059789692396,
        -0.02391333371290876,
        -0.018999826879307888,
        -0.0161044448870034,
        -0.005530013861897575,
        -0.017329031359370393,
        0.009529336708938048,
        -0.01028263191069894,
        -0.010630499914176743,
        0.0033147634913329874,
        0.015141557198774183,
        0.015144701205091348,
        -0.01424900853599873,
        -0.021141595954882863,
        0.0006547449617153971,
        0.005110707571311855,
        0.022701413486387316,
        0.0023123154616402335,
        0.013097858327729242,
        0.0057365470078491404,
        0.007845057360988832,
        0.002701653834135357,
        -0.0003583999537062654,
        0.015280014177368418,
        0.0039631526152304865,
        -0.025722600731592132,
        -0.01699128690314036,
        0.021374908720430828,
        0.02895672444957706,
        0.004658106313067482,
        -0.01632070244583477,
        -0.024269090698118164,
        0.004341763824267262,
        0.02350046710423292,
        -0.025998640586037895,
        -4.9042673286113665e-05,
        0.0011169280050730176,
        0.006946523639765978,
        -4.79520242556578e-05,
        -0.0048676945379135155,
        0.014339230559502848,
        -0.005924042771731059
    ],