{
    "ParameterSet": [
        0.0,
        0.0,
        0.0,
        0.0,
        0.0,
        0.0,
        0.0,
        0.0,
        0.0,
        0.0,
        0.0,
        0.0,
        0.0,
        0.0,
        0.0,
        0.0,
        0.0,
        0.0,
        0.0,
        0.0,
        0.5044372080402942,
        0.11179573179088269,
        0.22336131133168322,
        0.5238323908959595,
        0.4897837537401469,
        0.23336879209210276,
        0.156900132397411,
        0.2705401047539295,
        0.5045759819857375,
        0.4904423579823461,
        0.2409376907772342,
        0.1710147855545038,
        0.2840915832472842,
        0.5079500341720962,
        0.4593346845127408,
        0.21835216964225468,
        0.1690032511888188,
        0.3258838945822318,
        0.5074750373643965,
        0.2620683981985637,
        -0.04,
        -0.04,
        -0.04,
        -0.04,
        -0.04,
        -0.04,
        -0.04,
        -0.04,
        -0.04,
        -0.04,
        -0.04,
        -0.04,
        -0.04,
        -0.04,
        -0.04,
        -0.04,
        -0.04,
        -0.04,
        -0.04,
        -0.04
    ],
    "SensorParameterSet": [
        0.07514080512331343,
        -0.08009656173745838,
        0.023626404270478754,
        -0.05872451192836237,
        0.014453983557955583,
        0.015482226856290087,
        0.0846535660942115,
        -0.02583568606783178,
        -0.010069956159739457,
        -0.014669206466355167,
        -0.10708688205108598,
        0.047215500451388184,
        -0.03859128580836902,
        -0.07212179074050908,
        -0.10515448309567715,
        0.0238734184842034,
        -0.02321952312028541,
        0.09543673793047355,
        0.08687178854094973,
        0.10027333091054348,
        0.0017038593306035184,
        -0.05745149296470267,
        -0.0042835405520376775,
        0.07645084839729582,
        0.0034605820075930753,
        0.0752455527636235,
        -0.0034446635860089286,
        -0.03181649556296757,
        0.020316838520490838,
        0.08035536131343082,
        -0.13604163681675324,
        -0.009658587527830236,
        0.034479800710911744,
        -0.12452354418222757,
        -0.016287234675045687,
        0.03024303270850529,
        -0.049115596881208055,
        -0.06683094483370715,
        0.0069332923245364105,
        -0.10008261917472987,
        -0.021052458926204845,
        -0.006379050333842632,
        0.02293590354412497,
        0.010508953180832016,
        -0.0049152879716711255,
        -0.026243343811072496,
        -0.053265098397489864,
        -0.028994093478802923,
        -0.01244903174354362,
        0.0769348562381446,
        -0.11711239215107941,
        0.026028111068013945,
        0.05093048480485391,
        0.1667817733201279,
        0.008725686014664998,
        0.02696628063063158,
        -0.05000523854801592,
        -0.004418427049671448,
        -0.1438891548405262,
        -0.050855701044020256
    ],
    "checked": "indirect",
    "iteration": 19,
    "noise_sensor_0": [
        0.005745044232363306,
        0.0001684720841354041,
        -0.014835103119829093,
        -0.02312959104306099,
        -0.0011056334751617135,
        0.016133316717975407,
        -0.022551196912805122,
        0.010087638477307273,
        0.009645859721367516,
        0.017052525180148666,
        0.03015801994353141,
        0.0010886779710160106,
        -0.03679918904531998,
        -0.009118235522023307,
        0.028814981700346312,
        -0.019873132408692,
        -0.00047478138731692345,
        -0.03264110064596025,
        0.007784067676723377,
        -0.04710605068887914,
        0.028871924612611698,
        -0.004185776465099218,
        0.015345380342188714,
        0.01226255463661279,
        -0.02072056355708686,
        0.022983482340285362,
        -0.01999314806373461,
        0.017159788325427475,
        0.02454176315379684,
        0.026562761127041635,
        0.01661891538612146,
        -0.008901490939254426,
        0.00989566966971397,
        -0.02629478775977588,
        -0.025346063902270958,
        0.005662544597393867,
        -0.004048795679490286,
        -0.013963265415982543,
        -0.011851476075091356,
        -0.007740055378651608,
        0.00855854518132563,
        -0.014954658379512787,
        -0.015866209646174523,
        -0.008167333936082863,
        0.00937158516461194,
        -0.030978025254101784,
        0.016340938729832808,
        -0.015229888787810699,
        0.019594577205031515,
        -0.005679887559262411,
        0.015497677637270403,
        -0.033851552307350756,
        -0.03543927146264341,
        -0.00017361928840392262,
        -0.004380439540105533,
        -0.028437957172499296,
        0.003256678441107397,
        0.003076753254539857,
        -0.021242367688860102,
        0.009142684696322227
    ],
    "noise_sensor_1": [
        0.004954782207788191,
        -0.00928612445003187,
        -0.01783619293279398,
        0.029442343985775547,
        0.003732086494220915,
        0.009467921178712905,
        0.021943840609246503,
        0.025696276652202036,
        0.023088077905138723,
        -0.01661681251203086,
        -0.016059911458803564,
        0.024012827983369008,
        -0.010446598250131578,
        0.042654528454505534,
        0.00838591017290423,
        -0.03149430420502052,
        0.013591359551254501,
        0.0048288349237284285,
        0.01846357712192389,
        -0.019201602606841558,
        0.02246898226217422,
        0.013149213610329611,
        0.006676329078862747,
        0.02415168291927104,
        -0.025702403165946578,
        -0.0037226206353980934,
        -0.010909857934629086,
        -0.017994961824092298,
        0.01985345925165284,
        0.016150100539107797,
        0.012981391582048798,
        0.0368781547217483,
        -0.016330160644945146,
        0.007108251601290862,
        0.0014043204739221601,
        -0.002451638380920966,
        0.03183794356817263,
        -0.01283961540759022,
        -0.00439833828711464,
        -0.009693147447907047,
        -0.00843771604750608,
        0.009001751215444963,
        -0.025274942174369864,
        0.009577633360753915,
        -0.04130167087815345,
        0.004126896420162126,
        -0.02010784314357446,
        -0.0010744490280240125,
        0.0010171200584867366,
        -0.010955925311632673,
        0.01426711389353785,
        -0.007459669433932448,
        0.0014571711990047783,
        0.045799918301087,
        0.028123062863682182,
        -0.018836432878637503,
        -0.018355781375129266,
        -0.01517832507882862,
        0.01485972507755622,
        0.019165981645148728
    ],