{
    "ParameterSet": [
        0.0,
        0.0,
        0.0,
        0.0,
        0.0,
        0.0,
        0.0,
        0.0,
        0.0,
        0.0,
        0.0,
        0.0,
        0.0,
        0.0,
        0.0,
        0.0,
        0.0,
        0.0,
        0.0,
        0.0,
        0.5044372080402942,
        0.11179573179088269,
        0.22336131133168322,
        0.5238323908959595,
        0.4897837537401469,
        0.23336879209210276,
        0.156900132397411,
        0.2705401047539295,
        0.5045759819857375,
        0.4904423579823461,
        0.2409376907772342,
        0.1710147855545038,
        0.2840915832472842,
        0.5079500341720962,
        0.4593346845127408,
        0.21835216964225468,
        0.1690032511888188,
        0.3258838945822318,
        0.5074750373643965,
        0.2620683981985637,
        -0.04,
        -0.04,
        -0.04,
        -0.04,
        -0.04,
        -0.04,
        -0.04,
        -0.04,
        -0.04,
        -0.04,
        -0.04,
        -0.04,
        -0.04,
        -0.04,
        -0.04,
        -0.04,
        -0.04,
        -0.04,
        -0.04,
        -0.04
    ],
    "SensorParameterSet": [
        0.14235430993996973,
        -0.06490227024480202,
        0.003319180861399313,
        -0.06450489538466515,
        -0.08795830094867785,
        0.12930989103663573,
        -0.05468938587781157,
        -0.012089695354183104,
        0.08527749808365544,
        -0.0296624788677299,
        -0.10815233986399533,
        -0.13518554916719866,
        0.034063050639028855,
        -0.03819770924563715,
        -0.09531999968325872,
        0.029817421449965284,
        -0.15539846111145864,
        0.07700438642902516,
        0.20085772657190837,
        0.015855816201005922,
        0.06172327122675502,
        -0.07290667239887347,
        0.09492130096108108,
        0.01956040332163263,
        -0.020460652479780284,
        0.024226278410588522,
        0.07703900657352591,
        -0.028718161685908905,
        0.04055456839353471,
        0.14843352392643666,
        -0.09038562687357961,
        0.08774132650270132,
        0.24765832046633676,
        -0.249363574244367,
        -0.04705291954056364,
        0.13540172190565833,
        -0.0028572802449985577,
        -0.11803905642274734,
        -0.01721783826828885,
        0.014958353485490732,
        0.05252351273592706,
        0.021257094601052143,
        -0.02010608043400149,
        -0.08164077881873051,
        -0.07775181147001001,
        -0.009678861384827655,
        0.03154935465763988,
        -0.00789693725217793,
        -0.010532479343970728,
        0.0015865391376006196,
        -0.12710248933649804,
        0.013777073800655428,
        0.1424239841943856,
        0.07421897364771157,
        0.032426327371749504,
        0.09930357976207779,
        0.041004911149139886,
        0.1553339846770905,
        -0.11559051569920828,
        0.0743798544013344
    ],
    "checked": "indirect",
    "iteration": 65,
    "noise_sensor_0": [
        0.019373936457146513,
        -0.013305453208449494,
        0.003039849862806181,
        0.005831195094442024,
        0.006130077309767396,
        -0.0008724455685583571,
        0.0016135398728148796,
        -0.015699368092213714,
        0.00033501333044958317,
        0.010116602706064532,
        0.01883417338666919,
        -0.01736825636417116,
        0.02432498698982677,
        0.00497003144691662,
        -0.0017439527172470584,
        0.014166368792733558,
        -0.0003201913900322021,
        0.010931669436256791,
        -0.021152161958001313,
        -0.0010203399336688956,
        -0.0032225947465749655,
        -0.0060816289553453995,
        -0.022016608345203487,
        0.03242513664448079,
        -0.006470610006790474,
        0.0015278046686378346,
        -0.002235640202247404,
        0.004910782822974752,
        -0.0010727635726017317,
        0.035979748839394365,
        -0.002781169007461101,
        -0.011535701955475994,
        -0.020780900294342035,
        0.030466150612889112,
        0.0037273469682328393,
        0.005327188014873264,
        -0.01851534700085177,
        0.013520453690506848,
        -0.014168820572504928,
        -0.006611337669743765,
        0.009410520914124027,
        0.0051860266907847626,
        -0.0004755371295659085,
        0.013952501950534789,
        0.010672565660866915,
        0.015363263482129486,
        -0.010485618212808094,
        0.006819244474546648,
        -0.0015243876357936325,
        0.004614006235064021,
        -0.0076469010235961825,
        -0.033545016359116456,
        -0.016085591188178348,
        -0.01097100121461953,
        0.007493570600181936,
        0.0012176055288519423,
        -0.014754322439578686,
        0.01878321114057344,
        -0.005308924989836632,
        -0.004890606246741866
    ],
    "noise_sensor_1": [
        -0.0050058645824036276,
        0.0038981938703460364,
        -0.012624980966976194,
        -0.008411648562640983,
        -0.009137052535479653,
        -0.01038230601705737,
        0.017672380388421158,
        -0.008151700230881642,
        -0.013002793864011814,
        0.03185473556974754,
        -0.022964762791032097,
        -0.0068132532582498295,
        0.021769945535306513,
        0.01595551030187059,
        0.020077020615326468,
        0.012960746021783634,
        -0.05509378011136966,
        -0.023483142003326535,
        0.00543063699733328,
        0.0018378817523652456,
        0.0018219576230120197,
        0.021025360286667457,
        -0.02048558605777757,
        -2.9565117203026373e-05,
        0.013745216492003045,
        -0.011707183347060607,
        0.00010131612637407673,
        -0.008302885815767061,
        -0.006747789782937935,
        -0.00946110879496911,
        0.004907309839758374,
        0.003984041025978144,
        -0.010050760145829889,
        -0.012772760406316799,
        -0.031261182313363486,
        -0.02311519381351043,
        -0.0006116883978615513,
        -0.0013645728522492454,
        0.0018409573262309676,
        -0.01714520912956697,
        -0.019234851414775014,
        0.0009922938657311211,
        -0.00010261723958711348,
        -0.005222809698439016,
        0.0001375655807470259,
        0.005742778439930871,
        0.004166075524466699,
        0.0053109286035398886,
        0.01177482024438054,
        -0.0001334170523355944,
        -0.00017936492108788234,
        0.01573459796018684,
        -0.015555882055450951,
        0.019945151760858523,
        0.007223334455102447,
        0.0078785670051128,
        -0.013573066670617378,
        -0.0011107535723994854,
        -0.00605971451317436,
        0.00773736091303687
    ],