{
    "ParameterSet": [
        0.0,
        0.0,
        0.0,
        0.0,
        0.0,
        0.0,
        0.0,
        0.0,
        0.0,
        0.0,
        0.0,
        0.0,
        0.0,
        0.0,
        0.0,
        0.0,
        0.0,
        0.0,
        0.0,
        0.0,
        0.5044372080402942,
        0.11179573179088269,
        0.22336131133168322,
        0.5238323908959595,
        0.4897837537401469,
        0.23336879209210276,
        0.156900132397411,
        0.2705401047539295,
        0.5045759819857375,
        0.4904423579823461,
        0.2409376907772342,
        0.1710147855545038,
        0.2840915832472842,
        0.5079500341720962,
        0.4593346845127408,
        0.21835216964225468,
        0.1690032511888188,
        0.3258838945822318,
        0.5074750373643965,
        0.2620683981985637,
        -0.04,
        -0.04,
        -0.04,
        -0.04,
        -0.04,
        -0.04,
        -0.04,
        -0.04,
        -0.04,
        -0.04,
        -0.04,
        -0.04,
        -0.04,
        -0.04,
        -0.04,
        -0.04,
        -0.04,
        -0.04,
        -0.04,
        -0.04
    ],
    "SensorParameterSet": [
        0.010089702141091788,
        -0.03370001852385793,
        -0.023190013942709843,
        -0.05097918428873843,
        -0.011942836445827153,
        -0.025105153148531484,
        0.02324494138688919,
        0.006911168453286855,
        0.01879802832364673,
        -0.0035703432760849493,
        -0.042486582477245315,
        -0.0024696642097832852,
        -0.011514773902255273,
        -0.03662720848452387,
        -0.0379711436174326,
        0.022289738285458507,
        0.02458647122847203,
        0.007683258416423205,
        -0.03907362344021496,
        0.05485098550114673,
        0.026251199704137425,
        -0.01722329658096008,
        0.03440014293057654,
        0.04006031464707259,
        -0.004174121562637466,
        0.014128717741162429,
        0.034973320848527806,
        0.005483992976015588,
        0.01279126723308743,
        0.0271546486202,
        -0.04118443955327644,
        -0.027029984558909807,
        0.036776116166201134,
        -0.024488569082304335,
        0.005580719518108075,
        -0.007094370745424855,
        -0.025931502643428528,
        -0.00498059385308202,
        -0.043703629010241996,
        -0.009693248287012662,
        0.02946304483564223,
        -0.05758773236227818,
        0.027949052943652648,
        -0.010845518864218057,
        -0.012559416459217793,
        -0.020188017722070156,
        -0.07213461879353238,
        0.009931915292540693,
        0.027452543690709666,
        0.049160087819883555,
        -0.050251517119871754,
        -0.042987346492682675,
        0.012719202933487444,
        0.03476185356977554,
        0.015274028562465524,
        0.006854214158385058,
        -0.04638342046002603,
        0.009025624180549573,
        -0.06740579071362059,
        -0.019378073378863978
    ],
    "checked": "indirect",
    "iteration": 3,
    "noise_sensor_0": [
        -0.015235404437621346,
        0.0008869595652668075,
        -0.0045340371999090055,
        0.014757901214957294,
        0.028458699840553728,
        -0.006609597845415275,
        0.025994856530602482,
        -0.009695728403288867,
        0.008892671371245659,
        -0.015898359335450467,
        -0.04072237994945461,
        0.02643570384677178,
        0.02729959962485052,
        0.006634169183999429,
        -0.0011067986692779128,
        -0.03720187791527851,
        0.007781910623419743,
        0.023601953994514955,
        0.028550193653390687,
        0.01359716502548896,
        -0.03062220294836235,
        -0.008663696719617999,
        0.03667278603116623,
        -0.014914395460544275,
        0.014965875815048534,
        0.036883507939041646,
        0.005140432506797879,
        0.0056248587122265,
        -0.020418091541651917,
        -0.004036466285638178,
        -0.014425219910494126,
        0.0006459306632177561,
        -0.023794791824586853,
        -0.004494547754911933,
        -0.0004854948207984765,
        0.015953520425122675,
        -0.014126748597877287,
        0.011193436995449673,
        0.026357166023509036,
        -0.008671897883433585,
        -0.006882118034525614,
        0.03748257718147378,
        -0.02643816256226974,
        -0.004224319437931072,
        -0.011292821761723209,
        -0.0064261130175619595,
        0.0015794885609150048,
        0.010442414019446018,
        -0.02725502376565391,
        -0.017766088309601608,
        -0.040659511153896565,
        0.011885156752684669,
        0.016666379604926868,
        -0.016896105520998336,
        0.00271261254871899,
        0.017774507652843302,
        -0.01853446531467973,
        -0.020321341232409126,
        0.007844658095300834,
        0.006113807417324231
    ],
    "noise_sensor_1": [
        0.009133700056929553,
        7.539504368184351e-05,
        -0.016871462829279347,
        0.009244936195544421,
        0.02837370164505347,
        -0.03152725246078884,
        0.01388971267679125,
        -0.022263915835798776,
        0.005343919107199539,
        -0.0002596413897971351,
        0.03221861552107861,
        -0.004166765904843299,
        -0.02540611217491242,
        0.01900417263889925,
        0.020210377752207836,
        -0.02470738701194966,
        -0.030813477611638204,
        0.03514827700626672,
        0.02374148361630502,
        -0.00197331283661654,
        0.005688458110025949,
        -0.006663236286195769,
        0.0006581522466657827,
        -0.04266932441648264,
        -0.00691489004701733,
        0.004658490637746878,
        0.023873011623860626,
        0.0019089438030304435,
        0.021501374355098263,
        0.005142330907096246,
        0.011555568397006815,
        0.010168762665044311,
        -0.01246331998987615,
        0.020637135320990967,
        0.027979241927740543,
        -0.01681492519514273,
        0.009886304152263612,
        -0.01634932267192904,
        0.011541833566041312,
        0.02587693703680067,
        -0.009317034345176502,
        -0.007595387958779001,
        0.03384115451771615,
        -0.034651893576875266,
        0.01743314179995359,
        0.02355659061108725,
        -0.01159359999738465,
        0.0013789741712899501,
        -0.0010168609702116472,
        -0.006958003817540691,
        -0.02071079638391623,
        0.032256366514814526,
        -0.008565863039149225,
        0.011493822211885827,
        -0.0094193293166066,
        -0.03869702065121107,
        0.0015531412975504607,
        -0.016579653061830516,
        -0.001948873659757466,
        0.011505072102425025
    ],