{
    "ParameterSet": [
        0.0,
        0.0,
        0.0,
        0.0,
        0.0,
        0.0,
        0.0,
        0.0,
        0.0,
        0.0,
        0.0,
        0.0,
        0.0,
        0.0,
        0.0,
        0.0,
        0.0,
        0.0,
        0.0,
        0.0,
        0.5044372080402942,
        0.11179573179088269,
        0.22336131133168322,
        0.5238323908959595,
        0.4897837537401469,
        0.23336879209210276,
        0.156900132397411,
        0.2705401047539295,
        0.5045759819857375,
        0.4904423579823461,
        0.2409376907772342,
        0.1710147855545038,
        0.2840915832472842,
        0.5079500341720962,
        0.4593346845127408,
        0.21835216964225468,
        0.1690032511888188,
        0.3258838945822318,
        0.5074750373643965,
        0.2620683981985637,
        -0.04,
        -0.04,
        -0.04,
        -0.04,
        -0.04,
        -0.04,
        -0.04,
        -0.04,
        -0.04,
        -0.04,
        -0.04,
        -0.04,
        -0.04,
        -0.04,
        -0.04,
        -0.04,
        -0.04,
        -0.04,
        -0.04,
        -0.04
    ],
    "SensorParameterSet": [
        0.10278204324482484,
        -0.07285657630781642,
        0.028531811618960283,
        -0.07128049307897968,
        -0.09331025261820812,
        0.09302495130053402,
        -0.04690420358255818,
        -0.02979711152402131,
        0.07836236747022976,
        -0.0664124523230045,
        -0.09339215287460316,
        -0.15250444602730365,
        0.06132836024099393,
        -0.09363043193614506,
        -0.06952493451688418,
        0.03504262128295902,
        -0.1498421034253831,
        0.15993922465268476,
        0.2291936881775441,
        -0.0018144382542925807,
        0.10202625144746101,
        -0.06594615480130352,
        0.10845291900001779,
        0.04113292721773219,
        0.032456401214192146,
        0.007097048041415048,
        0.09047599389116714,
        -0.04652323167969184,
        0.03811517334252828,
        0.12288740210478097,
        -0.13714451725049442,
        0.0755598760994473,
        0.29250979800381677,
        -0.11706144916669767,
        -0.050226909320736514,
        0.1533443533827638,
        -0.036761388921160924,
        -0.16304936885704469,
        0.03305013040504449,
        0.04876422445201578,
        -0.02462810287405097,
        0.05053243357381666,
        -0.06881216784649077,
        -0.0717780884054673,
        -0.06764672119388179,
        0.03260620863460669,
        0.04766059042039272,
        -0.0017188761348373273,
        0.04301630565981336,
        0.026876597912649482,
        -0.12927521417264642,
        0.06124315682228781,
        0.17891150920430768,
        0.0923498635073808,
        0.0011242696287316351,
        0.12467755182684559,
        0.18842992371804976,
        0.1682726558665851,
        -0.2051909086843981,
        0.05375957473206875
    ],
    "checked": "indirect",
    "iteration": 94,
    "noise_sensor_0": [
        -0.005170925200342705,
        -0.000775640174190924,
        -0.010034614247701362,
        -0.00790109527888974,
        0.005282148089300941,
        -0.010899847395777647,
        0.006855169465727512,
        0.0019439351230733455,
        0.003140784580373824,
        0.0076932601832439464,
        0.004188923681231899,
        0.005999267611162834,
        -0.011163421692076753,
        0.007422512345000881,
        -0.020550093906002286,
        -0.007652733412607192,
        0.00776456036204219,
        -0.01207591370126001,
        0.019688744439129324,
        -0.0035521123819257034,
        -0.005565511385326787,
        -0.012052313815680987,
        0.023268998884700475,
        0.02790510617011902,
        0.025422148157889412,
        -0.009474516658019612,
        0.019385097776747063,
        0.02901222156407471,
        0.004770799723525589,
        0.002250824912894348,
        -0.004669076795617215,
        0.023328033986084247,
        0.015395186694017982,
        -0.006166708849218808,
        0.015570152991338604,
        0.003930468040557745,
        0.006294918922166821,
        -0.00020124091660214005,
        0.037874419351993545,
        0.002438013725015159,
        -0.03039599136657346,
        -0.009294875506388184,
        0.00350011711844726,
        -0.018683645845084244,
        0.008049508760883279,
        -0.005142842112565885,
        0.006599154628041982,
        0.020633012434483813,
        -0.01616183200598557,
        0.002543220786088838,
        0.017666365389880187,
        -0.01379248243312339,
        -0.00824684722113528,
        0.00456499004896318,
        0.00046646569148685785,
        0.014395747545734411,
        0.022476116669133496,
        0.002297747424815338,
        -0.011599054311808648,
        -0.02192302869110892
    ],
    "noise_sensor_1": [
        0.0029879899558923322,
        0.013629206523813457,
        0.00850183766185988,
        0.008800742273699686,
        -0.01983087650063689,
        0.005961526076133681,
        -0.02107363571349336,
        -0.008426877309841303,
        -0.008132923259294662,
        -0.0075021396909157635,
        -0.0034811996063136828,
        0.020930725964290967,
        0.016871266044761708,
        -0.01636024247828394,
        0.015636641871717684,
        -0.013086988817636678,
        0.013018394756485778,
        -0.0032248486321646863,
        0.032840118687620844,
        -0.008583752044092997,
        -0.01650173815193091,
        -0.034877436707741405,
        0.02287494611937156,
        -0.017045530040782644,
        -0.010455561356858092,
        -0.006637640079826785,
        -0.0004045360286917758,
        0.006210920151089548,
        -0.015013824825003323,
        -0.009465939033939844,
        -0.02059127508010659,
        0.008862624094953109,
        -0.01546337617407783,
        -8.647259619378256e-05,
        0.006803463366414536,
        0.00024983135823497836,
        0.0022129356923067723,
        0.009768938642727565,
        0.002448791578566031,
        -0.007078655247106433,
        0.00016962859720182858,
        -0.01766474262480311,
        0.02149093379376487,
        -0.0010710884503012063,
        0.0024705674083909126,
        0.004468087008550521,
        0.005601936626653994,
        0.002829945284588416,
        0.0004058478012615978,
        -0.010401771266553702,
        -0.016141304001987093,
        -0.00038498541934361275,
        -0.0034844774406005328,
        0.004389842070075689,
        -0.017076201567030356,
        0.021904733815372644,
        0.017308136988337854,
        0.02316622977112388,
        0.016031549583408973,
        0.002706237005193254
    ],